sp_A,sp_B,familia_A,familia_B,n_eventos,n_celdas,n_dias,n_observadores,lift
Abudefduf saxatilis,Kyphosus vaigiensis,Pomacentridae,Kyphosidae,8,8,8,8,437.9
Latreutes fucorum,Scyllaea pelagica,Hippolytidae,Scyllaeidae,11,11,11,10,316.9
Deiopea kaloktenota,Neotima lucullana,Eurhamphaeidae,Eirenidae,12,5,12,5,287.7
Drusia valenciennii,Ferussacia folliculum,Parmacellidae,Ferussaciidae,8,8,8,6,283.0
Fistularia commersonii,Pterois miles,Fistulariidae,Scorpaenidae,25,21,23,16,261.7
Parvicardium scriptum,Rissoina bruguieri,Cardiidae,Rissoidae,15,11,15,5,255.4
Monacha cartusiana,Xerosecta arigonis,Hygromiidae,Geomitridae,11,10,11,7,233.7
Forskalia edwardsii,Lampea pancerina,Forskaliidae,Lampeidae,8,3,6,5,209.9
Callianira bialata,Deiopea kaloktenota,Mertensiidae,Eurhamphaeidae,15,7,14,5,199.1
Lauria cylindracea,Oxychilus draparnaudi,Pupillidae,Zonitidae,8,8,8,7,191.1
Callianira bialata,Forskalia edwardsii,Mertensiidae,Forskaliidae,14,9,14,5,177.1
Parvicardium exiguum,Rissoina bruguieri,Cardiidae,Rissoidae,13,12,13,5,162.1
Chloromyia formosa,Closterotomus trivialis,Stratiomyidae,Miridae,18,13,15,12,151.3
Biuve fulvipunctata,Haminoea orbignyana,Aglajidae,Haminoeidae,8,3,6,5,146.9
Chromis limbata,Mycteroperca fusca,Pomacentridae,Epinephelidae,9,8,8,7,146.6
Gibberula miliaria,Rissoina bruguieri,Cystiscidae,Rissoidae,23,18,23,5,144.4
Aplidium turbinatum,Ciona robusta,Polyclinidae,Cionidae,14,4,11,7,143.1
Cyperus capitatus,Marcus-kochia littorea,Cyperaceae,Brassicaceae,10,8,10,5,136.1
Astroides calycularis,Clavelina dellavallei,Dendrophylliidae,Clavelinidae,16,9,14,8,135.6
Aeolidiella alderi,Berthella perforata,Aeolidiidae,Pleurobranchidae,41,4,29,8,129.8
Arctotheca calendula,Lotus creticus,Asteraceae,Fabaceae,11,5,8,8,129.7
Fistularia commersonii,Siganus rivulatus,Fistulariidae,Siganidae,15,13,15,13,123.9
Gibberula miliaria,Rissoa variabilis,Cystiscidae,Rissoidae,23,15,23,6,122.8
Ericaria mediterranea,Rissoella verruculosa,Sargassaceae,Rissoellaceae,11,10,11,5,117.7
Caliphylla mediterranea,Haminoea orteai,Caliphyllidae,Haminoeidae,14,3,10,5,113.2
Calendula arvensis,Erodium malacoides,Asteraceae,Geraniaceae,8,8,8,8,112.7
Chromis limbata,Synodus synodus,Pomacentridae,Synodontidae,15,6,14,5,112.0
Discocelis tigrina,Leptoplana mediterranea,Discocelidae,Leptoplanidae,12,8,11,5,111.3
Petalifera petalifera,Placida tardyi,Aplysiidae,Stiligeridae,22,4,18,5,110.7
Arctotheca calendula,Marcus-kochia littorea,Asteraceae,Brassicaceae,10,9,9,6,110.5
Irus irus,Rissoina bruguieri,Veneridae,Rissoidae,19,15,19,6,108.5
Irus irus,Loripinus fragilis,Veneridae,Lucinidae,10,8,9,5,107.9
Cyerce graeca,Dendrodoris grandiflora,Caliphyllidae,Dendrodorididae,9,6,8,5,107.2
Chromis limbata,Sphoeroides marmoratus,Pomacentridae,Tetraodontidae,22,14,22,12,106.6
Berghia verrucicornis,Leptoplana mediterranea,Aeolidiidae,Leptoplanidae,8,6,6,5,105.5
Irus irus,Musculus costulatus,Veneridae,Mytilidae,19,15,18,5,105.4
Lotus creticus,Marcus-kochia littorea,Fabaceae,Brassicaceae,10,7,9,10,103.0
Alvania discors,Gibberula miliaria,Rissoidae,Cystiscidae,13,12,13,5,102.8
Cestum veneris,Hippopodius hippopus,Cestidae,Hippopodiidae,18,7,14,7,102.6
Pallenis spinosa,Scabiosa atropurpurea,Asteraceae,Dipsacaceae,8,7,8,5,102.1
Codium coralloides,Placida verticilata,Codiaceae,Stiligeridae,18,12,18,5,101.0
Alloteuthis media,Buglossidium luteum,Loliginidae,Soleidae,17,11,13,5,98.3
Sphoeroides marmoratus,Synodus synodus,Tetraodontidae,Synodontidae,13,5,13,7,97.9
Callianira bialata,Cestum veneris,Mertensiidae,Cestidae,16,8,16,5,97.7
Cinetorhynchus rigens,Isarachnanthus maderensis,Rhynchocinetidae,Arachnactidae,17,9,16,5,97.4
Lavandula stoechas,Phillyrea angustifolia,Lamiaceae,Oleaceae,8,8,8,5,94.6
Cestopagurus timidus,Episcomitra cornicula,Paguridae,Mitridae,11,7,11,6,94.2
Irus irus,Parvicardium exiguum,Veneridae,Cardiidae,17,13,17,8,93.0
Cestum veneris,Deiopea kaloktenota,Cestidae,Eurhamphaeidae,22,13,19,9,92.9
Donax variegatus,Echinocyamus pusillus,Donacidae,Echinocyamidae,16,10,14,8,92.9
Ophioblennius atlanticus,Sphoeroides marmoratus,Blenniidae,Tetraodontidae,14,14,14,9,92.6
Lophius piscatorius,Zeus faber,Lophiidae,Zeidae,12,4,11,5,92.4
Cestum veneris,Salpa maxima,Cestidae,Salpidae,16,10,14,6,91.2
Elysia flava,Paradoris indecora,Plakobranchidae,Discodorididae,44,10,41,5,90.2
Berthella perforata,Syngnathus tenuirostris,Pleurobranchidae,Syngnathidae,18,3,15,6,90.1
Aplidium turbinatum,Haminoea exigua,Polyclinidae,Haminoeidae,9,3,8,6,89.2
Cochlicella acuta,Xerotricha conspurcata,Hygromiidae,Geomitridae,25,24,25,21,89.1
Ciona robusta,Distaplia bermudensis,Cionidae,Holozoidae,10,3,10,5,88.0
Distaplia bermudensis,Syngnathus tenuirostris,Holozoidae,Syngnathidae,13,4,10,9,87.7
Mitrella scripta,Tritia corrugata,Columbellidae,Nassariidae,10,8,10,5,87.7
Lobophora variegata,Sparisoma cretense,Dictyotaceae,Labridae,10,5,8,5,87.6
Aegires leuckartii,Facelinopsis marioni,Aegiridae,Facelinidae,73,12,68,6,84.9
Ocnus planci,Veretillum cynomorium,Cucumariidae,Veretillidae,30,13,20,13,84.8
Pterois miles,Siganus rivulatus,Scorpaenidae,Siganidae,9,8,9,8,84.8
Bunodeopsis strumosa,Ciona robusta,Boloceroididae,Cionidae,14,7,10,5,84.5
Aeolidiella alderi,Janolus hyalinus,Aeolidiidae,Janolidae,29,8,21,9,84.0
Adeonella calveti,Haliclona mucosa,Adeonellidae,Chalinidae,27,14,27,6,83.7
Clathria jolicoeuri,Clavelina sabbadini,Microcionidae,Clavelinidae,20,5,19,5,82.6
Candiella striata,Doriopsilla rarispinosa,Tritoniidae,Dendrodorididae,12,10,7,6,82.3
Diplosoma listerianum,Sycon raphanus,Didemnidae,Sycettidae,44,19,43,7,82.2
Haminoea hydatis,Paradoris indecora,Haminoeidae,Discodorididae,109,10,107,5,81.9
Buglossidium luteum,Dalophis imberbis,Soleidae,Ophichthidae,26,16,18,9,81.1
Chrysymenia ventricosa,Gongolaria squarrosa,Rhodymeniaceae,Sargassaceae,11,8,11,7,80.3
Mycteroperca fusca,Sparisoma cretense,Epinephelidae,Labridae,10,9,9,8,79.7
Echinocyamus pusillus,Talochlamys multistriata,Echinocyamidae,Pectinidae,22,16,21,7,79.3
Aeolidiella alderi,Aplidium turbinatum,Aeolidiidae,Polyclinidae,16,4,13,7,79.3
Euphorbia peplis,Pancratium maritimum,Euphorbiaceae,Amaryllidaceae,9,9,8,6,78.8
Chromis limbata,Parapristipoma octolineatum,Pomacentridae,Haemulidae,8,8,8,7,78.2
Dardanus arrosor,Ocnus planci,Diogenidae,Cucumariidae,25,16,22,13,78.0
Chloromyia formosa,Psilothrix viridicoerulea,Stratiomyidae,Dasytidae,15,14,12,9,77.7
Acanthonyx lunulatus,Watersipora cucullata,Epialtidae,Watersiporidae,24,4,23,5,77.6
Trochoidea elegans,Xerotricha conspurcata,Hygromiidae,Geomitridae,16,16,16,14,77.3
Haminoea orteai,Placida cremoniana,Haminoeidae,Stiligeridae,23,3,19,5,77.1
Polycitor crystallinus,Tridentata perpusilla,Polycitoridae,Sertulariidae,9,6,9,7,77.1
Episcomitra cornicula,Tritia corrugata,Mitridae,Nassariidae,16,12,16,8,76.8
Facelina dubia,Ocnus planci,Facelinidae,Cucumariidae,8,4,7,5,76.6
Cestum veneris,Forskalia edwardsii,Cestidae,Forskaliidae,19,11,16,12,76.5
Buglossidium luteum,Penaeus kerathurus,Soleidae,Penaeidae,71,35,49,18,76.4
Buglossidium luteum,Facelina dubia,Soleidae,Facelinidae,12,6,7,8,75.7
Hancockia uncinata,Limacia inesae,Hancockiidae,Polyceridae,8,3,5,6,74.6
Gongolaria squarrosa,Halopteris filicina,Sargassaceae,Stypocaulaceae,9,7,8,5,74.2
Periclimenes amethysteus,Stenosoma appendiculatum,Palaemonidae,Idoteidae,13,4,9,7,73.3
Gnathophyllum elegans,Scyllarus pygmaeus,Gnathophyllidae,Scyllaridae,14,7,13,5,73.2
Modiolus barbatus,Parvicardium scriptum,Mytilidae,Cardiidae,11,10,11,5,73.2
Berthella perforata,Dendrodoris limbata,Pleurobranchidae,Dendrodorididae,42,8,30,12,73.0
Lepas pectinata,Velella velella,Lepadidae,Porpitidae,30,23,25,17,72.6
Lotus creticus,Pancratium maritimum,Fabaceae,Amaryllidaceae,21,17,20,14,72.1
Calystegia soldanella,Cyperus capitatus,Convolvulaceae,Cyperaceae,14,10,14,12,72.0
Berthella perforata,Ciona robusta,Pleurobranchidae,Cionidae,11,3,9,6,71.9
Elysia flava,Haminoea hydatis,Plakobranchidae,Haminoeidae,30,6,27,5,71.8
Gibberula miliaria,Irus irus,Cystiscidae,Veneridae,26,18,25,7,71.6
Chelidonichthys lastoviza,Synapturichthys kleinii,Triglidae,Soleidae,32,3,31,10,71.5
Ascandra contorta,Hildenbrandia rubra,Leucaltidae,Hildenbrandiaceae,15,7,14,5,71.5
Aglaophenia elongata,Bunodeopsis strumosa,Aglaopheniidae,Boloceroididae,11,9,9,6,70.9
Bugula neritina,Ciona robusta,Bugulidae,Cionidae,28,14,23,7,70.7
Paradoris indecora,Placida tardyi,Discodorididae,Stiligeridae,23,4,20,5,70.7
Dittrichia viscosa,Scabiosa atropurpurea,Asteraceae,Dipsacaceae,12,10,11,6,70.6
Cestopagurus timidus,Muricopsis cristata,Paguridae,Muricidae,18,11,18,6,70.1
Deiopea kaloktenota,Forskalia edwardsii,Eurhamphaeidae,Forskaliidae,8,4,8,5,70.0
Haliclona mucosa,Thorogobius ephippiatus,Chalinidae,Gobiidae,27,15,27,5,69.5
Columbella adansoni,Tectarius striatus,Columbellidae,Littorinidae,18,17,18,15,69.5
Cochlicella acuta,Ferussacia folliculum,Hygromiidae,Ferussaciidae,14,14,14,11,69.5
Aphia minuta,Buglossidium luteum,Gobiidae,Soleidae,15,9,14,6,69.4
Lucinella divaricata,Striarca lactea,Lucinidae,Noetiidae,28,22,28,7,69.3
Alvania discors,Striarca lactea,Rissoidae,Noetiidae,24,17,23,9,69.3
Halopteris filicina,Mesophyllum alternans,Stypocaulaceae,Lithophyllaceae,27,13,26,5,69.2
Dardanus arrosor,Veretillum cynomorium,Diogenidae,Veretillidae,23,13,18,10,68.8
Lima lima,Mesophyllum alternans,Limidae,Lithophyllaceae,23,14,23,7,68.8
Aplidium turbinatum,Microcosmus sabatieri,Polyclinidae,Pyuridae,8,3,8,5,68.8
Dictyonella incisa,Haliclona mucosa,Dictyonellidae,Chalinidae,23,15,23,6,68.5
Aglaophenia elongata,Mesochaetopterus rogeri,Aglaopheniidae,Chaetopteridae,10,7,8,5,68.3
Haminoea hydatis,Placida tardyi,Haminoeidae,Stiligeridae,19,3,17,6,68.2
Cyperus capitatus,Pancratium maritimum,Cyperaceae,Amaryllidaceae,15,12,14,10,68.1
Ciona robusta,Microcosmus polymorphus,Cionidae,Pyuridae,8,4,8,5,67.6
Alvania cimex,Striarca lactea,Rissoidae,Noetiidae,35,26,35,6,67.4
Ferussacia folliculum,Trochoidea elegans,Ferussaciidae,Hygromiidae,10,10,10,7,67.2
Crella pulvinar,Madracis pharensis,Crellidae,Pocilloporidae,8,8,8,5,67.1
Pseudodistoma crucigaster,Synoicum blochmanni,Pseudodistomidae,Polyclinidae,15,11,7,14,66.8
Lauria cylindracea,Xerotricha conspurcata,Pupillidae,Geomitridae,8,8,8,8,66.8
Branchiomma moebii,Clathria jolicoeuri,Sabellidae,Microcionidae,35,11,34,5,66.2
Microcosmus sabatieri,Phoronis hippocrepia,Pyuridae,Phoronidae,29,10,29,5,66.0
Dalophis imberbis,Penaeus kerathurus,Ophichthidae,Penaeidae,25,14,18,8,65.6
Chromis limbata,Ophioblennius atlanticus,Pomacentridae,Blenniidae,10,9,10,7,65.6
Dictyota fasciola,Jania virgata,Dictyotaceae,Lithophyllaceae,11,8,11,5,64.8
Petalifera petalifera,Stenosoma appendiculatum,Aplysiidae,Idoteidae,8,3,5,5,64.4
Candiella striata,Dicata odhneri,Tritoniidae,Facelinidae,12,10,8,7,64.0
Bugula neritina,Microcosmus sabatieri,Bugulidae,Pyuridae,30,7,29,8,63.7
Episcomitra cornicula,Pseudobiceros splendidus,Mitridae,Pseudocerotidae,16,3,15,5,63.4
Steromphala adansonii,Tritia neritea,Trochidae,Nassariidae,14,10,14,6,63.3
Calystegia soldanella,Sporobolus pungens,Convolvulaceae,Poaceae,9,9,9,8,63.2
Echinocyamus pusillus,Tritia pellucida,Echinocyamidae,Nassariidae,11,7,8,5,63.1
Derbesia tenuissima,Gibbula turbinoides,Derbesiaceae,Trochidae,19,6,18,5,62.8
Rissoa variabilis,Tritia corrugata,Rissoidae,Nassariidae,11,10,11,5,62.7
Corydendrium parasiticum,Eudendrium racemosum,Oceaniidae,Eudendriidae,9,9,9,5,62.7
Aplidium turbinatum,Dendrodoris limbata,Polyclinidae,Dendrodorididae,23,8,20,9,62.6
Closterotomus trivialis,Psilothrix viridicoerulea,Miridae,Dasytidae,10,9,9,6,62.6
Derbesia tenuissima,Didemnum lahillei,Derbesiaceae,Didemnidae,9,3,8,5,62.5
Chelidonichthys obscurus,Penaeus kerathurus,Triglidae,Penaeidae,35,15,30,10,62.4
Aeolidiella alderi,Dendrodoris limbata,Aeolidiidae,Dendrodorididae,72,10,52,14,62.0
Facelina vicina,Philinopsis depicta,Facelinidae,Aglajidae,18,5,15,9,62.0
Facelina vicina,Janolus hyalinus,Facelinidae,Janolidae,18,6,12,5,62.0
Cavernularia pusilla,Penaeus kerathurus,Veretillidae,Penaeidae,9,3,8,5,61.8
Processa macrophthalma,Sicyonia carinata,Processidae,Sicyoniidae,13,10,13,6,61.7
Phorcus sauciatus,Siphonaria pectinata,Trochidae,Siphonariidae,17,11,15,12,61.3
Facelinopsis marioni,Paradoris indecora,Facelinidae,Discodorididae,111,11,104,6,61.2
Marcus-kochia littorea,Pancratium maritimum,Brassicaceae,Amaryllidaceae,19,14,17,11,61.1
Loripes orbiculatus,Parvicardium exiguum,Lucinidae,Cardiidae,16,14,15,10,60.8
Chromis limbata,Taeniurops grabatus,Pomacentridae,Dasyatidae,8,8,8,7,60.6
Apletodon incognitus,Gnathophyllum elegans,Gobiesocidae,Gnathophyllidae,43,3,41,6,60.4
Electra posidoniae,Tridentata perpusilla,Electridae,Sertulariidae,26,18,25,9,60.4
Berthella perforata,Microcosmus sabatieri,Pleurobranchidae,Pyuridae,11,6,11,6,60.4
Lissoclinum weigelei,Watersipora cucullata,Didemnidae,Watersiporidae,25,5,22,5,60.3
Polititapes aureus,Rissoa auriscalpium,Veneridae,Rissoidae,17,14,17,5,60.1
Aplysina cavernicola,Haliclona mucosa,Aplysinidae,Chalinidae,35,14,35,8,59.8
Clanculus jussieui,Didemnum lahillei,Trochidae,Didemnidae,14,5,13,6,59.8
Crimora papillata,Tenellia ocellata,Polyceridae,Tergipedidae,15,12,14,9,59.3
Echinocardium cordatum,Tritia grana,Loveniidae,Nassariidae,13,7,7,6,59.0
Dendrodoris limbata,Distaplia bermudensis,Dendrodorididae,Holozoidae,25,6,20,8,58.6
Gnathophyllum elegans,Palaemon xiphias,Gnathophyllidae,Palaemonidae,15,7,14,6,58.3
Polysyncraton lacazei,Pseudobiceros splendidus,Didemnidae,Pseudocerotidae,45,14,39,13,58.2
Aeolidiella alderi,Ciona robusta,Aeolidiidae,Cionidae,18,7,18,6,58.2
Salvia rosmarinus,Ulex parviflorus,Lamiaceae,Fabaceae,9,6,9,6,57.4
Alcyonium acaule,Halisarca harmelini,Alcyoniidae,Halisarcidae,13,10,13,6,57.2
Amphiroa beauvoisii,Derbesia tenuissima,Lithophyllaceae,Derbesiaceae,28,5,23,14,57.1
Loripes orbiculatus,Parvicardium scriptum,Lucinidae,Cardiidae,11,10,11,5,57.1
Chelidonichthys obscurus,Dalophis imberbis,Triglidae,Ophichthidae,11,9,10,6,56.8
Halcampoides purpureus,Ophisurus serpens,Halcampoididae,Ophichthidae,71,27,60,14,55.9
Irus irus,Tritia corrugata,Veneridae,Nassariidae,19,15,19,8,55.9
Cistus salviifolius,Lavandula stoechas,Cistaceae,Lamiaceae,23,18,21,9,55.7
Steromphala rarilineata,Tritia corrugata,Trochidae,Nassariidae,10,7,10,7,55.6
Alloteuthis media,Neverita josephinia,Loliginidae,Naticidae,16,9,12,6,55.3
Rissoina bruguieri,Striarca lactea,Rissoidae,Noetiidae,24,16,24,5,55.1
Gibberula miliaria,Tritia corrugata,Cystiscidae,Nassariidae,17,11,17,10,55.0
Adeonella calveti,Aplysina cavernicola,Adeonellidae,Aplysinidae,25,15,24,10,54.9
Chloromyia formosa,Synema globosum,Stratiomyidae,Thomisidae,14,10,11,8,54.9
Halcampoides purpureus,Sicyonia carinata,Halcampoididae,Sicyoniidae,18,13,14,5,54.6
Episcomitra cornicula,Muricopsis cristata,Mitridae,Muricidae,18,8,17,6,54.6
Dittrichia viscosa,Verbascum sinuatum,Asteraceae,Scrophulariaceae,11,10,11,5,54.5
Musculus costulatus,Striarca lactea,Mytilidae,Noetiidae,24,20,22,5,53.5
Ebenomitra ebenus,Tritia corrugata,Costellariidae,Nassariidae,17,11,17,9,53.5
Cistus salviifolius,Phillyrea angustifolia,Cistaceae,Oleaceae,25,18,24,8,53.4
Ocenebra edwardsii,Steromphala rarilineata,Muricidae,Trochidae,8,8,8,8,53.4
Branchiomma moebii,Muricopsis cristata,Sabellidae,Muricidae,24,11,24,5,52.8
Facelina dubia,Naticarius hebraeus,Facelinidae,Naticidae,15,6,12,8,52.4
Calicotome spinosa,Cistus salviifolius,Fabaceae,Cistaceae,10,9,9,7,52.4
Clavelina dellavallei,Ophidiaster ophidianus,Clavelinidae,Ophidiasteridae,19,12,15,5,52.2
Berthella perforata,Ocnus planci,Pleurobranchidae,Cucumariidae,12,5,9,7,52.1
Ciona robusta,Dendrodoris limbata,Cionidae,Dendrodorididae,29,6,24,11,51.5
Amphiroa beauvoisii,Phoronis hippocrepia,Lithophyllaceae,Phoronidae,40,11,34,11,51.2
Cochlicella acuta,Otala lactea,Hygromiidae,Helicidae,11,11,11,9,51.1
Aplus dorbignyi,Muricopsis cristata,Pisaniidae,Muricidae,32,15,32,7,50.9
Parvicardium exiguum,Striarca lactea,Cardiidae,Noetiidae,23,18,23,10,50.5
Ciona robusta,Microcosmus sabatieri,Cionidae,Pyuridae,9,3,9,7,50.5
Centaurea aspera,Scabiosa atropurpurea,Asteraceae,Dipsacaceae,8,8,8,5,50.5
Bugula neritina,Phoronis hippocrepia,Bugulidae,Phoronidae,49,15,45,7,50.2
Aeolidiella alderi,Haminoea exigua,Aeolidiidae,Haminoeidae,16,6,15,8,50.2
Calystegia soldanella,Echium sabulicola,Convolvulaceae,Boraginaceae,12,11,12,11,50.1
Chelidonichthys obscurus,Halcampoides purpureus,Triglidae,Halcampoididae,16,9,13,6,50.0
Astropecten platyacanthus,Halcampoides purpureus,Astropectinidae,Halcampoididae,37,14,28,9,49.9
Dalophis imberbis,Veretillum cynomorium,Ophichthidae,Veretillidae,11,10,8,6,49.9
Gongolaria elegans,Pentapora fascialis,Sargassaceae,Bitectiporidae,8,5,8,6,49.8
Ocenebra edwardsii,Steromphala varia,Muricidae,Trochidae,30,21,30,16,49.5
Parvicardium exiguum,Talochlamys multistriata,Cardiidae,Pectinidae,8,8,8,5,49.5
Irus irus,Ocenebra edwardsii,Veneridae,Muricidae,14,10,14,6,49.4
Dendrodoris grandiflora,Paradoris indecora,Dendrodorididae,Discodorididae,33,9,32,5,48.8
Aplysia dactylomela,Hermodice carunculata,Aplysiidae,Amphinomidae,19,14,15,6,48.7
Echinocyamus pusillus,Striarca lactea,Echinocyamidae,Noetiidae,38,30,35,10,48.6
Ciona robusta,Phallusia mammillata,Cionidae,Ascidiidae,30,9,23,12,48.6
Berthellina edwardsii,Dendrodoris grandiflora,Pleurobranchidae,Dendrodorididae,22,11,21,6,48.6
Buglossidium luteum,Veretillum cynomorium,Soleidae,Veretillidae,26,17,17,12,48.4
Achelous hastatus,Trachinus araneus,Portunidae,Trachinidae,12,5,8,7,48.4
Parvicardium exiguum,Polititapes aureus,Cardiidae,Veneridae,14,9,14,6,48.1
Halisarca harmelini,Thylacodes arenarius,Halisarcidae,Vermetidae,12,9,12,7,48.1
Hermodice carunculata,Mycteroperca fusca,Amphinomidae,Epinephelidae,8,7,8,7,47.9
Gastrana fragilis,Striarca lactea,Tellinidae,Noetiidae,38,14,38,8,47.8
Convolvulus althaeoides,Stachys ocymastrum,Convolvulaceae,Lamiaceae,15,13,13,9,47.7
Dendrodoris limbata,Syngnathus tenuirostris,Dendrodorididae,Syngnathidae,35,6,29,14,47.6
Steromphala umbilicaris,Tritia corrugata,Trochidae,Nassariidae,10,8,10,7,47.5
Buglossidium luteum,Naticarius hebraeus,Soleidae,Naticidae,67,35,47,14,47.4
Anemonia sargassensis,Columbella adansoni,Actiniidae,Columbellidae,15,12,15,12,47.4
Irus irus,Striarca lactea,Veneridae,Noetiidae,47,34,45,16,47.3
Buglossidium luteum,Dardanus arrosor,Soleidae,Diogenidae,23,17,19,9,47.3
Episcomitra cornicula,Pagurus cuanensis,Mitridae,Paguridae,17,10,17,6,47.3
Aplidium turbinatum,Phallusia mammillata,Polyclinidae,Ascidiidae,19,10,19,9,47.2
Lepidopleurus cajetanus,Planocera ceratommata,Leptochitonidae,Planoceridae,12,11,12,5,46.8
Aplidium turbinatum,Bugula neritina,Polyclinidae,Bugulidae,12,8,12,5,46.4
Haminoea exigua,Janolus hyalinus,Haminoeidae,Janolidae,8,4,8,5,46.4
Bunodeopsis strumosa,Mesochaetopterus rogeri,Boloceroididae,Chaetopteridae,8,6,6,5,46.3
Torpedo torpedo,Trachinus araneus,Torpedinidae,Trachinidae,17,13,10,12,46.2
Branchiomma luctuosum,Watersipora cucullata,Sabellidae,Watersiporidae,38,7,32,8,46.1
Inachus communissimus,Naticarius hebraeus,Inachidae,Naticidae,9,6,6,7,46.1
Aegires leuckartii,Facelina rubrovittata,Aegiridae,Facelinidae,39,7,37,6,46.0
Halcampoides purpureus,Penaeus kerathurus,Halcampoididae,Penaeidae,29,19,26,7,46.0
Berthellina edwardsii,Elysia flava,Pleurobranchidae,Plakobranchidae,15,5,14,6,45.9
Arctotheca calendula,Calystegia soldanella,Asteraceae,Convolvulaceae,11,6,8,7,45.9
Arctotheca calendula,Paronychia argentea,Asteraceae,Caryophyllaceae,10,8,9,7,45.7
Ocenebra edwardsii,Tritia corrugata,Muricidae,Nassariidae,11,11,11,8,45.6
Dardanus arrosor,Naticarius hebraeus,Diogenidae,Naticidae,40,20,29,14,45.5
Amphiroa beauvoisii,Dictyota cyanoloma,Lithophyllaceae,Dictyotaceae,56,8,42,19,45.3
Antipathella wollastoni,Muraena augusti,Myriopathidae,Muraenidae,12,9,12,8,45.3
Candiella striata,Diaphorodoris luteocincta,Tritoniidae,Calycidorididae,8,6,7,5,45.2
Chelidonichthys obscurus,Ophisurus serpens,Triglidae,Ophichthidae,51,15,41,14,45.1
Cyperus capitatus,Juncus acutus,Cyperaceae,Juncaceae,9,7,8,7,44.8
Dendrodoris limbata,Janolus hyalinus,Dendrodorididae,Janolidae,28,6,18,10,44.6
Clanculus jussieui,Derbesia tenuissima,Trochidae,Derbesiaceae,26,7,23,8,44.6
Buglossidium luteum,Ocnus planci,Soleidae,Cucumariidae,23,18,17,12,44.6
Chromis limbata,Sparisoma cretense,Pomacentridae,Labridae,19,15,16,12,44.6
Galactites tomentosus,Malva multiflora,Asteraceae,Malvaceae,17,16,16,10,44.5
Galactites tomentosus,Scabiosa atropurpurea,Asteraceae,Dipsacaceae,15,14,15,7,44.5
Bosemprella incarnata,Donax variegatus,Tellinidae,Donacidae,11,8,10,8,44.5
Halcampoides purpureus,Paractinia striata,Halcampoididae,Hormathiidae,10,4,10,5,44.5
Clanculus jussieui,Striarca lactea,Trochidae,Noetiidae,68,26,66,12,44.4
Acrosymphyton purpuriferum,Chrysymenia ventricosa,Acrosymphytaceae,Rhodymeniaceae,9,9,9,6,44.4
Galathea bolivari,Gnathophyllum elegans,Galatheidae,Gnathophyllidae,9,7,9,6,44.3
Ocnus planci,Syngnathus tenuirostris,Cucumariidae,Syngnathidae,13,5,10,7,44.1
Asparagus acutifolius,Calicotome spinosa,Asparagaceae,Fabaceae,8,8,8,5,44.1
Gibbula turbinoides,Striarca lactea,Trochidae,Noetiidae,35,15,34,7,44.0
Derbesia tenuissima,Phoronis hippocrepia,Derbesiaceae,Phoronidae,25,6,22,8,43.8
Calystegia soldanella,Marcus-kochia littorea,Convolvulaceae,Brassicaceae,12,9,10,5,43.8
Cestopagurus timidus,Telmatactis forskalii,Paguridae,Isophelliidae,20,7,19,6,43.7
Alloteuthis media,Tritia mutabilis,Loliginidae,Nassariidae,16,11,13,5,43.7
Amphiroa beauvoisii,Ascandra contorta,Lithophyllaceae,Leucaltidae,23,8,21,7,43.6
Cronius ruber,Isarachnanthus maderensis,Portunidae,Arachnactidae,9,9,9,5,43.6
Gastrana fragilis,Loripes orbiculatus,Tellinidae,Lucinidae,20,16,19,13,43.5
Bugula neritina,Bunodeopsis strumosa,Bugulidae,Boloceroididae,19,11,14,5,43.4
Anacyclus valentinus,Convolvulus althaeoides,Asteraceae,Convolvulaceae,10,8,8,6,43.4
Aglaophenia acacia,Prostheceraeus roseus,Aglaopheniidae,Euryleptidae,16,12,14,8,43.3
Alcyonium acaule,Savalia savaglia,Alcyoniidae,Parazoanthidae,10,4,9,5,43.2
Pagurus cuanensis,Paractinia striata,Paguridae,Hormathiidae,15,6,14,5,43.1
Callionymus pusillus,Tritia grana,Callionymidae,Nassariidae,15,8,9,5,43.0
Bosemprella incarnata,Solecurtus strigilatus,Tellinidae,Solecurtidae,12,9,11,10,43.0
Clathria jolicoeuri,Hamigera hamigera,Microcionidae,Hymedesmiidae,46,20,46,6,42.8
Astroides calycularis,Hermodice carunculata,Dendrophylliidae,Amphinomidae,23,20,21,14,42.8
Codium coralloides,Thylacodes arenarius,Codiaceae,Vermetidae,15,13,13,8,42.8
Calystegia soldanella,Lotus creticus,Convolvulaceae,Fabaceae,11,6,9,10,42.8
Clanculus jussieui,Gastrana fragilis,Trochidae,Tellinidae,21,7,20,6,42.7
Chelidonichthys lastoviza,Zeus faber,Triglidae,Zeidae,18,3,17,9,42.6
Echinocyamus pusillus,Modiolus barbatus,Echinocyamidae,Mytilidae,15,12,15,5,42.5
Asphodelus fistulosus,Hyparrhenia hirta,Xanthorrhoeaceae,Poaceae,10,7,7,5,42.5
Ascandra contorta,Phoronis hippocrepia,Leucaltidae,Phoronidae,26,13,25,8,42.3
Episcomitra cornicula,Sicyonia carinata,Mitridae,Sicyoniidae,9,4,9,5,42.3
Clanculus jussieui,Muricopsis cristata,Trochidae,Muricidae,35,22,33,9,42.2
Dardanus arrosor,Philinopsis depicta,Diogenidae,Aglajidae,10,5,7,5,42.1
Ocnus planci,Phallusia mammillata,Cucumariidae,Ascidiidae,39,15,32,13,42.0
Alcyonium acaule,Haliclona mucosa,Alcyoniidae,Chalinidae,29,15,29,6,42.0
Echinocyamus pusillus,Loripes orbiculatus,Echinocyamidae,Lucinidae,19,14,18,10,42.0
Gnathophyllum elegans,Stenosoma appendiculatum,Gnathophyllidae,Idoteidae,10,3,7,5,41.8
Astroides calycularis,Ophidiaster ophidianus,Dendrophylliidae,Ophidiasteridae,24,16,20,12,41.7
Apletodon incognitus,Polysyncraton lacazei,Gobiesocidae,Didemnidae,24,3,23,6,41.7
Monoplex parthenopeus,Umbraculum umbraculum,Ranellidae,Umbraculidae,12,10,12,10,41.7
Cliona viridis,Mesophyllum alternans,Clionaidae,Lithophyllaceae,73,34,66,14,41.6
Gibbula turbinoides,Phoronis hippocrepia,Trochidae,Phoronidae,20,6,18,5,41.5
Buglossidium luteum,Processa macrophthalma,Soleidae,Processidae,14,9,14,6,41.3
Alcyonium acaule,Aplysina cavernicola,Alcyoniidae,Aplysinidae,40,13,36,12,41.1
Astropecten platyacanthus,Sicyonia carinata,Astropectinidae,Sicyoniidae,28,17,24,10,41.1
Bugula neritina,Myxicola infundibulum,Bugulidae,Sabellidae,42,17,42,8,41.0
Aplysia dactylomela,Sparisoma cretense,Aplysiidae,Labridae,12,10,11,7,41.0
Microcosmus sabatieri,Ocnus planci,Pyuridae,Cucumariidae,11,4,11,6,41.0
Moerella pulchella,Polititapes aureus,Tellinidae,Veneridae,26,21,26,11,40.9
Apterichtus caecus,Xyrichtys novacula,Ophichthidae,Labridae,31,11,21,7,40.8
Astropecten platyacanthus,Chelidonichthys obscurus,Astropectinidae,Triglidae,27,7,26,5,40.8
Pycnoclavella nana,Sertularella crassicaulis,Pycnoclavellidae,Sertulariidae,9,8,9,5,40.8
Cestopagurus timidus,Gnathophyllum elegans,Paguridae,Gnathophyllidae,18,9,17,5,40.7
Phillyrea angustifolia,Pistacia lentiscus,Oleaceae,Anacardiaceae,25,15,25,6,40.6
Bituminaria bituminosa,Hyparrhenia hirta,Fabaceae,Poaceae,13,12,12,6,40.6
Calicotome spinosa,Galactites tomentosus,Fabaceae,Asteraceae,8,8,8,6,40.6
Pentapora fascialis,Polycitor crystallinus,Bitectiporidae,Polycitoridae,30,18,24,12,40.3
Aplus dorbignyi,Tritia corrugata,Pisaniidae,Nassariidae,16,11,16,8,40.3
Carduus pycnocephalus,Plantago lagopus,Asteraceae,Plantaginaceae,8,8,8,7,40.2
Aplysina cavernicola,Thorogobius ephippiatus,Aplysinidae,Gobiidae,22,13,22,5,40.1
Convolvulus althaeoides,Pallenis spinosa,Convolvulaceae,Asteraceae,20,16,20,8,40.0
Aglaophenia acacia,Eunicella gazella,Aglaopheniidae,Gorgoniidae,14,9,13,8,40.0
Bugula neritina,Distaplia bermudensis,Bugulidae,Holozoidae,12,5,12,7,40.0
Gnathophyllum elegans,Pseudobiceros splendidus,Gnathophyllidae,Pseudocerotidae,38,4,35,10,39.7
Polycitor crystallinus,Pseudodistoma crucigaster,Polycitoridae,Pseudodistomidae,20,13,16,17,39.7
Moerella pulchella,Talochlamys multistriata,Tellinidae,Pectinidae,14,13,14,6,39.7
Dendrodoris limbata,Haminoea exigua,Dendrodorididae,Haminoeidae,23,5,19,11,39.6
Halcampoides purpureus,Pagurus cuanensis,Halcampoididae,Paguridae,22,13,18,6,39.5
Hermodice carunculata,Plesionika narval,Amphinomidae,Pandalidae,9,7,9,5,39.5
Pegea confoederata,Pelagia noctiluca,Salpidae,Pelagiidae,8,5,6,5,39.5
Crimora papillata,Diaphorodoris alba,Polyceridae,Calycidorididae,26,19,23,11,39.4
Lithophyllum byssoides,Siphonaria pectinata,Lithophyllaceae,Siphonariidae,12,9,11,9,39.4
Amphiroa beauvoisii,Branchiomma luctuosum,Lithophyllaceae,Sabellidae,75,13,59,29,39.3
Asphodelus fistulosus,Lamarckia aurea,Xanthorrhoeaceae,Poaceae,8,8,8,6,39.2
Naticarius hebraeus,Philinopsis depicta,Naticidae,Aglajidae,27,11,17,16,39.1
Aplysina cavernicola,Madracis pharensis,Aplysinidae,Pocilloporidae,10,8,10,5,39.1
Asparagus acutifolius,Senecio pterophorus,Asparagaceae,Asteraceae,8,7,7,5,39.1
Haminoea hydatis,Janolus hyalinus,Haminoeidae,Janolidae,18,4,16,6,39.0
Dendrodoris limbata,Ocnus planci,Dendrodorididae,Cucumariidae,33,9,27,16,38.9
Amphiroa beauvoisii,Clanculus jussieui,Lithophyllaceae,Trochidae,31,4,26,11,38.9
Gibbula turbinoides,Lissoclinum weigelei,Trochidae,Didemnidae,23,6,20,5,38.9
Aphia minuta,Penaeus kerathurus,Gobiidae,Penaeidae,10,5,10,6,38.9
Foeniculum vulgare,Verbascum sinuatum,Apiaceae,Scrophulariaceae,14,13,13,6,38.8
Caliphylla mediterranea,Gnathophyllum elegans,Caliphyllidae,Gnathophyllidae,13,6,10,5,38.8
Naticarius hebraeus,Ocnus planci,Naticidae,Cucumariidae,36,17,26,11,38.7
Naticarius hebraeus,Tritia mutabilis,Naticidae,Nassariidae,115,59,89,45,38.5
Echinocardium cordatum,Mesochaetopterus rogeri,Loveniidae,Chaetopteridae,14,11,13,8,38.5
Polycitor crystallinus,Prostheceraeus roseus,Polycitoridae,Euryleptidae,25,15,19,14,38.4
Mesophyllum alternans,Pseudochlorodesmis furcellata,Lithophyllaceae,Udoteaceae,8,6,8,6,38.4
Sycon raphanus,Telmatactis forskalii,Sycettidae,Isophelliidae,47,15,45,5,38.2
Anthias anthias,Sertularella crassicaulis,Anthiadidae,Sertulariidae,23,12,21,7,38.2
Cestopagurus timidus,Stenopus spinosus,Paguridae,Stenopodidae,23,12,22,7,38.2
Buglossidium luteum,Chelidonichthys obscurus,Soleidae,Triglidae,18,13,14,10,38.1
Aeolidiella alderi,Microcosmus sabatieri,Aeolidiidae,Pyuridae,14,6,14,7,38.1
Irus irus,Modiolus barbatus,Veneridae,Mytilidae,17,12,17,7,38.0
Paradoris indecora,Petalifera petalifera,Discodorididae,Aplysiidae,36,7,34,6,37.9
Buglossidium luteum,Halcampoides purpureus,Soleidae,Halcampoididae,20,17,18,10,37.8
Dalophis imberbis,Ocnus planci,Ophichthidae,Cucumariidae,8,8,6,6,37.8
Cardites antiquatus,Conus ventricosus,Carditidae,Conidae,51,25,49,21,37.7
Brachycarpus biunguiculatus,Telmatactis forskalii,Palaemonidae,Isophelliidae,17,10,15,5,37.7
Dalophis imberbis,Torpedo torpedo,Ophichthidae,Torpedinidae,13,7,10,7,37.7
Neverita josephinia,Tritia mutabilis,Naticidae,Nassariidae,104,74,91,63,37.6
Clanculus jussieui,Pseudoceros velutinus,Trochidae,Pseudoceritidae,13,5,12,5,37.6
Allium roseum,Bituminaria bituminosa,Amaryllidaceae,Fabaceae,11,9,11,5,37.4
Halopteris filicina,Phorbas tenacior,Stypocaulaceae,Hymedesmiidae,53,27,47,16,37.2
Pistacia lentiscus,Scabiosa atropurpurea,Anacardiaceae,Dipsacaceae,16,15,16,8,37.2
Discocelis tigrina,Phoronis hippocrepia,Discocelidae,Phoronidae,17,9,16,5,37.1
Muricopsis cristata,Tritia corrugata,Muricidae,Nassariidae,17,12,17,6,37.1
Derbesia tenuissima,Haminoea orteai,Derbesiaceae,Haminoeidae,12,3,9,5,37.0
Discocelis tigrina,Syngnathus tenuirostris,Discocelidae,Syngnathidae,9,4,8,5,37.0
Bunodeopsis strumosa,Syngnathus tenuirostris,Boloceroididae,Syngnathidae,8,5,6,6,37.0
Berghia coerulescens,Dicata odhneri,Aeolidiidae,Facelinidae,8,7,5,6,36.9
Microcosmus sabatieri,Myxicola infundibulum,Pyuridae,Sabellidae,17,5,17,5,36.8
Aglaophenia acacia,Petrosia ficiformis,Aglaopheniidae,Petrosiidae,17,13,16,11,36.7
Apletodon incognitus,Astropecten platyacanthus,Gobiesocidae,Astropectinidae,22,5,21,5,36.6
Amphiroa beauvoisii,Lissoclinum weigelei,Lithophyllaceae,Didemnidae,35,7,32,11,36.5
Clavelina dellavallei,Pinna rudis,Clavelinidae,Pinnidae,17,11,14,7,36.5
Allium roseum,Galactites tomentosus,Amaryllidaceae,Asteraceae,13,12,11,5,36.5
Clanculus jussieui,Rissoa auriscalpium,Trochidae,Rissoidae,10,8,10,5,36.5
Modiolus barbatus,Polititapes aureus,Mytilidae,Veneridae,26,21,26,11,36.4
Haminoea orteai,Petalifera petalifera,Haminoeidae,Aplysiidae,15,3,12,5,36.3
Gastrana fragilis,Modiolus barbatus,Tellinidae,Mytilidae,13,7,13,6,36.3
Aphia minuta,Astropecten platyacanthus,Gobiidae,Astropectinidae,11,6,11,5,36.3
Dalophis imberbis,Naticarius hebraeus,Ophichthidae,Naticidae,21,16,14,8,36.2
Muraena augusti,Sphoeroides marmoratus,Muraenidae,Tetraodontidae,14,12,11,9,36.2
Malva multiflora,Plantago lagopus,Malvaceae,Plantaginaceae,8,8,8,6,36.2
Gnathophyllum elegans,Paradoris indecora,Gnathophyllidae,Discodorididae,66,14,63,6,36.1
Codium bursa,Halocynthia papillosa,Codiaceae,Pyuridae,241,81,175,56,36.0
Muricopsis cristata,Pseudobiceros splendidus,Muricidae,Pseudocerotidae,20,5,16,7,36.0
Clanculus jussieui,Lepidopleurus cajetanus,Trochidae,Leptochitonidae,19,13,18,6,36.0
Branchiomma luctuosum,Derbesia tenuissima,Sabellidae,Derbesiaceae,50,7,44,21,35.9
Lissoclinum weigelei,Phoronis hippocrepia,Didemnidae,Phoronidae,40,10,37,9,35.9
Limaria hians,Planocera ceratommata,Limidae,Planoceridae,18,13,17,7,35.9
Gongolaria squarrosa,Pentapora fascialis,Sargassaceae,Bitectiporidae,18,12,15,7,35.8
Calicotome spinosa,Pistacia lentiscus,Fabaceae,Anacardiaceae,9,9,8,6,35.8
Ocnus planci,Processa macrophthalma,Cucumariidae,Processidae,8,7,8,5,35.8
Facelina vicina,Ocnus planci,Facelinidae,Cucumariidae,14,5,11,9,35.7
Astropecten platyacanthus,Pagurus cuanensis,Astropectinidae,Paguridae,41,19,34,11,35.6
Polititapes aureus,Talochlamys multistriata,Veneridae,Pectinidae,20,17,20,8,35.6
Episcomitra cornicula,Periclimenes amethysteus,Mitridae,Palaemonidae,15,3,15,5,35.6
Berthella ocellata,Gnathophyllum elegans,Pleurobranchidae,Gnathophyllidae,24,11,20,7,35.5
Amphiroa beauvoisii,Placida cremoniana,Lithophyllaceae,Stiligeridae,16,3,12,9,35.5
Gibbula turbinoides,Talochlamys multistriata,Trochidae,Pectinidae,10,8,10,5,35.4
Gnathophyllum elegans,Placida verticilata,Gnathophyllidae,Stiligeridae,31,16,29,7,35.3
Discocelis tigrina,Limaria hians,Discocelidae,Limidae,18,14,18,6,35.3
Alloteuthis media,Naticarius hebraeus,Loliginidae,Naticidae,11,10,10,5,35.2
Caloria quatrefagesi,Corydendrium parasiticum,Facelinidae,Oceaniidae,11,8,11,5,35.2
Ciona robusta,Pachycerianthus solitarius,Cionidae,Cerianthidae,27,9,21,12,35.1
Naticarius hebraeus,Veretillum cynomorium,Naticidae,Veretillidae,34,14,20,13,35.0
Loripes orbiculatus,Polititapes aureus,Lucinidae,Veneridae,32,26,32,18,35.0
Ciona robusta,Sycon raphanus,Cionidae,Sycettidae,11,7,9,5,35.0
Aglaophenia acacia,Pseudodistoma crucigaster,Aglaopheniidae,Pseudodistomidae,10,7,8,9,35.0
Serranus scriba,Thalassoma pavo,Serranidae,Labridae,165,68,120,69,34.9
Aplus dorbignyi,Telmatactis forskalii,Pisaniidae,Isophelliidae,39,12,38,6,34.9
Caulerpa cylindracea,Nanozostera noltii,Caulerpaceae,Zosteraceae,15,6,15,5,34.9
Halocynthia papillosa,Leptogorgia sarmentosa,Pyuridae,Gorgoniidae,156,65,125,45,34.8
Cliona viridis,Halopteris filicina,Clionaidae,Stypocaulaceae,55,28,49,9,34.6
Bituminaria bituminosa,Geranium rotundifolium,Fabaceae,Geraniaceae,10,7,9,6,34.6
Buglossidium luteum,Tritia mutabilis,Soleidae,Nassariidae,57,26,44,10,34.5
Hermodice carunculata,Sparisoma cretense,Amphinomidae,Labridae,40,34,36,24,34.5
Margaretta cereoides,Pycnoclavella nana,Margarettidae,Pycnoclavellidae,10,9,10,6,34.5
Mesophyllum alternans,Phorbas tenacior,Lithophyllaceae,Hymedesmiidae,54,28,50,17,34.4
Clanculus jussieui,Tritia corrugata,Trochidae,Nassariidae,18,14,18,6,34.4
Astropecten platyacanthus,Paractinia striata,Astropectinidae,Hormathiidae,16,8,15,7,34.4
Didemnum lahillei,Striarca lactea,Didemnidae,Noetiidae,13,6,12,6,34.4
Prostheceraeus roseus,Synoicum blochmanni,Euryleptidae,Polyclinidae,10,7,5,9,34.4
Facelina rubrovittata,Placida dendritica,Facelinidae,Stiligeridae,31,17,26,10,34.2
Amphiroa beauvoisii,Asparagopsis taxiformis,Lithophyllaceae,Bonnemaisoniaceae,53,10,39,24,34.1
Calystegia soldanella,Pancratium maritimum,Convolvulaceae,Amaryllidaceae,28,18,24,17,34.0
Pseudodistoma crucigaster,Tridentata perpusilla,Pseudodistomidae,Sertulariidae,22,13,20,11,34.0
Chelidonichthys obscurus,Dardanus arrosor,Triglidae,Diogenidae,10,8,9,7,34.0
Halcampoides purpureus,Tritia mutabilis,Halcampoididae,Nassariidae,38,19,32,8,33.9
Clanculus jussieui,Limaria hians,Trochidae,Limidae,35,14,34,5,33.9
Aplysina cavernicola,Crella pulvinar,Aplysinidae,Crellidae,13,11,12,8,33.8
Mesophyllum alternans,Sphaerococcus coronopifolius,Lithophyllaceae,Sphaerococcaceae,60,30,54,15,33.7
Mycteroperca rubra,Ophidiaster ophidianus,Epinephelidae,Ophidiasteridae,26,12,16,7,33.7
Bunodeopsis strumosa,Echinocardium cordatum,Boloceroididae,Loveniidae,13,11,10,9,33.7
Aglaophenia elongata,Echinocardium cordatum,Aglaopheniidae,Loveniidae,11,9,9,6,33.7
Euspira macilenta,Tritia mutabilis,Naticidae,Nassariidae,9,7,9,5,33.7
Chromis chromis,Serranus scriba,Pomacentridae,Serranidae,171,70,111,68,33.6
Agelas oroides,Lithophyllum stictiforme,Agelasidae,Lithophyllaceae,130,56,104,27,33.6
Eunicella gazella,Gongolaria squarrosa,Gorgoniidae,Sargassaceae,14,10,14,7,33.6
Convolvulus althaeoides,Scabiosa atropurpurea,Convolvulaceae,Dipsacaceae,10,9,10,5,33.6
Aglaophenia acacia,Lithophyllum stictiforme,Aglaopheniidae,Lithophyllaceae,9,8,8,5,33.6
Convolvulus althaeoides,Galactites tomentosus,Convolvulaceae,Asteraceae,72,62,58,37,33.5
Ciona robusta,Myxicola infundibulum,Cionidae,Sabellidae,13,7,12,9,33.5
Aglaophenia tubiformis,Hamigera hamigera,Aglaopheniidae,Hymedesmiidae,12,9,12,6,33.5
Pinnoctopus macropus,Pseudaphya ferreri,Octopodidae,Gobiidae,11,6,9,6,33.5
Padina pavonica,Serranus scriba,Dictyotaceae,Serranidae,170,65,114,57,33.4
Clanculus jussieui,Lissoclinum weigelei,Trochidae,Didemnidae,38,5,34,7,33.4
Forskalia edwardsii,Pelagia noctiluca,Forskaliidae,Pelagiidae,23,18,20,11,33.4
Crambe crambe,Padina pavonica,Crambeidae,Dictyotaceae,212,89,140,61,33.3
Clathria jolicoeuri,Telmatactis forskalii,Microcionidae,Isophelliidae,50,11,49,8,33.3
Pallenis spinosa,Pistacia lentiscus,Asteraceae,Anacardiaceae,24,22,23,9,33.3
Pagurus cuanensis,Sicyonia carinata,Paguridae,Sicyoniidae,17,15,16,8,33.3
Naticarius hebraeus,Tritia grana,Naticidae,Nassariidae,13,10,11,8,33.3
Chromis chromis,Mullus surmuletus,Pomacentridae,Mullidae,162,62,109,72,33.2
Ophisurus serpens,Penaeus kerathurus,Ophichthidae,Penaeidae,74,40,68,18,33.2
Pentapora fascialis,Synoicum blochmanni,Bitectiporidae,Polyclinidae,11,7,4,10,33.2
Asplenium onopteris,Cistus salviifolius,Aspleniaceae,Cistaceae,9,8,8,7,33.2
Lavandula stoechas,Pistacia lentiscus,Lamiaceae,Anacardiaceae,18,15,18,6,33.1
Arctotheca calendula,Pancratium maritimum,Asteraceae,Amaryllidaceae,9,6,7,8,33.1
Agelas oroides,Phorbas tenacior,Agelasidae,Hymedesmiidae,195,77,144,41,33.0
Chromis chromis,Thalassoma pavo,Pomacentridae,Labridae,158,62,106,67,33.0
Cliona viridis,Lima lima,Clionaidae,Limidae,45,26,42,14,33.0
Irus irus,Steromphala varia,Veneridae,Trochidae,28,17,26,10,32.8
Derbesia tenuissima,Lissoclinum weigelei,Derbesiaceae,Didemnidae,23,6,22,7,32.8
Dendrodoris limbata,Microcosmus sabatieri,Dendrodorididae,Pyuridae,22,7,20,12,32.8
Dardanus arrosor,Penaeus kerathurus,Diogenidae,Penaeidae,19,15,14,10,32.8
Doto cervicenigra,Facelina rubrovittata,Dotidae,Facelinidae,18,7,18,5,32.8
Modiolus barbatus,Talochlamys multistriata,Mytilidae,Pectinidae,13,11,13,7,32.8
Dittrichia viscosa,Foeniculum vulgare,Asteraceae,Apiaceae,36,27,33,21,32.6
Distaplia bermudensis,Pachycerianthus solitarius,Holozoidae,Cerianthidae,19,3,17,8,32.6
Berghia verrucicornis,Dendrodoris limbata,Aeolidiidae,Dendrodorididae,16,5,11,7,32.5
Plantago lagopus,Psilothrix viridicoerulea,Plantaginaceae,Dasytidae,15,13,10,8,32.5
Chondrosia reniformis,Halimeda tuna,Chondrillidae,Halimedaceae,224,82,175,45,32.4
Pistacia lentiscus,Salvia rosmarinus,Anacardiaceae,Lamiaceae,21,19,16,13,32.4
Flabellia petiolata,Halimeda tuna,Codiaceae,Halimedaceae,231,88,166,53,32.3
Amphiroa rigida,Taonia pseudociliata,Lithophyllaceae,Dictyotaceae,12,7,12,5,32.3
Cardites antiquatus,Clanculus corallinus,Carditidae,Trochidae,9,7,9,5,32.3
Callista chione,Solecurtus strigilatus,Veneridae,Solecurtidae,20,17,20,13,32.2
Clanculus jussieui,Gibberula miliaria,Trochidae,Cystiscidae,18,12,17,7,32.2
Aeolidiella alderi,Ocnus planci,Aeolidiidae,Cucumariidae,15,5,14,6,32.2
Distaplia bermudensis,Phoronis hippocrepia,Holozoidae,Phoronidae,9,3,9,5,32.2
Distaplia bermudensis,Phallusia mammillata,Holozoidae,Ascidiidae,15,4,13,7,32.1
Cochlicella acuta,Theba pisana,Hygromiidae,Helicidae,14,13,14,11,32.1
Frondipora verrucosa,Thylacodes arenarius,Frondiporidae,Vermetidae,12,5,10,5,32.1
Codium bursa,Halimeda tuna,Codiaceae,Halimedaceae,222,83,164,53,32.0
Chromis chromis,Padina pavonica,Pomacentridae,Dictyotaceae,165,59,109,71,32.0
Inachus phalangium,Paractinia striata,Inachidae,Hormathiidae,25,6,22,8,32.0
Ophisurus serpens,Pseudaphya ferreri,Ophichthidae,Gobiidae,13,5,11,5,32.0
Calliostoma laugieri,Clanculus jussieui,Calliostomatidae,Trochidae,9,9,9,5,31.9
Bunodeopsis strumosa,Pachycerianthus solitarius,Boloceroididae,Cerianthidae,27,11,16,12,31.8
Gongolaria squarrosa,Prostheceraeus roseus,Sargassaceae,Euryleptidae,14,13,12,7,31.8
Centrolabrus melanocercus,Pseudochlorodesmis furcellata,Labridae,Udoteaceae,11,7,10,5,31.8
Halimeda tuna,Myriapora truncata,Halimedaceae,Myriaporidae,238,90,171,47,31.7
Lepidopleurus cajetanus,Striarca lactea,Leptochitonidae,Noetiidae,27,19,26,7,31.7
Aeolidiella alderi,Facelina vicina,Aeolidiidae,Facelinidae,17,7,13,6,31.7
Candiella striata,Limacia inesae,Tritoniidae,Polyceridae,10,6,9,5,31.7
Halocynthia papillosa,Myriapora truncata,Pyuridae,Myriaporidae,229,83,168,61,31.6
Oculina patagonica,Schizoporella errata,Oculinidae,Schizoporellidae,151,46,110,54,31.6
Astropecten platyacanthus,Ophisurus serpens,Astropectinidae,Ophichthidae,83,19,70,16,31.6
Paractinia striata,Polysyncraton lacazei,Hormathiidae,Didemnidae,14,5,13,5,31.5
Mullus surmuletus,Symphodus tinca,Mullidae,Labridae,156,53,112,59,31.4
Gnathophyllum elegans,Stenopus spinosus,Gnathophyllidae,Stenopodidae,92,30,83,25,31.4
Loripes orbiculatus,Moerella pulchella,Lucinidae,Tellinidae,18,12,18,6,31.4
Dicata odhneri,Felimare fontandraui,Facelinidae,Chromodorididae,13,9,12,7,31.4
Myriapora truncata,Phorbas tenacior,Myriaporidae,Hymedesmiidae,204,83,154,45,31.3
Phylloscopus collybita,Serinus serinus,Sylviidae,Fringillidae,93,17,84,6,31.3
Microcosmus sabatieri,Phallusia mammillata,Pyuridae,Ascidiidae,23,10,22,11,31.3
Clanculus jussieui,Ebenomitra ebenus,Trochidae,Costellariidae,18,13,18,8,31.3
Agelas oroides,Predaea ollivieri,Agelasidae,Nemastomataceae,12,7,11,6,31.3
Gastrana fragilis,Irus irus,Tellinidae,Veneridae,10,4,10,5,31.3
Facelinopsis marioni,Marionia blainvillea,Facelinidae,Tritoniidae,46,9,42,6,31.2
Apletodon incognitus,Pinnoctopus macropus,Gobiesocidae,Octopodidae,26,5,26,5,31.2
Paronychia argentea,Plantago lagopus,Caryophyllaceae,Plantaginaceae,22,15,15,15,31.2
Chondrosia reniformis,Codium bursa,Chondrillidae,Codiaceae,196,72,148,47,31.1
Lepadogaster candolii,Zebrus zebrus,Gobiesocidae,Gobiidae,59,15,54,12,31.1
Flabellia petiolata,Halopteris filicina,Codiaceae,Stypocaulaceae,48,30,41,13,31.1
Beania magellanica,Phorbas tenacior,Beaniidae,Hymedesmiidae,17,12,17,5,31.1
Aglaophenia harpago,Electra posidoniae,Aglaopheniidae,Electridae,10,9,10,7,31.1
Asparagus acutifolius,Asplenium onopteris,Asparagaceae,Aspleniaceae,8,7,8,5,31.1
Bituminaria bituminosa,Convolvulus althaeoides,Fabaceae,Convolvulaceae,55,51,51,34,31.0
Dalophis imberbis,Tritia mutabilis,Ophichthidae,Nassariidae,21,14,19,7,31.0
Dictyonella incisa,Pycnoclavella nana,Dictyonellidae,Pycnoclavellidae,12,10,10,6,31.0
Codium bursa,Myriapora truncata,Codiaceae,Myriaporidae,212,83,152,45,30.9
Dasyatis pastinaca,Echinocardium cordatum,Dasyatidae,Loveniidae,31,16,27,7,30.9
Steromphala umbilicaris,Striarca lactea,Trochidae,Noetiidae,19,17,19,8,30.9
Astrospartus mediterraneus,Savalia savaglia,Gorgonocephalidae,Parazoanthidae,10,7,10,7,30.9
Diaphorodoris alba,Goniodoridella picoensis,Calycidorididae,Goniodorididae,73,50,61,24,30.8
Pelagia noctiluca,Salpa maxima,Pelagiidae,Salpidae,15,11,12,6,30.8
Berthella perforata,Haminoea hydatis,Pleurobranchidae,Haminoeidae,13,4,11,6,30.8
Lissoclinum weigelei,Microcosmus polymorphus,Didemnidae,Pyuridae,11,7,10,5,30.8
Codium bursa,Eunicella singularis,Codiaceae,Gorgoniidae,147,48,98,42,30.7
Facelina rubrovittata,Tenellia ocellata,Facelinidae,Tergipedidae,31,16,27,12,30.7
Apletodon incognitus,Inachus phalangium,Gobiesocidae,Inachidae,31,5,30,6,30.6
Chondrosia reniformis,Halocynthia papillosa,Chondrillidae,Pyuridae,203,80,167,53,30.5
Padina pavonica,Thalassoma pavo,Dictyotaceae,Labridae,146,70,104,59,30.5
Philinopsis depicta,Veretillum cynomorium,Aglajidae,Veretillidae,8,5,7,5,30.5
Cardites antiquatus,Steromphala umbilicaris,Carditidae,Trochidae,11,8,11,5,30.4
Chondrosia reniformis,Myriapora truncata,Chondrillidae,Myriaporidae,207,78,159,48,30.3
Pennaria disticha,Schizoporella errata,Pennariidae,Schizoporellidae,150,47,102,55,30.3
Buglossidium luteum,Facelina vicina,Soleidae,Facelinidae,18,9,12,9,30.3
Lepidopleurus cajetanus,Muricopsis cristata,Leptochitonidae,Muricidae,14,11,13,7,30.3
Diplodus sargus,Symphodus tinca,Sparidae,Labridae,156,54,112,72,30.2
Chelidonichthys obscurus,Pagurus cuanensis,Triglidae,Paguridae,15,4,13,5,30.2
Muraena augusti,Serranus atricauda,Muraenidae,Serranidae,34,28,34,26,30.1
Halopteris filicina,Lithophyllum stictiforme,Stypocaulaceae,Lithophyllaceae,28,17,25,8,30.1
Placida dendritica,Planocera ceratommata,Stiligeridae,Planoceridae,9,5,8,5,30.1
Limaria hians,Striarca lactea,Limidae,Noetiidae,50,25,50,5,30.0
Ophisurus serpens,Sicyonia carinata,Ophichthidae,Sicyoniidae,35,18,33,11,30.0
Gongolaria squarrosa,Mesophyllum expansum,Sargassaceae,Lithophyllaceae,15,11,14,7,30.0
Naticarius hebraeus,Penaeus kerathurus,Naticidae,Penaeidae,50,30,32,19,29.8
Phallusia mammillata,Syngnathus tenuirostris,Ascidiidae,Syngnathidae,24,6,22,14,29.8
Penaeus kerathurus,Veretillum cynomorium,Penaeidae,Veretillidae,19,12,14,10,29.8
Berthella ocellata,Ocnus planci,Pleurobranchidae,Cucumariidae,8,3,5,6,29.8
Ericaria mediterranea,Jania rubens,Sargassaceae,Lithophyllaceae,15,11,14,8,29.7
Dardanus arrosor,Facelina vicina,Diogenidae,Facelinidae,11,7,9,8,29.7
Aglaja tricolorata,Chelidonichthys obscurus,Aglajidae,Triglidae,10,8,10,7,29.7
Convolvulus althaeoides,Malva multiflora,Convolvulaceae,Malvaceae,10,9,9,5,29.7
Carduus pycnocephalus,Convolvulus althaeoides,Asteraceae,Convolvulaceae,9,8,8,6,29.7
Striarca lactea,Talochlamys multistriata,Noetiidae,Pectinidae,26,22,25,11,29.6
Ophisurus serpens,Processa macrophthalma,Ophichthidae,Processidae,24,16,24,5,29.6
Lepidopleurus cajetanus,Limaria hians,Leptochitonidae,Limidae,17,10,17,7,29.6
Loripes orbiculatus,Talochlamys multistriata,Lucinidae,Pectinidae,15,14,15,8,29.6
Hildenbrandia crouaniorum,Steromphala varia,Hildenbrandiaceae,Trochidae,8,4,8,6,29.6
Diplodus sargus,Mullus surmuletus,Sparidae,Mullidae,142,59,97,69,29.5
Diaphorodoris papillata,Goniodoridella picoensis,Calycidorididae,Goniodorididae,98,64,83,33,29.5
Gastrana fragilis,Polititapes aureus,Tellinidae,Veneridae,15,12,14,7,29.5
Aplysina cavernicola,Dictyonella incisa,Aplysinidae,Dictyonellidae,14,8,13,5,29.5
Gari depressa,Polycitor crystallinus,Psammobiidae,Polycitoridae,9,7,9,5,29.5
Mullus surmuletus,Serranus scriba,Mullidae,Serranidae,142,57,107,52,29.4
Dictyonella incisa,Thylacodes arenarius,Dictyonellidae,Vermetidae,18,14,18,7,29.3
Haliclona mucosa,Pycnoclavella nana,Chalinidae,Pycnoclavellidae,14,9,13,6,29.3
Chromis chromis,Symphodus tinca,Pomacentridae,Labridae,153,62,106,65,29.2
Facelinopsis marioni,Trinchesia morrowae,Facelinidae,Trinchesiidae,87,21,86,9,29.2
Facelina rubrovittata,Trinchesia morrowae,Facelinidae,Trinchesiidae,86,27,82,10,29.2
Flabellia petiolata,Phorbas tenacior,Codiaceae,Hymedesmiidae,181,77,139,34,29.1
Steromphala varia,Striarca lactea,Trochidae,Noetiidae,62,32,60,20,29.1
Juncus acutus,Lagurus ovatus,Juncaceae,Poaceae,24,23,24,21,29.1
Callista chione,Donax variegatus,Veneridae,Donacidae,16,12,14,13,29.1
Distaplia bermudensis,Lissoclinum weigelei,Holozoidae,Didemnidae,10,3,7,7,29.1
Berthellina edwardsii,Limacia inesae,Pleurobranchidae,Polyceridae,9,3,7,5,29.0
Lima lima,Sphaerococcus coronopifolius,Limidae,Sphaerococcaceae,40,20,38,17,28.9
Aplysina cavernicola,Scopalina lophyropoda,Aplysinidae,Dictyonellidae,14,9,14,6,28.9
Alloteuthis media,Ophisurus serpens,Loliginidae,Ophichthidae,12,9,8,5,28.9
Galathea bolivari,Stenopus spinosus,Galatheidae,Stenopodidae,8,8,8,5,28.9
Flabellia petiolata,Mesophyllum alternans,Codiaceae,Lithophyllaceae,49,27,43,13,28.8
Callionymus pusillus,Echinocardium cordatum,Callionymidae,Loveniidae,37,20,28,11,28.8
Buglossidium luteum,Philinopsis depicta,Soleidae,Aglajidae,11,8,10,5,28.8
Echinaster sepositus,Serranus cabrilla,Echinasteridae,Serranidae,151,71,112,40,28.7
Agelas oroides,Lima lima,Agelasidae,Limidae,36,19,33,12,28.6
Dendrodoris limbata,Discocelis tigrina,Dendrodorididae,Discocelidae,20,10,17,6,28.6
Callianira bialata,Pelagia noctiluca,Mertensiidae,Pelagiidae,13,7,11,5,28.6
Pinnoctopus macropus,Stenosoma appendiculatum,Octopodidae,Idoteidae,8,5,8,5,28.6
Berthella ocellata,Dendrodoris limbata,Pleurobranchidae,Dendrodorididae,19,8,11,10,28.4
Cronius ruber,Pomadasys incisus,Portunidae,Haemulidae,18,9,18,8,28.4
Isara cornea,Telmatactis forskalii,Mitridae,Isophelliidae,13,7,13,7,28.4
Padina pavonica,Predaea ollivieri,Dictyotaceae,Nemastomataceae,10,4,10,6,28.4
Halimeda tuna,Halocynthia papillosa,Halimedaceae,Pyuridae,207,78,167,51,28.3
Ellisolandia elongata,Stramonita haemastoma,Lithophyllaceae,Muricidae,127,57,104,42,28.3
Agelas oroides,Mesophyllum alternans,Agelasidae,Lithophyllaceae,46,25,40,11,28.3
Goniodoridella picoensis,Placida dendritica,Goniodorididae,Stiligeridae,23,11,20,7,28.3
Psilothrix viridicoerulea,Urospermum dalechampii,Dasytidae,Asteraceae,15,14,14,13,28.3
Berghia coerulescens,Crimora papillata,Aeolidiidae,Polyceridae,10,9,9,5,28.3
Apogon imberbis,Halocynthia papillosa,Apogonidae,Pyuridae,195,69,145,56,28.2
Chromis chromis,Diplodus sargus,Pomacentridae,Sparidae,143,58,104,69,28.2
Microlipophrys nigriceps,Zebrus zebrus,Blenniidae,Gobiidae,42,13,40,7,28.2
Facelina rubrovittata,Marionia blainvillea,Facelinidae,Tritoniidae,41,15,38,11,28.2
Ophisurus serpens,Pseudobiceros splendidus,Ophichthidae,Pseudocerotidae,39,3,30,10,28.2
Muraena augusti,Scyllarides latus,Muraenidae,Scyllaridae,25,18,24,19,28.2
Asphodelus fistulosus,Sonchus tenerrimus,Xanthorrhoeaceae,Asteraceae,21,20,18,15,28.2
Periclimenes amethysteus,Pseudobiceros splendidus,Palaemonidae,Pseudocerotidae,20,6,19,8,28.2
Chromis limbata,Hermodice carunculata,Pomacentridae,Amphinomidae,16,10,15,11,28.2
Aphia minuta,Naticarius hebraeus,Gobiidae,Naticidae,11,7,11,6,28.2
Chromis limbata,Muraena augusti,Pomacentridae,Muraenidae,11,10,10,9,28.2
Predaea ollivieri,Tricleocarpa fragilis,Nemastomataceae,Galaxauraceae,8,5,7,6,28.2
Lithophyllum stictiforme,Pseudochlorodesmis furcellata,Lithophyllaceae,Udoteaceae,14,10,12,9,28.1
Galactites tomentosus,Stachys ocymastrum,Asteraceae,Lamiaceae,10,8,9,8,28.1
Mullus surmuletus,Thalassoma pavo,Mullidae,Labridae,127,58,97,62,28.0
Lithophyllum stictiforme,Phorbas tenacior,Lithophyllaceae,Hymedesmiidae,105,44,90,21,28.0
Hacelia attenuata,Haliclona mucosa,Ophidiasteridae,Chalinidae,43,21,42,7,28.0
Ariosoma balearicum,Sicyonia carinata,Congridae,Sicyoniidae,31,20,29,14,28.0
Cliona viridis,Neogoniolithon brassica-florida,Clionaidae,Lithophyllaceae,25,19,24,8,28.0
Chondrosia reniformis,Phorbas tenacior,Chondrillidae,Hymedesmiidae,167,77,132,45,27.9
Aplus dorbignyi,Irus irus,Pisaniidae,Veneridae,13,5,11,5,27.9
Hermodice carunculata,Ophidiaster ophidianus,Amphinomidae,Ophidiasteridae,46,36,42,26,27.8
Halcampoides purpureus,Pachycerianthus solitarius,Halcampoididae,Cerianthidae,33,11,26,7,27.8
Conus ventricosus,Ebenomitra ebenus,Conidae,Costellariidae,24,15,24,12,27.8
Haliclona mucosa,Parazoanthus brevitentacularis,Chalinidae,Parazoanthidae,18,11,17,6,27.8
Bosemprella incarnata,Loripes orbiculatus,Tellinidae,Lucinidae,18,15,17,14,27.8
Cliona viridis,Lithophyllum stictiforme,Clionaidae,Lithophyllaceae,116,52,100,29,27.7
Penaeus kerathurus,Sicyonia carinata,Penaeidae,Sicyoniidae,16,13,15,10,27.7
Agelas oroides,Myriapora truncata,Agelasidae,Myriaporidae,186,70,134,36,27.6
Lima lima,Lithophyllum stictiforme,Limidae,Lithophyllaceae,22,15,22,6,27.6
Calystegia soldanella,Lagurus ovatus,Convolvulaceae,Poaceae,22,20,21,18,27.6
Balanophyllia europaea,Lima lima,Dendrophylliidae,Limidae,39,20,35,19,27.5
Goniodoridella picoensis,Tenellia ocellata,Goniodorididae,Tergipedidae,25,15,24,10,27.5
Padina pavonica,Protula tubularia,Dictyotaceae,Serpulidae,169,68,109,59,27.4
Ophisurus serpens,Pagurus cuanensis,Ophichthidae,Paguridae,54,22,46,15,27.4
Halopteris filicina,Mesophyllum expansum,Stypocaulaceae,Lithophyllaceae,40,25,37,11,27.4
Cardites antiquatus,Modiolus barbatus,Carditidae,Mytilidae,18,11,18,8,27.4
Pistacia lentiscus,Verbascum sinuatum,Anacardiaceae,Scrophulariaceae,14,14,13,5,27.4
Clanculus corallinus,Striarca lactea,Trochidae,Noetiidae,13,11,13,7,27.4
Flabellia petiolata,Myriapora truncata,Codiaceae,Myriaporidae,193,75,136,43,27.3
Eunicella singularis,Halocynthia papillosa,Gorgoniidae,Pyuridae,138,47,95,49,27.3
Sicyonia carinata,Synodus saurus,Sicyoniidae,Synodontidae,35,15,33,10,27.3
Penaeus kerathurus,Processa macrophthalma,Penaeidae,Processidae,11,9,11,6,27.3
Muricopsis cristata,Planocera ceratommata,Muricidae,Planoceridae,11,7,11,6,27.3
Chondrosia reniformis,Crambe crambe,Chondrillidae,Crambeidae,191,82,149,57,27.2
Crambe crambe,Serranus scriba,Crambeidae,Serranidae,171,71,122,55,27.2
Lithophyllum stictiforme,Petrosia ficiformis,Lithophyllaceae,Petrosiidae,115,53,105,25,27.2
Buglossidium luteum,Ophisurus serpens,Soleidae,Ophichthidae,51,29,39,12,27.2
Centrolabrus melanocercus,Microlipophrys nigriceps,Labridae,Blenniidae,50,20,42,10,27.2
Pagurus cuanensis,Polysyncraton lacazei,Paguridae,Didemnidae,30,9,25,9,27.2
Striarca lactea,Tritia corrugata,Noetiidae,Nassariidae,23,20,23,12,27.2
Ariosoma balearicum,Processa macrophthalma,Congridae,Processidae,21,14,21,8,27.2
Balanophyllia europaea,Codium bursa,Dendrophylliidae,Codiaceae,190,69,139,45,27.1
Agelas oroides,Halocynthia papillosa,Agelasidae,Pyuridae,178,75,136,45,27.1
Anthias anthias,Eunicella singularis,Anthiadidae,Gorgoniidae,104,31,72,41,27.1
Halimeda tuna,Mesophyllum alternans,Halimedaceae,Lithophyllaceae,49,26,47,13,27.1
Muricopsis cristata,Telmatactis forskalii,Muricidae,Isophelliidae,35,13,33,6,27.1
Lima lima,Phorbas tenacior,Limidae,Hymedesmiidae,33,25,33,12,27.1
Adeonella calveti,Reteporella grimaldii,Adeonellidae,Phidoloporidae,29,21,26,13,27.1
Episcomitra cornicula,Pinnoctopus macropus,Mitridae,Octopodidae,18,9,18,8,27.1
Centaurea aspera,Plantago lagopus,Asteraceae,Plantaginaceae,18,15,15,14,27.1
Bugula neritina,Syngnathus tenuirostris,Bugulidae,Syngnathidae,14,4,13,10,27.1
Cronius ruber,Pseudocaranx dentex,Portunidae,Carangidae,13,9,13,5,27.1
Crambe crambe,Halocynthia papillosa,Crambeidae,Pyuridae,201,76,142,51,27.0
Eunicella gazella,Phorbas tenacior,Gorgoniidae,Hymedesmiidae,132,53,111,30,27.0
Tenellia ocellata,Trinchesia morrowae,Tergipedidae,Trinchesiidae,39,23,39,15,27.0
Placida dendritica,Trinchesia morrowae,Stiligeridae,Trinchesiidae,35,20,29,7,27.0
Facelina vicina,Naticarius hebraeus,Facelinidae,Naticidae,29,12,20,11,27.0
Ariosoma balearicum,Isarachnanthus maderensis,Congridae,Arachnactidae,25,11,25,14,27.0
Aeolidiella alderi,Haminoea hydatis,Aeolidiidae,Haminoeidae,23,7,21,10,27.0
Berthella perforata,Phallusia mammillata,Pleurobranchidae,Ascidiidae,17,5,12,7,27.0
Cronius ruber,Serranus atricauda,Portunidae,Serranidae,16,12,15,8,27.0
Lithophyllum stictiforme,Manupecten pesfelis,Lithophyllaceae,Pectinidae,16,14,16,8,27.0
Amphiroa beauvoisii,Haminoea orteai,Lithophyllaceae,Haminoeidae,12,3,7,9,27.0
Bunodeopsis strumosa,Phoronis hippocrepia,Boloceroididae,Phoronidae,11,5,10,5,27.0
Convolvulus althaeoides,Helichrysum stoechas,Convolvulaceae,Asteraceae,10,7,8,5,27.0
Muricopsis cristata,Steromphala umbilicaris,Muricidae,Trochidae,9,7,9,6,27.0
Chondrosia reniformis,Flabellia petiolata,Chondrillidae,Codiaceae,175,69,139,38,26.9
Halocynthia papillosa,Serranus scriba,Pyuridae,Serranidae,160,62,115,56,26.9
Alcyonium acaule,Thylacodes arenarius,Alcyoniidae,Vermetidae,34,18,31,10,26.9
Modiolus barbatus,Striarca lactea,Mytilidae,Noetiidae,30,22,30,13,26.9
Doto cervicenigra,Facelinopsis marioni,Dotidae,Facelinidae,15,6,15,5,26.9
Cestopagurus timidus,Electra posidoniae,Paguridae,Electridae,9,7,9,5,26.8
Paractinia striata,Stenopus spinosus,Hormathiidae,Stenopodidae,20,6,20,5,26.7
Aplysina cavernicola,Ciona edwardsi,Aplysinidae,Cionidae,8,6,8,6,26.7
Protula tubularia,Serranus scriba,Serpulidae,Serranidae,162,74,117,62,26.6
Gibberula miliaria,Striarca lactea,Cystiscidae,Noetiidae,24,21,24,6,26.6
Caberea boryi,Polysyncraton lacazei,Candidae,Didemnidae,17,11,16,6,26.6
Polycitor crystallinus,Semicassis undulata,Polycitoridae,Cassidae,9,7,5,7,26.6
Apogon imberbis,Myriapora truncata,Apogonidae,Myriaporidae,188,69,139,48,26.5
Flabellia petiolata,Sphaerococcus coronopifolius,Codiaceae,Sphaerococcaceae,187,69,141,47,26.5
Convolvulus althaeoides,Urospermum dalechampii,Convolvulaceae,Asteraceae,38,34,34,31,26.5
Clathria jolicoeuri,Jania rubens,Microcionidae,Lithophyllaceae,26,11,26,6,26.5
Steromphala varia,Talochlamys multistriata,Trochidae,Pectinidae,20,16,20,9,26.5
Cliona viridis,Flabellia petiolata,Clionaidae,Codiaceae,183,80,136,37,26.4
Apogon imberbis,Codium bursa,Apogonidae,Codiaceae,173,71,134,52,26.4
Apogon imberbis,Chondrosia reniformis,Apogonidae,Chondrillidae,172,65,139,50,26.4
Cliona viridis,Phorbas tenacior,Clionaidae,Hymedesmiidae,169,73,135,32,26.4
Diaphorodoris papillata,Tenellia ocellata,Calycidorididae,Tergipedidae,48,23,47,16,26.4
Haliclona mucosa,Thylacodes arenarius,Chalinidae,Vermetidae,20,11,18,6,26.4
Amphiroa beauvoisii,Echinolittorina punctata,Lithophyllaceae,Littorinidae,17,6,16,5,26.4
Alcyonium acaule,Frondipora verrucosa,Alcyoniidae,Frondiporidae,9,9,9,7,26.4
Eunicella gazella,Prostheceraeus roseus,Gorgoniidae,Euryleptidae,116,49,93,32,26.3
Cistus salviifolius,Pistacia lentiscus,Cistaceae,Anacardiaceae,79,56,76,14,26.3
Phallusia mammillata,Phoronis hippocrepia,Ascidiidae,Phoronidae,40,14,40,11,26.3
Pachycerianthus solitarius,Processa macrophthalma,Cerianthidae,Processidae,20,14,20,5,26.3
Hyparrhenia hirta,Pistacia lentiscus,Poaceae,Anacardiaceae,13,12,11,6,26.3
Rissoa auriscalpium,Steromphala varia,Rissoidae,Trochidae,10,8,10,5,26.3
Psilothrix viridicoerulea,Synema globosum,Dasytidae,Thomisidae,9,8,7,6,26.3
Gnathophyllum elegans,Haminoea hydatis,Gnathophyllidae,Haminoeidae,41,6,39,5,26.2
Chamelea gallina,Moerella pulchella,Veneridae,Tellinidae,25,21,25,15,26.2
Crambe crambe,Protula tubularia,Crambeidae,Serpulidae,199,91,140,66,26.1
Flabellia petiolata,Halocynthia papillosa,Codiaceae,Pyuridae,180,72,138,47,26.1
Diplodus vulgaris,Serranus cabrilla,Sparidae,Serranidae,100,45,91,21,26.1
Astropecten platyacanthus,Penaeus kerathurus,Astropectinidae,Penaeidae,34,10,33,8,26.1
Berthellina edwardsii,Gnathophyllum elegans,Pleurobranchidae,Gnathophyllidae,32,17,29,6,26.1
Dalophis imberbis,Pagellus acarne,Ophichthidae,Sparidae,17,14,12,8,26.1
Ocnus planci,Penaeus kerathurus,Cucumariidae,Penaeidae,16,12,11,10,26.1
Peronaea planata,Solecurtus strigilatus,Tellinidae,Solecurtidae,14,12,13,12,26.1
Aglaophenia acacia,Pentapora fascialis,Aglaopheniidae,Bitectiporidae,11,10,10,8,26.1
Convolvulus althaeoides,Erodium malacoides,Convolvulaceae,Geraniaceae,11,10,8,7,26.1
Cliona viridis,Sphaerococcus coronopifolius,Clionaidae,Sphaerococcaceae,189,69,132,39,26.0
Agelas oroides,Codium bursa,Agelasidae,Codiaceae,162,66,117,44,26.0
Epinephelus costae,Ophidiaster ophidianus,Epinephelidae,Ophidiasteridae,50,24,36,16,26.0
Halopteris filicina,Myriapora truncata,Stypocaulaceae,Myriaporidae,42,26,34,17,25.9
Cliona viridis,Pseudochlorodesmis furcellata,Clionaidae,Udoteaceae,22,11,19,9,25.9
Episcomitra cornicula,Stenopus spinosus,Mitridae,Stenopodidae,20,9,19,9,25.9
Pentapora fascialis,Sertularella crassicaulis,Bitectiporidae,Sertulariidae,19,9,17,5,25.9
Eunicella gazella,Polycitor crystallinus,Gorgoniidae,Polycitoridae,16,8,16,9,25.9
Acinetospora crinita,Halopteris filicina,Acinetosporaceae,Stypocaulaceae,16,14,16,9,25.9
Pseudobiceros splendidus,Scopalina lophyropoda,Pseudocerotidae,Dictyonellidae,9,3,9,5,25.9
Mullus surmuletus,Padina pavonica,Mullidae,Dictyotaceae,126,58,96,58,25.8
Apletodon incognitus,Stenopus spinosus,Gobiesocidae,Stenopodidae,25,5,24,5,25.8
Lepidopleurus cajetanus,Pagurus cuanensis,Leptochitonidae,Paguridae,13,8,13,5,25.8
Balanophyllia europaea,Flabellia petiolata,Dendrophylliidae,Codiaceae,186,66,128,47,25.7
Chondrosia reniformis,Protula tubularia,Chondrillidae,Serpulidae,175,70,131,51,25.7
Halocynthia papillosa,Padina pavonica,Pyuridae,Dictyotaceae,155,63,109,48,25.7
Padina pavonica,Thericium vulgatum,Dictyotaceae,Cerithiidae,139,59,105,56,25.7
Gnathophyllum elegans,Pagurus cuanensis,Gnathophyllidae,Paguridae,35,16,34,9,25.7
Muricopsis cristata,Polysyncraton lacazei,Muricidae,Didemnidae,26,12,23,7,25.7
Asphodelus fistulosus,Plantago lagopus,Xanthorrhoeaceae,Plantaginaceae,22,20,19,19,25.7
Asparagus acutifolius,Salvia rosmarinus,Asparagaceae,Lamiaceae,12,9,10,7,25.7
Ascidia mentula,Discocelis tigrina,Ascidiidae,Discocelidae,11,7,11,6,25.7
Brissus unicolor,Pinna rudis,Brissidae,Pinnidae,10,8,10,6,25.7
Oculina patagonica,Pennaria disticha,Oculinidae,Pennariidae,143,43,108,45,25.6
Halimeda tuna,Halopteris filicina,Halimedaceae,Stypocaulaceae,42,28,37,13,25.6
Candiella striata,Diaphorodoris alba,Tritoniidae,Calycidorididae,40,29,29,12,25.6
Gnathophyllum elegans,Muricopsis cristata,Gnathophyllidae,Muricidae,32,10,30,8,25.6
Balanophyllia europaea,Sarcotragus fasciculatus,Dendrophylliidae,Irciniidae,184,61,149,42,25.5
Dictyota cyanoloma,Lissoclinum weigelei,Dictyotaceae,Didemnidae,45,5,33,16,25.5
Clathria jolicoeuri,Polysyncraton lacazei,Microcionidae,Didemnidae,30,13,29,6,25.5
Pseudochlorodesmis furcellata,Sphaerococcus coronopifolius,Udoteaceae,Sphaerococcaceae,22,11,19,9,25.5
Berthella ocellata,Muricopsis cristata,Pleurobranchidae,Muricidae,10,5,8,6,25.5
Euphorbia serrata,Ulex parviflorus,Euphorbiaceae,Fabaceae,8,7,8,8,25.5
Myriapora truncata,Symphodus mediterraneus,Myriaporidae,Labridae,180,66,134,47,25.4
Agelas oroides,Flabellia petiolata,Agelasidae,Codiaceae,163,68,117,40,25.4
Echinocardium cordatum,Xyrichtys novacula,Loveniidae,Labridae,44,20,39,12,25.4
Halopteris filicina,Sphaerococcus coronopifolius,Stypocaulaceae,Sphaerococcaceae,41,26,37,14,25.4
Cardites antiquatus,Striarca lactea,Carditidae,Noetiidae,37,18,36,12,25.4
Agelas oroides,Pseudochlorodesmis furcellata,Agelasidae,Udoteaceae,20,9,18,7,25.4
Bosemprella incarnata,Echinocyamus pusillus,Tellinidae,Echinocyamidae,9,7,8,9,25.4
Dardanus arrosor,Tritia mutabilis,Diogenidae,Nassariidae,26,16,23,12,25.3
Hancockia uncinata,Trinchesia morrowae,Hancockiidae,Trinchesiidae,15,3,13,5,25.3
Derbesia tenuissima,Jania rubens,Derbesiaceae,Lithophyllaceae,15,10,13,6,25.3
Loripes orbiculatus,Striarca lactea,Lucinidae,Noetiidae,36,23,35,15,25.2
Aplysina cavernicola,Pycnoclavella nana,Aplysinidae,Pycnoclavellidae,17,8,14,8,25.2
Reteporella grimaldii,Sertularella crassicaulis,Phidoloporidae,Sertulariidae,16,8,15,5,25.2
Hacelia attenuata,Savalia savaglia,Ophidiasteridae,Parazoanthidae,13,8,13,6,25.2
Modiolus barbatus,Ocenebra edwardsii,Mytilidae,Muricidae,8,8,8,6,25.2
Asparagopsis taxiformis,Dictyota cyanoloma,Bonnemaisoniaceae,Dictyotaceae,72,11,42,39,25.1
Chondrosia reniformis,Lima lima,Chondrillidae,Limidae,32,21,31,14,25.1
Ocnus planci,Pachycerianthus solitarius,Cucumariidae,Cerianthidae,29,10,25,10,25.1
Muraena augusti,Pseudocaranx dentex,Muraenidae,Carangidae,23,20,23,15,25.1
Aplysina cavernicola,Parazoanthus brevitentacularis,Aplysinidae,Parazoanthidae,23,14,19,8,25.1
Frondipora verrucosa,Reteporella grimaldii,Frondiporidae,Phidoloporidae,17,12,16,10,25.1
Halocynthia papillosa,Phorbas tenacior,Pyuridae,Hymedesmiidae,159,70,128,35,25.0
Codium bursa,Padina pavonica,Codiaceae,Dictyotaceae,143,59,103,49,25.0
Gobius incognitus,Mullus surmuletus,Gobiidae,Mullidae,126,44,92,55,25.0
Apogon imberbis,Epinephelus marginatus,Apogonidae,Epinephelidae,121,58,93,56,25.0
Madracis pharensis,Reteporella grimaldii,Pocilloporidae,Phidoloporidae,15,8,15,5,25.0
Chrysymenia ventricosa,Halopteris filicina,Rhodymeniaceae,Stypocaulaceae,10,9,10,5,25.0
Codium bursa,Phorbas tenacior,Codiaceae,Hymedesmiidae,150,70,117,35,24.9
Serranus scriba,Symphodus tinca,Serranidae,Labridae,129,52,97,45,24.9
Codium bursa,Lima lima,Codiaceae,Limidae,32,22,31,10,24.9
Diaphorodoris papillata,Doriopsilla rarispinosa,Calycidorididae,Dendrodorididae,11,8,6,5,24.9
Pentapora fascialis,Phorbas tenacior,Bitectiporidae,Hymedesmiidae,146,64,103,34,24.8
Clanculus jussieui,Phoronis hippocrepia,Trochidae,Phoronidae,23,5,20,6,24.8
Loripes orbiculatus,Modiolus barbatus,Lucinidae,Mytilidae,16,15,16,10,24.8
Astroides calycularis,Sparisoma cretense,Dendrophylliidae,Labridae,10,8,10,7,24.8
Aglaophenia elongata,Myxicola infundibulum,Aglaopheniidae,Sabellidae,9,9,8,6,24.8
Oblada melanurus,Symphodus roissali,Sparidae,Labridae,143,50,101,45,24.7
Codium bursa,Halopteris filicina,Codiaceae,Stypocaulaceae,37,26,36,15,24.7
Diaphorodoris alba,Tenellia ocellata,Calycidorididae,Tergipedidae,32,19,30,14,24.7
Steromphala varia,Tritia corrugata,Trochidae,Nassariidae,18,16,17,12,24.7
Centaurea aspera,Lagurus ovatus,Asteraceae,Poaceae,17,14,14,13,24.7
Bosemprella incarnata,Pecten jacobaeus,Tellinidae,Pectinidae,16,13,16,9,24.7
Gastrana fragilis,Tritia neritea,Tellinidae,Nassariidae,13,8,13,7,24.7
Buglossidium luteum,Sicyonia carinata,Soleidae,Sicyoniidae,12,9,11,9,24.7
Placida dendritica,Tenellia ocellata,Stiligeridae,Tergipedidae,11,5,9,5,24.7
Diaphorodoris alba,Dicata odhneri,Calycidorididae,Facelinidae,10,9,8,7,24.7
Phorbas tenacior,Symphodus mediterraneus,Hymedesmiidae,Labridae,153,60,117,37,24.6
Asphodelus fistulosus,Convolvulus althaeoides,Xanthorrhoeaceae,Convolvulaceae,32,26,27,20,24.6
Amphiroa beauvoisii,Aplysia depilans,Lithophyllaceae,Aplysiidae,25,7,22,10,24.6
Dittrichia viscosa,Juncus acutus,Asteraceae,Juncaceae,17,12,14,9,24.6
Clavelina dellavallei,Hacelia attenuata,Clavelinidae,Ophidiasteridae,16,11,13,9,24.6
Penaeus kerathurus,Trachinus araneus,Penaeidae,Trachinidae,10,6,9,8,24.6
Clinitrachus argentatus,Zebrus zebrus,Clinidae,Gobiidae,9,6,8,6,24.6
Codium bursa,Crambe crambe,Codiaceae,Crambeidae,173,67,131,55,24.5
Lima lima,Myriapora truncata,Limidae,Myriaporidae,34,23,32,12,24.5
Facelina rubrovittata,Goniodoridella picoensis,Facelinidae,Goniodorididae,45,24,40,12,24.4
Ascidia mentula,Limaria hians,Ascidiidae,Limidae,23,15,23,6,24.4
Ecteinascidia herdmani,Facelina rubrovittata,Perophoridae,Facelinidae,14,7,14,5,24.4
Berthella ocellata,Haminoea hydatis,Pleurobranchidae,Haminoeidae,12,6,10,6,24.4
Caloria quatrefagesi,Lamprohaminoea ovalis,Facelinidae,Haminoeidae,8,6,8,7,24.4
Gnathophyllum elegans,Telmatactis forskalii,Gnathophyllidae,Isophelliidae,54,21,50,11,24.3
Asparagus acutifolius,Quercus rotundifolia,Asparagaceae,Fagaceae,23,21,21,6,24.3
Berthellina edwardsii,Lepidopleurus cajetanus,Pleurobranchidae,Leptochitonidae,11,10,11,7,24.3
Agelas oroides,Cliona viridis,Agelasidae,Clionaidae,160,59,117,29,24.2
Aiptasia couchii,Ellisolandia elongata,Aiptasiidae,Lithophyllaceae,120,49,103,40,24.2
Asparagus acutifolius,Pistacia lentiscus,Asparagaceae,Anacardiaceae,69,63,64,28,24.2
Acinetospora crinita,Pentapora fascialis,Acinetosporaceae,Bitectiporidae,62,36,51,18,24.2
Dendrodoris limbata,Phallusia mammillata,Dendrodorididae,Ascidiidae,56,16,39,22,24.2
Mesophyllum alternans,Petrosia ficiformis,Lithophyllaceae,Petrosiidae,43,24,43,15,24.2
Aplysina cavernicola,Astrospartus mediterraneus,Aplysinidae,Gorgonocephalidae,33,16,30,15,24.2
Flabellia petiolata,Lima lima,Codiaceae,Limidae,32,21,31,9,24.2
Mesophyllum alternans,Tricleocarpa fragilis,Lithophyllaceae,Galaxauraceae,29,15,27,8,24.2
Halcampoides purpureus,Pagellus acarne,Halcampoididae,Sparidae,26,12,21,6,24.2
Candiella striata,Placida dendritica,Tritoniidae,Stiligeridae,13,11,10,6,24.2
Pennaria disticha,Predaea ollivieri,Pennariidae,Nemastomataceae,9,3,8,6,24.2
Bituminaria bituminosa,Verbascum sinuatum,Fabaceae,Scrophulariaceae,8,8,8,7,24.2
Acinetospora crinita,Pseudochlorodesmis furcellata,Acinetosporaceae,Udoteaceae,8,7,8,7,24.2
Pentapora fascialis,Tridentata perpusilla,Bitectiporidae,Sertulariidae,23,14,20,13,24.1
Conus ventricosus,Tritia corrugata,Conidae,Nassariidae,19,19,19,12,24.1
Ocenebra edwardsii,Striarca lactea,Muricidae,Noetiidae,17,13,17,8,24.1
Gari depressa,Mesophyllum alternans,Psammobiidae,Lithophyllaceae,16,8,15,5,24.1
Aglaophenia acacia,Pycnoclavella communis,Aglaopheniidae,Pycnoclavellidae,10,4,10,5,24.1
Ebenomitra ebenus,Irus irus,Costellariidae,Veneridae,9,6,8,5,24.1
Apogon imberbis,Halimeda tuna,Apogonidae,Halimedaceae,172,75,129,44,24.0
Gobius incognitus,Thericium vulgatum,Gobiidae,Cerithiidae,134,42,95,64,24.0
Pachycerianthus solitarius,Phallusia mammillata,Cerianthidae,Ascidiidae,76,23,66,17,24.0
Microlipophrys dalmatinus,Zebrus zebrus,Blenniidae,Gobiidae,40,13,36,7,24.0
Eunicella gazella,Flabellina affinis,Gorgoniidae,Flabellinidae,9,6,9,7,24.0
Leptogorgia sarmentosa,Myriapora truncata,Gorgoniidae,Myriaporidae,110,45,88,39,23.9
Bituminaria bituminosa,Galactites tomentosus,Fabaceae,Asteraceae,48,46,44,23,23.9
Ocnus planci,Tritia mutabilis,Cucumariidae,Nassariidae,26,10,23,9,23.9
Pachycerianthus solitarius,Syngnathus tenuirostris,Cerianthidae,Syngnathidae,24,6,21,14,23.9
Alcyonium acaule,Pycnoclavella nana,Alcyoniidae,Pycnoclavellidae,19,10,19,7,23.9
Ascandra contorta,Lissoclinum weigelei,Leucaltidae,Didemnidae,18,7,15,7,23.9
Plantago lagopus,Sonchus tenerrimus,Plantaginaceae,Asteraceae,17,15,14,12,23.9
Hacelia attenuata,Zonaria tournefortii,Ophidiasteridae,Dictyotaceae,13,10,11,6,23.9
Aplidium turbinatum,Pachycerianthus solitarius,Polyclinidae,Cerianthidae,12,5,11,7,23.9
Facelina dubia,Tritia mutabilis,Facelinidae,Nassariidae,8,5,8,8,23.9
Halimeda tuna,Phorbas tenacior,Halimedaceae,Hymedesmiidae,157,73,123,33,23.8
Pentapora fascialis,Pseudodistoma crucigaster,Bitectiporidae,Pseudodistomidae,98,43,65,42,23.8
Amphiroa rigida,Clathria jolicoeuri,Lithophyllaceae,Microcionidae,43,14,42,7,23.8
Lima lima,Serpula vermicularis,Limidae,Serpulidae,38,25,36,19,23.8
Labrus viridis,Microlipophrys nigriceps,Labridae,Blenniidae,28,17,28,7,23.8
Neogoniolithon brassica-florida,Phorbas tenacior,Lithophyllaceae,Hymedesmiidae,19,15,18,7,23.8
Adeonella calveti,Parazoanthus brevitentacularis,Adeonellidae,Parazoanthidae,12,11,11,8,23.8
Codium bursa,Serranus scriba,Codiaceae,Serranidae,134,63,97,49,23.7
Pentapora fascialis,Prostheceraeus roseus,Bitectiporidae,Euryleptidae,126,71,86,37,23.7
Crambe crambe,Ellisolandia elongata,Crambeidae,Lithophyllaceae,124,60,101,33,23.7
Chondrosia reniformis,Mesophyllum alternans,Chondrillidae,Lithophyllaceae,39,23,37,15,23.7
Bosemprella incarnata,Neverita josephinia,Tellinidae,Naticidae,25,22,25,20,23.7
Crimora papillata,Diaphorodoris papillata,Polyceridae,Calycidorididae,22,17,21,10,23.7
Bosemprella incarnata,Polititapes aureus,Tellinidae,Veneridae,17,17,17,13,23.7
Aloe maculata,Foeniculum vulgare,Xanthorrhoeaceae,Apiaceae,8,8,8,7,23.7
Aiptasia couchii,Stramonita haemastoma,Aiptasiidae,Muricidae,152,48,120,53,23.6
Balanophyllia europaea,Tricleocarpa fragilis,Dendrophylliidae,Galaxauraceae,120,38,88,34,23.6
Leptogorgia sarmentosa,Prostheceraeus roseus,Gorgoniidae,Euryleptidae,86,40,63,34,23.6
Candiella striata,Diaphorodoris papillata,Tritoniidae,Calycidorididae,52,35,41,18,23.6
Anthias anthias,Parazoanthus brevitentacularis,Anthiadidae,Parazoanthidae,48,19,43,21,23.6
Dictyota cyanoloma,Phoronis hippocrepia,Dictyotaceae,Phoronidae,34,12,29,13,23.6
Halocynthia papillosa,Lima lima,Pyuridae,Limidae,32,22,31,14,23.6
Cardites antiquatus,Polititapes aureus,Carditidae,Veneridae,22,18,22,11,23.6
Hermaea variopicta,Tylodina perversa,Stiligeridae,Tylodinidae,21,6,17,7,23.6
Ascidia mentula,Phoronis hippocrepia,Ascidiidae,Phoronidae,20,7,18,5,23.6
Phorbas tenacior,Polycitor crystallinus,Hymedesmiidae,Polycitoridae,17,12,15,8,23.6
Haminoea exigua,Phallusia mammillata,Haminoeidae,Ascidiidae,15,6,14,9,23.6
Brachycarpus biunguiculatus,Stenopus spinosus,Palaemonidae,Stenopodidae,14,10,14,7,23.6
Gongolaria squarrosa,Petrosia ficiformis,Sargassaceae,Petrosiidae,13,10,12,6,23.6
Ircinia oros,Phorbas tenacior,Irciniidae,Hymedesmiidae,162,73,134,33,23.5
Crambe crambe,Thalassoma pavo,Crambeidae,Labridae,139,71,103,55,23.5
Apogon imberbis,Serranus scriba,Apogonidae,Serranidae,137,57,106,58,23.5
Balanophyllia europaea,Mesophyllum alternans,Dendrophylliidae,Lithophyllaceae,43,24,36,12,23.5
Mesophyllum alternans,Pentapora fascialis,Lithophyllaceae,Bitectiporidae,38,24,35,11,23.5
Inachus phalangium,Pseudobiceros splendidus,Inachidae,Pseudocerotidae,32,5,26,10,23.5
Amphiroa beauvoisii,Steromphala varia,Lithophyllaceae,Trochidae,26,7,25,6,23.5
Bugula neritina,Ocnus planci,Bugulidae,Cucumariidae,14,6,12,5,23.5
Sphaerococcus coronopifolius,Taonia pseudociliata,Sphaerococcaceae,Dictyotaceae,13,9,12,10,23.5
Aglaja tricolorata,Veretillum cynomorium,Aglajidae,Veretillidae,9,7,8,7,23.5
Electra posidoniae,Miniacina miniacea,Electridae,Homotrematidae,8,8,8,5,23.5
Penaeus kerathurus,Tritia mutabilis,Penaeidae,Nassariidae,46,25,36,13,23.4
Facelinopsis marioni,Tenellia ocellata,Facelinidae,Tergipedidae,24,14,23,8,23.4
Cutleria adspersa,Serranus cabrilla,Cutleriaceae,Serranidae,13,8,11,5,23.4
Halocynthia papillosa,Protula tubularia,Pyuridae,Serpulidae,168,69,128,59,23.3
Epinephelus marginatus,Serranus scriba,Epinephelidae,Serranidae,97,50,73,51,23.3
Pseudocaranx dentex,Serranus atricauda,Carangidae,Serranidae,33,21,33,15,23.3
Haliclona mucosa,Reteporella grimaldii,Chalinidae,Phidoloporidae,32,21,27,9,23.3
Ophidiaster ophidianus,Sparisoma cretense,Ophidiasteridae,Labridae,29,25,28,15,23.3
Ericaria mediterranea,Telmatactis forskalii,Sargassaceae,Isophelliidae,18,12,18,6,23.3
Aglaja tricolorata,Buglossidium luteum,Aglajidae,Soleidae,13,12,10,9,23.3
Phycis phycis,Pseudaphya ferreri,Phycidae,Gobiidae,11,8,8,5,23.3
Branchiomma luctuosum,Hexaplex trunculus,Sabellidae,Muricidae,143,13,83,69,23.2
Amphiroa rigida,Balanophyllia europaea,Lithophyllaceae,Dendrophylliidae,118,27,86,34,23.2
Halopteris filicina,Pentapora fascialis,Stypocaulaceae,Bitectiporidae,34,21,28,13,23.2
Eudendrium racemosum,Lithophyllum stictiforme,Eudendriidae,Lithophyllaceae,32,20,32,6,23.2
Neogoniolithon brassica-florida,Sphaerococcus coronopifolius,Lithophyllaceae,Sphaerococcaceae,21,18,21,7,23.2
Lithophyllum stictiforme,Nerocila bivittata,Lithophyllaceae,Cymothoidae,17,10,17,6,23.2
Aglaophenia tubiformis,Amphiroa rigida,Aglaopheniidae,Lithophyllaceae,14,9,14,6,23.2
Planocera ceratommata,Polysyncraton lacazei,Planoceridae,Didemnidae,13,9,12,5,23.2
Crambe crambe,Flabellia petiolata,Crambeidae,Codiaceae,168,72,124,41,23.1
Padina pavonica,Symphodus tinca,Dictyotaceae,Labridae,121,48,92,50,23.1
Codium bursa,Epinephelus marginatus,Codiaceae,Epinephelidae,108,33,82,38,23.1
Lepadogaster candolii,Microlipophrys nigriceps,Gobiesocidae,Blenniidae,84,17,66,11,23.1
Aplysina cavernicola,Hacelia attenuata,Aplysinidae,Ophidiasteridae,50,21,42,17,23.1
Gnathophyllum elegans,Planocera ceratommata,Gnathophyllidae,Planoceridae,16,8,16,5,23.1
Aplysia dactylomela,Percnon gibbesi,Aplysiidae,Percnidae,12,12,12,8,23.1
Erodium malacoides,Galactites tomentosus,Geraniaceae,Asteraceae,11,11,9,9,23.1
Codium bursa,Protula tubularia,Codiaceae,Serpulidae,157,69,115,52,23.0
Mesophyllum expansum,Phorbas tenacior,Lithophyllaceae,Hymedesmiidae,135,66,112,24,23.0
Chondrosia reniformis,Serranus scriba,Chondrillidae,Serranidae,129,56,106,42,23.0
Bothus podas,Xyrichtys novacula,Bothidae,Labridae,115,43,89,28,23.0
Gnathophyllum elegans,Pinnoctopus macropus,Gnathophyllidae,Octopodidae,58,21,56,19,23.0
Amphiroa beauvoisii,Hexaplex trunculus,Lithophyllaceae,Muricidae,50,8,42,21,23.0
Aegires leuckartii,Calmella cavolini,Aegiridae,Flabellinidae,34,14,34,5,23.0
Agelas oroides,Symphodus mediterraneus,Agelasidae,Labridae,147,57,117,37,22.9
Diplodus sargus,Thalassoma pavo,Sparidae,Labridae,108,53,82,55,22.9
Astrospartus mediterraneus,Hacelia attenuata,Gorgonocephalidae,Ophidiasteridae,82,30,73,35,22.9
Pycnoclavella nana,Thylacodes arenarius,Pycnoclavellidae,Vermetidae,20,14,18,6,22.9
Alcyonium acaule,Labrus mixtus,Alcyoniidae,Labridae,16,7,16,6,22.9
Acinetospora crinita,Chrysymenia ventricosa,Acinetosporaceae,Rhodymeniaceae,16,14,16,8,22.9
Margaretta cereoides,Pseudodistoma crucigaster,Margarettidae,Pseudodistomidae,15,8,14,5,22.9
Clanculus jussieui,Ocenebra edwardsii,Trochidae,Muricidae,10,7,10,5,22.9
Mullus surmuletus,Parablennius pilicornis,Mullidae,Blenniidae,133,53,94,72,22.8
Stramonita haemastoma,Thericium vulgatum,Muricidae,Cerithiidae,131,54,102,51,22.8
Ellisolandia elongata,Perforatus perforatus,Lithophyllaceae,Balanidae,112,61,97,29,22.8
Agelas oroides,Eunicella singularis,Agelasidae,Gorgoniidae,107,44,80,37,22.8
Branchiomma luctuosum,Dictyota cyanoloma,Sabellidae,Dictyotaceae,80,5,55,42,22.8
Crambe crambe,Mesophyllum alternans,Crambeidae,Lithophyllaceae,42,30,40,13,22.8
Hacelia attenuata,Scopalina lophyropoda,Ophidiasteridae,Dictyonellidae,29,25,26,7,22.8
Balanophyllia europaea,Bonellia viridis,Dendrophylliidae,Bonelliidae,181,60,139,46,22.7
Flabellia petiolata,Mesophyllum expansum,Codiaceae,Lithophyllaceae,145,68,115,35,22.7
Bugula neritina,Pachycerianthus solitarius,Bugulidae,Cerianthidae,46,22,41,13,22.7
Discocelis tigrina,Yungia aurantiaca,Discocelidae,Pseudocerotidae,18,10,16,5,22.7
Astropecten platyacanthus,Steromphala umbilicaris,Astropectinidae,Trochidae,11,7,10,5,22.7
Clanculus corallinus,Conus ventricosus,Trochidae,Conidae,10,8,10,6,22.7
Paronychia argentea,Psilothrix viridicoerulea,Caryophyllaceae,Dasytidae,9,6,6,5,22.7
Agelas oroides,Ircinia oros,Agelasidae,Irciniidae,161,59,130,34,22.6
Myxicola infundibulum,Pachycerianthus solitarius,Sabellidae,Cerianthidae,45,16,41,14,22.6
Goniodoridella picoensis,Prostheceraeus moseleyi,Goniodorididae,Euryleptidae,44,33,34,26,22.6
Pagurus cuanensis,Pinnoctopus macropus,Paguridae,Octopodidae,36,21,35,15,22.6
Corynactis viridis,Telmatactis forskalii,Corallimorphidae,Isophelliidae,25,11,25,5,22.6
Amphiroa rigida,Ericaria mediterranea,Lithophyllaceae,Sargassaceae,21,14,18,10,22.6
Irus irus,Loripes orbiculatus,Veneridae,Lucinidae,13,9,13,7,22.6
Mesophyllum alternans,Sycon raphanus,Lithophyllaceae,Sycettidae,12,9,12,6,22.6
Hacelia attenuata,Spongia lamella,Ophidiasteridae,Spongiidae,9,7,9,5,22.6
Bosemprella incarnata,Talochlamys multistriata,Tellinidae,Pectinidae,9,9,9,7,22.6
Halopteris liechtensternii,Sphaerococcus coronopifolius,Halopterididae,Sphaerococcaceae,9,7,8,7,22.6
Codium bursa,Sphaerococcus coronopifolius,Codiaceae,Sphaerococcaceae,154,61,115,46,22.5
Agelas oroides,Sphaerococcus coronopifolius,Agelasidae,Sphaerococcaceae,151,56,105,38,22.5
Stramonita haemastoma,Symphodus roissali,Muricidae,Labridae,129,51,103,50,22.5
Branchiomma luctuosum,Phoronis hippocrepia,Sabellidae,Phoronidae,50,8,45,17,22.5
Ircinia oros,Lima lima,Irciniidae,Limidae,33,24,31,18,22.5
Achelous hastatus,Ariosoma balearicum,Portunidae,Congridae,29,22,27,21,22.5
Dalophis imberbis,Pagellus erythrinus,Ophichthidae,Sparidae,19,14,17,9,22.5
Acetabularia acetabulum,Taonia pseudociliata,Polyphysaceae,Dictyotaceae,13,11,13,8,22.5
Balanophyllia europaea,Halimeda tuna,Dendrophylliidae,Halimedaceae,172,67,124,46,22.4
Agelas oroides,Balanophyllia europaea,Agelasidae,Dendrophylliidae,154,59,122,34,22.4
Ellisolandia elongata,Thalassoma pavo,Lithophyllaceae,Labridae,88,46,72,30,22.4
Halocynthia papillosa,Mesophyllum alternans,Pyuridae,Lithophyllaceae,39,28,37,12,22.4
Chelidonichthys lastoviza,Dactylopterus volitans,Triglidae,Dactylopteridae,26,6,24,8,22.4
Clinitrachus argentatus,Lepadogaster candolii,Clinidae,Gobiesocidae,20,10,17,6,22.4
Limacia inesae,Trinchesia morrowae,Polyceridae,Trinchesiidae,17,9,15,8,22.4
Balanophyllia europaea,Cliona viridis,Dendrophylliidae,Clionaidae,166,72,112,40,22.3
Agelas oroides,Chondrosia reniformis,Agelasidae,Chondrillidae,138,59,116,38,22.3
Gobius incognitus,Stramonita haemastoma,Gobiidae,Muricidae,126,46,97,61,22.3
Palinurus elephas,Scorpaena scrofa,Palinuridae,Scorpaenidae,122,40,107,29,22.3
Lithophyllum stictiforme,Myriapora truncata,Lithophyllaceae,Myriaporidae,95,41,80,22,22.3
Lithophyllum stictiforme,Pentapora fascialis,Lithophyllaceae,Bitectiporidae,86,41,78,19,22.3
Bosellia mimetica,Haminoea hydatis,Plakobranchidae,Haminoeidae,19,4,17,6,22.3
Gnathophyllum elegans,Sicyonia carinata,Gnathophyllidae,Sicyoniidae,18,10,17,7,22.3
Agelas oroides,Halimeda tuna,Agelasidae,Halimedaceae,151,64,112,32,22.2
Apogon imberbis,Phorbas tenacior,Apogonidae,Hymedesmiidae,138,68,107,35,22.2
Aidablennius sphynx,Gobius paganellus,Blenniidae,Gobiidae,135,38,91,27,22.2
Eunicella singularis,Myriapora truncata,Gorgoniidae,Myriaporidae,115,47,80,42,22.2
Ellisolandia elongata,Padina pavonica,Lithophyllaceae,Dictyotaceae,94,50,82,29,22.2
Alcyonium acaule,Parazoanthus brevitentacularis,Alcyoniidae,Parazoanthidae,24,10,21,10,22.2
Pinnoctopus macropus,Sicyonia carinata,Octopodidae,Sicyoniidae,21,15,21,12,22.2
Branchiomma moebii,Microlipophrys nigriceps,Sabellidae,Blenniidae,20,14,20,5,22.2
Crella elegans,Reteporella grimaldii,Crellidae,Phidoloporidae,11,10,11,5,22.2
Leptogorgia sarmentosa,Phorbas tenacior,Gorgoniidae,Hymedesmiidae,89,42,73,32,22.1
Derbesia tenuissima,Dictyota cyanoloma,Derbesiaceae,Dictyotaceae,20,3,18,7,22.1
Gibberula miliaria,Modiolus barbatus,Cystiscidae,Mytilidae,9,9,9,5,22.1
Bunodeopsis strumosa,Torpedo torpedo,Boloceroididae,Torpedinidae,9,5,3,6,22.1
Cistus salviifolius,Helichrysum stoechas,Cistaceae,Asteraceae,9,9,8,5,22.1
Agelas oroides,Bonellia viridis,Agelasidae,Bonelliidae,156,69,131,35,22.0
Diplodus sargus,Gobius incognitus,Sparidae,Gobiidae,115,36,81,59,22.0
Halopteris filicina,Tricleocarpa fragilis,Stypocaulaceae,Galaxauraceae,24,17,24,9,22.0
Bunodeopsis strumosa,Phallusia mammillata,Boloceroididae,Ascidiidae,15,8,11,6,22.0
Cardites antiquatus,Ebenomitra ebenus,Carditidae,Costellariidae,12,6,12,7,22.0
Cliona viridis,Gongolaria squarrosa,Clionaidae,Sargassaceae,12,6,11,7,22.0
Brachycarpus biunguiculatus,Luria lurida,Palaemonidae,Cypraeidae,11,6,11,7,22.0
Calliostoma laugieri,Striarca lactea,Calliostomatidae,Noetiidae,10,9,10,5,22.0
Facelina vicina,Veretillum cynomorium,Facelinidae,Veretillidae,9,5,7,8,22.0
Palaemon xiphias,Synodus saurus,Palaemonidae,Synodontidae,9,5,7,6,22.0
Aglaophenia acacia,Phorbas tenacior,Aglaopheniidae,Hymedesmiidae,9,7,9,8,22.0
Balanophyllia europaea,Myriapora truncata,Dendrophylliidae,Myriaporidae,166,64,120,39,21.9
Halocynthia papillosa,Symphodus mediterraneus,Pyuridae,Labridae,151,55,116,40,21.9
Chelidonichthys obscurus,Pagellus acarne,Triglidae,Sparidae,21,8,18,6,21.9
Felimare villafranca,Janolus hyalinus,Chromodorididae,Janolidae,21,4,19,7,21.9
Aplysina cavernicola,Labrus mixtus,Aplysinidae,Labridae,13,5,12,6,21.9
Polycitor crystallinus,Prostheceraeus moseleyi,Polycitoridae,Euryleptidae,10,9,9,7,21.9
Agelas oroides,Pentapora fascialis,Agelasidae,Bitectiporidae,133,61,113,35,21.8
Ellisolandia elongata,Gobius incognitus,Lithophyllaceae,Gobiidae,95,40,82,38,21.8
Codium bursa,Mesophyllum alternans,Codiaceae,Lithophyllaceae,36,24,35,8,21.8
Adeonella calveti,Hacelia attenuata,Adeonellidae,Ophidiasteridae,26,20,26,8,21.8
Paractinia striata,Pinnoctopus macropus,Hormathiidae,Octopodidae,14,4,13,6,21.8
Bosemprella incarnata,Modiolus barbatus,Tellinidae,Mytilidae,11,11,11,9,21.8
Codium bursa,Symphodus mediterraneus,Codiaceae,Labridae,142,58,112,37,21.7
Gobius incognitus,Symphodus roissali,Gobiidae,Labridae,121,52,91,57,21.7
Ellisolandia elongata,Symphodus roissali,Lithophyllaceae,Labridae,96,45,83,38,21.7
Aplysina cavernicola,Reteporella grimaldii,Aplysinidae,Phidoloporidae,42,22,35,19,21.7
Agelas oroides,Halopteris filicina,Agelasidae,Stypocaulaceae,32,21,27,9,21.7
Irus irus,Pinctada radiata,Veneridae,Pteriidae,18,7,17,8,21.7
Agelas oroides,Sertularella crassicaulis,Agelasidae,Sertulariidae,16,12,15,7,21.7
Alcyonium acaule,Thorogobius ephippiatus,Alcyoniidae,Gobiidae,14,8,13,6,21.7
Callionymus pusillus,Trachinus araneus,Callionymidae,Trachinidae,12,6,10,5,21.7
Anthias anthias,Clavelina dellavallei,Anthiadidae,Clavelinidae,12,10,12,7,21.7
Amphiroa rubra,Thalassoma pavo,Lithophyllaceae,Labridae,11,6,11,5,21.7
Penaeus kerathurus,Tritia pellucida,Penaeidae,Nassariidae,8,6,8,5,21.7
Melanargia lachesis,Pontia daplidice,Nymphalidae,Pieridae,8,7,8,6,21.7
Aiptasia couchii,Symphodus roissali,Aiptasiidae,Labridae,137,54,115,45,21.6
Perforatus perforatus,Schizoporella errata,Balanidae,Schizoporellidae,117,49,94,39,21.6
Prostheceraeus roseus,Pseudodistoma crucigaster,Euryleptidae,Pseudodistomidae,78,34,55,34,21.6
Facelinopsis marioni,Gnathophyllum elegans,Facelinidae,Gnathophyllidae,46,10,44,8,21.6
Estrilda astrild,Phylloscopus collybita,Estrildidae,Sylviidae,37,11,34,6,21.6
Lima lima,Mesophyllum expansum,Limidae,Lithophyllaceae,27,16,25,9,21.6
Dictyonella incisa,Reteporella grimaldii,Dictyonellidae,Phidoloporidae,24,19,23,10,21.6
Lima lima,Maja crispata,Limidae,Majidae,24,20,23,13,21.6
Prostheceraeus moseleyi,Tenellia ocellata,Euryleptidae,Tergipedidae,23,15,20,12,21.6
Cronius ruber,Scyllarides latus,Portunidae,Scyllaridae,10,9,9,5,21.6
Apogon imberbis,Flabellia petiolata,Apogonidae,Codiaceae,145,69,112,41,21.5
Holothuria tubulosa,Thericium vulgatum,Holothuriidae,Cerithiidae,141,50,104,58,21.5
Chromis chromis,Crambe crambe,Pomacentridae,Crambeidae,137,58,97,49,21.5
Diplodus sargus,Padina pavonica,Sparidae,Dictyotaceae,109,49,82,57,21.5
Asparagopsis taxiformis,Branchiomma luctuosum,Bonnemaisoniaceae,Sabellidae,95,9,50,52,21.5
Bugula neritina,Phallusia mammillata,Bugulidae,Ascidiidae,35,13,29,11,21.5
Pseudobiceros splendidus,Stenopus spinosus,Pseudocerotidae,Stenopodidae,28,7,25,10,21.5
Aplysina cavernicola,Thylacodes arenarius,Aplysinidae,Vermetidae,23,10,18,9,21.5
Amphiroa beauvoisii,Bugula neritina,Lithophyllaceae,Bugulidae,18,6,16,6,21.5
Eunicella singularis,Pseudochlorodesmis furcellata,Gorgoniidae,Udoteaceae,13,7,13,10,21.5
Petrosia ficiformis,Predaea ollivieri,Petrosiidae,Nemastomataceae,9,8,9,5,21.5
Adeonella calveti,Pycnoclavella nana,Adeonellidae,Pycnoclavellidae,8,6,7,5,21.5
Apogon imberbis,Protula tubularia,Apogonidae,Serpulidae,151,63,115,58,21.4
Flabellia petiolata,Padina pavonica,Codiaceae,Dictyotaceae,126,60,96,43,21.4
Eunicella gazella,Pentapora fascialis,Gorgoniidae,Bitectiporidae,108,50,98,25,21.4
Anthias anthias,Hacelia attenuata,Anthiadidae,Ophidiasteridae,103,43,89,43,21.4
Eunicella singularis,Pentapora fascialis,Gorgoniidae,Bitectiporidae,100,50,75,34,21.4
Amphiroa beauvoisii,Pinctada radiata,Lithophyllaceae,Pteriidae,23,11,21,9,21.4
Berghia coerulescens,Candiella striata,Aeolidiidae,Tritoniidae,18,18,16,9,21.4
Ocenebra edwardsii,Tritia neritea,Muricidae,Nassariidae,10,8,10,9,21.4
Balanophyllia europaea,Sphaerococcus coronopifolius,Dendrophylliidae,Sphaerococcaceae,161,50,115,43,21.3
Arbacia lixula,Padina pavonica,Arbaciidae,Dictyotaceae,139,72,106,57,21.3
Flabellia petiolata,Tricleocarpa fragilis,Codiaceae,Galaxauraceae,101,40,74,30,21.3
Amphiroa rigida,Tricleocarpa fragilis,Lithophyllaceae,Galaxauraceae,71,21,53,23,21.3
Polititapes aureus,Steromphala varia,Veneridae,Trochidae,29,20,29,11,21.3
Pagellus acarne,Sicyonia carinata,Sparidae,Sicyoniidae,21,14,19,10,21.3
Pinnoctopus macropus,Processa macrophthalma,Octopodidae,Processidae,14,11,14,5,21.3
Agelas oroides,Aglaophenia acacia,Agelasidae,Aglaopheniidae,9,7,9,7,21.3
Cistus salviifolius,Hyparrhenia hirta,Cistaceae,Poaceae,8,8,8,5,21.3
Balanophyllia europaea,Chondrosia reniformis,Dendrophylliidae,Chondrillidae,148,60,117,36,21.2
Hexaplex trunculus,Thericium vulgatum,Muricidae,Cerithiidae,134,47,93,63,21.2
Oblada melanurus,Symphodus tinca,Sparidae,Labridae,119,46,97,54,21.2
Halimeda tuna,Tricleocarpa fragilis,Halimedaceae,Galaxauraceae,107,39,80,31,21.2
Codium bursa,Leptogorgia sarmentosa,Codiaceae,Gorgoniidae,90,41,78,32,21.2
Flabellia petiolata,Lithophyllum stictiforme,Codiaceae,Lithophyllaceae,86,41,72,22,21.2
Epinephelus marginatus,Thalassoma pavo,Epinephelidae,Labridae,83,41,69,45,21.2
Astropecten platyacanthus,Pagellus acarne,Astropectinidae,Sparidae,47,16,38,13,21.2
Mesophyllum alternans,Myriapora truncata,Lithophyllaceae,Myriaporidae,38,19,36,11,21.2
Conus ventricosus,Modiolus barbatus,Conidae,Mytilidae,22,10,22,7,21.2
Paronychia argentea,Sonchus tenerrimus,Caryophyllaceae,Asteraceae,13,11,11,9,21.2
Aphia minuta,Ophisurus serpens,Gobiidae,Ophichthidae,11,8,11,6,21.2
Agelas oroides,Mesophyllum expansum,Agelasidae,Lithophyllaceae,128,62,103,29,21.1
Gobius incognitus,Symphodus tinca,Gobiidae,Labridae,114,41,84,60,21.1
Diplodus cervinus,Sciaena umbra,Sparidae,Sciaenidae,97,24,82,37,21.1
Astropecten platyacanthus,Pachycerianthus solitarius,Astropectinidae,Cerianthidae,52,21,40,15,21.1
Mesophyllum alternans,Symphodus mediterraneus,Lithophyllaceae,Labridae,36,19,33,13,21.1
Clanculus jussieui,Dictyota cyanoloma,Trochidae,Dictyotaceae,31,4,25,8,21.1
Episcomitra cornicula,Synodus saurus,Mitridae,Synodontidae,19,9,18,7,21.1
Limaria hians,Muricopsis cristata,Limidae,Muricidae,19,14,19,5,21.1
Amphiroa rubra,Halimeda tuna,Lithophyllaceae,Halimedaceae,14,7,13,7,21.1
Halcampoides purpureus,Torpedo torpedo,Halcampoididae,Torpedinidae,12,7,11,6,21.1
Asparagus acutifolius,Pallenis spinosa,Asparagaceae,Asteraceae,11,11,11,7,21.1
Crella elegans,Diaphorodoris alba,Crellidae,Calycidorididae,9,9,9,5,21.1
Balanophyllia europaea,Serpula vermicularis,Dendrophylliidae,Serpulidae,183,59,141,44,21.0
Lithophyllum stictiforme,Tricleocarpa fragilis,Lithophyllaceae,Galaxauraceae,60,26,50,17,21.0
Corynactis viridis,Facelina rubrovittata,Corallimorphidae,Facelinidae,22,8,22,7,21.0
Penaeus kerathurus,Torpedo torpedo,Penaeidae,Torpedinidae,21,12,18,11,21.0
Pachycerianthus solitarius,Philinopsis depicta,Cerianthidae,Aglajidae,18,12,11,13,21.0
Episcomitra cornicula,Inachus phalangium,Mitridae,Inachidae,17,5,16,5,21.0
Myriapora truncata,Sertularella crassicaulis,Myriaporidae,Sertulariidae,17,14,15,8,21.0
Haliclona mucosa,Polysyncraton lacazei,Chalinidae,Didemnidae,16,13,15,5,21.0
Aglaophenia harpago,Pentapora fascialis,Aglaopheniidae,Bitectiporidae,15,13,15,9,21.0
Naticarius hebraeus,Trachinus araneus,Naticidae,Trachinidae,13,9,6,10,21.0
Berthella ocellata,Pagurus cuanensis,Pleurobranchidae,Paguridae,9,6,8,5,21.0
Gobius cruentatus,Symphodus mediterraneus,Gobiidae,Labridae,153,49,114,41,20.9
Gobius paganellus,Parablennius zvonimiri,Gobiidae,Blenniidae,149,43,106,32,20.9
Crambe crambe,Leptogorgia sarmentosa,Crambeidae,Gorgoniidae,99,48,78,34,20.9
Calmella cavolini,Facelina rubrovittata,Flabellinidae,Facelinidae,75,33,72,18,20.9
Branchiomma luctuosum,Lissoclinum weigelei,Sabellidae,Didemnidae,57,9,51,15,20.9
Lipophrys trigloides,Zebrus zebrus,Blenniidae,Gobiidae,45,13,40,11,20.9
Aeolidiella alderi,Felimare villafranca,Aeolidiidae,Chromodorididae,37,9,31,9,20.9
Amphiroa rigida,Sycon raphanus,Lithophyllaceae,Sycettidae,31,10,31,8,20.9
Dictyonella incisa,Hacelia attenuata,Dictyonellidae,Ophidiasteridae,26,15,25,5,20.9
Myxicola infundibulum,Phoronis hippocrepia,Sabellidae,Phoronidae,20,7,19,6,20.9
Felimare villafranca,Hermaea variopicta,Chromodorididae,Stiligeridae,20,10,17,6,20.9
Estrilda astrild,Myiopsitta monachus,Estrildidae,Psittacidae,13,10,11,8,20.9
Cronius ruber,Muraena augusti,Portunidae,Muraenidae,8,8,8,7,20.9
Crambe crambe,Halimeda tuna,Crambeidae,Halimedaceae,161,67,130,46,20.8
Bonellia viridis,Codium bursa,Bonelliidae,Codiaceae,150,61,125,37,20.8
Asparagus acutifolius,Foeniculum vulgare,Asparagaceae,Apiaceae,42,41,41,20,20.8
Polititapes aureus,Striarca lactea,Veneridae,Noetiidae,33,23,32,9,20.8
Ascidia mentula,Striarca lactea,Ascidiidae,Noetiidae,29,17,26,5,20.8
Eriphia verrucosa,Watersipora cucullata,Eriphiidae,Watersiporidae,19,6,16,7,20.8
Caloria quatrefagesi,Polycitor crystallinus,Facelinidae,Polycitoridae,12,7,10,9,20.8
Asphodelus fistulosus,Psilothrix viridicoerulea,Xanthorrhoeaceae,Dasytidae,10,7,8,5,20.8
Balanophyllia europaea,Halocynthia papillosa,Dendrophylliidae,Pyuridae,153,55,115,41,20.7
Apogon imberbis,Symphodus mediterraneus,Apogonidae,Labridae,140,56,101,48,20.7
Parablennius gattorugine,Symphodus roissali,Blenniidae,Labridae,140,62,105,47,20.7
Chondrosia reniformis,Symphodus mediterraneus,Chondrillidae,Labridae,135,54,111,35,20.7
Gobius paganellus,Parablennius sanguinolentus,Gobiidae,Blenniidae,125,42,84,30,20.7
Chondrosia reniformis,Padina pavonica,Chondrillidae,Dictyotaceae,118,52,98,39,20.7
Agelas oroides,Eunicella gazella,Agelasidae,Gorgoniidae,105,49,91,26,20.7
Marionia blainvillea,Trinchesia morrowae,Tritoniidae,Trinchesiidae,43,14,43,10,20.7
Neverita josephinia,Tritia neritea,Naticidae,Nassariidae,32,22,30,21,20.7
Halimeda tuna,Lima lima,Halimedaceae,Limidae,29,19,28,9,20.7
Dendrodoris limbata,Polycera hedgpethi,Dendrodorididae,Polyceridae,12,5,11,7,20.7
Distaplia bermudensis,Yungia aurantiaca,Holozoidae,Pseudocerotidae,10,3,7,7,20.7
Asparagus acutifolius,Helichrysum stoechas,Asparagaceae,Asteraceae,8,8,7,6,20.7
Halocynthia papillosa,Holothuria tubulosa,Pyuridae,Holothuriidae,150,60,130,43,20.6
Eunicella gazella,Halocynthia papillosa,Gorgoniidae,Pyuridae,112,47,95,29,20.6
Chondrosia reniformis,Leptogorgia sarmentosa,Chondrillidae,Gorgoniidae,87,33,74,31,20.6
Pseudochlorodesmis furcellata,Tricleocarpa fragilis,Udoteaceae,Galaxauraceae,12,9,12,8,20.6
Helichrysum stoechas,Pistacia lentiscus,Asteraceae,Anacardiaceae,11,9,7,6,20.6
Pentapora fascialis,Petrosia ficiformis,Bitectiporidae,Petrosiidae,137,57,109,28,20.5
Cliona viridis,Mesophyllum expansum,Clionaidae,Lithophyllaceae,135,68,112,26,20.5
Chondrosia reniformis,Mesophyllum expansum,Chondrillidae,Lithophyllaceae,126,52,102,29,20.5
Eunicella gazella,Parablennius rouxi,Gorgoniidae,Blenniidae,117,39,89,33,20.5
Branchiomma luctuosum,Gobius incognitus,Sabellidae,Gobiidae,112,13,63,66,20.5
Prostheceraeus roseus,Pycnoclavella communis,Euryleptidae,Pycnoclavellidae,107,45,86,31,20.5
Mullus surmuletus,Oblada melanurus,Mullidae,Sparidae,107,49,84,50,20.5
Sphaerococcus coronopifolius,Tricleocarpa fragilis,Sphaerococcaceae,Galaxauraceae,102,38,77,30,20.5
Apogon imberbis,Leptogorgia sarmentosa,Apogonidae,Gorgoniidae,90,39,74,38,20.5
Eudendrium racemosum,Eunicella gazella,Eudendriidae,Gorgoniidae,37,20,34,10,20.5
Actinia mediterranea,Gastroclonium clavatum,Actiniidae,Champiaceae,17,15,17,8,20.5
Ariosoma balearicum,Episcomitra cornicula,Congridae,Mitridae,16,5,15,6,20.5
Gongolaria squarrosa,Phorbas tenacior,Sargassaceae,Hymedesmiidae,10,7,10,5,20.5
Codium bursa,Holothuria tubulosa,Codiaceae,Holothuriidae,141,59,119,33,20.4
Halimeda tuna,Serranus scriba,Halimedaceae,Serranidae,126,53,100,35,20.4
Stramonita haemastoma,Thalassoma pavo,Muricidae,Labridae,104,51,84,41,20.4
Amphiroa rigida,Sphaerococcus coronopifolius,Lithophyllaceae,Sphaerococcaceae,101,31,85,29,20.4
Cliona viridis,Tricleocarpa fragilis,Clionaidae,Galaxauraceae,100,39,77,24,20.4
Lithophyllum stictiforme,Symphodus mediterraneus,Lithophyllaceae,Labridae,83,36,74,17,20.4
Branchiomma luctuosum,Gibbula turbinoides,Sabellidae,Trochidae,24,3,21,6,20.4
Gastroclonium clavatum,Lipophrys trigloides,Champiaceae,Blenniidae,13,11,12,6,20.4
Apterichtus caecus,Astropecten platyacanthus,Ophichthidae,Astropectinidae,10,4,9,5,20.4
Calliostoma laugieri,Steromphala varia,Calliostomatidae,Trochidae,8,8,8,5,20.4
Corydendrium parasiticum,Pennaria disticha,Oceaniidae,Pennariidae,8,8,8,6,20.4
Halimeda tuna,Protula tubularia,Halimedaceae,Serpulidae,152,63,115,49,20.3
Balanophyllia europaea,Symphodus mediterraneus,Dendrophylliidae,Labridae,147,48,108,36,20.3
Flabellia petiolata,Protula tubularia,Codiaceae,Serpulidae,143,68,112,43,20.3
Echinaster sepositus,Palinurus elephas,Echinasteridae,Palinuridae,114,46,95,30,20.3
Oblada melanurus,Thalassoma pavo,Sparidae,Labridae,104,50,79,44,20.3
Callionymus pusillus,Pomatoschistus bathi,Callionymidae,Gobiidae,51,23,46,12,20.3
Amphiroa beauvoisii,Eriphia verrucosa,Lithophyllaceae,Eriphiidae,43,16,36,18,20.3
Pagellus erythrinus,Sicyonia carinata,Sparidae,Sicyoniidae,26,18,26,11,20.3
Cliona viridis,Tridentata perpusilla,Clionaidae,Sertulariidae,21,16,19,10,20.3
Asparagus acutifolius,Ulex parviflorus,Asparagaceae,Fabaceae,14,11,14,9,20.3
Adeonella calveti,Thylacodes arenarius,Adeonellidae,Vermetidae,12,6,10,6,20.3
Polititapes aureus,Tritia corrugata,Veneridae,Nassariidae,11,9,11,6,20.3
Myriapora truncata,Petrosia ficiformis,Myriaporidae,Petrosiidae,149,65,126,37,20.2
Crambe crambe,Thericium vulgatum,Crambeidae,Cerithiidae,135,64,110,45,20.2
Chromis chromis,Halocynthia papillosa,Pomacentridae,Pyuridae,122,48,90,51,20.2
Diplodus sargus,Parablennius pilicornis,Sparidae,Blenniidae,122,49,87,68,20.2
Codium bursa,Thericium vulgatum,Codiaceae,Cerithiidae,121,51,96,41,20.2
Mullus surmuletus,Stramonita haemastoma,Mullidae,Muricidae,105,44,89,43,20.2
Lithophyllum stictiforme,Sphaerococcus coronopifolius,Lithophyllaceae,Sphaerococcaceae,86,40,70,23,20.2
Ophisurus serpens,Tritia mutabilis,Ophichthidae,Nassariidae,80,30,62,13,20.2
Muricopsis cristata,Striarca lactea,Muricidae,Noetiidae,27,24,25,7,20.2
Diplodus vulgaris,Jania virgata,Sparidae,Lithophyllaceae,21,14,19,10,20.2
Pseudobiceros splendidus,Telmatactis forskalii,Pseudocerotidae,Isophelliidae,20,3,16,6,20.2
Derbesia tenuissima,Striarca lactea,Derbesiaceae,Noetiidae,19,7,18,5,20.2
Cardites antiquatus,Loripes orbiculatus,Carditidae,Lucinidae,17,15,17,12,20.2
Ascidia mentula,Berthellina edwardsii,Ascidiidae,Pleurobranchidae,15,14,14,5,20.2
Amphiroa rubra,Cliona viridis,Lithophyllaceae,Clionaidae,13,10,12,6,20.2
Aglaophenia tubiformis,Yungia aurantiaca,Aglaopheniidae,Pseudocerotidae,11,8,10,6,20.2
Amphiroa rubra,Padina pavonica,Lithophyllaceae,Dictyotaceae,11,6,10,6,20.2
Aglaophenia acacia,Symphodus mediterraneus,Aglaopheniidae,Labridae,9,8,9,5,20.2
Hexaplex trunculus,Holothuria tubulosa,Muricidae,Holothuriidae,146,41,103,53,20.1
Flabellia petiolata,Sarcotragus fasciculatus,Codiaceae,Irciniidae,135,52,108,33,20.1
Eunicella singularis,Flabellia petiolata,Gorgoniidae,Codiaceae,99,39,73,30,20.1
Agelas oroides,Tricleocarpa fragilis,Agelasidae,Galaxauraceae,91,32,74,25,20.1
Leptogorgia sarmentosa,Serranus scriba,Gorgoniidae,Serranidae,76,34,63,29,20.1
Astropecten platyacanthus,Myxicola infundibulum,Astropectinidae,Sabellidae,25,10,23,8,20.1
Pachycerianthus solitarius,Sicyonia carinata,Cerianthidae,Sicyoniidae,22,15,20,11,20.1
Parazoanthus brevitentacularis,Pycnoclavella nana,Parazoanthidae,Pycnoclavellidae,15,10,13,9,20.1
Adeonella calveti,Goniodoridella picoensis,Adeonellidae,Goniodorididae,13,8,12,5,20.1
Chromis limbata,Pomadasys incisus,Pomacentridae,Haemulidae,13,8,10,8,20.1
Cliona viridis,Halimeda tuna,Clionaidae,Halimedaceae,147,66,118,37,20.0
Gobius paganellus,Parablennius gattorugine,Gobiidae,Blenniidae,145,50,104,38,20.0
Gobius incognitus,Parablennius pilicornis,Gobiidae,Blenniidae,127,38,91,74,20.0
Chromis chromis,Protula tubularia,Pomacentridae,Serpulidae,123,55,86,54,20.0
Petrosia ficiformis,Tricleocarpa fragilis,Petrosiidae,Galaxauraceae,99,35,82,22,20.0
Eunicella gazella,Lithophyllum stictiforme,Gorgoniidae,Lithophyllaceae,64,23,59,16,20.0
Hacelia attenuata,Parazoanthus brevitentacularis,Ophidiasteridae,Parazoanthidae,48,30,45,28,20.0
Conus ventricosus,Striarca lactea,Conidae,Noetiidae,46,20,43,12,20.0
Muricopsis cristata,Stenopus spinosus,Muricidae,Stenopodidae,34,12,31,7,20.0
Percnon gibbesi,Sparisoma cretense,Percnidae,Labridae,31,26,30,22,20.0
Asparagus acutifolius,Centaurea aspera,Asparagaceae,Asteraceae,21,20,20,11,20.0
Callista chione,Moerella pulchella,Veneridae,Tellinidae,20,20,20,16,20.0
Chamelea gallina,Echinocyamus pusillus,Veneridae,Echinocyamidae,15,9,14,6,20.0
Mesophyllum expansum,Valonia macrophysa,Lithophyllaceae,Valoniaceae,9,9,9,5,20.0
Flabellia petiolata,Symphodus mediterraneus,Codiaceae,Labridae,134,57,106,37,19.9
Cliona viridis,Pentapora fascialis,Clionaidae,Bitectiporidae,131,70,106,31,19.9
Chondrosia reniformis,Thericium vulgatum,Chondrillidae,Cerithiidae,119,47,98,42,19.9
Flabellia petiolata,Serranus scriba,Codiaceae,Serranidae,116,55,95,37,19.9
Holothuria tubulosa,Leptogorgia sarmentosa,Holothuriidae,Gorgoniidae,92,37,84,29,19.9
Leptogorgia sarmentosa,Protula tubularia,Gorgoniidae,Serpulidae,91,49,75,45,19.9
Labrus mixtus,Phycis phycis,Labridae,Phycidae,32,9,29,10,19.9
Buglossidium luteum,Neverita josephinia,Soleidae,Naticidae,26,10,19,10,19.9
Pinnoctopus macropus,Synapturichthys kleinii,Octopodidae,Soleidae,17,7,16,8,19.9
Crella pulvinar,Polysyncraton lacazei,Crellidae,Didemnidae,10,8,10,5,19.9
Ocenebra edwardsii,Polititapes aureus,Muricidae,Veneridae,9,9,9,6,19.9
Polycitor crystallinus,Simnia spelta,Polycitoridae,Ovulidae,8,6,8,7,19.9
Aiptasia couchii,Parablennius gattorugine,Aiptasiidae,Blenniidae,150,49,117,50,19.8
Apogon imberbis,Diplodus puntazzo,Apogonidae,Sparidae,146,67,116,56,19.8
Cliona viridis,Codium bursa,Clionaidae,Codiaceae,133,62,108,30,19.8
Gobius paganellus,Lipophrys trigloides,Gobiidae,Blenniidae,123,42,88,33,19.8
Arbacia lixula,Ellisolandia elongata,Arbaciidae,Lithophyllaceae,106,63,95,43,19.8
Epinephelus marginatus,Halocynthia papillosa,Epinephelidae,Pyuridae,98,35,79,41,19.8
Chondrosia reniformis,Tricleocarpa fragilis,Chondrillidae,Galaxauraceae,91,33,68,29,19.8
Pinnoctopus macropus,Stenopus spinosus,Octopodidae,Stenopodidae,68,30,65,31,19.8
Limaria hians,Phoronis hippocrepia,Limidae,Phoronidae,20,7,20,6,19.8
Philinopsis depicta,Tritia mutabilis,Aglajidae,Nassariidae,16,8,12,9,19.8
Dactylopterus volitans,Sicyonia carinata,Dactylopteridae,Sicyoniidae,14,8,14,10,19.8
Aglaophenia acacia,Halocynthia papillosa,Aglaopheniidae,Pyuridae,9,9,8,6,19.8
Gobius incognitus,Hexaplex trunculus,Gobiidae,Muricidae,122,32,85,66,19.7
Mullus surmuletus,Thericium vulgatum,Mullidae,Cerithiidae,101,35,81,45,19.7
Asparagopsis taxiformis,Hexaplex trunculus,Bonnemaisoniaceae,Muricidae,99,16,57,52,19.7
Eunicella gazella,Halopteris filicina,Gorgoniidae,Stypocaulaceae,24,13,23,10,19.7
Pinnoctopus macropus,Pseudobiceros splendidus,Octopodidae,Pseudocerotidae,22,3,18,7,19.7
Gnathophyllum elegans,Petalifera petalifera,Gnathophyllidae,Aplysiidae,22,11,18,9,19.7
Bituminaria bituminosa,Dittrichia viscosa,Fabaceae,Asteraceae,20,16,17,12,19.7
Chelidonichthys obscurus,Pinnoctopus macropus,Triglidae,Octopodidae,18,7,17,7,19.7
Aeolidiella alderi,Phoronis hippocrepia,Aeolidiidae,Phoronidae,15,5,14,6,19.7
Dictyota cyanoloma,Gibbula turbinoides,Dictyotaceae,Trochidae,15,3,11,5,19.7
Oscarella viridis,Petrosia ficiformis,Oscarellidae,Petrosiidae,10,6,9,6,19.7
Cestopagurus timidus,Luria lurida,Paguridae,Cypraeidae,10,5,9,5,19.7
Arbacia lixula,Halocynthia papillosa,Arbaciidae,Pyuridae,150,66,121,45,19.6
Agelas oroides,Petrosia ficiformis,Agelasidae,Petrosiidae,131,59,112,31,19.6
Mesophyllum expansum,Myriapora truncata,Lithophyllaceae,Myriaporidae,131,61,102,26,19.6
Ellisolandia elongata,Thericium vulgatum,Lithophyllaceae,Cerithiidae,87,45,75,32,19.6
Ellisolandia elongata,Serranus scriba,Lithophyllaceae,Serranidae,82,46,71,24,19.6
Anthias anthias,Aplysina cavernicola,Anthiadidae,Aplysinidae,36,21,33,16,19.6
Lima lima,Petrosia ficiformis,Limidae,Petrosiidae,27,19,25,13,19.6
Calystegia soldanella,Paronychia argentea,Convolvulaceae,Caryophyllaceae,13,11,11,11,19.6
Electra posidoniae,Jania virgata,Electridae,Lithophyllaceae,13,12,12,5,19.6
Bugula neritina,Haminoea exigua,Bugulidae,Haminoeidae,8,4,7,5,19.6
Chaetaster longipes,Hacelia attenuata,Chaetasteridae,Ophidiasteridae,8,7,8,6,19.6
Bonellia viridis,Myriapora truncata,Bonelliidae,Myriaporidae,152,67,123,38,19.5
Crambe crambe,Myriapora truncata,Crambeidae,Myriaporidae,149,66,115,49,19.5
Chondrosia reniformis,Holothuria tubulosa,Chondrillidae,Holothuriidae,134,59,115,37,19.5
Perforatus perforatus,Stramonita haemastoma,Balanidae,Muricidae,124,61,101,40,19.5
Halimeda tuna,Padina pavonica,Halimedaceae,Dictyotaceae,122,61,97,35,19.5
Ircinia oros,Lithophyllum stictiforme,Irciniidae,Lithophyllaceae,88,47,81,21,19.5
Leptogorgia sarmentosa,Pentapora fascialis,Gorgoniidae,Bitectiporidae,81,40,66,30,19.5
Eudendrium racemosum,Phorbas tenacior,Eudendriidae,Hymedesmiidae,41,25,39,10,19.5
Polysyncraton lacazei,Telmatactis forskalii,Didemnidae,Isophelliidae,35,10,34,9,19.5
Gnathophyllum elegans,Polysyncraton lacazei,Gnathophyllidae,Didemnidae,34,6,33,7,19.5
Dendrodoris limbata,Phoronis hippocrepia,Dendrodorididae,Phoronidae,27,7,26,10,19.5
Pseudobiceros splendidus,Trinchesia morrowae,Pseudocerotidae,Trinchesiidae,26,7,23,5,19.5
Buglossidium luteum,Tritia neritea,Soleidae,Nassariidae,18,7,17,6,19.5
Bolma rugosa,Echinocyamus pusillus,Turbinidae,Echinocyamidae,17,14,17,8,19.5
Flabellia petiolata,Ircinia oros,Codiaceae,Irciniidae,145,57,112,38,19.4
Halimeda tuna,Symphodus mediterraneus,Halimedaceae,Labridae,139,52,102,34,19.4
Chondrosia reniformis,Sphaerococcus coronopifolius,Chondrillidae,Sphaerococcaceae,132,54,110,34,19.4
Amphiroa rigida,Flabellia petiolata,Lithophyllaceae,Codiaceae,92,29,74,29,19.4
Luria lurida,Stenopus spinosus,Cypraeidae,Stenopodidae,65,24,56,31,19.4
Ariosoma balearicum,Penaeus kerathurus,Congridae,Penaeidae,41,25,38,20,19.4
Gnathophyllum elegans,Periclimenes amethysteus,Gnathophyllidae,Palaemonidae,31,7,27,9,19.4
Aiptasia couchii,Derbesia tenuissima,Aiptasiidae,Derbesiaceae,31,9,28,19,19.4
Halopteris filicina,Symphodus mediterraneus,Stypocaulaceae,Labridae,30,20,29,12,19.4
Chondrosia reniformis,Halopteris filicina,Chondrillidae,Stypocaulaceae,29,22,27,12,19.4
Acetabularia acetabulum,Ericaria mediterranea,Polyphysaceae,Sargassaceae,28,18,26,16,19.4
Bonellia viridis,Nerocila bivittata,Bonelliidae,Cymothoidae,26,15,24,11,19.4
Astrospartus mediterraneus,Labrus mixtus,Gorgonocephalidae,Labridae,19,7,18,6,19.4
Aiptasia mutabilis,Chondrosia reniformis,Aiptasiidae,Chondrillidae,145,55,113,47,19.3
Halimeda tuna,Lithophyllum stictiforme,Halimedaceae,Lithophyllaceae,83,38,71,25,19.3
Epinephelus marginatus,Eunicella singularis,Epinephelidae,Gorgoniidae,68,19,41,34,19.3
Goniodoridella picoensis,Trinchesia morrowae,Goniodorididae,Trinchesiidae,51,32,48,17,19.3
Hemimycale mediterranea,Pennaria disticha,Hymedesmiidae,Pennariidae,25,12,25,11,19.3
Clanculus jussieui,Gari depressa,Trochidae,Psammobiidae,19,12,19,7,19.3
Goniodoridella picoensis,Haliclona mucosa,Goniodorididae,Chalinidae,16,11,16,5,19.3
Periclimenes amethysteus,Petalifera petalifera,Palaemonidae,Aplysiidae,16,4,9,9,19.3
Gibberula miliaria,Steromphala varia,Cystiscidae,Trochidae,15,12,14,8,19.3
Echinocyamus pusillus,Steromphala varia,Echinocyamidae,Trochidae,13,10,12,8,19.3
Berghia coerulescens,Placida dendritica,Aeolidiidae,Stiligeridae,12,9,11,6,19.3
Crambe crambe,Taonia pseudociliata,Crambeidae,Dictyotaceae,11,10,11,7,19.3
Bituminaria bituminosa,Pallenis spinosa,Fabaceae,Asteraceae,9,9,9,5,19.3
Chromis chromis,Thericium vulgatum,Pomacentridae,Cerithiidae,104,45,76,49,19.2
Ophisurus serpens,Pagellus acarne,Ophichthidae,Sparidae,73,29,63,16,19.2
Goniodoridella picoensis,Rudmania krohni,Goniodorididae,Chromodorididae,53,33,45,22,19.2
Dittrichia viscosa,Pistacia lentiscus,Asteraceae,Anacardiaceae,30,22,29,15,19.2
Mesophyllum alternans,Thericium vulgatum,Lithophyllaceae,Cerithiidae,30,19,29,13,19.2
Arbacia lixula,Thericium vulgatum,Arbaciidae,Cerithiidae,131,52,101,60,19.1
Diplodus puntazzo,Symphodus roissali,Sparidae,Labridae,129,55,99,48,19.1
Serranus scriba,Thericium vulgatum,Serranidae,Cerithiidae,102,41,79,42,19.1
Pagellus acarne,Penaeus kerathurus,Sparidae,Penaeidae,36,20,29,11,19.1
Acinetospora crinita,Lithophyllum stictiforme,Acinetosporaceae,Lithophyllaceae,31,24,30,10,19.1
Lima lima,Pentapora fascialis,Limidae,Bitectiporidae,24,21,23,9,19.1
Candiella striata,Goniodoridella picoensis,Tritoniidae,Goniodorididae,21,18,15,9,19.1
Prostheceraeus roseus,Tridentata perpusilla,Euryleptidae,Sertulariidae,16,14,16,11,19.1
Lepidopleurus cajetanus,Steromphala varia,Leptochitonidae,Trochidae,14,11,14,8,19.1
Diaphorodoris alba,Limacia inesae,Calycidorididae,Polyceridae,13,11,11,6,19.1
Callionymus pusillus,Mesochaetopterus rogeri,Callionymidae,Chaetopteridae,11,10,11,5,19.1
Petrosia ficiformis,Phorbas tenacior,Petrosiidae,Hymedesmiidae,123,58,105,32,19.0
Oblada melanurus,Padina pavonica,Sparidae,Dictyotaceae,105,48,80,50,19.0
Prostheceraeus roseus,Sabella spallanzanii,Euryleptidae,Sabellidae,98,59,66,49,19.0
Ophisurus serpens,Pachycerianthus solitarius,Ophichthidae,Cerianthidae,80,22,65,21,19.0
Codium bursa,Lithophyllum stictiforme,Codiaceae,Lithophyllaceae,75,40,65,20,19.0
Muraena augusti,Pomadasys incisus,Muraenidae,Haemulidae,23,16,22,13,19.0
Chelidonichthys obscurus,Tritia mutabilis,Triglidae,Nassariidae,19,13,14,9,19.0
Processa macrophthalma,Synodus saurus,Processidae,Synodontidae,17,12,17,9,19.0
Halopteris liechtensternii,Ircinia oros,Halopterididae,Irciniidae,8,7,6,7,19.0
Bonellia viridis,Flabellia petiolata,Bonelliidae,Codiaceae,140,66,110,35,18.9
Cliona viridis,Myriapora truncata,Clionaidae,Myriaporidae,138,63,108,32,18.9
Arbacia lixula,Codium bursa,Arbaciidae,Codiaceae,137,60,117,45,18.9
Protula tubularia,Thericium vulgatum,Serpulidae,Cerithiidae,122,55,99,48,18.9
Halocynthia papillosa,Thericium vulgatum,Pyuridae,Cerithiidae,120,51,94,40,18.9
Codium bursa,Mesophyllum expansum,Codiaceae,Lithophyllaceae,117,52,93,33,18.9
Symphodus tinca,Thericium vulgatum,Labridae,Cerithiidae,104,42,85,48,18.9
Dendrodoris limbata,Felimare villafranca,Dendrodorididae,Chromodorididae,61,7,48,17,18.9
Amphiroa beauvoisii,Oculina patagonica,Lithophyllaceae,Oculinidae,36,13,29,18,18.9
Pagurus cuanensis,Stenopus spinosus,Paguridae,Stenopodidae,35,18,33,14,18.9
Cribrinopsis crassa,Dictyonella incisa,Actiniidae,Dictyonellidae,25,16,24,9,18.9
Aeolidiella alderi,Phallusia mammillata,Aeolidiidae,Ascidiidae,24,9,20,9,18.9
Berthellina edwardsii,Telmatactis forskalii,Pleurobranchidae,Isophelliidae,24,14,21,6,18.9
Janolus hyalinus,Phallusia mammillata,Janolidae,Ascidiidae,13,6,10,8,18.9
Clanculus jussieui,Haminoea orteai,Trochidae,Haminoeidae,10,3,7,7,18.9
Bonellia viridis,Halocynthia papillosa,Bonelliidae,Pyuridae,143,52,123,35,18.8
Cliona viridis,Sarcotragus fasciculatus,Clionaidae,Irciniidae,130,58,101,33,18.8
Phorbas tenacior,Sphaerococcus coronopifolius,Hymedesmiidae,Sphaerococcaceae,122,55,89,31,18.8
Agelas oroides,Apogon imberbis,Agelasidae,Apogonidae,121,57,99,35,18.8
Arbacia lixula,Thalassoma pavo,Arbaciidae,Labridae,114,72,96,58,18.8
Eunicella gazella,Symphodus mediterraneus,Gorgoniidae,Labridae,100,36,88,26,18.8
Pagellus erythrinus,Penaeus kerathurus,Sparidae,Penaeidae,46,27,43,15,18.8
Mesophyllum alternans,Padina pavonica,Lithophyllaceae,Dictyotaceae,28,20,28,9,18.8
Chrysymenia ventricosa,Reteporella grimaldii,Rhodymeniaceae,Phidoloporidae,27,13,23,16,18.8
Modiolus barbatus,Steromphala varia,Mytilidae,Trochidae,18,15,18,10,18.8
Synapturichthys kleinii,Torpedo marmorata,Soleidae,Torpedinidae,17,6,16,5,18.8
Juncus acutus,Pancratium maritimum,Juncaceae,Amaryllidaceae,16,13,15,10,18.8
Episcomitra cornicula,Yungia aurantiaca,Mitridae,Pseudocerotidae,12,5,12,5,18.8
Facelina rubrovittata,Limacia inesae,Facelinidae,Polyceridae,10,6,10,5,18.8
Goniodoridella picoensis,Limacia inesae,Goniodorididae,Polyceridae,9,8,6,6,18.8
Diplodus puntazzo,Halimeda tuna,Sparidae,Halimedaceae,146,59,125,42,18.7
Apogon imberbis,Gobius cruentatus,Apogonidae,Gobiidae,137,51,100,53,18.7
Arbacia lixula,Chondrosia reniformis,Arbaciidae,Chondrillidae,135,64,115,41,18.7
Aidablennius sphynx,Gobius cobitis,Blenniidae,Gobiidae,118,32,85,40,18.7
Myriapora truncata,Serranus scriba,Myriaporidae,Serranidae,114,47,92,42,18.7
Ellisolandia elongata,Halimeda tuna,Lithophyllaceae,Halimedaceae,96,47,80,29,18.7
Amphiroa rigida,Hamigera hamigera,Lithophyllaceae,Hymedesmiidae,37,21,35,13,18.7
Alcyonium acaule,Astrospartus mediterraneus,Alcyoniidae,Gorgonocephalidae,30,10,28,10,18.7
Halcampoides purpureus,Pagellus erythrinus,Halcampoididae,Sparidae,26,14,24,7,18.7
Clinitrachus argentatus,Lipophrys trigloides,Clinidae,Blenniidae,19,13,17,6,18.7
Codium bursa,Pseudochlorodesmis furcellata,Codiaceae,Udoteaceae,15,9,15,10,18.7
Pagurus cuanensis,Placida dendritica,Paguridae,Stiligeridae,11,8,10,6,18.7
Branchiomma luctuosum,Cutleria adspersa,Sabellidae,Cutleriaceae,11,5,10,7,18.7
Phoronis hippocrepia,Syngnathus tenuirostris,Phoronidae,Syngnathidae,9,4,9,8,18.7
Aglaophenia acacia,Gobius cruentatus,Aglaopheniidae,Gobiidae,9,6,7,5,18.7
Flabellia petiolata,Posidonia oceanica,Codiaceae,Posidoniaceae,261,102,183,60,18.6
Arbacia lixula,Crambe crambe,Arbaciidae,Crambeidae,150,81,121,55,18.6
Myriapora truncata,Sphaerococcus coronopifolius,Myriaporidae,Sphaerococcaceae,138,61,102,39,18.6
Chondrosia reniformis,Ircinia oros,Chondrillidae,Irciniidae,134,61,113,39,18.6
Cliona viridis,Symphodus mediterraneus,Clionaidae,Labridae,129,53,106,29,18.6
Parablennius sanguinolentus,Symphodus roissali,Blenniidae,Labridae,105,38,71,36,18.6
Diplodus sargus,Serranus scriba,Sparidae,Serranidae,93,39,74,40,18.6
Amphiroa beauvoisii,Striarca lactea,Lithophyllaceae,Noetiidae,24,5,22,5,18.6
Asparagus acutifolius,Dittrichia viscosa,Asparagaceae,Asteraceae,21,18,19,11,18.6
Limaria hians,Talochlamys multistriata,Limidae,Pectinidae,11,11,11,6,18.6
Dalophis imberbis,Neverita josephinia,Ophichthidae,Naticidae,10,7,9,5,18.6
Cribrinopsis crassa,Halisarca harmelini,Actiniidae,Halisarcidae,10,9,9,5,18.6
Dasyatis pastinaca,Trachinus araneus,Dasyatidae,Trachinidae,8,5,6,5,18.6
Apogon imberbis,Crambe crambe,Apogonidae,Crambeidae,135,63,107,60,18.5
Crambe crambe,Phorbas tenacior,Crambeidae,Hymedesmiidae,124,72,104,47,18.5
Parablennius pilicornis,Stramonita haemastoma,Blenniidae,Muricidae,121,50,88,65,18.5
Codium bursa,Sarcotragus fasciculatus,Codiaceae,Irciniidae,121,49,96,37,18.5
Ellisolandia elongata,Mullus surmuletus,Lithophyllaceae,Mullidae,74,35,62,29,18.5
Ircinia oros,Mesophyllum alternans,Irciniidae,Lithophyllaceae,35,23,31,14,18.5
Modiolus barbatus,Peronaea planata,Mytilidae,Tellinidae,18,14,18,11,18.5
Clinitrachus argentatus,Microlipophrys nigriceps,Clinidae,Blenniidae,13,7,10,5,18.5
Hippopodius hippopus,Pelagia noctiluca,Hippopodiidae,Pelagiidae,9,5,9,5,18.5
Gongolaria squarrosa,Sabella spallanzanii,Sargassaceae,Sabellidae,9,7,9,5,18.5
Phorbas tenacior,Taonia pseudociliata,Hymedesmiidae,Dictyotaceae,9,8,7,6,18.5
Myriapora truncata,Protula tubularia,Myriaporidae,Serpulidae,136,58,102,46,18.4
Cliona viridis,Halocynthia papillosa,Clionaidae,Pyuridae,131,59,110,29,18.4
Diplodus puntazzo,Serranus scriba,Sparidae,Serranidae,117,62,87,50,18.4
Oblada melanurus,Stramonita haemastoma,Sparidae,Muricidae,108,45,86,38,18.4
Chromis chromis,Codium bursa,Pomacentridae,Codiaceae,105,49,79,48,18.4
Ellisolandia elongata,Flabellia petiolata,Lithophyllaceae,Codiaceae,89,41,70,25,18.4
Diaphorodoris papillata,Prostheceraeus moseleyi,Calycidorididae,Euryleptidae,72,46,62,31,18.4
Bothus podas,Echinocardium cordatum,Bothidae,Loveniidae,43,21,36,15,18.4
Ophisurus serpens,Torpedo torpedo,Ophichthidae,Torpedinidae,37,18,28,15,18.4
Dendrodoris limbata,Facelina vicina,Dendrodorididae,Facelinidae,18,7,14,9,18.4
Phorbas tenacior,Pseudochlorodesmis furcellata,Hymedesmiidae,Udoteaceae,14,11,14,8,18.4
Hemimycale columella,Sertularella crassicaulis,Hymedesmiidae,Sertulariidae,13,12,12,5,18.4
Discocelis tigrina,Steromphala varia,Discocelidae,Trochidae,12,6,12,5,18.4
Calliostoma zizyphinum,Striarca lactea,Calliostomatidae,Noetiidae,10,9,10,6,18.4
Aglaophenia acacia,Bonellia viridis,Aglaopheniidae,Bonelliidae,9,7,8,5,18.4
Calystegia soldanella,Psilothrix viridicoerulea,Convolvulaceae,Dasytidae,8,5,5,6,18.4
Semicassis undulata,Trachinus araneus,Cassidae,Trachinidae,8,4,7,5,18.4
Balanophyllia europaea,Protula tubularia,Dendrophylliidae,Serpulidae,138,52,103,50,18.3
Cliona viridis,Crambe crambe,Clionaidae,Crambeidae,137,70,103,38,18.3
Arbacia lixula,Serranus scriba,Arbaciidae,Serranidae,118,67,98,53,18.3
Acetabularia acetabulum,Padina pavonica,Polyphysaceae,Dictyotaceae,118,51,89,53,18.3
Chromis chromis,Epinephelus marginatus,Pomacentridae,Epinephelidae,77,35,65,47,18.3
Reteporella grimaldii,Thylacodes arenarius,Phidoloporidae,Vermetidae,46,25,36,17,18.3
Pachycerianthus solitarius,Veretillum cynomorium,Cerianthidae,Veretillidae,22,7,17,9,18.3
Ebenomitra ebenus,Striarca lactea,Costellariidae,Noetiidae,17,10,16,7,18.3
Chromis limbata,Serranus atricauda,Pomacentridae,Serranidae,11,10,11,8,18.3
Aglaophenia acacia,Ircinia oros,Aglaopheniidae,Irciniidae,9,8,9,7,18.3
Bolma rugosa,Didemnum coccineum,Turbinidae,Didemnidae,8,7,6,8,18.3
Aiptasia mutabilis,Sarcotragus fasciculatus,Aiptasiidae,Irciniidae,141,55,118,33,18.2
Halimeda tuna,Sphaerococcus coronopifolius,Halimedaceae,Sphaerococcaceae,136,53,114,39,18.2
Agelas oroides,Parablennius rouxi,Agelasidae,Blenniidae,125,52,100,34,18.2
Eunicella singularis,Halimeda tuna,Gorgoniidae,Halimedaceae,95,41,72,32,18.2
Codium bursa,Tricleocarpa fragilis,Codiaceae,Galaxauraceae,84,30,61,27,18.2
Mesophyllum expansum,Tricleocarpa fragilis,Lithophyllaceae,Galaxauraceae,82,33,66,21,18.2
Asparagopsis taxiformis,Gobius incognitus,Bonnemaisoniaceae,Gobiidae,81,15,48,51,18.2
Callionymus pusillus,Myxicola infundibulum,Callionymidae,Sabellidae,26,8,25,7,18.2
Luria lurida,Muricopsis cristata,Cypraeidae,Muricidae,26,11,24,10,18.2
Mesophyllum alternans,Pseudodistoma crucigaster,Lithophyllaceae,Pseudodistomidae,20,15,19,9,18.2
Moerella pulchella,Neverita josephinia,Tellinidae,Naticidae,17,12,17,12,18.2
Lima lima,Tricleocarpa fragilis,Limidae,Galaxauraceae,17,7,17,8,18.2
Neogoniolithon brassica-florida,Perforatus perforatus,Lithophyllaceae,Balanidae,16,13,16,8,18.2
Flabellia petiolata,Pseudochlorodesmis furcellata,Codiaceae,Udoteaceae,15,9,15,5,18.2
Labrus mixtus,Thylacodes arenarius,Labridae,Vermetidae,14,6,9,6,18.2
Marionia blainvillea,Tenellia ocellata,Tritoniidae,Tergipedidae,13,9,13,6,18.2
Centrolabrus melanocercus,Mesophyllum alternans,Labridae,Lithophyllaceae,13,10,13,6,18.2
Bosemprella incarnata,Cardites antiquatus,Tellinidae,Carditidae,12,11,11,10,18.2
Halimeda tuna,Posidonia oceanica,Halimedaceae,Posidoniaceae,269,86,185,53,18.1
Cliona viridis,Ircinia oros,Clionaidae,Irciniidae,139,64,115,29,18.1
Bonellia viridis,Phorbas tenacior,Bonelliidae,Hymedesmiidae,124,66,106,28,18.1
Gobius cobitis,Parablennius sanguinolentus,Gobiidae,Blenniidae,114,41,78,38,18.1
Aiptasia couchii,Gobius incognitus,Aiptasiidae,Gobiidae,113,40,93,53,18.1
Oblada melanurus,Parablennius sanguinolentus,Sparidae,Blenniidae,104,42,75,37,18.1
Chromis chromis,Oblada melanurus,Pomacentridae,Sparidae,100,44,78,42,18.1
Crambe crambe,Tricleocarpa fragilis,Crambeidae,Galaxauraceae,93,31,67,28,18.1
Anthias anthias,Pentapora fascialis,Anthiadidae,Bitectiporidae,90,33,75,31,18.1
Petrosia ficiformis,Pseudodistoma crucigaster,Petrosiidae,Pseudodistomidae,82,30,73,23,18.1
Calmella cavolini,Facelinopsis marioni,Flabellinidae,Facelinidae,66,28,65,13,18.1
Acinetospora crinita,Phorbas tenacior,Acinetosporaceae,Hymedesmiidae,45,29,38,19,18.1
Bonellia viridis,Mesophyllum alternans,Bonelliidae,Lithophyllaceae,34,26,32,15,18.1
Limaria hians,Steromphala varia,Limidae,Trochidae,26,12,26,8,18.1
Facelina rubrovittata,Sycon raphanus,Facelinidae,Sycettidae,21,9,21,6,18.1
Facelina vicina,Yungia aurantiaca,Facelinidae,Pseudocerotidae,20,7,15,8,18.1
Acrosymphyton purpuriferum,Tricleocarpa fragilis,Acrosymphytaceae,Galaxauraceae,10,9,9,5,18.1
Ircinia oros,Myriapora truncata,Irciniidae,Myriaporidae,141,53,111,25,18.0
Apogon imberbis,Chromis chromis,Apogonidae,Pomacentridae,106,46,78,52,18.0
Dictyota cyanoloma,Hexaplex trunculus,Dictyotaceae,Muricidae,72,12,47,39,18.0
Alcyonium acaule,Hacelia attenuata,Alcyoniidae,Ophidiasteridae,46,16,43,13,18.0
Ophidiaster ophidianus,Pinna rudis,Ophidiasteridae,Pinnidae,41,24,35,14,18.0
Ophisurus serpens,Synapturichthys kleinii,Ophichthidae,Soleidae,19,10,18,9,18.0
Dasyatis pastinaca,Torpedo torpedo,Dasyatidae,Torpedinidae,19,12,13,7,18.0
Holothuria forskali,Sertularella crassicaulis,Holothuriidae,Sertulariidae,13,10,12,6,18.0
Ecteinascidia herdmani,Pseudodistoma crucigaster,Perophoridae,Pseudodistomidae,12,9,11,6,18.0
Centrolabrus melanocercus,Lima lima,Labridae,Limidae,10,9,10,5,18.0
Asparagus acutifolius,Phillyrea angustifolia,Asparagaceae,Oleaceae,8,8,8,5,18.0
Balanophyllia europaea,Crambe crambe,Dendrophylliidae,Crambeidae,140,57,103,46,17.9
Holothuria tubulosa,Myriapora truncata,Holothuriidae,Myriaporidae,134,58,110,38,17.9
Apogon imberbis,Bonellia viridis,Apogonidae,Bonelliidae,133,54,103,44,17.9
Halocynthia papillosa,Sphaerococcus coronopifolius,Pyuridae,Sphaerococcaceae,129,52,103,38,17.9
Halimeda tuna,Mesophyllum expansum,Halimedaceae,Lithophyllaceae,121,51,103,30,17.9
Chondrosia reniformis,Cliona viridis,Chondrillidae,Clionaidae,120,63,97,31,17.9
Padina pavonica,Stramonita haemastoma,Dictyotaceae,Muricidae,98,48,72,40,17.9
Chromis chromis,Gobius incognitus,Pomacentridae,Gobiidae,95,39,68,54,17.9
Asparagopsis taxiformis,Thericium vulgatum,Bonnemaisoniaceae,Cerithiidae,81,17,47,52,17.9
Bonellia viridis,Lithophyllum stictiforme,Bonelliidae,Lithophyllaceae,80,35,74,21,17.9
Holothuria forskali,Lithophyllum stictiforme,Holothuriidae,Lithophyllaceae,68,35,62,20,17.9
Gnathophyllum elegans,Luria lurida,Gnathophyllidae,Cypraeidae,44,12,40,14,17.9
Astropecten platyacanthus,Pinnoctopus macropus,Astropectinidae,Octopodidae,38,20,35,17,17.9
Aplysia depilans,Lissoclinum weigelei,Aplysiidae,Didemnidae,26,9,20,14,17.9
Halcampoides purpureus,Synodus saurus,Halcampoididae,Synodontidae,25,13,20,7,17.9
Felimare villafranca,Placida dendritica,Chromodorididae,Stiligeridae,25,17,19,11,17.9
Felimare bilineata,Luisella babai,Chromodorididae,Samlidae,17,12,17,9,17.9
Buglossidium luteum,Torpedo torpedo,Soleidae,Torpedinidae,15,6,10,7,17.9
Mesophyllum expansum,Pseudochlorodesmis furcellata,Lithophyllaceae,Udoteaceae,14,9,14,10,17.9
Acrosymphyton purpuriferum,Pennaria disticha,Acrosymphytaceae,Pennariidae,13,6,13,5,17.9
Callionymus pusillus,Philinopsis depicta,Callionymidae,Aglajidae,11,5,4,6,17.9
Naticarius hebraeus,Tritia pellucida,Naticidae,Nassariidae,10,5,7,6,17.9
Callionymus pusillus,Solecurtus strigilatus,Callionymidae,Solecurtidae,10,7,8,5,17.9
Cliona viridis,Serpula vermicularis,Clionaidae,Serpulidae,149,78,119,35,17.8
Halimeda tuna,Holothuria tubulosa,Halimedaceae,Holothuriidae,135,68,112,37,17.8
Sarcotragus fasciculatus,Sphaerococcus coronopifolius,Irciniidae,Sphaerococcaceae,125,52,101,36,17.8
Halocynthia papillosa,Mesophyllum expansum,Pyuridae,Lithophyllaceae,116,54,99,31,17.8
Arbacia lixula,Chromis chromis,Arbaciidae,Pomacentridae,116,55,95,58,17.8
Bonellia viridis,Leptogorgia sarmentosa,Bonelliidae,Gorgoniidae,86,29,76,27,17.8
Amphiroa rigida,Sarcotragus fasciculatus,Lithophyllaceae,Irciniidae,84,33,72,24,17.8
Leptogorgia sarmentosa,Symphodus mediterraneus,Gorgoniidae,Labridae,78,35,63,28,17.8
Leptogorgia sarmentosa,Padina pavonica,Gorgoniidae,Dictyotaceae,68,42,56,25,17.8
Foeniculum vulgare,Galactites tomentosus,Apiaceae,Asteraceae,39,37,36,20,17.8
Limaria hians,Lissoclinum weigelei,Limidae,Didemnidae,22,7,22,7,17.8
Moerella pulchella,Tritia mutabilis,Tellinidae,Nassariidae,21,17,19,16,17.8
Anemonia sargassensis,Scartella cristata,Actiniidae,Blenniidae,14,8,14,9,17.8
Myxicola infundibulum,Syngnathus tenuirostris,Sabellidae,Syngnathidae,9,3,9,9,17.8
Mesophyllum expansum,Symphodus mediterraneus,Lithophyllaceae,Labridae,113,53,99,27,17.7
Cistus salviifolius,Dittrichia viscosa,Cistaceae,Asteraceae,21,15,19,9,17.7
Bosemprella incarnata,Callista chione,Tellinidae,Veneridae,20,16,19,16,17.7
Chrysymenia ventricosa,Prostheceraeus moseleyi,Rhodymeniaceae,Euryleptidae,18,15,14,10,17.7
Chrysymenia ventricosa,Thylacodes arenarius,Rhodymeniaceae,Vermetidae,14,7,13,6,17.7
Halocynthia papillosa,Sertularella crassicaulis,Pyuridae,Sertulariidae,14,11,13,6,17.7
Astroides calycularis,Epinephelus costae,Dendrophylliidae,Epinephelidae,11,9,11,6,17.7
Leptogorgia sarmentosa,Polycitor crystallinus,Gorgoniidae,Polycitoridae,9,4,9,6,17.7
Calyx nicaeensis,Diaphorodoris papillata,Phloeodictyidae,Calycidorididae,8,5,7,6,17.7
Codium bursa,Posidonia oceanica,Codiaceae,Posidoniaceae,239,80,171,63,17.6
Aiptasia mutabilis,Balanophyllia europaea,Aiptasiidae,Dendrophylliidae,147,51,110,45,17.6
Balanophyllia europaea,Ircinia oros,Dendrophylliidae,Irciniidae,141,49,114,33,17.6
Bonellia viridis,Chondrosia reniformis,Bonelliidae,Chondrillidae,126,56,113,33,17.6
Apogon imberbis,Labrus merula,Apogonidae,Labridae,123,52,91,52,17.6
Apogon imberbis,Padina pavonica,Apogonidae,Dictyotaceae,104,43,77,45,17.6
Oblada melanurus,Serranus scriba,Sparidae,Serranidae,96,44,80,40,17.6
Anthias anthias,Reteporella grimaldii,Anthiadidae,Phidoloporidae,76,32,65,29,17.6
Eudendrium racemosum,Mesophyllum expansum,Eudendriidae,Lithophyllaceae,38,29,37,13,17.6
Eunicella singularis,Lima lima,Gorgoniidae,Limidae,17,12,17,6,17.6
Lissoclinum weigelei,Scopalina lophyropoda,Didemnidae,Dictyonellidae,11,9,11,6,17.6
Aglaja tricolorata,Echinocardium cordatum,Aglajidae,Loveniidae,10,5,7,8,17.6
Ascandra contorta,Tenellia ocellata,Leucaltidae,Tergipedidae,8,7,8,5,17.6
Bonellia viridis,Gobius cruentatus,Bonelliidae,Gobiidae,141,58,112,42,17.5
Bonellia viridis,Halimeda tuna,Bonelliidae,Halimedaceae,138,60,123,34,17.5
Bonellia viridis,Symphodus mediterraneus,Bonelliidae,Labridae,130,54,107,36,17.5
Codium bursa,Ircinia oros,Codiaceae,Irciniidae,127,58,106,40,17.5
Protula tubularia,Thalassoma pavo,Serpulidae,Labridae,100,48,75,42,17.5
Halopteris filicina,Parablennius rouxi,Stypocaulaceae,Blenniidae,29,19,27,9,17.5
Myxicola infundibulum,Phallusia mammillata,Sabellidae,Ascidiidae,28,14,25,11,17.5
Candiella striata,Felimare fontandraui,Tritoniidae,Chromodorididae,28,22,25,8,17.5
Apogon imberbis,Halopteris filicina,Apogonidae,Stypocaulaceae,27,21,27,13,17.5
Phycis phycis,Thorogobius ephippiatus,Phycidae,Gobiidae,26,15,26,5,17.5
Crambe crambe,Lima lima,Crambeidae,Limidae,25,18,24,11,17.5
Facelina vicina,Tritia mutabilis,Facelinidae,Nassariidae,22,10,16,9,17.5
Agelas oroides,Polycyathus muellerae,Agelasidae,Caryophylliidae,18,12,18,11,17.5
Acinetospora crinita,Eudendrium racemosum,Acinetosporaceae,Eudendriidae,16,11,15,5,17.5
Ciona robusta,Felimare villafranca,Cionidae,Chromodorididae,15,4,14,7,17.5
Corynactis viridis,Thylacodes arenarius,Corallimorphidae,Vermetidae,15,13,15,7,17.5
Mesophyllum expansum,Polycitor crystallinus,Lithophyllaceae,Polycitoridae,13,10,11,10,17.5
Trachinus araneus,Xyrichtys novacula,Trachinidae,Labridae,13,10,10,7,17.5
Aglaophenia elongata,Eunicella gazella,Aglaopheniidae,Gorgoniidae,13,10,13,9,17.5
Centaurea aspera,Paronychia argentea,Asteraceae,Caryophyllaceae,10,8,8,9,17.5
Conus ventricosus,Steromphala umbilicaris,Conidae,Trochidae,10,9,10,6,17.5
Gobius cruentatus,Gongolaria squarrosa,Gobiidae,Sargassaceae,10,8,10,5,17.5
Parablennius rouxi,Symphodus mediterraneus,Blenniidae,Labridae,126,49,96,33,17.4
Padina pavonica,Sphaerococcus coronopifolius,Dictyotaceae,Sphaerococcaceae,107,45,82,43,17.4
Diplodus sargus,Stramonita haemastoma,Sparidae,Muricidae,94,40,78,50,17.4
Myriapora truncata,Tricleocarpa fragilis,Myriaporidae,Galaxauraceae,87,33,66,26,17.4
Halimeda tuna,Leptogorgia sarmentosa,Halimedaceae,Gorgoniidae,81,39,74,25,17.4
Eunicella singularis,Phorbas tenacior,Gorgoniidae,Hymedesmiidae,79,33,63,25,17.4
Cliona viridis,Eudendrium racemosum,Clionaidae,Eudendriidae,41,26,38,10,17.4
Lissoclinum weigelei,Striarca lactea,Didemnidae,Noetiidae,32,5,31,6,17.4
Callista chione,Loripes orbiculatus,Veneridae,Lucinidae,25,18,24,16,17.4
Peronaea planata,Polititapes aureus,Tellinidae,Veneridae,24,19,24,14,17.4
Cardites antiquatus,Peronaea planata,Carditidae,Tellinidae,22,17,21,18,17.4
Gibbula turbinoides,Phallusia mammillata,Trochidae,Ascidiidae,14,3,14,5,17.4
Petrosia ficiformis,Sertularella crassicaulis,Petrosiidae,Sertulariidae,14,10,13,6,17.4
Clanculus jussieui,Modiolus barbatus,Trochidae,Mytilidae,12,11,12,8,17.4
Cardites antiquatus,Talochlamys multistriata,Carditidae,Pectinidae,9,9,9,6,17.4
Halimeda tuna,Ircinia oros,Halimedaceae,Irciniidae,137,61,114,35,17.3
Agelas oroides,Crambe crambe,Agelasidae,Crambeidae,120,54,98,46,17.3
Crambe crambe,Symphodus tinca,Crambeidae,Labridae,112,39,84,43,17.3
Balanophyllia europaea,Serranus scriba,Dendrophylliidae,Serranidae,108,43,81,40,17.3
Oculina patagonica,Perforatus perforatus,Oculinidae,Balanidae,106,52,89,33,17.3
Cliona viridis,Eunicella singularis,Clionaidae,Gorgoniidae,88,37,69,22,17.3
Gobius cruentatus,Lithophyllum stictiforme,Gobiidae,Lithophyllaceae,76,30,63,24,17.3
Epinephelus marginatus,Padina pavonica,Epinephelidae,Dictyotaceae,73,35,55,41,17.3
Epinephelus marginatus,Mullus surmuletus,Epinephelidae,Mullidae,69,34,59,39,17.3
Chondrosia reniformis,Lithophyllum stictiforme,Chondrillidae,Lithophyllaceae,68,38,63,20,17.3
Hamigera hamigera,Sphaerococcus coronopifolius,Hymedesmiidae,Sphaerococcaceae,51,23,49,12,17.3
Diaphorodoris alba,Prostheceraeus moseleyi,Calycidorididae,Euryleptidae,48,39,40,27,17.3
Neverita josephinia,Peronaea planata,Naticidae,Tellinidae,35,29,35,28,17.3
Phoronis hippocrepia,Striarca lactea,Phoronidae,Noetiidae,26,7,24,6,17.3
Hemimycale mediterranea,Tricleocarpa fragilis,Hymedesmiidae,Galaxauraceae,17,8,17,7,17.3
Conus ventricosus,Irus irus,Conidae,Veneridae,16,12,16,9,17.3
Rudmania krohni,Trapania maculata,Chromodorididae,Goniodorididae,15,14,14,8,17.3
Flabellia petiolata,Neogoniolithon brassica-florida,Codiaceae,Lithophyllaceae,15,14,15,5,17.3
Echinolittorina punctata,Siphonaria pectinata,Littorinidae,Siphonariidae,13,11,13,10,17.3
Amphiroa rigida,Dictyota fasciola,Lithophyllaceae,Dictyotaceae,9,4,9,6,17.3
Oscarella viridis,Pentapora fascialis,Oscarellidae,Bitectiporidae,8,7,8,5,17.3
Petrosia ficiformis,Sphaerococcus coronopifolius,Petrosiidae,Sphaerococcaceae,126,56,108,28,17.2
Ellisolandia elongata,Oblada melanurus,Lithophyllaceae,Sparidae,78,35,71,31,17.2
Aidablennius sphynx,Zebrus zebrus,Blenniidae,Gobiidae,36,12,26,10,17.2
Lissoclinum weigelei,Phallusia mammillata,Didemnidae,Ascidiidae,32,13,31,13,17.2
Ascandra contorta,Lipophrys trigloides,Leucaltidae,Blenniidae,27,18,26,6,17.2
Asphodelus fistulosus,Bituminaria bituminosa,Xanthorrhoeaceae,Fabaceae,21,18,18,16,17.2
Balanophyllia europaea,Neogoniolithon brassica-florida,Dendrophylliidae,Lithophyllaceae,16,13,16,8,17.2
Diplosoma listerianum,Limaria hians,Didemnidae,Limidae,12,9,12,6,17.2
Synema globosum,Urospermum dalechampii,Thomisidae,Asteraceae,12,12,11,10,17.2
Ircinia oros,Petrosia ficiformis,Irciniidae,Petrosiidae,133,64,118,32,17.1
Apogon imberbis,Balanophyllia europaea,Apogonidae,Dendrophylliidae,124,43,100,43,17.1
Flabellia petiolata,Holothuria tubulosa,Codiaceae,Holothuriidae,122,67,105,40,17.1
Halimeda tuna,Thericium vulgatum,Halimedaceae,Cerithiidae,112,50,90,35,17.1
Parablennius pilicornis,Symphodus tinca,Blenniidae,Labridae,107,43,85,60,17.1
Flabellia petiolata,Thericium vulgatum,Codiaceae,Cerithiidae,106,52,84,35,17.1
Gobius incognitus,Serranus scriba,Gobiidae,Serranidae,90,42,72,42,17.1
Diaphorodoris alba,Luisella babai,Calycidorididae,Samlidae,59,34,53,24,17.1
Halopteris filicina,Serpula vermicularis,Stypocaulaceae,Serpulidae,32,23,29,11,17.1
Striarca lactea,Tritia neritea,Noetiidae,Nassariidae,28,15,28,9,17.1
Arbacia lixula,Lima lima,Arbaciidae,Limidae,25,19,25,11,17.1
Hamigera hamigera,Polysyncraton lacazei,Hymedesmiidae,Didemnidae,22,12,21,5,17.1
Cestopagurus timidus,Synodus saurus,Paguridae,Synodontidae,12,6,11,8,17.1
Myxicola infundibulum,Ocnus planci,Sabellidae,Cucumariidae,10,6,9,5,17.1
Ircinia oros,Taonia pseudociliata,Irciniidae,Dictyotaceae,10,8,9,6,17.1
Arbacia lixula,Taonia pseudociliata,Arbaciidae,Dictyotaceae,10,10,10,6,17.1
Stramonita haemastoma,Symphodus tinca,Muricidae,Labridae,95,42,80,47,17.0
Oculina patagonica,Stramonita haemastoma,Oculinidae,Muricidae,95,43,75,43,17.0
Diaphorodoris papillata,Trinchesia morrowae,Calycidorididae,Trinchesiidae,90,47,83,24,17.0
Mullus surmuletus,Symphodus roissali,Mullidae,Labridae,87,41,73,51,17.0
Amphiroa rigida,Chondrosia reniformis,Lithophyllaceae,Chondrillidae,78,22,65,27,17.0
Ellisolandia elongata,Parablennius sanguinolentus,Lithophyllaceae,Blenniidae,75,40,68,28,17.0
Lithophyllum stictiforme,Parablennius rouxi,Lithophyllaceae,Blenniidae,74,39,68,22,17.0
Ellisolandia elongata,Symphodus tinca,Lithophyllaceae,Labridae,73,34,58,33,17.0
Aplysina cavernicola,Phycis phycis,Aplysinidae,Phycidae,38,14,34,11,17.0
Agelas oroides,Eudendrium racemosum,Agelasidae,Eudendriidae,37,28,34,10,17.0
Callionymus pusillus,Torpedo torpedo,Callionymidae,Torpedinidae,23,15,16,13,17.0
Halopteris filicina,Padina pavonica,Stypocaulaceae,Dictyotaceae,23,18,23,11,17.0
Gobius cobitis,Watersipora cucullata,Gobiidae,Watersiporidae,16,6,14,5,17.0
Bolma rugosa,Neogoniolithon brassica-florida,Turbinidae,Lithophyllaceae,10,10,10,6,17.0
Hexaplex trunculus,Hildenbrandia crouaniorum,Muricidae,Hildenbrandiaceae,9,3,9,6,17.0
Arbacia lixula,Perforatus perforatus,Arbaciidae,Balanidae,128,84,106,43,16.9
Cliona viridis,Petrosia ficiformis,Clionaidae,Petrosiidae,122,61,107,28,16.9
Arbacia lixula,Stramonita haemastoma,Arbaciidae,Muricidae,117,65,102,50,16.9
Halocynthia papillosa,Pentapora fascialis,Pyuridae,Bitectiporidae,111,58,92,35,16.9
Pennaria disticha,Perforatus perforatus,Pennariidae,Balanidae,107,51,91,40,16.9
Chromis chromis,Parablennius pilicornis,Pomacentridae,Blenniidae,104,46,79,62,16.9
Gobius incognitus,Padina pavonica,Gobiidae,Dictyotaceae,90,43,75,46,16.9
Halocynthia papillosa,Tricleocarpa fragilis,Pyuridae,Galaxauraceae,82,36,66,30,16.9
Cistus salviifolius,Galactites tomentosus,Cistaceae,Asteraceae,40,31,36,13,16.9
Aiptasia couchii,Amphiroa beauvoisii,Aiptasiidae,Lithophyllaceae,37,11,30,23,16.9
Halopteris filicina,Ircinia oros,Stypocaulaceae,Irciniidae,29,19,25,10,16.9
Cribrinopsis crassa,Pseudobiceros splendidus,Actiniidae,Pseudocerotidae,28,5,24,10,16.9
Bugula neritina,Dictyota cyanoloma,Bugulidae,Dictyotaceae,26,10,22,9,16.9
Loripes orbiculatus,Peronaea planata,Lucinidae,Tellinidae,21,18,21,15,16.9
Aplysia depilans,Phoronis hippocrepia,Aplysiidae,Phoronidae,20,8,18,6,16.9
Loripes orbiculatus,Tritia neritea,Lucinidae,Nassariidae,16,13,15,8,16.9
Acetabularia acetabulum,Neogoniolithon brassica-florida,Polyphysaceae,Lithophyllaceae,16,15,16,11,16.9
Trapania maculata,Trinchesia morrowae,Goniodorididae,Trinchesiidae,14,8,14,5,16.9
Episcomitra cornicula,Luria lurida,Mitridae,Cypraeidae,11,6,11,6,16.9
Chamelea gallina,Solecurtus strigilatus,Veneridae,Solecurtidae,10,9,10,8,16.9
Aiptasia mutabilis,Halimeda tuna,Aiptasiidae,Halimedaceae,139,58,112,45,16.8
Bonellia viridis,Holothuria tubulosa,Bonelliidae,Holothuriidae,132,47,113,38,16.8
Labrus merula,Parablennius gattorugine,Labridae,Blenniidae,128,54,94,43,16.8
Myriapora truncata,Pentapora fascialis,Myriaporidae,Bitectiporidae,113,57,85,35,16.8
Phorbas tenacior,Prostheceraeus roseus,Hymedesmiidae,Euryleptidae,87,45,72,32,16.8
Ophisurus serpens,Pagellus erythrinus,Ophichthidae,Sparidae,83,34,74,17,16.8
Halocynthia papillosa,Lithophyllum stictiforme,Pyuridae,Lithophyllaceae,70,38,63,19,16.8
Foeniculum vulgare,Pistacia lentiscus,Apiaceae,Anacardiaceae,47,44,44,14,16.8
Gnathophyllum elegans,Marionia blainvillea,Gnathophyllidae,Tritoniidae,25,10,23,8,16.8
Acinetospora crinita,Centrolabrus melanocercus,Acinetosporaceae,Labridae,19,15,18,6,16.8
Gari depressa,Limaria hians,Psammobiidae,Limidae,18,10,18,7,16.8
Moerella pulchella,Naticarius hebraeus,Tellinidae,Naticidae,17,12,16,12,16.8
Mesophyllum expansum,Tridentata perpusilla,Lithophyllaceae,Sertulariidae,16,13,16,8,16.8
Sicyonia carinata,Telmatactis forskalii,Sicyoniidae,Isophelliidae,14,8,14,5,16.8
Syngnathus tenuirostris,Yungia aurantiaca,Syngnathidae,Pseudocerotidae,14,4,14,6,16.8
Caberea boryi,Facelina rubrovittata,Candidae,Facelinidae,13,11,13,5,16.8
Achelous hastatus,Pagurus cuanensis,Portunidae,Paguridae,10,8,9,9,16.8
Perforatus perforatus,Taonia pseudociliata,Balanidae,Dictyotaceae,9,8,8,6,16.8
Amphiroa rigida,Gastroclonium clavatum,Lithophyllaceae,Champiaceae,8,7,8,5,16.8
Chondrosia reniformis,Posidonia oceanica,Chondrillidae,Posidoniaceae,226,69,171,52,16.7
Protula tubularia,Tricleocarpa fragilis,Serpulidae,Galaxauraceae,83,26,66,25,16.7
Posidonia oceanica,Tridentata perpusilla,Posidoniaceae,Sertulariidae,35,26,33,16,16.7
Amphiroa beauvoisii,Gobius incognitus,Lithophyllaceae,Gobiidae,32,6,23,22,16.7
Caulerpa cylindracea,Clathria jolicoeuri,Caulerpaceae,Microcionidae,30,8,30,5,16.7
Clathria jolicoeuri,Microlipophrys nigriceps,Microcionidae,Blenniidae,28,12,28,6,16.7
Tritia mutabilis,Veretillum cynomorium,Nassariidae,Veretillidae,19,8,16,8,16.7
Bosemprella incarnata,Chamelea gallina,Tellinidae,Veneridae,18,17,17,15,16.7
Halcampoides purpureus,Naticarius hebraeus,Halcampoididae,Naticidae,16,12,14,8,16.7
Eunicella gazella,Nerocila bivittata,Gorgoniidae,Cymothoidae,16,9,16,6,16.7
Convolvulus althaeoides,Euphorbia serrata,Convolvulaceae,Euphorbiaceae,15,15,14,12,16.7
Anthias anthias,Polycyathus muellerae,Anthiadidae,Caryophylliidae,14,10,14,10,16.7
Pachycerianthus solitarius,Solecurtus strigilatus,Cerianthidae,Solecurtidae,13,10,12,7,16.7
Polycitor crystallinus,Sabella spallanzanii,Polycitoridae,Sabellidae,12,10,10,8,16.7
Bolma rugosa,Paractinia striata,Turbinidae,Hormathiidae,11,5,11,5,16.7
Centaurea aspera,Euphorbia serrata,Asteraceae,Euphorbiaceae,8,8,7,7,16.7
Acetabularia acetabulum,Balanophyllia europaea,Polyphysaceae,Dendrophylliidae,131,46,91,36,16.6
Parablennius gattorugine,Stramonita haemastoma,Blenniidae,Muricidae,114,55,90,49,16.6
Flabellia petiolata,Pentapora fascialis,Codiaceae,Bitectiporidae,106,57,81,33,16.6
Labrus merula,Parablennius sanguinolentus,Labridae,Blenniidae,106,33,78,30,16.6
Aiptasia couchii,Parablennius sanguinolentus,Aiptasiidae,Blenniidae,105,41,84,38,16.6
Arbacia lixula,Mullus surmuletus,Arbaciidae,Mullidae,103,48,88,56,16.6
Eunicella singularis,Symphodus mediterraneus,Gorgoniidae,Labridae,82,38,64,36,16.6
Eunicella gazella,Schizoporella errata,Gorgoniidae,Schizoporellidae,70,18,48,29,16.6
Diplodus sargus,Ellisolandia elongata,Sparidae,Lithophyllaceae,69,34,61,34,16.6
Lima lima,Symphodus mediterraneus,Limidae,Labridae,22,14,20,9,16.6
Convolvulus althaeoides,Sonchus tenerrimus,Convolvulaceae,Asteraceae,18,16,15,15,16.6
Electra posidoniae,Sycon raphanus,Electridae,Sycettidae,15,9,15,5,16.6
Centrostephanus longispinus,Hacelia attenuata,Diadematidae,Ophidiasteridae,14,12,13,9,16.6
Chamelea gallina,Talochlamys multistriata,Veneridae,Pectinidae,14,11,14,5,16.6
Apterichtus caecus,Pachycerianthus solitarius,Ophichthidae,Cerianthidae,13,6,12,6,16.6
Pycnoclavella nana,Sycon raphanus,Pycnoclavellidae,Sycettidae,10,9,10,5,16.6
Balanophyllia europaea,Gobius cruentatus,Dendrophylliidae,Gobiidae,129,44,94,45,16.5
Diplodus puntazzo,Labrus merula,Sparidae,Labridae,126,59,98,50,16.5
Codium bursa,Diplodus puntazzo,Codiaceae,Sparidae,118,54,95,43,16.5
Chondrosia reniformis,Diplodus puntazzo,Chondrillidae,Sparidae,117,55,106,39,16.5
Parablennius rouxi,Phorbas tenacior,Blenniidae,Hymedesmiidae,110,54,87,27,16.5
Diplodus puntazzo,Thalassoma pavo,Sparidae,Labridae,99,50,79,51,16.5
Thalassoma pavo,Thericium vulgatum,Labridae,Cerithiidae,83,42,67,42,16.5
Myriapora truncata,Pseudodistoma crucigaster,Myriaporidae,Pseudodistomidae,75,33,63,29,16.5
Stenopus spinosus,Telmatactis forskalii,Stenopodidae,Isophelliidae,50,21,48,16,16.5
Eunicella singularis,Lithophyllum stictiforme,Gorgoniidae,Lithophyllaceae,49,28,46,19,16.5
Centrolabrus melanocercus,Mesophyllum expansum,Labridae,Lithophyllaceae,44,27,41,15,16.5
Luria lurida,Telmatactis forskalii,Cypraeidae,Isophelliidae,42,19,37,17,16.5
Mesophyllum alternans,Sarcotragus fasciculatus,Lithophyllaceae,Irciniidae,28,14,25,8,16.5
Myxicola infundibulum,Periclimenes amethysteus,Sabellidae,Palaemonidae,18,4,17,5,16.5
Callista chione,Echinocyamus pusillus,Veneridae,Echinocyamidae,13,9,10,10,16.5
Dendrodoris limbata,Lepidopleurus cajetanus,Dendrodorididae,Leptochitonidae,13,11,13,5,16.5
Aglaophenia tubiformis,Hemimycale columella,Aglaopheniidae,Hymedesmiidae,13,10,11,6,16.5
Derbesia tenuissima,Pinctada radiata,Derbesiaceae,Pteriidae,13,5,13,5,16.5
Brachycarpus biunguiculatus,Lipophrys trigloides,Palaemonidae,Blenniidae,12,8,12,5,16.5
Haminoea orteai,Polititapes aureus,Haminoeidae,Veneridae,9,5,9,5,16.5
Cliona viridis,Taonia pseudociliata,Clionaidae,Dictyotaceae,9,9,8,7,16.5
Aphia minuta,Pachycerianthus solitarius,Gobiidae,Cerianthidae,8,7,8,6,16.5
Sarcotragus fasciculatus,Serpula vermicularis,Irciniidae,Serpulidae,133,52,110,38,16.4
Arbacia lixula,Halimeda tuna,Arbaciidae,Halimedaceae,130,62,112,38,16.4
Chondrosia reniformis,Serpula vermicularis,Chondrillidae,Serpulidae,129,57,107,39,16.4
Gobius incognitus,Parablennius gattorugine,Gobiidae,Blenniidae,109,48,87,52,16.4
Epinephelus marginatus,Halimeda tuna,Epinephelidae,Halimedaceae,84,34,69,30,16.4
Eunicella gazella,Oculina patagonica,Gorgoniidae,Oculinidae,78,16,54,25,16.4
Padina pavonica,Tricleocarpa fragilis,Dictyotaceae,Galaxauraceae,68,27,52,28,16.4
Aidablennius sphynx,Amphiroa beauvoisii,Blenniidae,Lithophyllaceae,32,13,28,16,16.4
Candiella striata,Felimare villafranca,Tritoniidae,Chromodorididae,31,25,26,13,16.4
Halocynthia papillosa,Halopteris filicina,Pyuridae,Stypocaulaceae,26,22,24,12,16.4
Chelidonichthys obscurus,Naticarius hebraeus,Triglidae,Naticidae,14,10,11,7,16.4
Echinocardium cordatum,Torpedo torpedo,Loveniidae,Torpedinidae,14,10,10,5,16.4
Muricopsis cristata,Pagurus cuanensis,Muricidae,Paguridae,13,6,12,5,16.4
Solecurtus strigilatus,Tritia mutabilis,Solecurtidae,Nassariidae,12,9,12,8,16.4
Felimida binza,Labrus mixtus,Chromodorididae,Labridae,12,7,8,9,16.4
Mesophyllum expansum,Sertularella crassicaulis,Lithophyllaceae,Sertulariidae,12,9,11,5,16.4
Crimora papillata,Luisella babai,Polyceridae,Samlidae,11,8,11,7,16.4
Dicata odhneri,Felimare villafranca,Facelinidae,Chromodorididae,8,7,7,5,16.4
Bonellia viridis,Serpula vermicularis,Bonelliidae,Serpulidae,146,64,121,36,16.3
Chondrosia reniformis,Sarcotragus fasciculatus,Chondrillidae,Irciniidae,106,51,96,27,16.3
Chondrosia reniformis,Scorpaena maderensis,Chondrillidae,Scorpaenidae,103,42,85,39,16.3
Phorbas tenacior,Scorpaena maderensis,Hymedesmiidae,Scorpaenidae,98,42,81,32,16.3
Serranus scriba,Symphodus roissali,Serranidae,Labridae,87,46,73,39,16.3
Epinephelus marginatus,Protula tubularia,Epinephelidae,Serpulidae,82,41,68,38,16.3
Schizoporella errata,Stramonita haemastoma,Schizoporellidae,Muricidae,81,38,63,44,16.3
Arbacia lixula,Leptogorgia sarmentosa,Arbaciidae,Gorgoniidae,79,41,62,32,16.3
Chondrosia reniformis,Ellisolandia elongata,Chondrillidae,Lithophyllaceae,76,33,68,20,16.3
Agelas oroides,Leptogorgia sarmentosa,Agelasidae,Gorgoniidae,68,36,63,27,16.3
Serranus scriba,Tricleocarpa fragilis,Serranidae,Galaxauraceae,67,25,50,22,16.3
Lepadogaster candolii,Pomatoschistus bathi,Gobiesocidae,Gobiidae,62,28,54,12,16.3
Gnathophyllum elegans,Trinchesia morrowae,Gnathophyllidae,Trinchesiidae,49,10,48,6,16.3
Astropecten platyacanthus,Synodus saurus,Astropectinidae,Synodontidae,47,26,38,15,16.3
Eudendrium racemosum,Parablennius rouxi,Eudendriidae,Blenniidae,40,27,37,9,16.3
Parazoanthus brevitentacularis,Reteporella grimaldii,Parazoanthidae,Phidoloporidae,35,19,31,14,16.3
Gobius cruentatus,Mesophyllum alternans,Gobiidae,Lithophyllaceae,30,19,29,10,16.3
Mesophyllum alternans,Protula tubularia,Lithophyllaceae,Serpulidae,29,19,28,12,16.3
Ascandra contorta,Eriphia verrucosa,Leucaltidae,Eriphiidae,27,17,24,8,16.3
Astropecten platyacanthus,Periclimenes amethysteus,Astropectinidae,Palaemonidae,22,8,21,7,16.3
Halopteris filicina,Prostheceraeus roseus,Stypocaulaceae,Euryleptidae,21,14,19,8,16.3
Apletodon incognitus,Cribrinopsis crassa,Gobiesocidae,Actiniidae,20,3,18,5,16.3
Dardanus arrosor,Ophisurus serpens,Diogenidae,Ophichthidae,19,12,18,11,16.3
Electra posidoniae,Jania rubens,Electridae,Lithophyllaceae,18,14,16,10,16.3
Berthella ocellata,Stenopus spinosus,Pleurobranchidae,Stenopodidae,15,7,14,7,16.3
Hemimycale mediterranea,Pinna rudis,Hymedesmiidae,Pinnidae,15,8,15,9,16.3
Facelina rubrovittata,Placida verticilata,Facelinidae,Stiligeridae,14,10,13,5,16.3
Cliona viridis,Sertularella crassicaulis,Clionaidae,Sertulariidae,13,10,12,5,16.3
Chondrosia reniformis,Pseudochlorodesmis furcellata,Chondrillidae,Udoteaceae,13,7,11,9,16.3
Chrysymenia ventricosa,Parazoanthus brevitentacularis,Rhodymeniaceae,Parazoanthidae,11,6,10,5,16.3
Amphiroa rubra,Crambe crambe,Lithophyllaceae,Crambeidae,11,6,11,6,16.3
Naticarius hebraeus,Processa macrophthalma,Naticidae,Processidae,10,8,9,5,16.3
Dittrichia viscosa,Paronychia argentea,Asteraceae,Caryophyllaceae,10,4,5,5,16.3
Ericaria mediterranea,Hamigera hamigera,Sargassaceae,Hymedesmiidae,9,8,9,6,16.3
Gobius cobitis,Nerophis maculatus,Gobiidae,Syngnathidae,9,3,7,5,16.3
Cliona viridis,Flabellina affinis,Clionaidae,Flabellinidae,8,6,7,7,16.3
Aiptasia mutabilis,Protula tubularia,Aiptasiidae,Serpulidae,132,57,100,51,16.2
Arbacia lixula,Flabellia petiolata,Arbaciidae,Codiaceae,121,64,105,34,16.2
Apogon imberbis,Holothuria tubulosa,Apogonidae,Holothuriidae,116,52,95,41,16.2
Halimeda tuna,Sarcotragus fasciculatus,Halimedaceae,Irciniidae,116,46,94,37,16.2
Sphaerococcus coronopifolius,Symphodus mediterraneus,Sphaerococcaceae,Labridae,114,44,92,35,16.2
Mesophyllum expansum,Sphaerococcus coronopifolius,Lithophyllaceae,Sphaerococcaceae,108,51,88,27,16.2
Halocynthia papillosa,Thalassoma pavo,Pyuridae,Labridae,91,38,69,38,16.2
Diplodus sargus,Thericium vulgatum,Sparidae,Cerithiidae,86,35,74,49,16.2
Epinephelus marginatus,Oblada melanurus,Epinephelidae,Sparidae,73,40,61,36,16.2
Alcyonium acaule,Reteporella grimaldii,Alcyoniidae,Phidoloporidae,37,28,34,16,16.2
Eudendrium racemosum,Flabellia petiolata,Eudendriidae,Codiaceae,37,27,33,13,16.2
Aplysina cavernicola,Hemimycale columella,Aplysinidae,Hymedesmiidae,35,19,33,13,16.2
Amphiroa beauvoisii,Perforatus perforatus,Lithophyllaceae,Balanidae,35,16,35,11,16.2
Acinetospora crinita,Anthias anthias,Acinetosporaceae,Anthiadidae,34,16,28,12,16.2
Callista chione,Gari depressa,Veneridae,Psammobiidae,26,22,26,14,16.2
Aeolidiella alderi,Myxicola infundibulum,Aeolidiidae,Sabellidae,13,6,12,8,16.2
Clavelina dellavallei,Petrosia ficiformis,Clavelinidae,Petrosiidae,12,6,11,5,16.2
Pseudochlorodesmis furcellata,Reteporella grimaldii,Udoteaceae,Phidoloporidae,11,10,11,6,16.2
Euphorbia serrata,Urospermum dalechampii,Euphorbiaceae,Asteraceae,11,11,11,11,16.2
Acrosymphyton purpuriferum,Eunicella gazella,Acrosymphytaceae,Gorgoniidae,10,5,10,5,16.2
Apterichtus caecus,Scartella cristata,Ophichthidae,Blenniidae,9,6,6,5,16.2
Cistus salviifolius,Salvia rosmarinus,Cistaceae,Lamiaceae,8,7,7,6,16.2
Halocynthia papillosa,Petrosia ficiformis,Pyuridae,Petrosiidae,116,47,100,30,16.1
Eunicella gazella,Mesophyllum expansum,Gorgoniidae,Lithophyllaceae,81,38,74,21,16.1
Eunicella gazella,Pennaria disticha,Gorgoniidae,Pennariidae,79,29,62,23,16.1
Amphiroa rigida,Thericium vulgatum,Lithophyllaceae,Cerithiidae,70,24,51,24,16.1
Eunicella singularis,Reteporella grimaldii,Gorgoniidae,Phidoloporidae,65,32,55,26,16.1
Galactites tomentosus,Pistacia lentiscus,Asteraceae,Anacardiaceae,50,44,45,17,16.1
Hexaplex trunculus,Lissoclinum weigelei,Muricidae,Didemnidae,50,10,41,19,16.1
Ericaria mediterranea,Lipophrys trigloides,Sargassaceae,Blenniidae,20,13,19,8,16.1
Halopteris filicina,Pseudodistoma crucigaster,Stypocaulaceae,Pseudodistomidae,16,11,14,10,16.1
Hemimycale columella,Margaretta cereoides,Hymedesmiidae,Margarettidae,15,8,15,6,16.1
Modiolus barbatus,Pinctada radiata,Mytilidae,Pteriidae,15,9,14,6,16.1
Neogoniolithon brassica-florida,Stramonita haemastoma,Lithophyllaceae,Muricidae,13,12,12,8,16.1
Bunodeopsis strumosa,Dendrodoris limbata,Boloceroididae,Dendrodorididae,10,4,9,6,16.1
Dictyota fasciola,Diplodus vulgaris,Dictyotaceae,Sparidae,8,7,7,6,16.1
Aiptasia mutabilis,Myriapora truncata,Aiptasiidae,Myriaporidae,131,56,108,40,16.0
Arbacia lixula,Protula tubularia,Arbaciidae,Serpulidae,125,67,95,53,16.0
Gobius cruentatus,Myriapora truncata,Gobiidae,Myriaporidae,123,51,92,38,16.0
Ircinia oros,Mesophyllum expansum,Irciniidae,Lithophyllaceae,113,52,99,24,16.0
Branchiomma luctuosum,Holothuria tubulosa,Sabellidae,Holothuriidae,102,11,58,45,16.0
Crambe crambe,Eunicella singularis,Crambeidae,Gorgoniidae,85,36,68,37,16.0
Calmella cavolini,Trinchesia morrowae,Flabellinidae,Trinchesiidae,82,37,79,17,16.0
Ariosoma balearicum,Astropecten platyacanthus,Congridae,Astropectinidae,40,23,35,15,16.0
Inachus phalangium,Pagurus cuanensis,Inachidae,Paguridae,31,18,30,12,16.0
Aplysia depilans,Dictyota cyanoloma,Aplysiidae,Dictyotaceae,30,5,18,14,16.0
Astropecten platyacanthus,Gnathophyllum elegans,Astropectinidae,Gnathophyllidae,29,9,28,7,16.0
Candiella striata,Trinchesia morrowae,Tritoniidae,Trinchesiidae,28,20,26,10,16.0
Polycitor crystallinus,Posidonia oceanica,Polycitoridae,Posidoniaceae,26,16,18,14,16.0
Hacelia attenuata,Thorogobius ephippiatus,Ophidiasteridae,Gobiidae,23,14,23,5,16.0
Callista chione,Pecten jacobaeus,Veneridae,Pectinidae,23,21,22,18,16.0
Petrosia ficiformis,Polycyathus muellerae,Petrosiidae,Caryophylliidae,18,14,17,11,16.0
Plantago lagopus,Urospermum dalechampii,Plantaginaceae,Asteraceae,15,12,12,12,16.0
Aglaophenia tubiformis,Mesophyllum expansum,Aglaopheniidae,Lithophyllaceae,13,9,13,5,16.0
Derbesia tenuissima,Steromphala varia,Derbesiaceae,Trochidae,13,3,12,5,16.0
Pancratium maritimum,Paronychia argentea,Amaryllidaceae,Caryophyllaceae,12,8,10,7,16.0
Pagellus acarne,Processa macrophthalma,Sparidae,Processidae,11,11,11,6,16.0
Calystegia soldanella,Centaurea aspera,Convolvulaceae,Asteraceae,10,7,9,8,16.0
Amphiroa rubra,Flabellia petiolata,Lithophyllaceae,Codiaceae,10,8,9,7,16.0
Mesophyllum expansum,Taonia pseudociliata,Lithophyllaceae,Dictyotaceae,8,8,8,5,16.0
Actinia mediterranea,Aiptasia couchii,Actiniidae,Aiptasiidae,135,46,114,45,15.9
Bonellia viridis,Ircinia oros,Bonelliidae,Irciniidae,131,52,112,33,15.9
Aiptasia mutabilis,Flabellia petiolata,Aiptasiidae,Codiaceae,124,61,100,38,15.9
Sarcotragus fasciculatus,Symphodus mediterraneus,Irciniidae,Labridae,107,45,85,33,15.9
Pentapora fascialis,Symphodus mediterraneus,Bitectiporidae,Labridae,102,55,78,28,15.9
Crambe crambe,Mullus surmuletus,Crambeidae,Mullidae,96,40,77,36,15.9
Amphiroa rigida,Codium bursa,Lithophyllaceae,Codiaceae,73,23,62,27,15.9
Amphiroa rigida,Padina pavonica,Lithophyllaceae,Dictyotaceae,66,23,50,22,15.9
Leptogorgia sarmentosa,Lithophyllum stictiforme,Gorgoniidae,Lithophyllaceae,42,21,40,10,15.9
Bituminaria bituminosa,Cistus salviifolius,Fabaceae,Cistaceae,31,26,28,12,15.9
Centrolabrus melanocercus,Lithophyllum stictiforme,Labridae,Lithophyllaceae,27,19,24,11,15.9
Lima lima,Protula tubularia,Limidae,Serpulidae,22,15,20,13,15.9
Apogon imberbis,Lima lima,Apogonidae,Limidae,21,15,20,9,15.9
Bugula neritina,Lissoclinum weigelei,Bugulidae,Didemnidae,19,8,15,9,15.9
Dardanus calidus,Polycitor crystallinus,Diogenidae,Polycitoridae,11,6,11,7,15.9
Scopalina lophyropoda,Thylacodes arenarius,Dictyonellidae,Vermetidae,10,9,9,5,15.9
Jania rubens,Lima lima,Lithophyllaceae,Limidae,8,7,8,5,15.9
Crambe crambe,Sphaerococcus coronopifolius,Crambeidae,Sphaerococcaceae,120,49,100,37,15.8
Aiptasia mutabilis,Codium bursa,Aiptasiidae,Codiaceae,119,54,96,39,15.8
Agelas oroides,Gobius cruentatus,Agelasidae,Gobiidae,110,48,91,30,15.8
Chondrosia reniformis,Petrosia ficiformis,Chondrillidae,Petrosiidae,107,49,93,26,15.8
Balanophyllia europaea,Phorbas tenacior,Dendrophylliidae,Hymedesmiidae,105,54,88,29,15.8
Chromis chromis,Halimeda tuna,Pomacentridae,Halimedaceae,99,48,79,35,15.8
Mullus surmuletus,Protula tubularia,Mullidae,Serpulidae,92,41,71,43,15.8
Gobius incognitus,Oblada melanurus,Gobiidae,Sparidae,90,32,68,47,15.8
Codium bursa,Ellisolandia elongata,Codiaceae,Lithophyllaceae,74,43,63,27,15.8
Anthias anthias,Astrospartus mediterraneus,Anthiadidae,Gorgonocephalidae,48,25,46,26,15.8
Centrolabrus melanocercus,Parablennius rouxi,Labridae,Blenniidae,48,24,37,23,15.8
Dactylopterus volitans,Pinnoctopus macropus,Dactylopteridae,Octopodidae,35,11,34,13,15.8
Calmella cavolini,Tenellia ocellata,Flabellinidae,Tergipedidae,28,20,26,6,15.8
Haliclona mucosa,Phycis phycis,Chalinidae,Phycidae,25,12,24,5,15.8
Pagellus acarne,Zebrus zebrus,Sparidae,Gobiidae,25,11,23,6,15.8
Alcyonium acaule,Felimida binza,Alcyoniidae,Chromodorididae,19,11,18,6,15.8
Ariosoma balearicum,Halcampoides purpureus,Congridae,Halcampoididae,19,12,14,6,15.8
Adeonella calveti,Anthias anthias,Adeonellidae,Anthiadidae,16,10,15,7,15.8
Pagurus cuanensis,Periclimenes amethysteus,Paguridae,Palaemonidae,16,10,15,7,15.8
Neogoniolithon brassica-florida,Pentapora fascialis,Lithophyllaceae,Bitectiporidae,13,12,13,6,15.8
Berghia coerulescens,Tenellia ocellata,Aeolidiidae,Tergipedidae,11,9,11,6,15.8
Caberea boryi,Thylacodes arenarius,Candidae,Vermetidae,10,7,8,6,15.8
Diaphorodoris papillata,Dicata odhneri,Calycidorididae,Facelinidae,9,6,6,5,15.8
Cestum veneris,Tenellia ocellata,Cestidae,Tergipedidae,8,5,6,6,15.8
Protula tubularia,Scorpaena maderensis,Serpulidae,Scorpaenidae,107,52,91,46,15.7
Cliona viridis,Eunicella gazella,Clionaidae,Gorgoniidae,86,37,72,20,15.7
Apogon imberbis,Thalassoma pavo,Apogonidae,Labridae,86,41,72,45,15.7
Chondrosia reniformis,Thalassoma pavo,Chondrillidae,Labridae,83,45,71,33,15.7
Balanophyllia europaea,Eunicella singularis,Dendrophylliidae,Gorgoniidae,83,38,63,29,15.7
Actinia mediterranea,Hamigera hamigera,Actiniidae,Hymedesmiidae,54,27,53,13,15.7
Centrolabrus melanocercus,Gobius cruentatus,Labridae,Gobiidae,48,28,37,24,15.7
Hemimycale columella,Thylacodes arenarius,Hymedesmiidae,Vermetidae,44,22,30,14,15.7
Parazoanthus brevitentacularis,Pentapora fascialis,Parazoanthidae,Bitectiporidae,39,20,33,19,15.7
Asparagus acutifolius,Cistus salviifolius,Asparagaceae,Cistaceae,34,30,33,19,15.7
Lipophrys trigloides,Sycon raphanus,Blenniidae,Sycettidae,31,16,30,6,15.7
Asparagus acutifolius,Bituminaria bituminosa,Asparagaceae,Fabaceae,29,29,27,15,15.7
Amphiroa beauvoisii,Maja crispata,Lithophyllaceae,Majidae,28,7,24,11,15.7
Aplysia depilans,Clanculus jussieui,Aplysiidae,Trochidae,19,4,16,5,15.7
Branchiomma moebii,Lepadogaster candolii,Sabellidae,Gobiesocidae,18,11,18,5,15.7
Acanthonyx lunulatus,Aplysia depilans,Epialtidae,Aplysiidae,17,7,17,5,15.7
Perforatus perforatus,Tridentata perpusilla,Balanidae,Sertulariidae,16,14,16,8,15.7
Gymnammodytes cicerelus,Pomatoschistus bathi,Ammodytidae,Gobiidae,13,10,13,6,15.7
Pseudochlorodesmis furcellata,Symphodus mediterraneus,Udoteaceae,Labridae,13,6,13,7,15.7
Discocelis tigrina,Phallusia mammillata,Discocelidae,Ascidiidae,12,7,11,7,15.7
Gari depressa,Irus irus,Psammobiidae,Veneridae,10,9,10,5,15.7
Amphiroa rubra,Thericium vulgatum,Lithophyllaceae,Cerithiidae,9,5,9,5,15.7
Diplodus puntazzo,Protula tubularia,Sparidae,Serpulidae,120,60,94,56,15.6
Halocynthia papillosa,Ircinia oros,Pyuridae,Irciniidae,119,56,103,32,15.6
Bonellia viridis,Cliona viridis,Bonelliidae,Clionaidae,119,61,94,33,15.6
Ircinia oros,Symphodus mediterraneus,Irciniidae,Labridae,117,54,98,29,15.6
Arbacia lixula,Diplodus sargus,Arbaciidae,Sparidae,100,47,82,56,15.6
Phorbas tenacior,Sarcotragus fasciculatus,Hymedesmiidae,Irciniidae,97,51,80,26,15.6
Aiptasia couchii,Branchiomma luctuosum,Aiptasiidae,Sabellidae,97,10,62,43,15.6
Padina pavonica,Parablennius pilicornis,Dictyotaceae,Blenniidae,96,58,68,53,15.6
Halimeda tuna,Thalassoma pavo,Halimedaceae,Labridae,91,41,73,28,15.6
Chondrosia reniformis,Chromis chromis,Chondrillidae,Pomacentridae,89,42,76,37,15.6
Parablennius pilicornis,Thalassoma pavo,Blenniidae,Labridae,89,44,68,56,15.6
Diplodus puntazzo,Epinephelus marginatus,Sparidae,Epinephelidae,82,48,72,46,15.6
Amphiroa rigida,Crambe crambe,Lithophyllaceae,Crambeidae,80,28,60,25,15.6
Gobius incognitus,Thalassoma pavo,Gobiidae,Labridae,77,38,67,40,15.6
Ariosoma balearicum,Synodus saurus,Congridae,Synodontidae,73,39,66,30,15.6
Balanophyllia europaea,Lithophyllum stictiforme,Dendrophylliidae,Lithophyllaceae,68,37,56,25,15.6
Agelas oroides,Centrolabrus melanocercus,Agelasidae,Labridae,42,25,40,17,15.6
Acinetospora crinita,Agelas oroides,Acinetosporaceae,Agelasidae,40,27,36,16,15.6
Pagellus acarne,Pagurus cuanensis,Sparidae,Paguridae,26,15,23,6,15.6
Mesophyllum alternans,Serranus scriba,Lithophyllaceae,Serranidae,23,15,22,10,15.6
Pagurus cuanensis,Telmatactis forskalii,Paguridae,Isophelliidae,22,10,21,5,15.6
Galactites tomentosus,Plantago lagopus,Asteraceae,Plantaginaceae,22,20,20,12,15.6
Alvania lineata,Phorbas tenacior,Rissoidae,Hymedesmiidae,18,12,18,5,15.6
Caulerpa cylindracea,Placida verticilata,Caulerpaceae,Stiligeridae,17,11,16,6,15.6
Ctenolabrus rupestris,Polysyncraton lacazei,Labridae,Didemnidae,12,10,12,5,15.6
Bunodeopsis strumosa,Yungia aurantiaca,Boloceroididae,Pseudocerotidae,11,5,9,6,15.6
Polycitor crystallinus,Scorpaena scrofa,Polycitoridae,Scorpaenidae,11,5,11,7,15.6
Pachycerianthus dohrni,Reteporella grimaldii,Cerianthidae,Phidoloporidae,11,11,11,5,15.6
Isara cornea,Reteporella grimaldii,Mitridae,Phidoloporidae,10,9,10,8,15.6
Achelous hastatus,Echinocardium cordatum,Portunidae,Loveniidae,9,5,7,6,15.6
Actinia mediterranea,Gobius paganellus,Actiniidae,Gobiidae,126,42,99,32,15.5
Bonellia viridis,Mesophyllum expansum,Bonelliidae,Lithophyllaceae,109,51,94,24,15.5
Codium bursa,Labrus merula,Codiaceae,Labridae,105,38,84,40,15.5
Gobius cruentatus,Phorbas tenacior,Gobiidae,Hymedesmiidae,104,47,88,30,15.5
Agelas oroides,Protula tubularia,Agelasidae,Serpulidae,104,44,82,38,15.5
Arbacia lixula,Symphodus tinca,Arbaciidae,Labridae,103,47,91,52,15.5
Gobius cobitis,Lipophrys trigloides,Gobiidae,Blenniidae,100,37,72,27,15.5
Apogon imberbis,Oblada melanurus,Apogonidae,Sparidae,98,49,79,34,15.5
Myriapora truncata,Padina pavonica,Myriaporidae,Dictyotaceae,96,46,77,38,15.5
Halocynthia papillosa,Prostheceraeus roseus,Pyuridae,Euryleptidae,89,49,62,35,15.5
Branchiomma luctuosum,Thericium vulgatum,Sabellidae,Cerithiidae,86,10,49,54,15.5
Arbacia lixula,Epinephelus marginatus,Arbaciidae,Epinephelidae,83,51,72,42,15.5
Eunicella singularis,Sphaerococcus coronopifolius,Gorgoniidae,Sphaerococcaceae,80,35,61,30,15.5
Diplodus puntazzo,Leptogorgia sarmentosa,Sparidae,Gorgoniidae,74,37,63,36,15.5
Eunicella singularis,Padina pavonica,Gorgoniidae,Dictyotaceae,67,32,47,31,15.5
Alcyonium acaule,Diaphorodoris papillata,Alcyoniidae,Calycidorididae,43,19,41,12,15.5
Centrolabrus melanocercus,Eunicella singularis,Labridae,Gorgoniidae,32,14,27,16,15.5
Conus ventricosus,Peronaea planata,Conidae,Tellinidae,31,21,28,19,15.5
Convolvulus althaeoides,Foeniculum vulgare,Convolvulaceae,Apiaceae,30,29,26,16,15.5
Halopteris filicina,Petrosia ficiformis,Stypocaulaceae,Petrosiidae,25,15,23,10,15.5
Gnathophyllum elegans,Zebrus zebrus,Gnathophyllidae,Gobiidae,20,8,19,5,15.5
Diaphorodoris alba,Placida dendritica,Calycidorididae,Stiligeridae,18,11,18,5,15.5
Phallusia mammillata,Veretillum cynomorium,Ascidiidae,Veretillidae,15,5,14,7,15.5
Cardites antiquatus,Clanculus jussieui,Carditidae,Trochidae,14,11,14,6,15.5
Palinurus elephas,Polycitor crystallinus,Palinuridae,Polycitoridae,11,7,9,7,15.5
Codium coralloides,Hemimycale columella,Codiaceae,Hymedesmiidae,11,8,11,6,15.5
Janolus hyalinus,Yungia aurantiaca,Janolidae,Pseudocerotidae,11,4,7,5,15.5
Apogon imberbis,Posidonia oceanica,Apogonidae,Posidoniaceae,216,86,159,54,15.4
Petrosia ficiformis,Symphodus mediterraneus,Petrosiidae,Labridae,108,48,96,26,15.4
Chromis chromis,Diplodus puntazzo,Pomacentridae,Sparidae,99,47,77,50,15.4
Balanophyllia europaea,Padina pavonica,Dendrophylliidae,Dictyotaceae,97,38,74,35,15.4
Parablennius sanguinolentus,Stramonita haemastoma,Blenniidae,Muricidae,88,37,67,35,15.4
Aidablennius sphynx,Dicentrarchus labrax,Blenniidae,Moronidae,87,43,68,32,15.4
Dicentrarchus labrax,Parablennius sanguinolentus,Moronidae,Blenniidae,87,45,67,26,15.4
Crambe crambe,Epinephelus marginatus,Crambeidae,Epinephelidae,80,39,71,41,15.4
Ellisolandia elongata,Sphaerococcus coronopifolius,Lithophyllaceae,Sphaerococcaceae,78,39,67,30,15.4
Ellisolandia elongata,Protula tubularia,Lithophyllaceae,Serpulidae,78,39,69,25,15.4
Epinephelus marginatus,Labrus merula,Epinephelidae,Labridae,77,33,67,41,15.4
Aiptasia couchii,Amphiroa rigida,Aiptasiidae,Lithophyllaceae,75,28,68,27,15.4
Prostheceraeus moseleyi,Rudmania krohni,Euryleptidae,Chromodorididae,50,38,44,24,15.4
Dasyatis pastinaca,Xyrichtys novacula,Dasyatidae,Labridae,33,16,27,10,15.4
Amphiroa beauvoisii,Thericium vulgatum,Lithophyllaceae,Cerithiidae,30,9,22,21,15.4
Dactylopterus volitans,Dasyatis pastinaca,Dactylopteridae,Dasyatidae,22,12,21,11,15.4
Caberea boryi,Pycnoclavella communis,Candidae,Pycnoclavellidae,20,16,20,11,15.4
Bosellia mimetica,Gnathophyllum elegans,Plakobranchidae,Gnathophyllidae,18,7,15,5,15.4
Ascidia mentula,Lissoclinum weigelei,Ascidiidae,Didemnidae,16,13,15,5,15.4
Ascandra contorta,Prostheceraeus moseleyi,Leucaltidae,Euryleptidae,15,13,15,5,15.4
Centrolabrus melanocercus,Halopteris filicina,Labridae,Stypocaulaceae,10,7,10,6,15.4
Amphiroa rubra,Petrosia ficiformis,Lithophyllaceae,Petrosiidae,10,8,10,6,15.4
Diaphorodoris alba,Frondipora verrucosa,Calycidorididae,Frondiporidae,9,8,9,8,15.4
Bonellia viridis,Taonia pseudociliata,Bonelliidae,Dictyotaceae,9,8,9,9,15.4
Phorbas tenacior,Posidonia oceanica,Hymedesmiidae,Posidoniaceae,198,74,152,40,15.3
Petrosia ficiformis,Serpula vermicularis,Petrosiidae,Serpulidae,130,59,110,38,15.3
Apogon imberbis,Scorpaena maderensis,Apogonidae,Scorpaenidae,100,42,85,46,15.3
Agelas oroides,Sarcotragus fasciculatus,Agelasidae,Irciniidae,98,32,76,28,15.3
Prostheceraeus roseus,Symphodus mediterraneus,Euryleptidae,Labridae,86,44,71,34,15.3
Asparagopsis taxiformis,Stramonita haemastoma,Bonnemaisoniaceae,Muricidae,70,26,44,38,15.3
Alcyonium acaule,Hemimycale columella,Alcyoniidae,Hymedesmiidae,39,18,35,15,15.3
Pachycerianthus solitarius,Phoronis hippocrepia,Cerianthidae,Phoronidae,29,13,27,8,15.3
Diaphorodoris papillata,Placida dendritica,Calycidorididae,Stiligeridae,25,19,24,7,15.3
Echinocardium cordatum,Naticarius hebraeus,Loveniidae,Naticidae,22,16,12,17,15.3
Chamelea gallina,Loripes orbiculatus,Veneridae,Lucinidae,21,17,21,10,15.3
Goniodoridella picoensis,Marionia blainvillea,Goniodorididae,Tritoniidae,20,13,19,9,15.3
Clanculus jussieui,Polititapes aureus,Trochidae,Veneridae,15,11,14,6,15.3
Lagurus ovatus,Plantago lagopus,Poaceae,Plantaginaceae,13,10,10,12,15.3
Alcyonium acaule,Corynactis viridis,Alcyoniidae,Corallimorphidae,12,9,12,6,15.3
Hemimycale columella,Pachycerianthus dohrni,Hymedesmiidae,Cerianthidae,12,9,12,5,15.3
Aglaophenia harpago,Sphaerococcus coronopifolius,Aglaopheniidae,Sphaerococcaceae,12,12,12,7,15.3
Euphorbia serrata,Plantago lagopus,Euphorbiaceae,Plantaginaceae,9,8,9,6,15.3
Chloromyia formosa,Convolvulus althaeoides,Stratiomyidae,Convolvulaceae,8,6,6,5,15.3
Eudendrium racemosum,Jania virgata,Eudendriidae,Lithophyllaceae,8,8,8,5,15.3
Acetabularia acetabulum,Posidonia oceanica,Polyphysaceae,Posidoniaceae,234,77,148,65,15.2
Arbacia lixula,Holothuria tubulosa,Arbaciidae,Holothuriidae,120,57,93,48,15.2
Aiptasia mutabilis,Apogon imberbis,Aiptasiidae,Apogonidae,118,54,91,47,15.2
Cliona viridis,Parablennius rouxi,Clionaidae,Blenniidae,113,56,97,29,15.2
Labrus merula,Myriapora truncata,Labridae,Myriaporidae,111,43,87,44,15.2
Ircinia oros,Pentapora fascialis,Irciniidae,Bitectiporidae,108,58,88,29,15.2
Bonellia viridis,Prostheceraeus roseus,Bonelliidae,Euryleptidae,94,44,84,24,15.2
Eunicella singularis,Sarcotragus fasciculatus,Gorgoniidae,Irciniidae,75,36,60,29,15.2
Amphiroa rigida,Gobius incognitus,Lithophyllaceae,Gobiidae,65,31,53,23,15.2
Gnathophyllum elegans,Lepadogaster candolii,Gnathophyllidae,Gobiesocidae,48,21,44,14,15.2
Aplysia depilans,Branchiomma luctuosum,Aplysiidae,Sabellidae,44,8,27,25,15.2
Chamelea gallina,Neverita josephinia,Veneridae,Naticidae,34,28,32,26,15.2
Gari depressa,Lithophyllum stictiforme,Psammobiidae,Lithophyllaceae,24,14,21,8,15.2
Lissoclinum weigelei,Steromphala varia,Didemnidae,Trochidae,24,5,24,5,15.2
Goniodoridella picoensis,Thylacodes arenarius,Goniodorididae,Vermetidae,23,12,21,6,15.2
Hemimycale mediterranea,Oculina patagonica,Hymedesmiidae,Oculinidae,19,8,18,8,15.2
Holothuria forskali,Manupecten pesfelis,Holothuriidae,Pectinidae,14,10,14,7,15.2
Berthella ocellata,Pinnoctopus macropus,Pleurobranchidae,Octopodidae,12,9,10,7,15.2
Moerella pulchella,Tritia neritea,Tellinidae,Nassariidae,10,8,10,8,15.2
Gobius cobitis,Tayuva maculosa,Gobiidae,Discodorididae,10,6,6,6,15.2
Steromphala rarilineata,Striarca lactea,Trochidae,Noetiidae,8,8,8,6,15.2
Actinia mediterranea,Eriphia verrucosa,Actiniidae,Eriphiidae,124,53,108,38,15.1
Aiptasia mutabilis,Halocynthia papillosa,Aiptasiidae,Pyuridae,120,46,98,45,15.1
Apogon imberbis,Parablennius rouxi,Apogonidae,Blenniidae,109,48,82,44,15.1
Oblada melanurus,Parablennius gattorugine,Sparidae,Blenniidae,104,51,78,38,15.1
Eriphia verrucosa,Gobius cobitis,Eriphiidae,Gobiidae,103,44,86,38,15.1
Aiptasia couchii,Thericium vulgatum,Aiptasiidae,Cerithiidae,96,30,77,41,15.1
Diplodus puntazzo,Mullus surmuletus,Sparidae,Mullidae,92,50,79,48,15.1
Dicentrarchus labrax,Oblada melanurus,Moronidae,Sparidae,87,47,73,30,15.1
Amphiroa rigida,Halimeda tuna,Lithophyllaceae,Halimedaceae,76,27,64,25,15.1
Epinephelus marginatus,Flabellia petiolata,Epinephelidae,Codiaceae,73,27,59,29,15.1
Branchiomma luctuosum,Phallusia mammillata,Sabellidae,Ascidiidae,56,7,48,25,15.1
Amphiroa beauvoisii,Holothuria tubulosa,Lithophyllaceae,Holothuriidae,34,5,25,14,15.1
Mesophyllum alternans,Serpula vermicularis,Lithophyllaceae,Serpulidae,31,16,29,14,15.1
Chrysymenia ventricosa,Pentapora fascialis,Rhodymeniaceae,Bitectiporidae,25,20,20,14,15.1
Balanophyllia europaea,Halopteris filicina,Dendrophylliidae,Stypocaulaceae,25,18,20,7,15.1
Gari depressa,Striarca lactea,Psammobiidae,Noetiidae,24,19,24,6,15.1
Pycnoclavella nana,Trinchesia morrowae,Pycnoclavellidae,Trinchesiidae,23,12,23,8,15.1
Petalifera petalifera,Stenopus spinosus,Aplysiidae,Stenopodidae,23,11,21,8,15.1
Bonellia viridis,Lima lima,Bonelliidae,Limidae,22,19,21,11,15.1
Moerella pulchella,Striarca lactea,Tellinidae,Noetiidae,15,12,15,5,15.1
Limacia inesae,Rudmania krohni,Polyceridae,Chromodorididae,12,9,11,6,15.1
Haminoea exigua,Pachycerianthus solitarius,Haminoeidae,Cerianthidae,12,5,12,6,15.1
Cistus salviifolius,Ulex parviflorus,Cistaceae,Fabaceae,11,9,11,6,15.1
Flabellia petiolata,Taonia pseudociliata,Codiaceae,Dictyotaceae,8,7,8,6,15.1
Sarcotragus fasciculatus,Taonia pseudociliata,Irciniidae,Dictyotaceae,8,7,7,8,15.1
Acinetospora crinita,Lima lima,Acinetosporaceae,Limidae,8,8,8,5,15.1
Balanophyllia europaea,Posidonia oceanica,Dendrophylliidae,Posidoniaceae,225,70,159,47,15.0
Balanophyllia europaea,Petrosia ficiformis,Dendrophylliidae,Petrosiidae,113,41,94,31,15.0
Prostheceraeus roseus,Serpula vermicularis,Euryleptidae,Serpulidae,102,54,81,36,15.0
Aiptasia couchii,Oblada melanurus,Aiptasiidae,Sparidae,97,40,81,38,15.0
Mesophyllum expansum,Pentapora fascialis,Lithophyllaceae,Bitectiporidae,91,53,79,22,15.0
Apogon imberbis,Eunicella gazella,Apogonidae,Gorgoniidae,80,36,69,32,15.0
Centrolabrus melanocercus,Sciaena umbra,Labridae,Sciaenidae,36,17,29,12,15.0
Naticarius hebraeus,Tritia neritea,Naticidae,Nassariidae,25,17,21,17,15.0
Bosemprella incarnata,Tritia mutabilis,Tellinidae,Nassariidae,20,15,20,14,15.0
Astropecten platyacanthus,Bugula neritina,Astropectinidae,Bugulidae,19,7,18,5,15.0
Nerocila bivittata,Petrosia ficiformis,Cymothoidae,Petrosiidae,19,11,19,6,15.0
Diaphorodoris alba,Phyllidia flava,Calycidorididae,Phyllidiidae,17,11,17,7,15.0
Holothuria tubulosa,Tridentata perpusilla,Holothuriidae,Sertulariidae,16,15,16,10,15.0
Facelina rubrovittata,Pseudobiceros splendidus,Facelinidae,Pseudocerotidae,14,5,14,5,15.0
Manupecten pesfelis,Pentapora fascialis,Pectinidae,Bitectiporidae,14,11,14,9,15.0
Mesochaetopterus rogeri,Pachycerianthus solitarius,Chaetopteridae,Cerianthidae,12,8,12,8,15.0
Crimora papillata,Trinchesia morrowae,Polyceridae,Trinchesiidae,11,8,11,5,15.0
Holothuria forskali,Polycitor crystallinus,Holothuriidae,Polycitoridae,11,7,10,7,15.0
Holothuria tubulosa,Ircinia oros,Holothuriidae,Irciniidae,118,55,106,36,14.9
Flabellia petiolata,Gobius cruentatus,Codiaceae,Gobiidae,109,52,86,39,14.9
Arbacia lixula,Oblada melanurus,Arbaciidae,Sparidae,104,55,85,47,14.9
Acetabularia acetabulum,Thericium vulgatum,Polyphysaceae,Cerithiidae,101,46,75,47,14.9
Flabellia petiolata,Sabella spallanzanii,Codiaceae,Sabellidae,92,51,73,35,14.9
Chelon auratus,Dicentrarchus labrax,Mugilidae,Moronidae,90,46,79,33,14.9
Codium bursa,Thalassoma pavo,Codiaceae,Labridae,79,39,62,33,14.9
Diplodus sargus,Symphodus roissali,Sparidae,Labridae,79,38,66,47,14.9
Cliona viridis,Ellisolandia elongata,Clionaidae,Lithophyllaceae,74,41,62,22,14.9
Epinephelus marginatus,Symphodus mediterraneus,Epinephelidae,Labridae,72,32,63,32,14.9
Thericium vulgatum,Tricleocarpa fragilis,Cerithiidae,Galaxauraceae,65,19,47,23,14.9
Bothus podas,Dasyatis pastinaca,Bothidae,Dasyatidae,43,24,32,17,14.9
Acinetospora crinita,Mesophyllum expansum,Acinetosporaceae,Lithophyllaceae,38,26,34,12,14.9
Facelinopsis marioni,Goniodoridella picoensis,Facelinidae,Goniodorididae,28,14,25,8,14.9
Bituminaria bituminosa,Foeniculum vulgare,Fabaceae,Apiaceae,27,27,25,16,14.9
Flabellia petiolata,Tridentata perpusilla,Codiaceae,Sertulariidae,15,13,15,10,14.9
Paractinia striata,Synodus saurus,Hormathiidae,Synodontidae,13,8,12,5,14.9
Acrosymphyton purpuriferum,Cliona viridis,Acrosymphytaceae,Clionaidae,12,5,12,5,14.9
Petalifera petalifera,Platydoris argo,Aplysiidae,Discodorididae,11,4,9,7,14.9
Ircinia oros,Serpula vermicularis,Irciniidae,Serpulidae,134,67,113,36,14.8
Serpula vermicularis,Symphodus mediterraneus,Serpulidae,Labridae,121,53,98,43,14.8
Acetabularia acetabulum,Sarcotragus fasciculatus,Polyphysaceae,Irciniidae,109,42,85,32,14.8
Codium bursa,Parablennius rouxi,Codiaceae,Blenniidae,104,49,88,32,14.8
Flabellia petiolata,Petrosia ficiformis,Codiaceae,Petrosiidae,104,43,87,29,14.8
Aiptasia couchii,Eriphia verrucosa,Aiptasiidae,Eriphiidae,102,43,89,42,14.8
Halimeda tuna,Oblada melanurus,Halimedaceae,Sparidae,99,46,87,31,14.8
Scorpaena maderensis,Symphodus mediterraneus,Scorpaenidae,Labridae,97,39,84,32,14.8
Halimeda tuna,Symphodus tinca,Halimedaceae,Labridae,94,40,76,28,14.8
Halocynthia papillosa,Sabella spallanzanii,Pyuridae,Sabellidae,94,46,69,42,14.8
Halimeda tuna,Mullus surmuletus,Halimedaceae,Mullidae,88,36,75,27,14.8
Gobius incognitus,Parablennius sanguinolentus,Gobiidae,Blenniidae,82,30,64,39,14.8
Serranus scriba,Stramonita haemastoma,Serranidae,Muricidae,80,38,66,26,14.8
Epinephelus marginatus,Myriapora truncata,Epinephelidae,Myriaporidae,75,37,62,27,14.8
Agelas oroides,Anthias anthias,Agelasidae,Anthiadidae,74,22,54,25,14.8
Chondrosia reniformis,Epinephelus marginatus,Chondrillidae,Epinephelidae,69,35,64,27,14.8
Pseudodistoma crucigaster,Pycnoclavella communis,Pseudodistomidae,Pycnoclavellidae,60,25,55,23,14.8
Gnathophyllum elegans,Ophisurus serpens,Gnathophyllidae,Ophichthidae,46,7,45,9,14.8
Acinetospora crinita,Cliona viridis,Acinetosporaceae,Clionaidae,41,27,36,13,14.8
Diaphorodoris alba,Facelina rubrovittata,Calycidorididae,Facelinidae,39,19,36,9,14.8
Felimare villafranca,Haminoea hydatis,Chromodorididae,Haminoeidae,35,7,33,6,14.8
Facelina rubrovittata,Thylacodes arenarius,Facelinidae,Vermetidae,25,13,23,8,14.8
Hacelia attenuata,Labrus mixtus,Ophidiasteridae,Labridae,23,10,23,8,14.8
Luria lurida,Petalifera petalifera,Cypraeidae,Aplysiidae,19,5,14,7,14.8
Bolma rugosa,Mesophyllum alternans,Turbinidae,Lithophyllaceae,17,14,17,5,14.8
Calmella cavolini,Janolus hyalinus,Flabellinidae,Janolidae,16,4,14,5,14.8
Cistus salviifolius,Synema globosum,Cistaceae,Thomisidae,15,13,13,8,14.8
Epinephelus marginatus,Lima lima,Epinephelidae,Limidae,14,11,14,10,14.8
Diaphorodoris alba,Trapania maculata,Calycidorididae,Goniodorididae,11,8,11,6,14.8
Ariosoma balearicum,Cestopagurus timidus,Congridae,Paguridae,9,5,9,5,14.8
Ocnus planci,Pagurus cuanensis,Cucumariidae,Paguridae,8,3,7,5,14.8
Arbacia lixula,Diplodus puntazzo,Arbaciidae,Sparidae,120,69,98,53,14.7
Bonellia viridis,Sarcotragus fasciculatus,Bonelliidae,Irciniidae,109,44,94,33,14.7
Myriapora truncata,Sarcotragus fasciculatus,Myriaporidae,Irciniidae,104,50,81,30,14.7
Parablennius zvonimiri,Scorpaena maderensis,Blenniidae,Scorpaenidae,103,43,85,34,14.7
Arbacia lixula,Symphodus roissali,Arbaciidae,Labridae,101,54,87,49,14.7
Crambe crambe,Diplodus sargus,Crambeidae,Sparidae,92,42,77,45,14.7
Codium bursa,Palinurus elephas,Codiaceae,Palinuridae,87,37,71,31,14.7
Oblada melanurus,Pennaria disticha,Sparidae,Pennariidae,86,42,66,33,14.7
Eunicella gazella,Myriapora truncata,Gorgoniidae,Myriaporidae,82,37,73,25,14.7
Chondrosia reniformis,Eunicella singularis,Chondrillidae,Gorgoniidae,70,35,58,29,14.7
Felimare villafranca,Trinchesia morrowae,Chromodorididae,Trinchesiidae,67,37,61,15,14.7
Microlipophrys nigriceps,Pomatoschistus bathi,Blenniidae,Gobiidae,44,22,39,8,14.7
Berghia coerulescens,Rudmania krohni,Aeolidiidae,Chromodorididae,31,23,29,12,14.7
Hemimycale columella,Pycnoclavella nana,Hymedesmiidae,Pycnoclavellidae,26,19,24,14,14.7
Pistacia lentiscus,Sonchus tenerrimus,Anacardiaceae,Asteraceae,23,22,20,13,14.7
Calmella cavolini,Placida verticilata,Flabellinidae,Stiligeridae,22,14,22,5,14.7
Berthellina edwardsii,Pinnoctopus macropus,Pleurobranchidae,Octopodidae,21,10,19,10,14.7
Maja crispata,Mesophyllum alternans,Majidae,Lithophyllaceae,21,14,20,9,14.7
Dictyota cyanoloma,Sycon raphanus,Dictyotaceae,Sycettidae,18,10,18,5,14.7
Agelas oroides,Nerocila bivittata,Agelasidae,Cymothoidae,17,14,16,10,14.7
Jania virgata,Tricleocarpa fragilis,Lithophyllaceae,Galaxauraceae,16,12,15,6,14.7
Polycyathus muellerae,Reteporella grimaldii,Caryophylliidae,Phidoloporidae,13,10,13,7,14.7
Parablennius rouxi,Pseudochlorodesmis furcellata,Blenniidae,Udoteaceae,13,9,12,7,14.7
Aeolidiella alderi,Bugula neritina,Aeolidiidae,Bugulidae,12,5,12,7,14.7
Ecteinascidia herdmani,Trinchesia morrowae,Perophoridae,Trinchesiidae,12,6,12,5,14.7
Petrosia ficiformis,Polycitor crystallinus,Petrosiidae,Polycitoridae,12,7,12,6,14.7
Bolma rugosa,Episcomitra cornicula,Turbinidae,Mitridae,10,7,10,7,14.7
Miniacina miniacea,Stenopus spinosus,Homotrematidae,Stenopodidae,9,9,9,5,14.7
Aglaophenia elongata,Leptogorgia sarmentosa,Aglaopheniidae,Gorgoniidae,9,9,9,7,14.7
Clanculus jussieui,Talochlamys multistriata,Trochidae,Pectinidae,8,7,8,6,14.7
Flabellia petiolata,Serpula vermicularis,Codiaceae,Serpulidae,119,56,103,37,14.6
Diplodus puntazzo,Halocynthia papillosa,Sparidae,Pyuridae,110,50,88,38,14.6
Gobius cruentatus,Halocynthia papillosa,Gobiidae,Pyuridae,109,46,86,40,14.6
Myriapora truncata,Scorpaena maderensis,Myriaporidae,Scorpaenidae,100,40,79,34,14.6
Parablennius zvonimiri,Symphodus roissali,Blenniidae,Labridae,97,45,78,34,14.6
Diplodus puntazzo,Symphodus tinca,Sparidae,Labridae,96,46,83,48,14.6
Diplodus puntazzo,Padina pavonica,Sparidae,Dictyotaceae,94,55,67,49,14.6
Aiptasia couchii,Symphodus tinca,Aiptasiidae,Labridae,90,29,76,39,14.6
Eunicella gazella,Holothuria tubulosa,Gorgoniidae,Holothuriidae,82,33,74,29,14.6
Aiptasia mutabilis,Amphiroa rigida,Aiptasiidae,Lithophyllaceae,80,27,68,29,14.6
Diaphorodoris alba,Trinchesia morrowae,Calycidorididae,Trinchesiidae,55,33,51,16,14.6
Diaphorodoris papillata,Facelina rubrovittata,Calycidorididae,Facelinidae,54,26,50,13,14.6
Lipophrys trigloides,Telmatactis forskalii,Blenniidae,Isophelliidae,54,22,49,13,14.6
Facelinopsis marioni,Felimare villafranca,Facelinidae,Chromodorididae,47,17,46,8,14.6
Eunicella gazella,Nemesignis banyulensis,Gorgoniidae,Myrrhinidae,46,16,39,16,14.6
Eudendrium racemosum,Pennaria disticha,Eudendriidae,Pennariidae,31,15,29,8,14.6
Centrolabrus melanocercus,Pomatoschistus bathi,Labridae,Gobiidae,28,9,20,8,14.6
Pachycerianthus solitarius,Pagurus cuanensis,Cerianthidae,Paguridae,27,16,25,12,14.6
Microlipophrys nigriceps,Muricopsis cristata,Blenniidae,Muricidae,21,12,21,8,14.6
Adeonella calveti,Phycis phycis,Adeonellidae,Phycidae,18,14,18,7,14.6
Loripes orbiculatus,Steromphala varia,Lucinidae,Trochidae,18,11,18,11,14.6
Sicyonia carinata,Stenopus spinosus,Sicyoniidae,Stenopodidae,16,10,16,8,14.6
Astropecten platyacanthus,Buglossidium luteum,Astropectinidae,Soleidae,16,4,14,5,14.6
Crella pulvinar,Holothuria forskali,Crellidae,Holothuriidae,15,13,14,7,14.6
Ocnus planci,Yungia aurantiaca,Cucumariidae,Pseudocerotidae,14,7,11,6,14.6
Pistacia lentiscus,Ulex parviflorus,Anacardiaceae,Fabaceae,14,14,13,8,14.6
Pagellus erythrinus,Processa macrophthalma,Sparidae,Processidae,13,10,13,7,14.6
Ophisurus serpens,Trachinus araneus,Ophichthidae,Trachinidae,12,5,7,9,14.6
Amphiroa beauvoisii,Polititapes aureus,Lithophyllaceae,Veneridae,12,5,11,6,14.6
Gobius cruentatus,Holothuria tubulosa,Gobiidae,Holothuriidae,112,40,94,41,14.5
Myriapora truncata,Parablennius rouxi,Myriaporidae,Blenniidae,110,47,84,37,14.5
Diplodus puntazzo,Symphodus mediterraneus,Sparidae,Labridae,107,53,85,46,14.5
Bonellia viridis,Pentapora fascialis,Bonelliidae,Bitectiporidae,102,54,89,25,14.5
Mesophyllum expansum,Parablennius rouxi,Lithophyllaceae,Blenniidae,99,53,85,22,14.5
Balanophyllia europaea,Thericium vulgatum,Dendrophylliidae,Cerithiidae,96,31,72,33,14.5
Aidablennius sphynx,Perforatus perforatus,Blenniidae,Balanidae,91,49,85,27,14.5
Cliona viridis,Padina pavonica,Clionaidae,Dictyotaceae,88,45,73,30,14.5
Padina pavonica,Phorbas tenacior,Dictyotaceae,Hymedesmiidae,79,49,67,33,14.5
Eunicella gazella,Holothuria forskali,Gorgoniidae,Holothuriidae,72,30,66,18,14.5
Eunicella gazella,Pycnoclavella communis,Gorgoniidae,Pycnoclavellidae,72,22,56,19,14.5
Amphiroa rigida,Thalassoma pavo,Lithophyllaceae,Labridae,56,24,47,18,14.5
Felimare fontandraui,Goniodoridella picoensis,Chromodorididae,Goniodorididae,35,26,31,13,14.5
Echinocardium cordatum,Pachycerianthus solitarius,Loveniidae,Cerianthidae,26,16,19,11,14.5
Derbesia tenuissima,Gobius cobitis,Derbesiaceae,Gobiidae,23,10,23,8,14.5
Candiella striata,Nemesignis banyulensis,Tritoniidae,Myrrhinidae,19,16,11,6,14.5
Ericaria mediterranea,Eriphia verrucosa,Sargassaceae,Eriphiidae,19,15,18,12,14.5
Aplus dorbignyi,Luria lurida,Pisaniidae,Cypraeidae,18,6,16,5,14.5
Caberea boryi,Trinchesia morrowae,Candidae,Trinchesiidae,16,11,15,6,14.5
Astropecten platyacanthus,Berthellina edwardsii,Astropectinidae,Pleurobranchidae,15,9,15,5,14.5
Hemimycale mediterranea,Pseudodistoma crucigaster,Hymedesmiidae,Pseudodistomidae,13,5,13,5,14.5
Balanophyllia europaea,Sertularella crassicaulis,Dendrophylliidae,Sertulariidae,12,10,10,7,14.5
Frondipora verrucosa,Hemimycale columella,Frondiporidae,Hymedesmiidae,11,7,11,7,14.5
Limaria hians,Pseudobiceros splendidus,Limidae,Pseudocerotidae,10,5,9,6,14.5
Prostheceraeus moseleyi,Rudmania purpurea,Euryleptidae,Chromodorididae,9,8,8,5,14.5
Inachus phalangium,Sertularella crassicaulis,Inachidae,Sertulariidae,9,7,7,5,14.5
Haminoea hydatis,Ocnus planci,Haminoeidae,Cucumariidae,9,4,9,5,14.5
Posidonia oceanica,Serranus scriba,Posidoniaceae,Serranidae,174,74,131,57,14.4
Parablennius gattorugine,Perforatus perforatus,Blenniidae,Balanidae,108,57,94,38,14.4
Aiptasia couchii,Halimeda tuna,Aiptasiidae,Halimedaceae,106,42,93,32,14.4
Halocynthia papillosa,Palinurus elephas,Pyuridae,Palinuridae,90,35,69,30,14.4
Eunicella gazella,Gobius cruentatus,Gorgoniidae,Gobiidae,83,31,70,24,14.4
Epinephelus marginatus,Sciaena umbra,Epinephelidae,Sciaenidae,59,19,49,32,14.4
Amphiroa rigida,Serranus scriba,Lithophyllaceae,Serranidae,59,19,45,21,14.4
Leptogorgia sarmentosa,Thericium vulgatum,Gorgoniidae,Cerithiidae,58,29,50,29,14.4
Caranx crysos,Chelon auratus,Carangidae,Mugilidae,41,27,34,17,14.4
Centrolabrus melanocercus,Pagellus acarne,Labridae,Sparidae,28,11,24,8,14.4
Diaphorodoris papillata,Haliclona mucosa,Calycidorididae,Chalinidae,24,12,22,6,14.4
Crambe crambe,Halopteris filicina,Crambeidae,Stypocaulaceae,24,19,22,14,14.4
Mesophyllum alternans,Thalassoma pavo,Lithophyllaceae,Labridae,20,15,19,7,14.4
Aeolidiella alderi,Yungia aurantiaca,Aeolidiidae,Pseudocerotidae,19,6,17,5,14.4
Pinctada radiata,Polititapes aureus,Pteriidae,Veneridae,19,11,19,8,14.4
Cardites antiquatus,Steromphala varia,Carditidae,Trochidae,18,13,18,8,14.4
Convolvulus althaeoides,Plantago lagopus,Convolvulaceae,Plantaginaceae,18,16,14,11,14.4
Ctenolabrus rupestris,Thylacodes arenarius,Labridae,Vermetidae,11,9,10,6,14.4
Cribrinopsis crassa,Isara cornea,Actiniidae,Mitridae,11,6,9,7,14.4
Felimare fontandraui,Limacia inesae,Chromodorididae,Polyceridae,10,8,8,5,14.4
Alcyonium acaule,Ctenolabrus rupestris,Alcyoniidae,Labridae,10,9,10,5,14.4
Scorpaena scrofa,Sertularella crassicaulis,Scorpaenidae,Sertulariidae,10,9,10,5,14.4
Elysia timida,Placida dendritica,Plakobranchidae,Stiligeridae,9,7,5,5,14.4
Amphiroa rubra,Sarcotragus fasciculatus,Lithophyllaceae,Irciniidae,9,7,8,7,14.4
Amphiroa rubra,Symphodus tinca,Lithophyllaceae,Labridae,8,5,8,5,14.4
Hancockia uncinata,Xyrichtys novacula,Hancockiidae,Labridae,8,3,6,5,14.4
Myriapora truncata,Posidonia oceanica,Myriaporidae,Posidoniaceae,211,73,158,47,14.3
Phorbas tenacior,Serpula vermicularis,Hymedesmiidae,Serpulidae,107,62,89,35,14.3
Aiptasia couchii,Gobius paganellus,Aiptasiidae,Gobiidae,97,33,81,35,14.3
Labrus merula,Oblada melanurus,Labridae,Sparidae,93,47,69,39,14.3
Phorbas tenacior,Protula tubularia,Hymedesmiidae,Serpulidae,93,58,75,31,14.3
Holothuria tubulosa,Padina pavonica,Holothuriidae,Dictyotaceae,89,44,71,38,14.3
Serranus scriba,Sphaerococcus coronopifolius,Serranidae,Sphaerococcaceae,87,40,79,31,14.3
Halocynthia papillosa,Mullus surmuletus,Pyuridae,Mullidae,82,37,69,39,14.3
Echinaster sepositus,Scorpaena scrofa,Echinasteridae,Scorpaenidae,80,35,67,21,14.3
Gobius cruentatus,Leptogorgia sarmentosa,Gobiidae,Gorgoniidae,68,28,60,31,14.3
Eudendrium racemosum,Pentapora fascialis,Eudendriidae,Bitectiporidae,31,21,31,6,14.3
Holothuria tubulosa,Lima lima,Holothuriidae,Limidae,20,14,20,7,14.3
Neogoniolithon brassica-florida,Serpula vermicularis,Lithophyllaceae,Serpulidae,15,13,15,8,14.3
Haliclona mucosa,Rugulopteryx okamurae,Chalinidae,Dictyotaceae,14,11,13,8,14.3
Palinurus elephas,Polycyathus muellerae,Palinuridae,Caryophylliidae,14,9,14,7,14.3
Adeonella calveti,Caulerpa cylindracea,Adeonellidae,Caulerpaceae,13,9,13,8,14.3
Cribrinopsis crassa,Pachycerianthus dohrni,Actiniidae,Cerianthidae,12,7,12,5,14.3
Crimora papillata,Rudmania krohni,Polyceridae,Chromodorididae,11,10,10,6,14.3
Alcyonium acaule,Cestum veneris,Alcyoniidae,Cestidae,11,6,11,5,14.3
Crella elegans,Petrosia ficiformis,Crellidae,Petrosiidae,9,9,9,8,14.3
Padina pavonica,Posidonia oceanica,Dictyotaceae,Posidoniaceae,174,66,122,67,14.2
Arbacia lixula,Parablennius pilicornis,Arbaciidae,Blenniidae,111,62,84,71,14.2
Parablennius pilicornis,Thericium vulgatum,Blenniidae,Cerithiidae,92,34,74,55,14.2
Bonellia viridis,Eunicella gazella,Bonelliidae,Gorgoniidae,83,40,79,18,14.2
Serranus scriba,Symphodus mediterraneus,Serranidae,Labridae,83,39,65,34,14.2
Parablennius pilicornis,Schizoporella errata,Blenniidae,Schizoporellidae,79,40,55,48,14.2
Eunicella singularis,Protula tubularia,Gorgoniidae,Serpulidae,73,34,51,33,14.2
Apogon imberbis,Eunicella singularis,Apogonidae,Gorgoniidae,70,31,55,31,14.2
Aidablennius sphynx,Ellisolandia elongata,Blenniidae,Lithophyllaceae,63,35,56,27,14.2
Flabellia petiolata,Leptogorgia sarmentosa,Codiaceae,Gorgoniidae,62,42,58,22,14.2
Diaphorodoris alba,Felimare fontandraui,Calycidorididae,Chromodorididae,49,34,39,21,14.2
Hamigera hamigera,Sarcotragus fasciculatus,Hymedesmiidae,Irciniidae,40,26,37,13,14.2
Lepadogaster candolii,Muricopsis cristata,Gobiesocidae,Muricidae,26,12,26,9,14.2
Mesophyllum alternans,Parablennius rouxi,Lithophyllaceae,Blenniidae,26,17,26,10,14.2
Hemimycale columella,Labrus mixtus,Hymedesmiidae,Labridae,22,11,17,10,14.2
Dendrodoris limbata,Haminoea hydatis,Dendrodorididae,Haminoeidae,22,8,19,8,14.2
Aplysia depilans,Paradoris indecora,Aplysiidae,Discodorididae,22,8,19,6,14.2
Ascandra contorta,Maja crispata,Leucaltidae,Majidae,20,11,20,6,14.2
Derbesia tenuissima,Gobius incognitus,Derbesiaceae,Gobiidae,20,4,16,16,14.2
Asparagus acutifolius,Sonchus tenerrimus,Asparagaceae,Asteraceae,16,15,15,12,14.2
Mycteroperca rubra,Pinna rudis,Epinephelidae,Pinnidae,14,9,13,7,14.2
Microcosmus sabatieri,Pachycerianthus solitarius,Pyuridae,Cerianthidae,13,5,12,6,14.2
Buglossidium luteum,Phoronis hippocrepia,Soleidae,Phoronidae,12,4,11,5,14.2
Gobius cruentatus,Polycitor crystallinus,Gobiidae,Polycitoridae,12,8,11,8,14.2
Halocynthia papillosa,Pseudochlorodesmis furcellata,Pyuridae,Udoteaceae,12,7,12,8,14.2
Flabellia petiolata,Sertularella crassicaulis,Codiaceae,Sertulariidae,11,8,10,6,14.2
Codium coralloides,Reteporella grimaldii,Codiaceae,Phidoloporidae,9,8,8,5,14.2
Asphodelus fistulosus,Synema globosum,Xanthorrhoeaceae,Thomisidae,9,7,5,6,14.2
Myriapora truncata,Serpula vermicularis,Myriaporidae,Serpulidae,121,61,98,40,14.1
Aiptasia mutabilis,Bonellia viridis,Aiptasiidae,Bonelliidae,121,54,97,47,14.1
Aiptasia mutabilis,Holothuria tubulosa,Aiptasiidae,Holothuriidae,116,55,94,51,14.1
Gobius cruentatus,Parablennius rouxi,Gobiidae,Blenniidae,110,46,87,41,14.1
Ircinia oros,Sphaerococcus coronopifolius,Irciniidae,Sphaerococcaceae,110,55,95,32,14.1
Acetabularia acetabulum,Sphaerococcus coronopifolius,Polyphysaceae,Sphaerococcaceae,109,43,82,36,14.1
Halocynthia papillosa,Parablennius rouxi,Pyuridae,Blenniidae,104,47,86,33,14.1
Protula tubularia,Sphaerococcus coronopifolius,Serpulidae,Sphaerococcaceae,104,44,79,34,14.1
Halocynthia papillosa,Sarcotragus fasciculatus,Pyuridae,Irciniidae,97,45,81,30,14.1
Mesophyllum expansum,Petrosia ficiformis,Lithophyllaceae,Petrosiidae,94,46,89,19,14.1
Bothus podas,Chelon auratus,Bothidae,Mugilidae,93,43,85,40,14.1
Sphaerococcus coronopifolius,Thericium vulgatum,Sphaerococcaceae,Cerithiidae,91,41,73,35,14.1
Myriapora truncata,Palinurus elephas,Myriaporidae,Palinuridae,90,43,75,33,14.1
Gobius incognitus,Labrus merula,Gobiidae,Labridae,89,42,75,47,14.1
Chromis chromis,Flabellia petiolata,Pomacentridae,Codiaceae,83,44,68,39,14.1
Pennaria disticha,Stramonita haemastoma,Pennariidae,Muricidae,82,39,67,39,14.1
Apogon imberbis,Mullus surmuletus,Apogonidae,Mullidae,79,37,63,36,14.1
Ircinia oros,Tricleocarpa fragilis,Irciniidae,Galaxauraceae,74,25,63,25,14.1
Ellisolandia elongata,Parablennius pilicornis,Lithophyllaceae,Blenniidae,71,36,64,39,14.1
Sabella spallanzanii,Schizoporella errata,Sabellidae,Schizoporellidae,69,33,53,36,14.1
Leptogorgia sarmentosa,Parablennius rouxi,Gorgoniidae,Blenniidae,66,32,56,24,14.1
Amphiroa rigida,Stramonita haemastoma,Lithophyllaceae,Muricidae,62,28,54,18,14.1
Flabellia petiolata,Pseudodistoma crucigaster,Codiaceae,Pseudodistomidae,61,32,51,25,14.1
Chromis chromis,Leptogorgia sarmentosa,Pomacentridae,Gorgoniidae,54,28,41,22,14.1
Facelina rubrovittata,Felimare villafranca,Facelinidae,Chromodorididae,45,21,44,11,14.1
Clathria jolicoeuri,Sphaerococcus coronopifolius,Microcionidae,Sphaerococcaceae,38,15,38,10,14.1
Acinetospora crinita,Codium bursa,Acinetosporaceae,Codiaceae,37,25,29,20,14.1
Bituminaria bituminosa,Pistacia lentiscus,Fabaceae,Anacardiaceae,36,31,35,14,14.1
Acanthonyx lunulatus,Lipophrys trigloides,Epialtidae,Blenniidae,30,14,28,6,14.1
Eudendrium racemosum,Pycnoclavella communis,Eudendriidae,Pycnoclavellidae,30,12,28,9,14.1
Conus ventricosus,Steromphala varia,Conidae,Trochidae,28,26,27,17,14.1
Eunicella singularis,Parazoanthus brevitentacularis,Gorgoniidae,Parazoanthidae,27,15,27,15,14.1
Halopteris filicina,Holothuria tubulosa,Stypocaulaceae,Holothuriidae,23,19,22,9,14.1
Mesophyllum alternans,Prostheceraeus roseus,Lithophyllaceae,Euryleptidae,20,13,18,10,14.1
Halopteris filicina,Thericium vulgatum,Stypocaulaceae,Cerithiidae,20,13,19,6,14.1
Amphiroa rigida,Diplosoma listerianum,Lithophyllaceae,Didemnidae,17,9,17,5,14.1
Bugula neritina,Tritia neritea,Bugulidae,Nassariidae,15,10,13,5,14.1
Chromis limbata,Synodus saurus,Pomacentridae,Synodontidae,15,11,15,10,14.1
Aidablennius sphynx,Clinitrachus argentatus,Blenniidae,Clinidae,14,9,11,9,14.1
Bonellia viridis,Sertularella crassicaulis,Bonelliidae,Sertulariidae,12,9,11,5,14.1
Flabellia petiolata,Polycitor crystallinus,Codiaceae,Polycitoridae,11,9,9,8,14.1
Dittrichia viscosa,Plantago lagopus,Asteraceae,Plantaginaceae,10,7,5,5,14.1
Centaurea aspera,Pancratium maritimum,Asteraceae,Amaryllidaceae,10,7,7,7,14.1
Tricleocarpa fragilis,Tridentata perpusilla,Galaxauraceae,Sertulariidae,10,8,10,5,14.1
Ciona robusta,Yungia aurantiaca,Cionidae,Pseudocerotidae,9,5,8,5,14.1
Codium coralloides,Rudmania krohni,Codiaceae,Chromodorididae,9,8,8,5,14.1
Serpula vermicularis,Taonia pseudociliata,Serpulidae,Dictyotaceae,9,6,9,8,14.1
Posidonia oceanica,Symphodus mediterraneus,Posidoniaceae,Labridae,197,65,142,46,14.0
Serpula vermicularis,Sphaerococcus coronopifolius,Serpulidae,Sphaerococcaceae,119,53,102,31,14.0
Bonellia viridis,Sphaerococcus coronopifolius,Bonelliidae,Sphaerococcaceae,109,61,89,33,14.0
Actinia mediterranea,Aidablennius sphynx,Actiniidae,Blenniidae,106,39,89,40,14.0
Crambe crambe,Sarcotragus fasciculatus,Crambeidae,Irciniidae,102,53,84,33,14.0
Protula tubularia,Symphodus mediterraneus,Serpulidae,Labridae,99,47,76,33,14.0
Balanophyllia europaea,Mesophyllum expansum,Dendrophylliidae,Lithophyllaceae,96,46,74,27,14.0
Pentapora fascialis,Sphaerococcus coronopifolius,Bitectiporidae,Sphaerococcaceae,94,51,75,22,14.0
Eriphia verrucosa,Gobius paganellus,Eriphiidae,Gobiidae,92,41,78,33,14.0
Codium bursa,Pentapora fascialis,Codiaceae,Bitectiporidae,87,50,74,30,14.0
Amphiroa rigida,Serpula vermicularis,Lithophyllaceae,Serpulidae,80,28,70,22,14.0
Hemimycale columella,Reteporella grimaldii,Hymedesmiidae,Phidoloporidae,71,45,57,31,14.0
Hacelia attenuata,Reteporella grimaldii,Ophidiasteridae,Phidoloporidae,71,46,65,34,14.0
Amphiroa rigida,Symphodus tinca,Lithophyllaceae,Labridae,59,21,52,25,14.0
Branchiomma luctuosum,Pomadasys incisus,Sabellidae,Haemulidae,46,8,36,22,14.0
Oculina patagonica,Phoronis hippocrepia,Oculinidae,Phoronidae,31,13,29,17,14.0
Asparagopsis taxiformis,Lissoclinum weigelei,Bonnemaisoniaceae,Didemnidae,31,8,25,11,14.0
Halopteris filicina,Perforatus perforatus,Stypocaulaceae,Balanidae,22,17,19,7,14.0
Anthias anthias,Chrysymenia ventricosa,Anthiadidae,Rhodymeniaceae,19,11,14,15,14.0
Ophisurus serpens,Veretillum cynomorium,Ophichthidae,Veretillidae,18,9,17,9,14.0
Candiella striata,Prostheceraeus moseleyi,Tritoniidae,Euryleptidae,18,17,15,9,14.0
Nerocila bivittata,Symphodus mediterraneus,Cymothoidae,Labridae,17,14,16,11,14.0
Bolma rugosa,Pseudobiceros splendidus,Turbinidae,Pseudocerotidae,16,3,16,5,14.0
Myxicola infundibulum,Pagurus cuanensis,Sabellidae,Paguridae,13,8,13,5,14.0
Manupecten pesfelis,Mesophyllum expansum,Pectinidae,Lithophyllaceae,13,12,13,9,14.0
Nerocila bivittata,Tricleocarpa fragilis,Cymothoidae,Galaxauraceae,12,11,12,7,14.0
Dendrodoris grandiflora,Polysyncraton lacazei,Dendrodorididae,Didemnidae,9,7,8,5,14.0
Pagrus auriga,Pinna rudis,Sparidae,Pinnidae,8,3,5,7,14.0
Diplodus puntazzo,Flabellia petiolata,Sparidae,Codiaceae,102,55,88,37,13.9
Chondrosia reniformis,Gobius cruentatus,Chondrillidae,Gobiidae,98,42,83,32,13.9
Crambe crambe,Pentapora fascialis,Crambeidae,Bitectiporidae,96,59,77,38,13.9
Arbacia lixula,Gobius incognitus,Arbaciidae,Gobiidae,94,41,76,49,13.9
Oblada melanurus,Perforatus perforatus,Sparidae,Balanidae,89,50,73,34,13.9
Diplodus sargus,Protula tubularia,Sparidae,Serpulidae,84,37,70,46,13.9
Chelon auratus,Parablennius sanguinolentus,Mugilidae,Blenniidae,84,29,68,33,13.9
Chromis chromis,Stramonita haemastoma,Pomacentridae,Muricidae,76,37,63,35,13.9
Padina pavonica,Symphodus roissali,Dictyotaceae,Labridae,75,39,65,41,13.9
Acetabularia acetabulum,Amphiroa rigida,Polyphysaceae,Lithophyllaceae,72,28,58,29,13.9
Balanophyllia europaea,Ellisolandia elongata,Dendrophylliidae,Lithophyllaceae,72,35,60,29,13.9
Pagellus acarne,Pomatoschistus bathi,Sparidae,Gobiidae,44,21,39,11,13.9
Amphiroa beauvoisii,Parablennius sanguinolentus,Lithophyllaceae,Blenniidae,27,12,25,15,13.9
Buglossidium luteum,Pagellus acarne,Soleidae,Sparidae,22,15,17,8,13.9
Pycnoclavella nana,Reteporella grimaldii,Pycnoclavellidae,Phidoloporidae,22,15,18,13,13.9
Prostheceraeus moseleyi,Sycon raphanus,Euryleptidae,Sycettidae,17,13,16,6,13.9
Muricopsis cristata,Steromphala varia,Muricidae,Trochidae,16,16,16,10,13.9
Aplysina cavernicola,Polysyncraton lacazei,Aplysinidae,Didemnidae,15,7,14,6,13.9
Aglaja tricolorata,Naticarius hebraeus,Aglajidae,Naticidae,14,12,10,12,13.9
Halopteris filicina,Leptogorgia sarmentosa,Stypocaulaceae,Gorgoniidae,14,10,12,10,13.9
Agelas oroides,Manupecten pesfelis,Agelasidae,Pectinidae,13,11,13,9,13.9
Neogoniolithon brassica-florida,Sarcotragus fasciculatus,Lithophyllaceae,Irciniidae,12,11,12,5,13.9
Aglaophenia harpago,Myriapora truncata,Aglaopheniidae,Myriaporidae,11,10,10,8,13.9
Bosemprella incarnata,Gari depressa,Tellinidae,Psammobiidae,10,8,10,7,13.9
Acrosymphyton purpuriferum,Echinaster sepositus,Acrosymphytaceae,Echinasteridae,10,10,8,7,13.9
Echinaster sepositus,Polycitor crystallinus,Echinasteridae,Polycitoridae,10,7,8,7,13.9
Padina pavonica,Pseudochlorodesmis furcellata,Dictyotaceae,Udoteaceae,10,8,8,9,13.9
Cestopagurus timidus,Lepadogaster candolii,Paguridae,Gobiesocidae,9,5,8,6,13.9
Actinia mediterranea,Pusillina philippi,Actiniidae,Rissoidae,9,4,8,5,13.9
Aglaophenia elongata,Callista chione,Aglaopheniidae,Veneridae,8,7,5,6,13.9
Diplodus puntazzo,Myriapora truncata,Sparidae,Myriaporidae,107,52,89,38,13.8
Halimeda tuna,Parablennius zvonimiri,Halimedaceae,Blenniidae,106,50,89,36,13.8
Apogon imberbis,Arbacia lixula,Apogonidae,Arbaciidae,103,57,90,42,13.8
Cliona viridis,Protula tubularia,Clionaidae,Serpulidae,100,49,74,31,13.8
Labrus merula,Serranus scriba,Labridae,Serranidae,83,45,70,49,13.8
Labrus merula,Mullus surmuletus,Labridae,Mullidae,80,45,66,54,13.8
Crambe crambe,Eunicella gazella,Crambeidae,Gorgoniidae,79,37,63,27,13.8
Branchiomma luctuosum,Parablennius sanguinolentus,Sabellidae,Blenniidae,76,13,57,37,13.8
Ophisurus serpens,Pinnoctopus macropus,Ophichthidae,Octopodidae,50,18,45,21,13.8
Microlipophrys nigriceps,Pagellus acarne,Blenniidae,Sparidae,42,17,37,6,13.8
Centrolabrus melanocercus,Myriapora truncata,Labridae,Myriaporidae,41,31,37,19,13.8
Epinephelus costae,Pinna rudis,Epinephelidae,Pinnidae,34,17,33,11,13.8
Dendrodoris limbata,Yungia aurantiaca,Dendrodorididae,Pseudocerotidae,33,9,28,10,13.8
Amphiroa beauvoisii,Gobius cobitis,Lithophyllaceae,Gobiidae,30,8,27,15,13.8
Berthellina edwardsii,Stenopus spinosus,Pleurobranchidae,Stenopodidae,23,11,20,8,13.8
Pagellus erythrinus,Pseudobiceros splendidus,Sparidae,Pseudocerotidae,21,4,21,5,13.8
Ocnus planci,Ophisurus serpens,Cucumariidae,Ophichthidae,17,9,17,9,13.8
Petalifera petalifera,Telmatactis forskalii,Aplysiidae,Isophelliidae,16,6,14,5,13.8
Gari depressa,Polititapes aureus,Psammobiidae,Veneridae,14,13,14,9,13.8
Flabellia petiolata,Margaretta cereoides,Codiaceae,Margarettidae,14,11,14,5,13.8
Simnia spelta,Tenellia ocellata,Ovulidae,Tergipedidae,13,9,13,7,13.8
Myriapora truncata,Pseudochlorodesmis furcellata,Myriaporidae,Udoteaceae,12,8,12,7,13.8
Apletodon incognitus,Yungia aurantiaca,Gobiesocidae,Pseudocerotidae,11,5,10,5,13.8
Inachus phalangium,Processa macrophthalma,Inachidae,Processidae,11,5,11,6,13.8
Ebenomitra ebenus,Steromphala varia,Costellariidae,Trochidae,11,11,11,10,13.8
Calmella cavolini,Hancockia uncinata,Flabellinidae,Hancockiidae,10,5,10,5,13.8
Lithophyllum stictiforme,Polycyathus muellerae,Lithophyllaceae,Caryophylliidae,9,9,9,5,13.8
Caulerpa cylindracea,Pseudochlorodesmis furcellata,Caulerpaceae,Udoteaceae,8,6,7,6,13.8
Holothuria tubulosa,Posidonia oceanica,Holothuriidae,Posidoniaceae,203,76,159,55,13.7
Acetabularia acetabulum,Protula tubularia,Polyphysaceae,Serpulidae,106,43,73,41,13.7
Acetabularia acetabulum,Flabellia petiolata,Polyphysaceae,Codiaceae,101,48,82,34,13.7
Aiptasia couchii,Hexaplex trunculus,Aiptasiidae,Muricidae,97,29,76,45,13.7
Aiptasia mutabilis,Gobius incognitus,Aiptasiidae,Gobiidae,96,38,84,52,13.7
Myriapora truncata,Thericium vulgatum,Myriaporidae,Cerithiidae,89,43,81,27,13.7
Protula tubularia,Symphodus tinca,Serpulidae,Labridae,86,31,71,34,13.7
Halocynthia papillosa,Symphodus tinca,Pyuridae,Labridae,84,40,70,37,13.7
Symphodus roissali,Thericium vulgatum,Labridae,Cerithiidae,78,40,66,41,13.7
Apogon imberbis,Tricleocarpa fragilis,Apogonidae,Galaxauraceae,65,32,58,28,13.7
Symphodus mediterraneus,Tricleocarpa fragilis,Labridae,Galaxauraceae,65,28,54,18,13.7
Eunicella singularis,Mesophyllum expansum,Gorgoniidae,Lithophyllaceae,64,27,47,17,13.7
Eunicella singularis,Palinurus elephas,Gorgoniidae,Palinuridae,61,25,43,25,13.7
Diaphorodoris alba,Rudmania krohni,Calycidorididae,Chromodorididae,54,38,48,22,13.7
Actinia mediterranea,Clathria jolicoeuri,Actiniidae,Microcionidae,43,19,41,11,13.7
Acinetospora crinita,Eunicella singularis,Acinetosporaceae,Gorgoniidae,27,14,22,15,13.7
Alcyonium acaule,Facelina rubrovittata,Alcyoniidae,Facelinidae,21,10,19,7,13.7
Lissoclinum weigelei,Pinctada radiata,Didemnidae,Pteriidae,21,10,21,6,13.7
Labrus viridis,Serranus cabrilla,Labridae,Serranidae,21,17,21,7,13.7
Dendrodoris limbata,Myxicola infundibulum,Dendrodorididae,Sabellidae,20,7,20,10,13.7
Anthias anthias,Labrus mixtus,Anthiadidae,Labridae,18,10,18,8,13.7
Branchiomma moebii,Maja crispata,Sabellidae,Majidae,16,10,16,5,13.7
Luria lurida,Pseudobiceros splendidus,Cypraeidae,Pseudocerotidae,15,3,14,7,13.7
Manupecten pesfelis,Petrosia ficiformis,Pectinidae,Petrosiidae,14,13,14,9,13.7
Hexaplex trunculus,Tridentata perpusilla,Muricidae,Sertulariidae,14,10,14,6,13.7
Cribrinopsis crassa,Paractinia striata,Actiniidae,Hormathiidae,13,4,13,5,13.7
Bunodeopsis strumosa,Tritia mutabilis,Boloceroididae,Nassariidae,11,9,9,6,13.7
Lagurus ovatus,Paronychia argentea,Poaceae,Caryophyllaceae,10,8,8,10,13.7
Centrolabrus melanocercus,Chrysymenia ventricosa,Labridae,Rhodymeniaceae,10,8,9,8,13.7
Ciona robusta,Prostheceraeus moseleyi,Cionidae,Euryleptidae,8,4,5,5,13.7
Amphiroa rubra,Oblada melanurus,Lithophyllaceae,Sparidae,8,5,8,5,13.7
Arbacia lixula,Labrus merula,Arbaciidae,Labridae,105,54,84,50,13.6
Codium bursa,Gobius cruentatus,Codiaceae,Gobiidae,96,40,82,33,13.6
Diplodus puntazzo,Phorbas tenacior,Sparidae,Hymedesmiidae,92,46,80,27,13.6
Bonellia viridis,Eunicella singularis,Bonelliidae,Gorgoniidae,74,40,61,31,13.6
Asparagopsis taxiformis,Holothuria tubulosa,Bonnemaisoniaceae,Holothuriidae,71,16,44,35,13.6
Diaphorodoris papillata,Facelinopsis marioni,Calycidorididae,Facelinidae,51,23,51,7,13.6
Felimare fontandraui,Luisella babai,Chromodorididae,Samlidae,48,35,43,25,13.6
Lissoclinum weigelei,Oculina patagonica,Didemnidae,Oculinidae,37,12,33,14,13.6
Eudendrium racemosum,Palinurus elephas,Eudendriidae,Palinuridae,28,21,28,9,13.6
Hacelia attenuata,Pycnoclavella nana,Ophidiasteridae,Pycnoclavellidae,24,14,19,11,13.6
Halopteris filicina,Protula tubularia,Stypocaulaceae,Serpulidae,22,12,21,8,13.6
Polysyncraton lacazei,Thylacodes arenarius,Didemnidae,Vermetidae,19,14,19,8,13.6
Lima lima,Sarcotragus fasciculatus,Limidae,Irciniidae,18,14,18,9,13.6
Phoronis hippocrepia,Pinctada radiata,Phoronidae,Pteriidae,17,6,16,5,13.6
Eunicella singularis,Mesophyllum alternans,Gorgoniidae,Lithophyllaceae,17,13,16,6,13.6
Clathria jolicoeuri,Electra posidoniae,Microcionidae,Electridae,15,6,15,5,13.6
Caloria quatrefagesi,Hemimycale mediterranea,Facelinidae,Hymedesmiidae,14,10,14,5,13.6
Diaphorodoris papillata,Limacia inesae,Calycidorididae,Polyceridae,13,9,11,7,13.6
Caloria quatrefagesi,Microcosmus sabatieri,Facelinidae,Pyuridae,12,3,12,5,13.6
Luria lurida,Nausithoe punctata,Cypraeidae,Nausithoidae,11,7,11,5,13.6
Aglaophenia harpago,Cribrinopsis crassa,Aglaopheniidae,Actiniidae,10,8,8,8,13.6
Aglaja tricolorata,Penaeus kerathurus,Aglajidae,Penaeidae,9,7,8,6,13.6
Dalophis imberbis,Torpedo marmorata,Ophichthidae,Torpedinidae,9,6,5,6,13.6
Halimeda tuna,Petrosia ficiformis,Halimedaceae,Petrosiidae,101,49,88,27,13.5
Ircinia oros,Scorpaena maderensis,Irciniidae,Scorpaenidae,98,45,86,32,13.5
Dicentrarchus labrax,Gobius cobitis,Moronidae,Gobiidae,85,34,64,32,13.5
Oblada melanurus,Thericium vulgatum,Sparidae,Cerithiidae,78,34,65,39,13.5
Agelas oroides,Padina pavonica,Agelasidae,Dictyotaceae,76,37,64,32,13.5
Perforatus perforatus,Thalassoma pavo,Balanidae,Labridae,75,51,64,32,13.5
Chondrosia reniformis,Prostheceraeus roseus,Chondrillidae,Euryleptidae,73,43,58,31,13.5
Amphiroa rigida,Arbacia lixula,Lithophyllaceae,Arbaciidae,71,34,56,22,13.5
Pseudodistoma crucigaster,Serpula vermicularis,Pseudodistomidae,Serpulidae,71,33,64,28,13.5
Amphiroa rigida,Perforatus perforatus,Lithophyllaceae,Balanidae,65,32,57,22,13.5
Ellisolandia elongata,Sarcotragus fasciculatus,Lithophyllaceae,Irciniidae,65,38,56,24,13.5
Leptogorgia sarmentosa,Scorpaena scrofa,Gorgoniidae,Scorpaenidae,53,20,49,21,13.5
Dendrodoris limbata,Pachycerianthus solitarius,Dendrodorididae,Cerianthidae,39,11,33,13,13.5
Astropecten platyacanthus,Pagellus erythrinus,Astropectinidae,Sparidae,39,18,35,14,13.5
Centrolabrus melanocercus,Flabellia petiolata,Labridae,Codiaceae,38,20,33,21,13.5
Ophisurus serpens,Polysyncraton lacazei,Ophichthidae,Didemnidae,34,6,29,9,13.5
Chamelea gallina,Peronaea planata,Veneridae,Tellinidae,28,26,28,21,13.5
Amphiroa rigida,Gari depressa,Lithophyllaceae,Psammobiidae,25,9,18,11,13.5
Labrus viridis,Lipophrys trigloides,Labridae,Blenniidae,23,15,22,6,13.5
Bonellia viridis,Halopteris filicina,Bonelliidae,Stypocaulaceae,23,21,23,9,13.5
Alcyonium acaule,Rugulopteryx okamurae,Alcyoniidae,Dictyotaceae,22,10,17,11,13.5
Astrospartus mediterraneus,Pycnoclavella nana,Gorgonocephalidae,Pycnoclavellidae,15,9,14,11,13.5
Electra posidoniae,Pagurus cuanensis,Electridae,Paguridae,14,11,12,8,13.5
Manupecten pesfelis,Palinurus elephas,Pectinidae,Palinuridae,12,9,12,6,13.5
Alicia mirabilis,Platydoris argo,Aliciidae,Discodorididae,11,9,10,7,13.5
Aglaophenia harpago,Eunicella gazella,Aglaopheniidae,Gorgoniidae,8,6,8,7,13.5
Halocynthia papillosa,Posidonia oceanica,Pyuridae,Posidoniaceae,192,62,153,49,13.4
Posidonia oceanica,Sarcotragus fasciculatus,Posidoniaceae,Irciniidae,188,57,135,42,13.4
Apogon imberbis,Ircinia oros,Apogonidae,Irciniidae,100,43,86,36,13.4
Halimeda tuna,Labrus merula,Halimedaceae,Labridae,99,39,81,33,13.4
Parablennius zvonimiri,Perforatus perforatus,Blenniidae,Balanidae,99,56,84,39,13.4
Crambe crambe,Oblada melanurus,Crambeidae,Sparidae,91,38,75,39,13.4
Holothuria tubulosa,Phorbas tenacior,Holothuriidae,Hymedesmiidae,88,54,77,27,13.4
Balanophyllia europaea,Symphodus tinca,Dendrophylliidae,Labridae,86,31,68,30,13.4
Boops boops,Symphodus mediterraneus,Sparidae,Labridae,84,43,72,30,13.4
Chondrosia reniformis,Pentapora fascialis,Chondrillidae,Bitectiporidae,83,45,64,35,13.4
Apogon imberbis,Thericium vulgatum,Apogonidae,Cerithiidae,83,35,69,30,13.4
Boops boops,Oculina patagonica,Sparidae,Oculinidae,75,34,65,31,13.4
Palinurus elephas,Phorbas tenacior,Palinuridae,Hymedesmiidae,75,36,65,24,13.4
Ellisolandia elongata,Parablennius gattorugine,Lithophyllaceae,Blenniidae,71,42,63,27,13.4
Ellisolandia elongata,Parablennius zvonimiri,Lithophyllaceae,Blenniidae,70,35,65,27,13.4
Boops boops,Epinephelus marginatus,Sparidae,Epinephelidae,60,36,48,32,13.4
Holothuria forskali,Leptogorgia sarmentosa,Holothuriidae,Gorgoniidae,55,22,52,20,13.4
Mesophyllum expansum,Pseudodistoma crucigaster,Lithophyllaceae,Pseudodistomidae,55,28,48,21,13.4
Callionymus pusillus,Pachycerianthus solitarius,Callionymidae,Cerianthidae,38,17,29,12,13.4
Amphiroa rigida,Telmatactis forskalii,Lithophyllaceae,Isophelliidae,37,12,36,7,13.4
Centrolabrus melanocercus,Pentapora fascialis,Labridae,Bitectiporidae,36,24,35,17,13.4
Eudendrium racemosum,Petrosia ficiformis,Eudendriidae,Petrosiidae,32,22,32,7,13.4
Pagurus cuanensis,Synodus saurus,Paguridae,Synodontidae,29,19,25,10,13.4
Pagellus erythrinus,Pagurus cuanensis,Sparidae,Paguridae,29,16,26,8,13.4
Diaphorodoris alba,Marionia blainvillea,Calycidorididae,Tritoniidae,25,14,25,9,13.4
Chelidonichthys lastoviza,Torpedo marmorata,Triglidae,Torpedinidae,22,10,22,6,13.4
Alcyonium acaule,Nemesignis banyulensis,Alcyoniidae,Myrrhinidae,22,11,20,14,13.4
Pagurus cuanensis,Pomatoschistus bathi,Paguridae,Gobiidae,22,15,22,7,13.4
Bugula neritina,Dendrodoris limbata,Bugulidae,Dendrodorididae,20,7,17,9,13.4
Asparagus acutifolius,Urospermum dalechampii,Asparagaceae,Asteraceae,20,18,18,18,13.4
Ascandra contorta,Oculina patagonica,Leucaltidae,Oculinidae,20,14,19,7,13.4
Halopteris filicina,Scorpaena maderensis,Stypocaulaceae,Scorpaenidae,20,15,18,9,13.4
Neverita josephinia,Pecten jacobaeus,Naticidae,Pectinidae,18,13,18,13,13.4
Hemimycale columella,Scopalina lophyropoda,Hymedesmiidae,Dictyonellidae,17,15,17,5,13.4
Berghia coerulescens,Goniodoridella picoensis,Aeolidiidae,Goniodorididae,17,15,16,13,13.4
Aplus dorbignyi,Pinctada radiata,Pisaniidae,Pteriidae,13,4,12,5,13.4
Pseudochlorodesmis furcellata,Sarcotragus fasciculatus,Udoteaceae,Irciniidae,11,9,11,5,13.4
Asphodelus fistulosus,Dittrichia viscosa,Xanthorrhoeaceae,Asteraceae,10,7,7,5,13.4
Felimida binza,Placida verticilata,Chromodorididae,Stiligeridae,9,8,8,6,13.4
Ebenomitra ebenus,Polititapes aureus,Costellariidae,Veneridae,8,6,8,6,13.4
Periclimenes amethysteus,Sicyonia carinata,Palaemonidae,Sicyoniidae,8,5,8,6,13.4
Labrus merula,Parablennius zvonimiri,Labridae,Blenniidae,100,49,75,32,13.3
Holothuria tubulosa,Protula tubularia,Holothuriidae,Serpulidae,99,51,82,37,13.3
Apogon imberbis,Parablennius gattorugine,Apogonidae,Blenniidae,98,47,81,33,13.3
Acetabularia acetabulum,Chondrosia reniformis,Polyphysaceae,Chondrillidae,95,37,77,33,13.3
Cliona viridis,Perforatus perforatus,Clionaidae,Balanidae,94,58,79,23,13.3
Halimeda tuna,Symphodus roissali,Halimedaceae,Labridae,87,39,77,33,13.3
Parablennius sanguinolentus,Perforatus perforatus,Blenniidae,Balanidae,83,45,72,24,13.3
Chondrosia reniformis,Symphodus tinca,Chondrillidae,Labridae,77,33,69,29,13.3
Cliona viridis,Prostheceraeus roseus,Clionaidae,Euryleptidae,77,42,62,28,13.3
Dicentrarchus labrax,Symphodus roissali,Moronidae,Labridae,75,40,65,30,13.3
Eunicella gazella,Sciaena umbra,Gorgoniidae,Sciaenidae,60,20,43,26,13.3
Amphiroa rigida,Symphodus roissali,Lithophyllaceae,Labridae,58,25,47,24,13.3
Phorbas tenacior,Pseudodistoma crucigaster,Hymedesmiidae,Pseudodistomidae,53,27,47,21,13.3
Anthias anthias,Lithophyllum stictiforme,Anthiadidae,Lithophyllaceae,42,18,41,12,13.3
Dactylopterus volitans,Synodus saurus,Dactylopteridae,Synodontidae,40,22,34,21,13.3
Callionymus pusillus,Microlipophrys dalmatinus,Callionymidae,Blenniidae,36,16,33,9,13.3
Alcyonium acaule,Phycis phycis,Alcyoniidae,Phycidae,35,20,35,17,13.3
Agelas oroides,Parazoanthus brevitentacularis,Agelasidae,Parazoanthidae,33,19,30,16,13.3
Gnathophyllum elegans,Simnia spelta,Gnathophyllidae,Ovulidae,26,6,25,9,13.3
Anthias anthias,Pycnoclavella nana,Anthiadidae,Pycnoclavellidae,20,14,19,11,13.3
Aidablennius sphynx,Derbesia tenuissima,Blenniidae,Derbesiaceae,19,9,19,12,13.3
Conger conger,Thorogobius ephippiatus,Congridae,Gobiidae,18,11,17,5,13.3
Cribrinopsis crassa,Scopalina lophyropoda,Actiniidae,Dictyonellidae,18,11,17,8,13.3
Chelidonichthys obscurus,Conger conger,Triglidae,Congridae,16,6,15,6,13.3
Stenopus spinosus,Thorogobius ephippiatus,Stenopodidae,Gobiidae,16,10,15,8,13.3
Eunicella singularis,Halopteris filicina,Gorgoniidae,Stypocaulaceae,15,9,13,6,13.3
Galactites tomentosus,Synema globosum,Asteraceae,Thomisidae,14,13,12,9,13.3
Caberea boryi,Luria lurida,Candidae,Cypraeidae,12,7,12,5,13.3
Parablennius rouxi,Sertularella crassicaulis,Blenniidae,Sertulariidae,11,10,11,7,13.3
Holothuria tubulosa,Polycitor crystallinus,Holothuriidae,Polycitoridae,11,7,9,6,13.3
Amphiroa rubra,Serpula vermicularis,Lithophyllaceae,Serpulidae,10,8,9,6,13.3
Crella elegans,Diaphorodoris papillata,Crellidae,Calycidorididae,8,7,8,6,13.3
Isara cornea,Stenopus spinosus,Mitridae,Stenopodidae,8,4,8,5,13.3
Agelas oroides,Holothuria tubulosa,Agelasidae,Holothuriidae,90,45,81,24,13.2
Holothuria tubulosa,Symphodus tinca,Holothuriidae,Labridae,84,31,72,45,13.2
Chondrosia reniformis,Stramonita haemastoma,Chondrillidae,Muricidae,80,32,70,22,13.2
Phorbas tenacior,Sabella spallanzanii,Hymedesmiidae,Sabellidae,75,49,64,27,13.2
Branchiomma luctuosum,Stramonita haemastoma,Sabellidae,Muricidae,74,17,55,43,13.2
Acetabularia acetabulum,Ellisolandia elongata,Polyphysaceae,Lithophyllaceae,70,38,62,28,13.2
Eunicella singularis,Serranus scriba,Gorgoniidae,Serranidae,56,28,42,33,13.2
Dardanus calidus,Leptogorgia sarmentosa,Diogenidae,Gorgoniidae,51,26,43,25,13.2
Acinetospora crinita,Petrosia ficiformis,Acinetosporaceae,Petrosiidae,37,31,34,15,13.2
Clanculus jussieui,Hexaplex trunculus,Trochidae,Muricidae,34,4,31,8,13.2
Clathria jolicoeuri,Lipophrys trigloides,Microcionidae,Blenniidae,32,13,32,6,13.2
Inachus phalangium,Periclimenes amethysteus,Inachidae,Palaemonidae,30,9,28,15,13.2
Cistus salviifolius,Foeniculum vulgare,Cistaceae,Apiaceae,28,26,28,11,13.2
Alcyonium acaule,Diaphorodoris alba,Alcyoniidae,Calycidorididae,26,12,26,8,13.2
Mesophyllum alternans,Pycnoclavella communis,Lithophyllaceae,Pycnoclavellidae,21,16,21,9,13.2
Pomadasys incisus,Pseudocaranx dentex,Haemulidae,Carangidae,20,16,19,10,13.2
Dactylopterus volitans,Semicassis undulata,Dactylopteridae,Cassidae,19,12,15,11,13.2
Felimare villafranca,Ocnus planci,Chromodorididae,Cucumariidae,17,6,15,7,13.2
Berthellina edwardsii,Dendrodoris limbata,Pleurobranchidae,Dendrodorididae,16,9,13,8,13.2
Echinolittorina punctata,Steromphala varia,Littorinidae,Trochidae,14,10,14,10,13.2
Pseudobiceros splendidus,Rugulopteryx okamurae,Pseudocerotidae,Dictyotaceae,13,3,10,6,13.2
Bunodeopsis strumosa,Naticarius hebraeus,Boloceroididae,Naticidae,9,6,5,6,13.2
Posidonia oceanica,Protula tubularia,Posidoniaceae,Serpulidae,192,75,136,60,13.1
Acetabularia acetabulum,Serpula vermicularis,Polyphysaceae,Serpulidae,117,45,91,35,13.1
Halocynthia papillosa,Serpula vermicularis,Pyuridae,Serpulidae,109,50,87,38,13.1
Ircinia oros,Protula tubularia,Irciniidae,Serpulidae,102,46,83,35,13.1
Crambe crambe,Perforatus perforatus,Crambeidae,Balanidae,97,61,80,38,13.1
Aiptasia couchii,Holothuria tubulosa,Aiptasiidae,Holothuriidae,96,31,76,38,13.1
Calmella cavolini,Diaphorodoris papillata,Flabellinidae,Calycidorididae,85,48,82,24,13.1
Bonellia viridis,Serranus scriba,Bonelliidae,Serranidae,84,36,69,34,13.1
Anthias anthias,Cliona viridis,Anthiadidae,Clionaidae,71,27,57,20,13.1
Chromis chromis,Symphodus roissali,Pomacentridae,Labridae,71,34,60,39,13.1
Chondrosia reniformis,Eunicella gazella,Chondrillidae,Gorgoniidae,67,33,63,27,13.1
Eunicella singularis,Labrus merula,Gorgoniidae,Labridae,67,28,52,32,13.1
Amphiroa rigida,Cliona viridis,Lithophyllaceae,Clionaidae,64,30,54,21,13.1
Leptogorgia sarmentosa,Palinurus elephas,Gorgoniidae,Palinuridae,52,22,45,21,13.1
Cribrinopsis crassa,Thylacodes arenarius,Actiniidae,Vermetidae,39,25,34,16,13.1
Leptogorgia sarmentosa,Pseudodistoma crucigaster,Gorgoniidae,Pseudodistomidae,37,18,28,25,13.1
Pinnoctopus macropus,Telmatactis forskalii,Octopodidae,Isophelliidae,34,20,32,12,13.1
Goniodoridella picoensis,Nemesignis banyulensis,Goniodorididae,Myrrhinidae,26,20,21,12,13.1
Felimida binza,Goniodoridella picoensis,Chromodorididae,Goniodorididae,19,12,18,12,13.1
Halopteris filicina,Maja crispata,Stypocaulaceae,Majidae,17,14,17,7,13.1
Phoronis hippocrepia,Tritia neritea,Phoronidae,Nassariidae,13,6,13,6,13.1
Gari depressa,Pecten jacobaeus,Psammobiidae,Pectinidae,12,8,12,9,13.1
Ircinia oros,Pseudochlorodesmis furcellata,Irciniidae,Udoteaceae,12,6,11,6,13.1
Goniodoridella picoensis,Pseudobiceros splendidus,Goniodorididae,Pseudocerotidae,11,6,10,6,13.1
Codium bursa,Neogoniolithon brassica-florida,Codiaceae,Lithophyllaceae,11,10,11,5,13.1
Lithophyllum stictiforme,Margaretta cereoides,Lithophyllaceae,Margarettidae,8,8,8,5,13.1
Crambe crambe,Ircinia oros,Crambeidae,Irciniidae,105,49,87,36,13.0
Aiptasia mutabilis,Hexaplex trunculus,Aiptasiidae,Muricidae,103,45,85,44,13.0
Crambe crambe,Diplodus puntazzo,Crambeidae,Sparidae,103,56,82,49,13.0
Crambe crambe,Symphodus mediterraneus,Crambeidae,Labridae,95,47,76,42,13.0
Holothuria tubulosa,Symphodus mediterraneus,Holothuriidae,Labridae,93,36,81,28,13.0
Crambe crambe,Stramonita haemastoma,Crambeidae,Muricidae,88,42,75,26,13.0
Apogon imberbis,Mesophyllum expansum,Apogonidae,Lithophyllaceae,83,47,69,25,13.0
Mesophyllum expansum,Sarcotragus fasciculatus,Lithophyllaceae,Irciniidae,83,40,69,23,13.0
Dicentrarchus labrax,Gobius paganellus,Moronidae,Gobiidae,79,40,60,32,13.0
Apogon imberbis,Symphodus tinca,Apogonidae,Labridae,78,33,62,33,13.0
Scorpaena maderensis,Serranus scriba,Scorpaenidae,Serranidae,73,39,65,38,13.0
Flabellia petiolata,Thalassoma pavo,Codiaceae,Labridae,71,39,57,25,13.0
Arbacia lixula,Eunicella singularis,Arbaciidae,Gorgoniidae,71,38,55,31,13.0
Labrus merula,Leptogorgia sarmentosa,Labridae,Gorgoniidae,59,28,51,33,13.0
Caloria quatrefagesi,Oculina patagonica,Facelinidae,Oculinidae,58,24,52,22,13.0
Phorbas tenacior,Tricleocarpa fragilis,Hymedesmiidae,Galaxauraceae,57,27,49,19,13.0
Chromis chromis,Eunicella singularis,Pomacentridae,Gorgoniidae,56,27,42,28,13.0
Epinephelus marginatus,Symphodus tinca,Epinephelidae,Labridae,56,35,50,29,13.0
Chromis chromis,Ellisolandia elongata,Pomacentridae,Lithophyllaceae,55,32,45,22,13.0
Diplodus sargus,Epinephelus marginatus,Sparidae,Epinephelidae,54,27,47,31,13.0
Naticarius hebraeus,Ophisurus serpens,Naticidae,Ophichthidae,44,25,35,14,13.0
Conger conger,Gnathophyllum elegans,Congridae,Gnathophyllidae,43,17,38,14,13.0
Amphiroa rigida,Caulerpa cylindracea,Lithophyllaceae,Caulerpaceae,43,15,32,17,13.0
Caloria quatrefagesi,Goniodoridella picoensis,Facelinidae,Goniodorididae,32,23,26,16,13.0
Centrolabrus melanocercus,Serranus cabrilla,Labridae,Serranidae,31,18,28,8,13.0
Nerocila bivittata,Parablennius zvonimiri,Cymothoidae,Blenniidae,17,12,17,11,13.0
Pagellus erythrinus,Synapturichthys kleinii,Sparidae,Soleidae,15,9,12,12,13.0
Aplus dorbignyi,Conus ventricosus,Pisaniidae,Conidae,14,12,14,7,13.0
Balanophyllia europaea,Tridentata perpusilla,Dendrophylliidae,Sertulariidae,14,12,14,7,13.0
Convolvulus althaeoides,Synema globosum,Convolvulaceae,Thomisidae,12,9,8,8,13.0
Halimeda tuna,Neogoniolithon brassica-florida,Halimedaceae,Lithophyllaceae,12,12,12,5,13.0
Phorbas tenacior,Tridentata perpusilla,Hymedesmiidae,Sertulariidae,12,8,12,8,13.0
Cestum veneris,Thylacodes arenarius,Cestidae,Vermetidae,11,6,8,5,13.0
Frondipora verrucosa,Holothuria forskali,Frondiporidae,Holothuriidae,10,8,10,8,13.0
Asphodelus fistulosus,Centaurea aspera,Xanthorrhoeaceae,Asteraceae,9,9,9,6,13.0
Astropecten platyacanthus,Synapturichthys kleinii,Astropectinidae,Soleidae,8,6,6,6,13.0
Dardanus arrosor,Semicassis undulata,Diogenidae,Cassidae,8,7,8,6,13.0
Aiptasia mutabilis,Cliona viridis,Aiptasiidae,Clionaidae,103,53,89,31,12.9
Bonellia viridis,Protula tubularia,Bonelliidae,Serpulidae,100,49,82,43,12.9
Halimeda tuna,Parablennius rouxi,Halimedaceae,Blenniidae,99,46,81,31,12.9
Aiptasia couchii,Arbacia lixula,Aiptasiidae,Arbaciidae,99,51,90,44,12.9
Aiptasia mutabilis,Sabella spallanzanii,Aiptasiidae,Sabellidae,92,45,80,42,12.9
Apogon imberbis,Cliona viridis,Apogonidae,Clionaidae,90,46,77,30,12.9
Echinaster sepositus,Halocynthia papillosa,Echinasteridae,Pyuridae,82,43,54,29,12.9
Holothuria forskali,Pentapora fascialis,Holothuriidae,Bitectiporidae,77,43,68,20,12.9
Padina pavonica,Sarcotragus fasciculatus,Dictyotaceae,Irciniidae,76,39,65,29,12.9
Pentapora fascialis,Reteporella grimaldii,Bitectiporidae,Phidoloporidae,68,32,58,24,12.9
Asparagopsis taxiformis,Parablennius sanguinolentus,Bonnemaisoniaceae,Blenniidae,58,11,39,26,12.9
Eunicella singularis,Prostheceraeus roseus,Gorgoniidae,Euryleptidae,53,27,34,34,12.9
Epinephelus marginatus,Sphyraena viridensis,Epinephelidae,Sphyraenidae,53,34,46,30,12.9
Leptogorgia sarmentosa,Thalassoma pavo,Gorgoniidae,Labridae,46,25,39,24,12.9
Centrolabrus melanocercus,Petrosia ficiformis,Labridae,Petrosiidae,38,28,36,15,12.9
Alcyonium acaule,Cribrinopsis crassa,Alcyoniidae,Actiniidae,35,20,31,17,12.9
Percnon gibbesi,Scartella cristata,Percnidae,Blenniidae,30,23,28,20,12.9
Felimare villafranca,Marionia blainvillea,Chromodorididae,Tritoniidae,29,14,28,9,12.9
Gnathophyllum elegans,Limaria hians,Gnathophyllidae,Limidae,20,14,19,9,12.9
Haliclona mucosa,Trinchesia morrowae,Chalinidae,Trinchesiidae,17,14,17,6,12.9
Candiella striata,Polysyncraton lacazei,Tritoniidae,Didemnidae,13,9,12,6,12.9
Crella pulvinar,Hemimycale columella,Crellidae,Hymedesmiidae,13,11,13,6,12.9
Centaurea aspera,Convolvulus althaeoides,Asteraceae,Convolvulaceae,13,12,13,10,12.9
Apletodon incognitus,Pomatoschistus bathi,Gobiesocidae,Gobiidae,11,6,11,5,12.9
Lima lima,Pseudodistoma crucigaster,Limidae,Pseudodistomidae,11,8,11,9,12.9
Eunicella gazella,Manupecten pesfelis,Gorgoniidae,Pectinidae,10,6,10,5,12.9
Sertularella crassicaulis,Symphodus mediterraneus,Sertulariidae,Labridae,10,9,9,5,12.9
Aiptasia mutabilis,Serpula vermicularis,Aiptasiidae,Serpulidae,120,54,100,33,12.8
Perforatus perforatus,Serpula vermicularis,Balanidae,Serpulidae,106,61,91,36,12.8
Bonellia viridis,Parablennius rouxi,Bonelliidae,Blenniidae,102,49,85,29,12.8
Acetabularia acetabulum,Halimeda tuna,Polyphysaceae,Halimedaceae,100,41,81,36,12.8
Aiptasia mutabilis,Symphodus mediterraneus,Aiptasiidae,Labridae,100,43,77,37,12.8
Chondrosia reniformis,Parablennius zvonimiri,Chondrillidae,Blenniidae,90,39,75,33,12.8
Apogon imberbis,Sphaerococcus coronopifolius,Apogonidae,Sphaerococcaceae,90,42,77,34,12.8
Parablennius rouxi,Pentapora fascialis,Blenniidae,Bitectiporidae,88,49,78,30,12.8
Branchiomma luctuosum,Parablennius pilicornis,Sabellidae,Blenniidae,81,15,55,54,12.8
Flabellia petiolata,Symphodus tinca,Codiaceae,Labridae,77,31,63,27,12.8
Diplodus sargus,Labrus merula,Sparidae,Labridae,77,34,64,40,12.8
Diaphorodoris papillata,Rudmania krohni,Calycidorididae,Chromodorididae,71,45,63,25,12.8
Aiptasia mutabilis,Tricleocarpa fragilis,Aiptasiidae,Galaxauraceae,70,24,53,29,12.8
Chondrosia reniformis,Mullus surmuletus,Chondrillidae,Mullidae,69,34,66,30,12.8
Ellisolandia elongata,Hexaplex trunculus,Lithophyllaceae,Muricidae,63,31,56,27,12.8
Amphiroa rigida,Halocynthia papillosa,Lithophyllaceae,Pyuridae,62,17,51,23,12.8
Caloria quatrefagesi,Prostheceraeus roseus,Facelinidae,Euryleptidae,53,28,45,26,12.8
Dardanus calidus,Lithophyllum stictiforme,Diogenidae,Lithophyllaceae,46,27,43,13,12.8
Lipophrys trigloides,Paradoris indecora,Blenniidae,Discodorididae,39,16,35,9,12.8
Acinetospora crinita,Sphaerococcus coronopifolius,Acinetosporaceae,Sphaerococcaceae,36,26,28,17,12.8
Centrolabrus melanocercus,Codium bursa,Labridae,Codiaceae,35,24,34,17,12.8
Convolvulus althaeoides,Pistacia lentiscus,Convolvulaceae,Anacardiaceae,35,34,31,16,12.8
Centrolabrus melanocercus,Lipophrys trigloides,Labridae,Blenniidae,34,14,24,8,12.8
Polysyncraton lacazei,Rugulopteryx okamurae,Didemnidae,Dictyotaceae,23,11,20,8,12.8
Gari depressa,Pinctada radiata,Psammobiidae,Pteriidae,17,11,17,8,12.8
Asphodelus fistulosus,Foeniculum vulgare,Xanthorrhoeaceae,Apiaceae,17,16,14,11,12.8
Cliona viridis,Nerocila bivittata,Clionaidae,Cymothoidae,16,13,16,7,12.8
Chondrosia reniformis,Nerocila bivittata,Chondrillidae,Cymothoidae,15,11,15,8,12.8
Lepadogaster candolii,Planocera ceratommata,Gobiesocidae,Planoceridae,13,10,12,6,12.8
Hildenbrandia rubra,Ircinia oros,Hildenbrandiaceae,Irciniidae,12,6,12,5,12.8
Caulerpa cylindracea,Planocera ceratommata,Caulerpaceae,Planoceridae,11,5,11,6,12.8
Holothuria forskali,Homarus gammarus,Holothuriidae,Nephropidae,11,11,10,9,12.8
Frondipora verrucosa,Pentapora fascialis,Frondiporidae,Bitectiporidae,10,9,10,5,12.8
Astropecten platyacanthus,Placida dendritica,Astropectinidae,Stiligeridae,10,7,9,5,12.8
Ariosoma balearicum,Trachinus araneus,Congridae,Trachinidae,10,8,9,6,12.8
Aglaja tricolorata,Astropecten platyacanthus,Aglajidae,Astropectinidae,10,5,8,6,12.8
Nerocila bivittata,Pseudodistoma crucigaster,Cymothoidae,Pseudodistomidae,10,6,10,6,12.8
Diaphorodoris papillata,Polycitor crystallinus,Calycidorididae,Polycitoridae,10,7,8,6,12.8
Pentapora fascialis,Pseudochlorodesmis furcellata,Bitectiporidae,Udoteaceae,10,7,10,8,12.8
Centrostephanus longispinus,Muraena helena,Diadematidae,Muraenidae,9,9,8,7,12.8
Discocelis tigrina,Gnathophyllum elegans,Discocelidae,Gnathophyllidae,9,4,9,6,12.8
Aglaophenia harpago,Holothuria forskali,Aglaopheniidae,Holothuriidae,9,6,8,7,12.8
Convolvulus althaeoides,Psilothrix viridicoerulea,Convolvulaceae,Dasytidae,9,8,8,6,12.8
Naticarius hebraeus,Solecurtus strigilatus,Naticidae,Solecurtidae,8,6,8,6,12.8
Facelina vicina,Pagurus cuanensis,Facelinidae,Paguridae,8,3,6,5,12.8
Amphiroa rubra,Symphodus mediterraneus,Lithophyllaceae,Labridae,8,4,8,5,12.8
Aiptasia mutabilis,Crambe crambe,Aiptasiidae,Crambeidae,107,51,82,41,12.7
Acetabularia acetabulum,Parablennius zvonimiri,Polyphysaceae,Blenniidae,101,42,79,35,12.7
Balanophyllia europaea,Hexaplex trunculus,Dendrophylliidae,Muricidae,94,48,79,44,12.7
Acetabularia acetabulum,Serranus scriba,Polyphysaceae,Serranidae,81,35,66,38,12.7
Eriphia verrucosa,Lipophrys trigloides,Eriphiidae,Blenniidae,80,41,71,29,12.7
Aidablennius sphynx,Gobius incognitus,Blenniidae,Gobiidae,71,29,55,29,12.7
Codium bursa,Mullus surmuletus,Codiaceae,Mullidae,69,29,60,28,12.7
Diplodus puntazzo,Ellisolandia elongata,Sparidae,Lithophyllaceae,67,36,56,27,12.7
Ircinia oros,Pseudodistoma crucigaster,Irciniidae,Pseudodistomidae,61,28,52,23,12.7
Sarcotragus fasciculatus,Tricleocarpa fragilis,Irciniidae,Galaxauraceae,60,18,49,18,12.7
Rudmania krohni,Trinchesia morrowae,Chromodorididae,Trinchesiidae,56,35,54,19,12.7
Chondrosia reniformis,Pseudodistoma crucigaster,Chondrillidae,Pseudodistomidae,53,25,46,25,12.7
Dictyota cyanoloma,Gobius incognitus,Dictyotaceae,Gobiidae,45,8,30,30,12.7
Leptogorgia sarmentosa,Schizoporella errata,Gorgoniidae,Schizoporellidae,44,17,32,24,12.7
Nemesignis banyulensis,Prostheceraeus roseus,Myrrhinidae,Euryleptidae,42,17,33,23,12.7
Leptogorgia sarmentosa,Nemesignis banyulensis,Gorgoniidae,Myrrhinidae,33,11,27,12,12.7
Clanculus jussieui,Maja crispata,Trochidae,Majidae,27,12,23,9,12.7
Phoronis hippocrepia,Schizoporella errata,Phoronidae,Schizoporellidae,25,13,25,18,12.7
Berghia coerulescens,Diaphorodoris alba,Aeolidiidae,Calycidorididae,23,19,22,11,12.7
Asparagopsis taxiformis,Phoronis hippocrepia,Bonnemaisoniaceae,Phoronidae,23,7,18,11,12.7
Periclimenes amethysteus,Telmatactis forskalii,Palaemonidae,Isophelliidae,21,5,18,10,12.7
Lissoclinum weigelei,Pomadasys incisus,Didemnidae,Haemulidae,21,6,20,8,12.7
Mesophyllum alternans,Scorpaena maderensis,Lithophyllaceae,Scorpaenidae,21,15,21,9,12.7
Lima lima,Perforatus perforatus,Limidae,Balanidae,17,17,16,11,12.7
Bituminaria bituminosa,Urospermum dalechampii,Fabaceae,Asteraceae,17,17,17,15,12.7
Eunicella gazella,Mesophyllum alternans,Gorgoniidae,Lithophyllaceae,17,11,17,8,12.7
Parazoanthus brevitentacularis,Thylacodes arenarius,Parazoanthidae,Vermetidae,15,13,14,8,12.7
Berthella ocellata,Trinchesia morrowae,Pleurobranchidae,Trinchesiidae,12,8,12,5,12.7
Aglaophenia elongata,Echinaster sepositus,Aglaopheniidae,Echinasteridae,11,9,11,8,12.7
Hacelia attenuata,Pachycerianthus dohrni,Ophidiasteridae,Cerianthidae,10,8,10,5,12.7
Facelina vicina,Penaeus kerathurus,Facelinidae,Penaeidae,9,6,6,5,12.7
Cribrinopsis crassa,Didemnum coccineum,Actiniidae,Didemnidae,8,8,8,5,12.7
Mesophyllum expansum,Serpula vermicularis,Lithophyllaceae,Serpulidae,97,62,81,24,12.6
Gobius cruentatus,Petrosia ficiformis,Gobiidae,Petrosiidae,96,34,86,23,12.6
Gobius cruentatus,Labrus merula,Gobiidae,Labridae,95,37,69,42,12.6
Aiptasia mutabilis,Thericium vulgatum,Aiptasiidae,Cerithiidae,90,36,75,47,12.6
Chondrosia reniformis,Labrus merula,Chondrillidae,Labridae,85,36,78,29,12.6
Diplodus puntazzo,Parablennius sanguinolentus,Sparidae,Blenniidae,85,39,72,26,12.6
Aidablennius sphynx,Aiptasia couchii,Blenniidae,Aiptasiidae,80,30,70,35,12.6
Eriphia verrucosa,Parablennius sanguinolentus,Eriphiidae,Blenniidae,77,38,66,29,12.6
Agelas oroides,Holothuria forskali,Agelasidae,Holothuriidae,76,39,66,21,12.6
Agelas oroides,Palinurus elephas,Agelasidae,Palinuridae,73,34,65,24,12.6
Eunicella singularis,Ircinia oros,Gorgoniidae,Irciniidae,69,33,56,24,12.6
Gnathophyllum elegans,Synodus saurus,Gnathophyllidae,Synodontidae,43,13,36,13,12.6
Microlipophrys dalmatinus,Pomatoschistus bathi,Blenniidae,Gobiidae,42,22,39,10,12.6
Epinephelus marginatus,Pinna rudis,Epinephelidae,Pinnidae,40,27,33,16,12.6
Cliona viridis,Gari depressa,Clionaidae,Psammobiidae,34,16,32,12,12.6
Jania rubens,Sphaerococcus coronopifolius,Lithophyllaceae,Sphaerococcaceae,34,22,33,16,12.6
Diaphorodoris papillata,Marionia blainvillea,Calycidorididae,Tritoniidae,33,16,32,13,12.6
Centrolabrus melanocercus,Scorpaena scrofa,Labridae,Scorpaenidae,32,25,31,10,12.6
Acinetospora crinita,Tricleocarpa fragilis,Acinetosporaceae,Galaxauraceae,24,18,20,13,12.6
Candiella striata,Rudmania krohni,Tritoniidae,Chromodorididae,23,17,22,10,12.6
Luria lurida,Periclimenes amethysteus,Cypraeidae,Palaemonidae,23,7,16,12,12.6
Derbesia tenuissima,Thericium vulgatum,Derbesiaceae,Cerithiidae,18,5,13,15,12.6
Ericaria mediterranea,Gobius incognitus,Sargassaceae,Gobiidae,15,10,15,11,12.6
Hemimycale mediterranea,Schizoporella errata,Hymedesmiidae,Schizoporellidae,14,3,13,6,12.6
Halcampoides purpureus,Pinnoctopus macropus,Halcampoididae,Octopodidae,13,8,13,7,12.6
Goniodoridella picoensis,Pycnoclavella nana,Goniodorididae,Pycnoclavellidae,12,8,12,5,12.6
Crella pulvinar,Microlipophrys nigriceps,Crellidae,Blenniidae,9,9,9,5,12.6
Crambe crambe,Posidonia oceanica,Crambeidae,Posidoniaceae,189,73,145,57,12.5
Aiptasia mutabilis,Gobius cruentatus,Aiptasiidae,Gobiidae,105,43,85,45,12.5
Diplodus puntazzo,Parablennius gattorugine,Sparidae,Blenniidae,101,59,85,32,12.5
Codium bursa,Serpula vermicularis,Codiaceae,Serpulidae,99,51,87,36,12.5
Parablennius zvonimiri,Symphodus mediterraneus,Blenniidae,Labridae,91,42,68,32,12.5
Bonellia viridis,Scorpaena maderensis,Bonelliidae,Scorpaenidae,90,36,79,31,12.5
Labrus merula,Stramonita haemastoma,Labridae,Muricidae,81,45,67,39,12.5
Diplodus puntazzo,Sphyraena viridensis,Sparidae,Sphyraenidae,78,45,65,30,12.5
Holothuria tubulosa,Serranus scriba,Holothuriidae,Serranidae,77,37,64,33,12.5
Codium bursa,Symphodus tinca,Codiaceae,Labridae,73,32,61,31,12.5
Aiptasia mutabilis,Ellisolandia elongata,Aiptasiidae,Lithophyllaceae,70,32,59,22,12.5
Diplodus sargus,Parablennius sanguinolentus,Sparidae,Blenniidae,66,25,51,33,12.5
Eunicella singularis,Holothuria tubulosa,Gorgoniidae,Holothuriidae,65,36,55,30,12.5
Sphyraena viridensis,Thalassoma pavo,Sphyraenidae,Labridae,58,41,51,30,12.5
Lithophyllum stictiforme,Scorpaena maderensis,Lithophyllaceae,Scorpaenidae,49,25,46,17,12.5
Anthias anthias,Epinephelus marginatus,Anthiadidae,Epinephelidae,47,18,37,25,12.5
Boops boops,Seriola dumerili,Sparidae,Carangidae,45,32,43,22,12.5
Centrolabrus melanocercus,Sphaerococcus coronopifolius,Labridae,Sphaerococcaceae,37,22,35,20,12.5
Bolma rugosa,Polysyncraton lacazei,Turbinidae,Didemnidae,26,14,26,10,12.5
Diaphorodoris papillata,Pycnoclavella nana,Calycidorididae,Pycnoclavellidae,24,16,23,7,12.5
Aiptasia mutabilis,Lima lima,Aiptasiidae,Limidae,19,11,18,9,12.5
Derbesia tenuissima,Ellisolandia elongata,Derbesiaceae,Lithophyllaceae,14,8,14,10,12.5
Aglaophenia tubiformis,Serpula vermicularis,Aglaopheniidae,Serpulidae,13,11,11,9,12.5
Hermodice carunculata,Mycteroperca rubra,Amphinomidae,Epinephelidae,9,8,9,6,12.5
Posidonia oceanica,Tricleocarpa fragilis,Posidoniaceae,Galaxauraceae,123,42,91,35,12.4
Actinia mediterranea,Parablennius gattorugine,Actiniidae,Blenniidae,112,50,96,34,12.4
Parablennius zvonimiri,Serpula vermicularis,Blenniidae,Serpulidae,109,43,95,26,12.4
Halimeda tuna,Serpula vermicularis,Halimedaceae,Serpulidae,107,49,92,35,12.4
Aiptasia mutabilis,Ircinia oros,Aiptasiidae,Irciniidae,107,40,96,30,12.4
Aiptasia mutabilis,Arbacia lixula,Aiptasiidae,Arbaciidae,107,52,86,51,12.4
Balanophyllia europaea,Parablennius rouxi,Dendrophylliidae,Blenniidae,96,49,81,31,12.4
Balanophyllia europaea,Holothuria tubulosa,Dendrophylliidae,Holothuriidae,95,37,83,37,12.4
Aiptasia couchii,Diplodus puntazzo,Aiptasiidae,Sparidae,94,43,80,36,12.4
Protula tubularia,Sarcotragus fasciculatus,Serpulidae,Irciniidae,87,39,69,34,12.4
Oblada melanurus,Parablennius zvonimiri,Sparidae,Blenniidae,84,54,67,37,12.4
Gobius incognitus,Parablennius zvonimiri,Gobiidae,Blenniidae,81,38,70,36,12.4
Boops boops,Sphyraena viridensis,Sparidae,Sphyraenidae,66,38,57,27,12.4
Dardanus calidus,Eunicella gazella,Diogenidae,Gorgoniidae,58,24,48,25,12.4
Ariosoma balearicum,Ophisurus serpens,Congridae,Ophichthidae,53,30,45,16,12.4
Leptogorgia sarmentosa,Sabella spallanzanii,Gorgoniidae,Sabellidae,50,32,43,27,12.4
Ariosoma balearicum,Pinnoctopus macropus,Congridae,Octopodidae,43,30,39,23,12.4
Halopteris filicina,Posidonia oceanica,Stypocaulaceae,Posidoniaceae,40,26,39,17,12.4
Aplysina cavernicola,Diaphorodoris papillata,Aplysinidae,Calycidorididae,29,15,27,12,12.4
Chelidonichthys lastoviza,Pagellus erythrinus,Triglidae,Sparidae,26,11,21,18,12.4
Acetabularia acetabulum,Jania virgata,Polyphysaceae,Lithophyllaceae,21,15,21,9,12.4
Actinia mediterranea,Ericaria mediterranea,Actiniidae,Sargassaceae,20,16,19,10,12.4
Chrysymenia ventricosa,Phorbas tenacior,Rhodymeniaceae,Hymedesmiidae,20,16,19,13,12.4
Marionia blainvillea,Telmatactis forskalii,Tritoniidae,Isophelliidae,19,5,18,5,12.4
Labrus viridis,Sciaena umbra,Labridae,Sciaenidae,19,12,19,9,12.4
Chrysymenia ventricosa,Prostheceraeus roseus,Rhodymeniaceae,Euryleptidae,18,14,15,11,12.4
Chelon auratus,Hemimycale mediterranea,Mugilidae,Hymedesmiidae,17,8,16,8,12.4
Halimeda tuna,Nerocila bivittata,Halimedaceae,Cymothoidae,16,13,16,8,12.4
Phoronis hippocrepia,Steromphala varia,Phoronidae,Trochidae,16,5,16,5,12.4
Ophisurus serpens,Scopalina lophyropoda,Ophichthidae,Dictyonellidae,14,4,14,6,12.4
Asparagopsis taxiformis,Halopteris filicina,Bonnemaisoniaceae,Stypocaulaceae,14,8,13,7,12.4
Felimare villafranca,Haminoea exigua,Chromodorididae,Haminoeidae,11,5,11,8,12.4
Balanophyllia europaea,Pseudochlorodesmis furcellata,Dendrophylliidae,Udoteaceae,11,7,10,5,12.4
Hexaplex trunculus,Neogoniolithon brassica-florida,Muricidae,Lithophyllaceae,11,8,11,6,12.4
Acinetospora crinita,Labrus viridis,Acinetosporaceae,Labridae,9,7,9,6,12.4
Maja crispata,Neogoniolithon brassica-florida,Majidae,Lithophyllaceae,9,8,9,6,12.4
Acrosymphyton purpuriferum,Boops boops,Acrosymphytaceae,Sparidae,9,7,8,6,12.4
Gobius cruentatus,Halimeda tuna,Gobiidae,Halimedaceae,95,40,77,33,12.3
Acetabularia acetabulum,Codium bursa,Polyphysaceae,Codiaceae,88,40,72,29,12.3
Agelas oroides,Diplodus puntazzo,Agelasidae,Sparidae,86,39,74,34,12.3
Petrosia ficiformis,Sarcotragus fasciculatus,Petrosiidae,Irciniidae,86,44,75,21,12.3
Codium bursa,Petrosia ficiformis,Codiaceae,Petrosiidae,84,42,74,25,12.3
Oblada melanurus,Parablennius pilicornis,Sparidae,Blenniidae,81,45,62,46,12.3
Gobius incognitus,Holothuria tubulosa,Gobiidae,Holothuriidae,79,25,63,48,12.3
Perforatus perforatus,Symphodus roissali,Balanidae,Labridae,77,48,69,32,12.3
Dicentrarchus labrax,Perforatus perforatus,Moronidae,Balanidae,77,53,68,27,12.3
Aiptasia couchii,Oculina patagonica,Aiptasiidae,Oculinidae,76,30,67,36,12.3
Prostheceraeus roseus,Protula tubularia,Euryleptidae,Serpulidae,72,42,54,40,12.3
Agelas oroides,Scorpaena scrofa,Agelasidae,Scorpaenidae,71,32,67,17,12.3
Aidablennius sphynx,Stramonita haemastoma,Blenniidae,Muricidae,71,38,61,37,12.3
Epinephelus marginatus,Stramonita haemastoma,Epinephelidae,Muricidae,55,29,46,27,12.3
Lepadogaster candolii,Microlipophrys dalmatinus,Gobiesocidae,Blenniidae,50,21,49,12,12.3
Amphiroa rigida,Maja crispata,Lithophyllaceae,Majidae,49,16,44,17,12.3
Lithophyllum stictiforme,Maja crispata,Lithophyllaceae,Majidae,42,21,38,12,12.3
Lithophyllum stictiforme,Reteporella grimaldii,Lithophyllaceae,Phidoloporidae,41,26,38,20,12.3
Acinetospora crinita,Serpula vermicularis,Acinetosporaceae,Serpulidae,40,28,31,19,12.3
Cribrinopsis crassa,Polysyncraton lacazei,Actiniidae,Didemnidae,37,12,31,15,12.3
Felimare villafranca,Paradoris indecora,Chromodorididae,Discodorididae,34,7,33,5,12.3
Polysyncraton lacazei,Trinchesia morrowae,Didemnidae,Trinchesiidae,30,12,29,7,12.3
Lepadogaster candolii,Limaria hians,Gobiesocidae,Limidae,28,19,26,6,12.3
Berghia coerulescens,Felimare villafranca,Aeolidiidae,Chromodorididae,27,24,25,13,12.3
Gari depressa,Maja crispata,Psammobiidae,Majidae,27,15,22,12,12.3
Periclimenes amethysteus,Pinnoctopus macropus,Palaemonidae,Octopodidae,23,6,23,7,12.3
Amphiroa beauvoisii,Microlipophrys dalmatinus,Lithophyllaceae,Blenniidae,19,11,18,8,12.3
Derbesia tenuissima,Eriphia verrucosa,Derbesiaceae,Eriphiidae,19,8,16,10,12.3
Muricopsis cristata,Pinnoctopus macropus,Muricidae,Octopodidae,18,7,16,7,12.3
Diaphorodoris papillata,Felimare bilineata,Calycidorididae,Chromodorididae,16,11,16,7,12.3
Boops boops,Hemimycale mediterranea,Sparidae,Hymedesmiidae,16,10,16,9,12.3
Lima lima,Serranus scriba,Limidae,Serranidae,14,11,14,9,12.3
Manupecten pesfelis,Parablennius rouxi,Pectinidae,Blenniidae,13,12,13,9,12.3
Pagurus cuanensis,Penaeus kerathurus,Paguridae,Penaeidae,12,9,12,8,12.3
Aglaophenia tubiformis,Sphaerococcus coronopifolius,Aglaopheniidae,Sphaerococcaceae,11,11,11,5,12.3
Hemimycale mediterranea,Percnon gibbesi,Hymedesmiidae,Percnidae,11,8,11,6,12.3
Haminoea orteai,Steromphala varia,Haminoeidae,Trochidae,9,4,8,5,12.3
Corynactis viridis,Parazoanthus brevitentacularis,Corallimorphidae,Parazoanthidae,9,8,9,5,12.3
Polycitor crystallinus,Pycnoclavella communis,Polycitoridae,Pycnoclavellidae,9,6,9,6,12.3
Clathria jolicoeuri,Mesophyllum alternans,Microcionidae,Lithophyllaceae,8,6,8,6,12.3
Crambe crambe,Holothuria tubulosa,Crambeidae,Holothuriidae,94,42,83,39,12.2
Gobius cruentatus,Sphaerococcus coronopifolius,Gobiidae,Sphaerococcaceae,93,44,76,28,12.2
Aiptasia mutabilis,Scorpaena maderensis,Aiptasiidae,Scorpaenidae,92,44,81,39,12.2
Cliona viridis,Gobius cruentatus,Clionaidae,Gobiidae,92,41,75,28,12.2
Apogon imberbis,Petrosia ficiformis,Apogonidae,Petrosiidae,86,40,77,24,12.2
Balanophyllia europaea,Chromis chromis,Dendrophylliidae,Pomacentridae,77,31,64,35,12.2
Bothus podas,Parablennius sanguinolentus,Bothidae,Blenniidae,75,34,58,25,12.2
Aiptasia couchii,Mullus surmuletus,Aiptasiidae,Mullidae,70,30,58,35,12.2
Eunicella gazella,Flabellia petiolata,Gorgoniidae,Codiaceae,65,34,55,21,12.2
Bonellia viridis,Tricleocarpa fragilis,Bonelliidae,Galaxauraceae,64,26,53,26,12.2
Lepadogaster candolii,Lipophrys trigloides,Gobiesocidae,Blenniidae,64,24,55,17,12.2
Ircinia oros,Leptogorgia sarmentosa,Irciniidae,Gorgoniidae,59,32,53,20,12.2
Agelas oroides,Epinephelus marginatus,Agelasidae,Epinephelidae,56,25,45,28,12.2
Eriphia verrucosa,Percnon gibbesi,Eriphiidae,Percnidae,52,22,45,18,12.2
Parablennius sanguinolentus,Percnon gibbesi,Blenniidae,Percnidae,48,28,40,26,12.2
Dictyota cyanoloma,Thericium vulgatum,Dictyotaceae,Cerithiidae,44,13,32,30,12.2
Synodus saurus,Telmatactis forskalii,Synodontidae,Isophelliidae,43,15,40,16,12.2
Lima lima,Pycnoclavella communis,Limidae,Pycnoclavellidae,15,14,14,9,12.2
Bosellia mimetica,Facelina rubrovittata,Plakobranchidae,Facelinidae,14,8,13,6,12.2
Amphiroa beauvoisii,Scartella cristata,Lithophyllaceae,Blenniidae,14,8,14,7,12.2
Amphiroa rigida,Hemimycale mediterranea,Lithophyllaceae,Hymedesmiidae,12,6,12,6,12.2
Crella pulvinar,Reteporella grimaldii,Crellidae,Phidoloporidae,11,9,10,7,12.2
Neogoniolithon brassica-florida,Petrosia ficiformis,Lithophyllaceae,Petrosiidae,11,9,11,6,12.2
Lagurus ovatus,Pancratium maritimum,Poaceae,Amaryllidaceae,11,9,9,9,12.2
Gymnammodytes cicerelus,Xyrichtys novacula,Ammodytidae,Labridae,11,8,10,5,12.2
Myriapora truncata,Polycitor crystallinus,Myriaporidae,Polycitoridae,10,4,10,9,12.2
Dictyonella incisa,Lithophyllum stictiforme,Dictyonellidae,Lithophyllaceae,10,8,10,5,12.2
Collozoum inerme,Pelagia noctiluca,Collozoidae,Pelagiidae,10,7,10,5,12.2
Polycitor crystallinus,Sphaerococcus coronopifolius,Polycitoridae,Sphaerococcaceae,10,7,10,7,12.2
Halimeda tuna,Sertularella crassicaulis,Halimedaceae,Sertulariidae,10,10,9,5,12.2
Astroides calycularis,Pinna rudis,Dendrophylliidae,Pinnidae,9,7,9,6,12.2
Deiopea kaloktenota,Pelagia noctiluca,Eurhamphaeidae,Pelagiidae,8,7,7,6,12.2
Chromis chromis,Posidonia oceanica,Pomacentridae,Posidoniaceae,148,57,104,59,12.1
Arbacia lixula,Sarcotragus fasciculatus,Arbaciidae,Irciniidae,90,49,76,31,12.1
Aiptasia couchii,Parablennius zvonimiri,Aiptasiidae,Blenniidae,90,39,82,30,12.1
Aiptasia mutabilis,Mesophyllum expansum,Aiptasiidae,Lithophyllaceae,89,39,79,29,12.1
Halocynthia papillosa,Labrus merula,Pyuridae,Labridae,86,33,71,35,12.1
Acetabularia acetabulum,Stramonita haemastoma,Polyphysaceae,Muricidae,83,39,64,37,12.1
Holothuria tubulosa,Pentapora fascialis,Holothuriidae,Bitectiporidae,82,49,72,28,12.1
Aiptasia mutabilis,Serranus scriba,Aiptasiidae,Serranidae,81,41,62,34,12.1
Chondrosia reniformis,Perforatus perforatus,Chondrillidae,Balanidae,80,45,73,25,12.1
Cliona viridis,Pycnoclavella communis,Clionaidae,Pycnoclavellidae,78,46,66,25,12.1
Flabellia petiolata,Oblada melanurus,Codiaceae,Sparidae,76,33,61,31,12.1
Aiptasia couchii,Padina pavonica,Aiptasiidae,Dictyotaceae,73,36,65,31,12.1
Chondrosia reniformis,Symphodus roissali,Chondrillidae,Labridae,72,32,65,28,12.1
Myriapora truncata,Prostheceraeus roseus,Myriaporidae,Euryleptidae,71,42,59,35,12.1
Echinaster sepositus,Mesophyllum expansum,Echinasteridae,Lithophyllaceae,71,42,58,20,12.1
Eunicella gazella,Protula tubularia,Gorgoniidae,Serpulidae,67,35,55,31,12.1
Phorbas tenacior,Serranus scriba,Hymedesmiidae,Serranidae,65,39,54,27,12.1
Crambe crambe,Lithophyllum stictiforme,Crambeidae,Lithophyllaceae,53,34,46,22,12.1
Leptogorgia sarmentosa,Mesophyllum expansum,Gorgoniidae,Lithophyllaceae,50,23,48,17,12.1
Pachycerianthus solitarius,Tritia mutabilis,Cerianthidae,Nassariidae,45,15,37,13,12.1
Cribrinopsis crassa,Simnia spelta,Actiniidae,Ovulidae,41,20,38,20,12.1
Lithophyllum stictiforme,Prostheceraeus roseus,Lithophyllaceae,Euryleptidae,41,25,38,16,12.1
Simnia spelta,Trinchesia morrowae,Ovulidae,Trinchesiidae,33,16,30,12,12.1
Jania rubens,Sarcotragus fasciculatus,Lithophyllaceae,Irciniidae,31,22,30,18,12.1
Chondrosia reniformis,Jania rubens,Chondrillidae,Lithophyllaceae,30,20,29,19,12.1
Ophisurus serpens,Periclimenes amethysteus,Ophichthidae,Palaemonidae,28,7,25,10,12.1
Amphiroa beauvoisii,Stramonita haemastoma,Lithophyllaceae,Muricidae,24,11,22,17,12.1
Eudendrium racemosum,Schizoporella errata,Eudendriidae,Schizoporellidae,22,10,21,9,12.1
Limaria hians,Lithophyllum stictiforme,Limidae,Lithophyllaceae,20,15,20,6,12.1
Felimida binza,Thylacodes arenarius,Chromodorididae,Vermetidae,16,11,13,7,12.1
Dictyonella incisa,Hemimycale columella,Dictyonellidae,Hymedesmiidae,15,13,13,7,12.1
Holothuria forskali,Lima lima,Holothuriidae,Limidae,15,14,15,10,12.1
Felimare fontandraui,Phyllidia flava,Chromodorididae,Phyllidiidae,14,12,14,8,12.1
Ariosoma balearicum,Chelidonichthys obscurus,Congridae,Triglidae,13,7,12,5,12.1
Phorbas tenacior,Polycyathus muellerae,Hymedesmiidae,Caryophylliidae,12,11,12,7,12.1
Manupecten pesfelis,Phorbas tenacior,Pectinidae,Hymedesmiidae,11,11,11,6,12.1
Apogon imberbis,Pseudochlorodesmis furcellata,Apogonidae,Udoteaceae,10,9,9,7,12.1
Reteporella grimaldii,Tridentata perpusilla,Phidoloporidae,Sertulariidae,10,8,9,7,12.1
Acrosymphyton purpuriferum,Mesophyllum expansum,Acrosymphytaceae,Lithophyllaceae,9,9,8,5,12.1
Bonellia viridis,Posidonia oceanica,Bonelliidae,Posidoniaceae,186,65,149,38,12.0
Diplodus puntazzo,Posidonia oceanica,Sparidae,Posidoniaceae,184,70,142,59,12.0
Agelas oroides,Posidonia oceanica,Agelasidae,Posidoniaceae,160,62,129,36,12.0
Arbacia lixula,Balanophyllia europaea,Arbaciidae,Dendrophylliidae,96,44,74,35,12.0
Halimeda tuna,Parablennius gattorugine,Halimedaceae,Blenniidae,94,46,83,33,12.0
Pentapora fascialis,Serpula vermicularis,Bitectiporidae,Serpulidae,93,63,71,29,12.0
Balanophyllia europaea,Perforatus perforatus,Dendrophylliidae,Balanidae,88,43,69,28,12.0
Crambe crambe,Mesophyllum expansum,Crambeidae,Lithophyllaceae,83,46,72,28,12.0
Acetabularia acetabulum,Symphodus tinca,Polyphysaceae,Labridae,79,33,58,34,12.0
Codium bursa,Scorpaena maderensis,Codiaceae,Scorpaenidae,76,34,65,33,12.0
Sabella spallanzanii,Sarcotragus fasciculatus,Sabellidae,Irciniidae,74,33,59,24,12.0
Apogon imberbis,Palinurus elephas,Apogonidae,Palinuridae,73,30,58,32,12.0
Padina pavonica,Perforatus perforatus,Dictyotaceae,Balanidae,72,49,63,34,12.0
Holothuria tubulosa,Prostheceraeus roseus,Holothuriidae,Euryleptidae,71,38,58,33,12.0
Boops boops,Eunicella gazella,Sparidae,Gorgoniidae,59,24,54,22,12.0
Sciaena umbra,Sphyraena viridensis,Sciaenidae,Sphyraenidae,58,29,47,32,12.0
Branchiomma luctuosum,Ellisolandia elongata,Sabellidae,Lithophyllaceae,52,18,43,30,12.0
Apogon imberbis,Lithophyllum stictiforme,Apogonidae,Lithophyllaceae,49,31,45,20,12.0
Lithophyllum stictiforme,Serranus scriba,Lithophyllaceae,Serranidae,42,24,37,20,12.0
Lissoclinum weigelei,Schizoporella errata,Didemnidae,Schizoporellidae,29,17,27,16,12.0
Eudendrium racemosum,Halocynthia papillosa,Eudendriidae,Pyuridae,28,24,28,10,12.0
Centrolabrus melanocercus,Lepadogaster candolii,Labridae,Gobiesocidae,28,9,23,8,12.0
Bosellia mimetica,Calmella cavolini,Plakobranchidae,Flabellinidae,24,14,23,10,12.0
Branchiomma luctuosum,Echinolittorina punctata,Sabellidae,Littorinidae,22,6,17,8,12.0
Caloria quatrefagesi,Phoronis hippocrepia,Facelinidae,Phoronidae,22,12,22,7,12.0
Calmella cavolini,Placida dendritica,Flabellinidae,Stiligeridae,19,11,17,5,12.0
Bolma rugosa,Muricopsis cristata,Turbinidae,Muricidae,18,13,18,9,12.0
Lima lima,Parablennius rouxi,Limidae,Blenniidae,17,13,15,6,12.0
Hemimycale columella,Jania virgata,Hymedesmiidae,Lithophyllaceae,17,11,17,5,12.0
Halcampoides purpureus,Inachus phalangium,Halcampoididae,Inachidae,15,5,15,5,12.0
Halocynthia papillosa,Nerocila bivittata,Pyuridae,Cymothoidae,15,10,14,8,12.0
Aplysina cavernicola,Goniodoridella picoensis,Aplysinidae,Goniodorididae,14,9,12,7,12.0
Caulerpa cylindracea,Jania virgata,Caulerpaceae,Lithophyllaceae,13,10,13,7,12.0
Penaeus kerathurus,Phoronis hippocrepia,Penaeidae,Phoronidae,12,3,11,5,12.0
Berghia coerulescens,Marionia blainvillea,Aeolidiidae,Tritoniidae,12,10,12,9,12.0
Asphodelus fistulosus,Juncus acutus,Xanthorrhoeaceae,Juncaceae,10,8,8,5,12.0
Dictyonella incisa,Facelina rubrovittata,Dictyonellidae,Facelinidae,9,6,9,6,12.0
Codium bursa,Sertularella crassicaulis,Codiaceae,Sertulariidae,9,9,8,5,12.0
Aiptasia mutabilis,Parablennius zvonimiri,Aiptasiidae,Blenniidae,100,43,80,39,11.9
Aiptasia mutabilis,Labrus merula,Aiptasiidae,Labridae,96,43,77,43,11.9
Bonellia viridis,Petrosia ficiformis,Bonelliidae,Petrosiidae,92,42,84,26,11.9
Gobius cruentatus,Hexaplex trunculus,Gobiidae,Muricidae,89,29,69,40,11.9
Parablennius gattorugine,Sarcotragus fasciculatus,Blenniidae,Irciniidae,88,40,76,32,11.9
Flabellia petiolata,Parablennius rouxi,Codiaceae,Blenniidae,86,48,70,25,11.9
Holothuria tubulosa,Sarcotragus fasciculatus,Holothuriidae,Irciniidae,85,48,77,36,11.9
Halocynthia papillosa,Hexaplex trunculus,Pyuridae,Muricidae,84,39,72,26,11.9
Apogon imberbis,Pentapora fascialis,Apogonidae,Bitectiporidae,76,43,60,30,11.9
Gobius cruentatus,Serranus scriba,Gobiidae,Serranidae,75,25,64,35,11.9
Aidablennius sphynx,Eriphia verrucosa,Blenniidae,Eriphiidae,73,27,62,29,11.9
Crambe crambe,Prostheceraeus roseus,Crambeidae,Euryleptidae,72,53,55,32,11.9
Gobius paganellus,Symphodus roissali,Gobiidae,Labridae,72,39,57,25,11.9
Holothuria forskali,Mesophyllum expansum,Holothuriidae,Lithophyllaceae,71,36,66,18,11.9
Eunicella gazella,Ircinia oros,Gorgoniidae,Irciniidae,70,41,67,21,11.9
Actinia mediterranea,Amphiroa rigida,Actiniidae,Lithophyllaceae,69,33,65,18,11.9
Eunicella gazella,Halimeda tuna,Gorgoniidae,Halimedaceae,67,29,61,20,11.9
Gobius cruentatus,Tricleocarpa fragilis,Gobiidae,Galaxauraceae,61,25,45,24,11.9
Amphiroa rigida,Protula tubularia,Lithophyllaceae,Serpulidae,59,21,51,23,11.9
Cliona viridis,Pseudodistoma crucigaster,Clionaidae,Pseudodistomidae,53,29,46,21,11.9
Holothuria forskali,Thylacodes arenarius,Holothuriidae,Vermetidae,34,22,27,19,11.9
Acinetospora crinita,Flabellia petiolata,Acinetosporaceae,Codiaceae,32,26,29,18,11.9
Centrolabrus melanocercus,Phorbas tenacior,Labridae,Hymedesmiidae,31,23,29,13,11.9
Jania rubens,Perforatus perforatus,Lithophyllaceae,Balanidae,31,27,29,17,11.9
Aplysia depilans,Asparagopsis taxiformis,Aplysiidae,Bonnemaisoniaceae,28,7,23,16,11.9
Eudendrium racemosum,Sciaena umbra,Eudendriidae,Sciaenidae,23,14,23,7,11.9
Myxicola infundibulum,Pomatoschistus bathi,Sabellidae,Gobiidae,21,6,19,6,11.9
Electra posidoniae,Telmatactis forskalii,Electridae,Isophelliidae,20,11,19,8,11.9
Caloria quatrefagesi,Eudendrium racemosum,Facelinidae,Eudendriidae,20,12,20,5,11.9
Bosellia mimetica,Stenopus spinosus,Plakobranchidae,Stenopodidae,19,12,19,10,11.9
Naticarius hebraeus,Torpedo torpedo,Naticidae,Torpedinidae,18,14,9,14,11.9
Ctenolabrus rupestris,Serranus cabrilla,Labridae,Serranidae,17,15,17,5,11.9
Ericaria mediterranea,Gobius cobitis,Sargassaceae,Gobiidae,16,13,16,11,11.9
Phoronis hippocrepia,Pomadasys incisus,Phoronidae,Haemulidae,16,6,15,5,11.9
Electra posidoniae,Limaria hians,Electridae,Limidae,14,13,13,11,11.9
Lima lima,Mullus surmuletus,Limidae,Mullidae,13,10,13,9,11.9
Astrospartus mediterraneus,Chrysymenia ventricosa,Gorgonocephalidae,Rhodymeniaceae,12,7,10,7,11.9
Ascandra contorta,Lithophyllum stictiforme,Leucaltidae,Lithophyllaceae,12,10,12,6,11.9
Aglaophenia elongata,Parablennius rouxi,Aglaopheniidae,Blenniidae,12,11,11,10,11.9
Apterichtus caecus,Synodus saurus,Ophichthidae,Synodontidae,11,9,11,5,11.9
Sabella spallanzanii,Tridentata perpusilla,Sabellidae,Sertulariidae,11,8,10,6,11.9
Microcosmus sabatieri,Yungia aurantiaca,Pyuridae,Pseudocerotidae,9,5,9,5,11.9
Ascidia mentula,Muricopsis cristata,Ascidiidae,Muricidae,9,9,8,6,11.9
Acetabularia acetabulum,Parablennius gattorugine,Polyphysaceae,Blenniidae,95,40,77,40,11.8
Bonellia viridis,Crambe crambe,Bonelliidae,Crambeidae,95,51,75,39,11.8
Eriphia verrucosa,Parablennius zvonimiri,Eriphiidae,Blenniidae,85,48,73,30,11.8
Chondrosia reniformis,Parablennius gattorugine,Chondrillidae,Blenniidae,84,43,76,29,11.8
Aiptasia couchii,Perforatus perforatus,Aiptasiidae,Balanidae,83,43,74,29,11.8
Gobius cruentatus,Pentapora fascialis,Gobiidae,Bitectiporidae,82,42,73,25,11.8
Halimeda tuna,Scorpaena maderensis,Halimedaceae,Scorpaenidae,82,37,72,32,11.8
Arbacia lixula,Schizoporella errata,Arbaciidae,Schizoporellidae,70,39,53,41,11.8
Hacelia attenuata,Hemimycale columella,Ophidiasteridae,Hymedesmiidae,67,43,52,29,11.8
Flabellia petiolata,Maja crispata,Codiaceae,Majidae,67,36,55,21,11.8
Flabellia petiolata,Mullus surmuletus,Codiaceae,Mullidae,66,26,56,25,11.8
Agelas oroides,Prostheceraeus roseus,Agelasidae,Euryleptidae,63,42,57,24,11.8
Pennaria disticha,Thalassoma pavo,Pennariidae,Labridae,60,35,50,33,11.8
Anthias anthias,Phorbas tenacior,Anthiadidae,Hymedesmiidae,57,21,45,18,11.8
Ellisolandia elongata,Oculina patagonica,Lithophyllaceae,Oculinidae,51,24,48,26,11.8
Maja crispata,Tricleocarpa fragilis,Majidae,Galaxauraceae,47,24,40,19,11.8
Bothus podas,Seriola dumerili,Bothidae,Carangidae,46,28,41,23,11.8
Lithophyllum stictiforme,Scorpaena scrofa,Lithophyllaceae,Scorpaenidae,43,22,43,11,11.8
Epinephelus marginatus,Leptogorgia sarmentosa,Epinephelidae,Gorgoniidae,37,19,36,25,11.8
Branchiomma luctuosum,Steromphala varia,Sabellidae,Trochidae,37,3,34,8,11.8
Lissoclinum weigelei,Maja crispata,Didemnidae,Majidae,30,8,25,16,11.8
Ariosoma balearicum,Pagurus cuanensis,Congridae,Paguridae,22,17,20,12,11.8
Pagurus cuanensis,Yungia aurantiaca,Paguridae,Pseudocerotidae,18,9,17,10,11.8
Alicia mirabilis,Pinnoctopus macropus,Aliciidae,Octopodidae,17,8,16,8,11.8
Derbesia tenuissima,Stramonita haemastoma,Derbesiaceae,Muricidae,17,7,17,14,11.8
Branchiomma moebii,Hemimycale columella,Sabellidae,Hymedesmiidae,15,13,15,6,11.8
Felimare fontandraui,Placida dendritica,Chromodorididae,Stiligeridae,14,12,12,8,11.8
Aplysia depilans,Siphonaria pectinata,Aplysiidae,Siphonariidae,14,9,12,8,11.8
Lima lima,Prostheceraeus roseus,Limidae,Euryleptidae,13,12,12,7,11.8
Foeniculum vulgare,Sonchus tenerrimus,Apiaceae,Asteraceae,13,13,12,12,11.8
Felimare villafranca,Microcosmus sabatieri,Chromodorididae,Pyuridae,12,4,11,6,11.8
Cliona viridis,Manupecten pesfelis,Clionaidae,Pectinidae,12,10,12,8,11.8
Clanculus jussieui,Tritia neritea,Trochidae,Nassariidae,12,11,12,7,11.8
Bituminaria bituminosa,Sonchus tenerrimus,Fabaceae,Asteraceae,12,12,11,8,11.8
Amphiroa rigida,Lima lima,Lithophyllaceae,Limidae,11,8,11,6,11.8
Neogoniolithon brassica-florida,Parablennius rouxi,Lithophyllaceae,Blenniidae,11,8,11,5,11.8
Felimare bilineata,Prostheceraeus moseleyi,Chromodorididae,Euryleptidae,9,8,9,5,11.8
Coscinasterias tenuispina,Isara cornea,Asteriidae,Mitridae,9,7,9,6,11.8
Bunodeopsis strumosa,Callista chione,Boloceroididae,Veneridae,8,8,8,5,11.8
Actinia mediterranea,Serpula vermicularis,Actiniidae,Serpulidae,117,38,106,30,11.7
Actinia mediterranea,Sarcotragus fasciculatus,Actiniidae,Irciniidae,96,38,87,23,11.7
Acetabularia acetabulum,Crambe crambe,Polyphysaceae,Crambeidae,93,43,71,39,11.7
Gobius cobitis,Parablennius gattorugine,Gobiidae,Blenniidae,88,39,64,35,11.7
Gobius cruentatus,Scorpaena maderensis,Gobiidae,Scorpaenidae,83,30,65,35,11.7
Acetabularia acetabulum,Oblada melanurus,Polyphysaceae,Sparidae,81,37,68,36,11.7
Parablennius gattorugine,Symphodus tinca,Blenniidae,Labridae,77,41,62,43,11.7
Protula tubularia,Sabella spallanzanii,Serpulidae,Sabellidae,76,42,59,40,11.7
Chelon auratus,Oblada melanurus,Mugilidae,Sparidae,72,37,63,39,11.7
Chondrosia reniformis,Sabella spallanzanii,Chondrillidae,Sabellidae,70,37,60,31,11.7
Cliona viridis,Serranus scriba,Clionaidae,Serranidae,70,35,60,24,11.7
Holothuria tubulosa,Mullus surmuletus,Holothuriidae,Mullidae,69,32,61,39,11.7
Actinia mediterranea,Ellisolandia elongata,Actiniidae,Lithophyllaceae,69,35,61,29,11.7
Serpula vermicularis,Tricleocarpa fragilis,Serpulidae,Galaxauraceae,67,30,57,20,11.7
Diplodus puntazzo,Eunicella singularis,Sparidae,Gorgoniidae,63,35,52,28,11.7
Acetabularia acetabulum,Tricleocarpa fragilis,Polyphysaceae,Galaxauraceae,61,17,41,25,11.7
Asparagopsis taxiformis,Parablennius pilicornis,Bonnemaisoniaceae,Blenniidae,60,15,37,42,11.7
Boops boops,Schizoporella errata,Sparidae,Schizoporellidae,58,29,50,34,11.7
Ellisolandia elongata,Halocynthia papillosa,Lithophyllaceae,Pyuridae,58,27,48,18,11.7
Petrosia ficiformis,Pinna rudis,Petrosiidae,Pinnidae,54,29,46,24,11.7
Amphiroa rigida,Oblada melanurus,Lithophyllaceae,Sparidae,52,21,42,22,11.7
Diplodus vulgaris,Echinaster sepositus,Sparidae,Echinasteridae,49,25,44,22,11.7
Ellisolandia elongata,Schizoporella errata,Lithophyllaceae,Schizoporellidae,45,26,40,21,11.7
Ellisolandia elongata,Tricleocarpa fragilis,Lithophyllaceae,Galaxauraceae,40,18,36,11,11.7
Dicentrarchus labrax,Scartella cristata,Moronidae,Blenniidae,39,24,35,22,11.7
Centrolabrus melanocercus,Cliona viridis,Labridae,Clionaidae,34,20,31,15,11.7
Diaphorodoris alba,Nemesignis banyulensis,Calycidorididae,Myrrhinidae,33,25,29,14,11.7
Apogon imberbis,Centrolabrus melanocercus,Apogonidae,Labridae,33,23,29,16,11.7
Balanophyllia europaea,Gari depressa,Dendrophylliidae,Psammobiidae,33,10,27,13,11.7
Centrolabrus melanocercus,Chondrosia reniformis,Labridae,Chondrillidae,32,27,30,13,11.7
Facelinopsis marioni,Yungia aurantiaca,Facelinidae,Pseudocerotidae,28,9,23,6,11.7
Eudendrium racemosum,Oculina patagonica,Eudendriidae,Oculinidae,24,9,23,10,11.7
Pachycerianthus solitarius,Torpedo torpedo,Cerianthidae,Torpedinidae,22,11,11,13,11.7
Arbacia lixula,Mesophyllum alternans,Arbaciidae,Lithophyllaceae,22,12,20,11,11.7
Epinephelus costae,Hermodice carunculata,Epinephelidae,Amphinomidae,21,18,20,10,11.7
Ascandra contorta,Hexaplex trunculus,Leucaltidae,Muricidae,20,12,19,9,11.7
Halopteris filicina,Sarcotragus fasciculatus,Stypocaulaceae,Irciniidae,18,10,14,6,11.7
Periclimenes amethysteus,Simnia spelta,Palaemonidae,Ovulidae,17,5,16,7,11.7
Acetabularia acetabulum,Lima lima,Polyphysaceae,Limidae,17,13,16,11,11.7
Reteporella grimaldii,Thorogobius ephippiatus,Phidoloporidae,Gobiidae,15,10,15,5,11.7
Caberea boryi,Hemimycale columella,Candidae,Hymedesmiidae,15,8,15,5,11.7
Myriapora truncata,Nerocila bivittata,Myriaporidae,Cymothoidae,15,9,15,7,11.7
Diaphorodoris alba,Labrus mixtus,Calycidorididae,Labridae,14,8,14,7,11.7
Ericaria mediterranea,Maja crispata,Sargassaceae,Majidae,13,10,12,7,11.7
Mesophyllum expansum,Polycyathus muellerae,Lithophyllaceae,Caryophylliidae,12,8,12,6,11.7
Acetabularia acetabulum,Aglaophenia tubiformis,Polyphysaceae,Aglaopheniidae,11,9,9,8,11.7
Moerella pulchella,Steromphala varia,Tellinidae,Trochidae,10,9,10,6,11.7
Goniodoridella picoensis,Placida verticilata,Goniodorididae,Stiligeridae,9,8,8,5,11.7
Pachycerianthus solitarius,Trachinus araneus,Cerianthidae,Trachinidae,9,7,6,7,11.7
Lima lima,Telmatactis forskalii,Limidae,Isophelliidae,9,6,9,6,11.7
Epinephelus marginatus,Polycyathus muellerae,Epinephelidae,Caryophylliidae,9,8,9,6,11.7
Arbacia lixula,Myriapora truncata,Arbaciidae,Myriaporidae,91,49,74,28,11.6
Acetabularia acetabulum,Perforatus perforatus,Polyphysaceae,Balanidae,87,53,61,34,11.6
Aiptasia couchii,Sarcotragus fasciculatus,Aiptasiidae,Irciniidae,80,33,70,31,11.6
Bonellia viridis,Boops boops,Bonelliidae,Sparidae,80,35,66,31,11.6
Bonellia viridis,Thericium vulgatum,Bonelliidae,Cerithiidae,79,35,65,29,11.6
Parablennius zvonimiri,Pennaria disticha,Blenniidae,Pennariidae,78,39,68,31,11.6
Balanophyllia europaea,Sabella spallanzanii,Dendrophylliidae,Sabellidae,77,37,70,29,11.6
Codium bursa,Perforatus perforatus,Codiaceae,Balanidae,77,42,68,27,11.6
Acetabularia acetabulum,Chromis chromis,Polyphysaceae,Pomacentridae,75,33,51,35,11.6
Petrosia ficiformis,Prostheceraeus roseus,Petrosiidae,Euryleptidae,68,38,60,20,11.6
Balanophyllia europaea,Thalassoma pavo,Dendrophylliidae,Labridae,68,30,51,28,11.6
Holothuria forskali,Prostheceraeus roseus,Holothuriidae,Euryleptidae,61,34,50,24,11.6
Parablennius rouxi,Tricleocarpa fragilis,Blenniidae,Galaxauraceae,59,30,56,24,11.6
Oculina patagonica,Prostheceraeus roseus,Oculinidae,Euryleptidae,58,19,50,20,11.6
Branchiomma luctuosum,Mullus surmuletus,Sabellidae,Mullidae,58,14,38,41,11.6
Boops boops,Tricleocarpa fragilis,Sparidae,Galaxauraceae,51,16,41,20,11.6
Lipophrys trigloides,Pomatoschistus bathi,Blenniidae,Gobiidae,50,20,38,12,11.6
Thalassoma pavo,Tricleocarpa fragilis,Labridae,Galaxauraceae,45,19,39,21,11.6
Clanculus jussieui,Holothuria tubulosa,Trochidae,Holothuriidae,31,6,27,7,11.6
Asparagus acutifolius,Galactites tomentosus,Asparagaceae,Asteraceae,26,22,24,16,11.6
Candiella striata,Cribrinopsis crassa,Tritoniidae,Actiniidae,25,21,23,14,11.6
Hemimycale mediterranea,Ircinia oros,Hymedesmiidae,Irciniidae,18,9,18,13,11.6
Derbesia tenuissima,Lipophrys trigloides,Derbesiaceae,Blenniidae,17,9,17,5,11.6
Adeonella calveti,Diaphorodoris papillata,Adeonellidae,Calycidorididae,15,11,15,6,11.6
Pachycerianthus solitarius,Pseudobiceros splendidus,Cerianthidae,Pseudocerotidae,15,3,12,6,11.6
Felimare fontandraui,Haliclona mucosa,Chromodorididae,Chalinidae,14,11,13,8,11.6
Electra posidoniae,Muricopsis cristata,Electridae,Muricidae,11,7,11,7,11.6
Bituminaria bituminosa,Centaurea aspera,Fabaceae,Asteraceae,11,11,11,6,11.6
Irus irus,Peronaea planata,Veneridae,Tellinidae,10,8,10,6,11.6
Leptogorgia sarmentosa,Lima lima,Gorgoniidae,Limidae,10,8,10,6,11.6
Bonellia viridis,Polycitor crystallinus,Bonelliidae,Polycitoridae,10,5,9,6,11.6
Aglaophenia harpago,Cliona viridis,Aglaopheniidae,Clionaidae,9,7,9,5,11.6
Actinia mediterranea,Parablennius zvonimiri,Actiniidae,Blenniidae,102,37,89,31,11.5
Arbacia lixula,Parablennius gattorugine,Arbaciidae,Blenniidae,94,60,84,41,11.5
Diplodus puntazzo,Parablennius zvonimiri,Sparidae,Blenniidae,91,50,75,36,11.5
Arbacia lixula,Hexaplex trunculus,Arbaciidae,Muricidae,88,42,73,43,11.5
Acetabularia acetabulum,Aiptasia couchii,Polyphysaceae,Aiptasiidae,87,37,75,29,11.5
Sabella spallanzanii,Serpula vermicularis,Sabellidae,Serpulidae,86,47,70,32,11.5
Diplodus puntazzo,Stramonita haemastoma,Sparidae,Muricidae,79,34,64,31,11.5
Halimeda tuna,Pentapora fascialis,Halimedaceae,Bitectiporidae,78,47,64,28,11.5
Bonellia viridis,Scorpaena scrofa,Bonelliidae,Scorpaenidae,77,26,74,16,11.5
Crambe crambe,Symphodus roissali,Crambeidae,Labridae,77,44,65,30,11.5
Holothuria tubulosa,Sabella spallanzanii,Holothuriidae,Sabellidae,75,46,63,36,11.5
Flabellia petiolata,Scorpaena maderensis,Codiaceae,Scorpaenidae,75,33,67,29,11.5
Parablennius pilicornis,Pennaria disticha,Blenniidae,Pennariidae,75,36,58,50,11.5
Dardanus calidus,Myriapora truncata,Diogenidae,Myriaporidae,72,42,64,28,11.5
Perforatus perforatus,Thericium vulgatum,Balanidae,Cerithiidae,72,39,58,28,11.5
Chromis chromis,Labrus merula,Pomacentridae,Labridae,70,43,59,47,11.5
Chromis chromis,Symphodus mediterraneus,Pomacentridae,Labridae,68,32,51,38,11.5
Anthias anthias,Ircinia oros,Anthiadidae,Irciniidae,67,26,49,24,11.5
Myriapora truncata,Thalassoma pavo,Myriaporidae,Labridae,66,29,52,30,11.5
Pennaria disticha,Phorbas tenacior,Pennariidae,Hymedesmiidae,66,26,52,21,11.5
Parablennius sanguinolentus,Symphodus tinca,Blenniidae,Labridae,63,31,56,34,11.5
Diaphorodoris papillata,Felimare fontandraui,Calycidorididae,Chromodorididae,56,42,46,27,11.5
Ariosoma balearicum,Pagellus erythrinus,Congridae,Sparidae,54,30,46,23,11.5
Caloria quatrefagesi,Eunicella gazella,Facelinidae,Gorgoniidae,45,25,41,18,11.5
Branchiomma luctuosum,Striarca lactea,Sabellidae,Noetiidae,42,4,42,5,11.5
Microlipophrys dalmatinus,Pagellus acarne,Blenniidae,Sparidae,39,19,37,11,11.5
Aplysia depilans,Gobius cobitis,Aplysiidae,Gobiidae,38,9,25,17,11.5
Diaphorodoris papillata,Thylacodes arenarius,Calycidorididae,Vermetidae,35,22,31,14,11.5
Aplysia depilans,Lipophrys trigloides,Aplysiidae,Blenniidae,35,15,28,16,11.5
Bispira volutacornis,Sarcotragus fasciculatus,Sabellidae,Irciniidae,28,14,27,13,11.5
Periclimenes amethysteus,Stenopus spinosus,Palaemonidae,Stenopodidae,25,7,24,8,11.5
Amphiroa beauvoisii,Coscinasterias tenuispina,Lithophyllaceae,Asteriidae,24,11,21,13,11.5
Amphiroa beauvoisii,Gobius paganellus,Lithophyllaceae,Gobiidae,24,8,19,16,11.5
Muricopsis cristata,Trinchesia morrowae,Muricidae,Trinchesiidae,20,7,18,6,11.5
Asphodelus fistulosus,Galactites tomentosus,Xanthorrhoeaceae,Asteraceae,17,15,16,11,11.5
Anthias anthias,Haliclona mucosa,Anthiadidae,Chalinidae,15,7,15,5,11.5
Nerocila bivittata,Parablennius rouxi,Cymothoidae,Blenniidae,15,12,14,10,11.5
Balanophyllia europaea,Nerocila bivittata,Dendrophylliidae,Cymothoidae,15,12,13,9,11.5
Derbesia tenuissima,Maja crispata,Derbesiaceae,Majidae,15,5,14,8,11.5
Inachus phalangium,Lepidopleurus cajetanus,Inachidae,Leptochitonidae,13,9,13,7,11.5
Halocynthia papillosa,Margaretta cereoides,Pyuridae,Margarettidae,12,8,12,6,11.5
Petrosia ficiformis,Tridentata perpusilla,Petrosiidae,Sertulariidae,12,9,11,8,11.5
Lepidopleurus cajetanus,Pomatoschistus bathi,Leptochitonidae,Gobiidae,11,9,11,5,11.5
Phoronis hippocrepia,Polititapes aureus,Phoronidae,Veneridae,11,9,11,5,11.5
Ciona edwardsi,Hemimycale columella,Cionidae,Hymedesmiidae,9,8,9,5,11.5
Posidonia oceanica,Pseudodistoma crucigaster,Posidoniaceae,Pseudodistomidae,103,39,79,41,11.4
Arbacia lixula,Bonellia viridis,Arbaciidae,Bonelliidae,94,47,80,31,11.4
Gobius paganellus,Serpula vermicularis,Gobiidae,Serpulidae,91,23,81,22,11.4
Acetabularia acetabulum,Holothuria tubulosa,Polyphysaceae,Holothuriidae,89,47,71,37,11.4
Apogon imberbis,Parablennius zvonimiri,Apogonidae,Blenniidae,83,45,66,30,11.4
Oculina patagonica,Serpula vermicularis,Oculinidae,Serpulidae,83,30,76,28,11.4
Halimeda tuna,Stramonita haemastoma,Halimedaceae,Muricidae,76,33,69,23,11.4
Boops boops,Flabellia petiolata,Sparidae,Codiaceae,71,39,56,31,11.4
Hexaplex trunculus,Symphodus tinca,Muricidae,Labridae,70,21,58,43,11.4
Gobius cruentatus,Prostheceraeus roseus,Gobiidae,Euryleptidae,69,36,60,27,11.4
Chondrosia reniformis,Palinurus elephas,Chondrillidae,Palinuridae,67,29,62,25,11.4
Mesophyllum expansum,Palinurus elephas,Lithophyllaceae,Palinuridae,66,28,56,24,11.4
Diplodus puntazzo,Eunicella gazella,Sparidae,Gorgoniidae,66,25,58,28,11.4
Apogon imberbis,Diplodus sargus,Apogonidae,Sparidae,66,31,54,32,11.4
Hexaplex trunculus,Mullus surmuletus,Muricidae,Mullidae,65,25,53,37,11.4
Conger conger,Phycis phycis,Congridae,Phycidae,63,38,57,28,11.4
Eunicella gazella,Petrosia ficiformis,Gorgoniidae,Petrosiidae,63,33,62,15,11.4
Eunicella singularis,Parablennius rouxi,Gorgoniidae,Blenniidae,60,25,42,30,11.4
Branchiomma luctuosum,Diplodus sargus,Sabellidae,Sparidae,59,14,43,38,11.4
Mullus surmuletus,Parablennius sanguinolentus,Mullidae,Blenniidae,58,29,46,31,11.4
Balanophyllia europaea,Pinna rudis,Dendrophylliidae,Pinnidae,54,24,44,18,11.4
Pseudodistoma crucigaster,Scorpaena maderensis,Pseudodistomidae,Scorpaenidae,48,18,43,22,11.4
Echinaster sepositus,Leptogorgia sarmentosa,Echinasteridae,Gorgoniidae,46,22,30,21,11.4
Acinetospora crinita,Ircinia oros,Acinetosporaceae,Irciniidae,34,25,30,15,11.4
Diaphorodoris papillata,Felimida binza,Calycidorididae,Chromodorididae,33,25,30,16,11.4
Acetabularia acetabulum,Jania rubens,Polyphysaceae,Lithophyllaceae,32,26,29,17,11.4
Caranx crysos,Oblada melanurus,Carangidae,Sparidae,31,20,23,19,11.4
Berghia coerulescens,Diaphorodoris papillata,Aeolidiidae,Calycidorididae,29,24,27,14,11.4
Apogon imberbis,Eudendrium racemosum,Apogonidae,Eudendriidae,26,23,25,11,11.4
Echinaster sepositus,Eudendrium racemosum,Echinasteridae,Eudendriidae,24,19,23,8,11.4
Gari depressa,Tricleocarpa fragilis,Psammobiidae,Galaxauraceae,21,8,19,9,11.4
Buglossidium luteum,Pachycerianthus solitarius,Soleidae,Cerianthidae,20,7,15,5,11.4
Marionia blainvillea,Yungia aurantiaca,Tritoniidae,Pseudocerotidae,19,6,14,10,11.4
Gobius cruentatus,Halopteris filicina,Gobiidae,Stypocaulaceae,19,13,18,8,11.4
Facelina vicina,Felimare villafranca,Facelinidae,Chromodorididae,17,7,15,5,11.4
Eudendrium racemosum,Leptogorgia sarmentosa,Eudendriidae,Gorgoniidae,17,12,16,5,11.4
Pomadasys incisus,Sparisoma cretense,Haemulidae,Labridae,15,11,12,10,11.4
Bosemprella incarnata,Naticarius hebraeus,Tellinidae,Naticidae,13,11,12,11,11.4
Polititapes aureus,Tritia neritea,Veneridae,Nassariidae,12,10,12,7,11.4
Myriapora truncata,Tridentata perpusilla,Myriaporidae,Sertulariidae,12,12,12,5,11.4
Astrospartus mediterraneus,Haliclona mucosa,Gorgonocephalidae,Chalinidae,11,8,11,6,11.4
Ecteinascidia herdmani,Pycnoclavella communis,Perophoridae,Pycnoclavellidae,11,8,11,6,11.4
Dardanus arrosor,Phallusia mammillata,Diogenidae,Ascidiidae,10,7,10,7,11.4
Dictyonella incisa,Rugulopteryx okamurae,Dictyonellidae,Dictyotaceae,9,6,9,5,11.4
Eunicella singularis,Polycyathus muellerae,Gorgoniidae,Caryophylliidae,9,6,8,5,11.4
Pagrus auriga,Parablennius sanguinolentus,Sparidae,Blenniidae,9,3,7,6,11.4
Aglaophenia harpago,Pycnoclavella communis,Aglaopheniidae,Pycnoclavellidae,8,7,7,5,11.4
Pagellus acarne,Solecurtus strigilatus,Sparidae,Solecurtidae,8,6,8,5,11.4
Aiptasia mutabilis,Phorbas tenacior,Aiptasiidae,Hymedesmiidae,81,46,69,27,11.3
Aiptasia couchii,Labrus merula,Aiptasiidae,Labridae,81,34,65,34,11.3
Apogon imberbis,Sarcotragus fasciculatus,Apogonidae,Irciniidae,76,37,61,36,11.3
Echinaster sepositus,Parablennius rouxi,Echinasteridae,Blenniidae,75,42,55,30,11.3
Gobius paganellus,Symphodus mediterraneus,Gobiidae,Labridae,75,22,53,19,11.3
Halocynthia papillosa,Holothuria forskali,Pyuridae,Holothuriidae,73,32,68,24,11.3
Cliona viridis,Thericium vulgatum,Clionaidae,Cerithiidae,72,36,62,21,11.3
Acetabularia acetabulum,Mullus surmuletus,Polyphysaceae,Mullidae,69,25,50,30,11.3
Diaphorodoris papillata,Felimare villafranca,Calycidorididae,Chromodorididae,65,42,58,21,11.3
Aidablennius sphynx,Symphodus roissali,Blenniidae,Labridae,64,30,49,26,11.3
Mesophyllum expansum,Prostheceraeus roseus,Lithophyllaceae,Euryleptidae,60,41,53,19,11.3
Parablennius sanguinolentus,Sphyraena viridensis,Blenniidae,Sphyraenidae,59,32,42,22,11.3
Cliona viridis,Epinephelus marginatus,Clionaidae,Epinephelidae,56,30,52,18,11.3
Eunicella singularis,Sabella spallanzanii,Gorgoniidae,Sabellidae,51,24,37,25,11.3
Asparagopsis taxiformis,Oculina patagonica,Bonnemaisoniaceae,Oculinidae,50,18,40,26,11.3
Dictyota cyanoloma,Holothuria tubulosa,Dictyotaceae,Holothuriidae,47,13,33,23,11.3
Amphiroa rigida,Chromis chromis,Lithophyllaceae,Pomacentridae,47,17,40,17,11.3
Astrospartus mediterraneus,Reteporella grimaldii,Gorgonocephalidae,Phidoloporidae,36,19,35,18,11.3
Gari depressa,Petrosia ficiformis,Psammobiidae,Petrosiidae,31,14,30,8,11.3
Gari depressa,Sphaerococcus coronopifolius,Psammobiidae,Sphaerococcaceae,31,16,25,11,11.3
Callionymus pusillus,Xyrichtys novacula,Callionymidae,Labridae,31,15,24,11,11.3
Inachus phalangium,Polysyncraton lacazei,Inachidae,Didemnidae,28,13,26,13,11.3
Eudendrium racemosum,Myriapora truncata,Eudendriidae,Myriaporidae,27,25,26,9,11.3
Aplysina cavernicola,Cribrinopsis crassa,Aplysinidae,Actiniidae,26,15,24,15,11.3
Ophisurus serpens,Tritia neritea,Ophichthidae,Nassariidae,25,7,23,8,11.3
Chondrosia reniformis,Eudendrium racemosum,Chondrillidae,Eudendriidae,25,21,24,7,11.3
Goniodoridella picoensis,Yungia aurantiaca,Goniodorididae,Pseudocerotidae,24,15,21,10,11.3
Maja crispata,Muricopsis cristata,Majidae,Muricidae,21,13,21,5,11.3
Petalifera petalifera,Synodus saurus,Aplysiidae,Synodontidae,20,6,16,10,11.3
Pinctada radiata,Steromphala varia,Pteriidae,Trochidae,20,12,20,9,11.3
Limaria hians,Phallusia mammillata,Limidae,Ascidiidae,19,6,17,7,11.3
Ascandra contorta,Branchiomma luctuosum,Leucaltidae,Sabellidae,17,7,16,6,11.3
Elysia timida,Facelina rubrovittata,Plakobranchidae,Facelinidae,16,9,12,9,11.3
Hemimycale mediterranea,Mesophyllum expansum,Hymedesmiidae,Lithophyllaceae,15,9,14,6,11.3
Agelas oroides,Hemimycale mediterranea,Agelasidae,Hymedesmiidae,15,8,14,11,11.3
Anthias anthias,Mesophyllum alternans,Anthiadidae,Lithophyllaceae,15,10,14,7,11.3
Pecten jacobaeus,Peronaea planata,Pectinidae,Tellinidae,14,11,14,10,11.3
Codium bursa,Tridentata perpusilla,Codiaceae,Sertulariidae,11,9,11,6,11.3
Berthellina edwardsii,Limaria hians,Pleurobranchidae,Limidae,10,10,10,5,11.3
Callista chione,Talochlamys multistriata,Veneridae,Pectinidae,10,9,10,10,11.3
Asphodelus fistulosus,Lagurus ovatus,Xanthorrhoeaceae,Poaceae,10,10,10,8,11.3
Aglaophenia tubiformis,Pycnoclavella communis,Aglaopheniidae,Pycnoclavellidae,9,9,9,6,11.3
Neogoniolithon brassica-florida,Thericium vulgatum,Lithophyllaceae,Cerithiidae,9,9,9,5,11.3
Hacelia attenuata,Sertularella crassicaulis,Ophidiasteridae,Sertulariidae,8,6,6,5,11.3
Gastroclonium clavatum,Sphaerococcus coronopifolius,Champiaceae,Sphaerococcaceae,8,8,8,6,11.3
Neogoniolithon brassica-florida,Thalassoma pavo,Lithophyllaceae,Labridae,8,8,8,5,11.3
Oblada melanurus,Posidonia oceanica,Sparidae,Posidoniaceae,147,54,121,46,11.2
Arbacia lixula,Ircinia oros,Arbaciidae,Irciniidae,93,59,86,35,11.2
Apogon imberbis,Serpula vermicularis,Apogonidae,Serpulidae,91,46,71,34,11.2
Aiptasia mutabilis,Symphodus roissali,Aiptasiidae,Labridae,80,42,71,45,11.2
Crambe crambe,Scorpaena maderensis,Crambeidae,Scorpaenidae,79,45,71,43,11.2
Boops boops,Gobius cruentatus,Sparidae,Gobiidae,76,31,62,33,11.2
Balanophyllia europaea,Boops boops,Dendrophylliidae,Sparidae,75,30,57,27,11.2
Aiptasia couchii,Chondrosia reniformis,Aiptasiidae,Chondrillidae,75,24,64,22,11.2
Apogon imberbis,Boops boops,Apogonidae,Sparidae,70,42,62,32,11.2
Sarcotragus fasciculatus,Thericium vulgatum,Irciniidae,Cerithiidae,69,33,64,23,11.2
Parablennius gattorugine,Thalassoma pavo,Blenniidae,Labridae,67,40,58,34,11.2
Cliona viridis,Maja crispata,Clionaidae,Majidae,65,42,55,19,11.2
Branchiomma luctuosum,Symphodus tinca,Sabellidae,Labridae,60,11,48,38,11.2
Epinephelus marginatus,Parablennius gattorugine,Epinephelidae,Blenniidae,59,32,51,26,11.2
Apogon imberbis,Muraena helena,Apogonidae,Muraenidae,58,26,35,28,11.2
Balanophyllia europaea,Epinephelus marginatus,Dendrophylliidae,Epinephelidae,58,24,53,21,11.2
Ellisolandia elongata,Labrus merula,Lithophyllaceae,Labridae,56,38,51,27,11.2
Epinephelus marginatus,Perforatus perforatus,Epinephelidae,Balanidae,55,33,48,25,11.2
Amphiroa rigida,Hexaplex trunculus,Lithophyllaceae,Muricidae,54,26,44,27,11.2
Pomatoschistus bathi,Synodus saurus,Gobiidae,Synodontidae,46,29,39,17,11.2
Amphiroa rigida,Mullus surmuletus,Lithophyllaceae,Mullidae,44,19,40,19,11.2
Neverita josephinia,Ophisurus serpens,Naticidae,Ophichthidae,35,16,28,9,11.2
Pinna rudis,Tricleocarpa fragilis,Pinnidae,Galaxauraceae,35,18,28,17,11.2
Balanophyllia europaea,Centrolabrus melanocercus,Dendrophylliidae,Labridae,34,24,32,17,11.2
Pinna rudis,Pseudodistoma crucigaster,Pinnidae,Pseudodistomidae,32,18,29,18,11.2
Goniodoridella picoensis,Luisella babai,Goniodorididae,Samlidae,27,21,25,13,11.2
Amphiroa beauvoisii,Pennaria disticha,Lithophyllaceae,Pennariidae,22,13,21,9,11.2
Prostheceraeus moseleyi,Thylacodes arenarius,Euryleptidae,Vermetidae,20,14,16,11,11.2
Amphiroa rigida,Clanculus jussieui,Lithophyllaceae,Trochidae,20,8,19,5,11.2
Eudendrium racemosum,Tricleocarpa fragilis,Eudendriidae,Galaxauraceae,18,15,18,6,11.2
Mesophyllum alternans,Symphodus tinca,Lithophyllaceae,Labridae,17,13,16,7,11.2
Clanculus jussieui,Conus ventricosus,Trochidae,Conidae,16,15,16,10,11.2
Halopteris filicina,Pennaria disticha,Stypocaulaceae,Pennariidae,16,11,16,5,11.2
Echinaster sepositus,Jania virgata,Echinasteridae,Lithophyllaceae,16,12,16,7,11.2
Loripes orbiculatus,Neverita josephinia,Lucinidae,Naticidae,15,12,15,11,11.2
Facelina vicina,Pachycerianthus solitarius,Facelinidae,Cerianthidae,15,9,11,8,11.2
Lima lima,Padina pavonica,Limidae,Dictyotaceae,13,12,13,5,11.2
Aplus dorbignyi,Striarca lactea,Pisaniidae,Noetiidae,13,9,13,5,11.2
Amphiroa beauvoisii,Pomadasys incisus,Lithophyllaceae,Haemulidae,13,5,12,6,11.2
Facelina vicina,Phallusia mammillata,Facelinidae,Ascidiidae,12,10,11,7,11.2
Convolvulus althaeoides,Paronychia argentea,Convolvulaceae,Caryophyllaceae,12,12,12,8,11.2
Limaria hians,Pagurus cuanensis,Limidae,Paguridae,11,10,11,7,11.2
Acinetospora crinita,Bispira volutacornis,Acinetosporaceae,Sabellidae,11,10,11,8,11.2
Asphodelus fistulosus,Urospermum dalechampii,Xanthorrhoeaceae,Asteraceae,11,11,10,10,11.2
Luria lurida,Scopalina lophyropoda,Cypraeidae,Dictyonellidae,10,3,10,5,11.2
Aglaophenia elongata,Pentapora fascialis,Aglaopheniidae,Bitectiporidae,10,9,10,6,11.2
Bolma rugosa,Lima lima,Turbinidae,Limidae,10,7,10,6,11.2
Nerocila bivittata,Pinna rudis,Cymothoidae,Pinnidae,9,8,9,7,11.2
Cribrinopsis crassa,Frondipora verrucosa,Actiniidae,Frondiporidae,9,6,8,7,11.2
Aglaophenia tubiformis,Prostheceraeus roseus,Aglaopheniidae,Euryleptidae,8,8,7,7,11.2
Aiptasia mutabilis,Posidonia oceanica,Aiptasiidae,Posidoniaceae,180,64,138,50,11.1
Posidonia oceanica,Symphodus tinca,Posidoniaceae,Labridae,139,49,101,54,11.1
Actinia mediterranea,Lipophrys trigloides,Actiniidae,Blenniidae,86,43,79,27,11.1
Actinia mediterranea,Symphodus roissali,Actiniidae,Labridae,84,41,69,33,11.1
Balanophyllia europaea,Labrus merula,Dendrophylliidae,Labridae,83,35,69,34,11.1
Balanophyllia europaea,Scorpaena maderensis,Dendrophylliidae,Scorpaenidae,78,30,68,32,11.1
Bonellia viridis,Sabella spallanzanii,Bonelliidae,Sabellidae,76,43,65,26,11.1
Acetabularia acetabulum,Gobius incognitus,Polyphysaceae,Gobiidae,74,40,68,32,11.1
Symphodus mediterraneus,Thericium vulgatum,Labridae,Cerithiidae,69,31,57,27,11.1
Sabella spallanzanii,Symphodus mediterraneus,Sabellidae,Labridae,69,43,58,30,11.1
Balanophyllia europaea,Diplodus sargus,Dendrophylliidae,Sparidae,69,28,59,29,11.1
Dicentrarchus labrax,Eriphia verrucosa,Moronidae,Eriphiidae,68,42,60,28,11.1
Chondrosia reniformis,Pennaria disticha,Chondrillidae,Pennariidae,67,25,55,27,11.1
Pagellus erythrinus,Synodus saurus,Sparidae,Synodontidae,60,31,56,18,11.1
Aiptasia couchii,Asparagopsis taxiformis,Aiptasiidae,Bonnemaisoniaceae,56,9,34,35,11.1
Bonellia viridis,Pinna rudis,Bonelliidae,Pinnidae,54,26,44,24,11.1
Bonellia viridis,Pseudodistoma crucigaster,Bonelliidae,Pseudodistomidae,53,22,48,18,11.1
Scorpaena maderensis,Tricleocarpa fragilis,Scorpaenidae,Galaxauraceae,51,24,44,24,11.1
Diplodus cervinus,Serranus cabrilla,Sparidae,Serranidae,51,29,42,18,11.1
Eunicella gazella,Sphyraena viridensis,Gorgoniidae,Sphyraenidae,50,19,42,19,11.1
Diaphorodoris papillata,Nemesignis banyulensis,Calycidorididae,Myrrhinidae,44,29,37,19,11.1
Conger conger,Pinnoctopus macropus,Congridae,Octopodidae,43,21,43,15,11.1
Diplodus cervinus,Epinephelus marginatus,Sparidae,Epinephelidae,43,17,36,23,11.1
Perforatus perforatus,Scartella cristata,Balanidae,Blenniidae,41,25,37,18,11.1
Gnathophyllum elegans,Inachus phalangium,Gnathophyllidae,Inachidae,34,8,34,8,11.1
Luisella babai,Nemesignis banyulensis,Samlidae,Myrrhinidae,32,23,29,14,11.1
Gobius cobitis,Hamigera hamigera,Gobiidae,Hymedesmiidae,32,17,30,7,11.1
Boops boops,Caranx crysos,Sparidae,Carangidae,30,23,27,14,11.1
Alcyonium acaule,Holothuria forskali,Alcyoniidae,Holothuriidae,29,18,26,14,11.1
Acinetospora crinita,Chondrosia reniformis,Acinetosporaceae,Chondrillidae,29,24,25,19,11.1
Eudendrium racemosum,Halimeda tuna,Eudendriidae,Halimedaceae,27,24,26,8,11.1
Lepadogaster candolii,Periclimenes amethysteus,Gobiesocidae,Palaemonidae,26,8,23,7,11.1
Alcyonium acaule,Anthias anthias,Alcyoniidae,Anthiadidae,24,10,23,10,11.1
Semicassis undulata,Xyrichtys novacula,Cassidae,Labridae,24,14,21,9,11.1
Berthellina edwardsii,Lepadogaster candolii,Pleurobranchidae,Gobiesocidae,20,13,19,5,11.1
Chrysymenia ventricosa,Cliona viridis,Rhodymeniaceae,Clionaidae,20,13,17,11,11.1
Apogon imberbis,Mesophyllum alternans,Apogonidae,Lithophyllaceae,19,15,19,8,11.1
Ariosoma balearicum,Petalifera petalifera,Congridae,Aplysiidae,17,8,14,9,11.1
Conger conger,Halcampoides purpureus,Congridae,Halcampoididae,15,8,14,5,11.1
Marionia blainvillea,Simnia spelta,Tritoniidae,Ovulidae,15,13,15,8,11.1
Caulerpa cylindracea,Pycnoclavella nana,Caulerpaceae,Pycnoclavellidae,15,10,13,7,11.1
Hexaplex trunculus,Lima lima,Muricidae,Limidae,15,13,14,13,11.1
Chondrosia reniformis,Hemimycale mediterranea,Chondrillidae,Hymedesmiidae,15,10,15,10,11.1
Labrus merula,Nerocila bivittata,Labridae,Cymothoidae,14,9,14,7,11.1
Caulerpa cylindracea,Haliclona mucosa,Caulerpaceae,Chalinidae,13,11,13,5,11.1
Lepadogaster candolii,Lepidopleurus cajetanus,Gobiesocidae,Leptochitonidae,13,10,13,6,11.1
Bonellia viridis,Manupecten pesfelis,Bonelliidae,Pectinidae,12,8,12,6,11.1
Hacelia attenuata,Polycyathus muellerae,Ophidiasteridae,Caryophylliidae,11,10,11,10,11.1
Hemimycale columella,Polycyathus muellerae,Hymedesmiidae,Caryophylliidae,11,11,11,8,11.1
Haminoea hydatis,Pagurus cuanensis,Haminoeidae,Paguridae,11,6,11,5,11.1
Manupecten pesfelis,Reteporella grimaldii,Pectinidae,Phidoloporidae,9,7,9,5,11.1
Acetabularia acetabulum,Dictyota fasciola,Polyphysaceae,Dictyotaceae,9,9,9,8,11.1
Aiptasia mutabilis,Amphiroa rubra,Aiptasiidae,Lithophyllaceae,8,5,8,5,11.1
Crambe crambe,Serpula vermicularis,Crambeidae,Serpulidae,97,55,82,33,11.0
Hexaplex trunculus,Labrus merula,Muricidae,Labridae,78,29,69,45,11.0
Flabellia petiolata,Perforatus perforatus,Codiaceae,Balanidae,75,44,63,23,11.0
Gobius cruentatus,Thericium vulgatum,Gobiidae,Cerithiidae,74,32,55,36,11.0
Diplodus puntazzo,Gobius incognitus,Sparidae,Gobiidae,73,38,58,40,11.0
Mesophyllum expansum,Perforatus perforatus,Lithophyllaceae,Balanidae,71,45,61,24,11.0
Oculina patagonica,Parablennius pilicornis,Oculinidae,Blenniidae,69,28,52,47,11.0
Hexaplex trunculus,Parablennius sanguinolentus,Muricidae,Blenniidae,69,24,58,34,11.0
Balanophyllia europaea,Maja crispata,Dendrophylliidae,Majidae,67,32,53,24,11.0
Acetabularia acetabulum,Thalassoma pavo,Polyphysaceae,Labridae,66,34,51,35,11.0
Labrus merula,Sphyraena viridensis,Labridae,Sphyraenidae,65,35,55,32,11.0
Sphyraena viridensis,Symphodus mediterraneus,Sphyraenidae,Labridae,63,32,55,23,11.0
Ellisolandia elongata,Eriphia verrucosa,Lithophyllaceae,Eriphiidae,53,33,51,29,11.0
Aidablennius sphynx,Asparagopsis taxiformis,Blenniidae,Bonnemaisoniaceae,50,12,35,26,11.0
Epinephelus marginatus,Phorbas tenacior,Epinephelidae,Hymedesmiidae,49,28,43,19,11.0
Apogon imberbis,Pseudodistoma crucigaster,Apogonidae,Pseudodistomidae,48,23,43,26,11.0
Asparagopsis taxiformis,Sciaena umbra,Bonnemaisoniaceae,Sciaenidae,46,13,38,18,11.0
Leptogorgia sarmentosa,Sphyraena viridensis,Gorgoniidae,Sphyraenidae,41,28,40,21,11.0
Eunicella singularis,Pseudodistoma crucigaster,Gorgoniidae,Pseudodistomidae,35,19,26,22,11.0
Paradoris indecora,Synodus saurus,Discodorididae,Synodontidae,32,5,28,6,11.0
Ophisurus serpens,Simnia spelta,Ophichthidae,Ovulidae,31,7,27,12,11.0
Chamelea gallina,Tritia mutabilis,Veneridae,Nassariidae,31,29,30,22,11.0
Centrolabrus melanocercus,Palinurus elephas,Labridae,Palinuridae,28,19,26,11,11.0
Marionia blainvillea,Rudmania krohni,Tritoniidae,Chromodorididae,24,15,23,11,11.0
Sparisoma cretense,Synodus saurus,Labridae,Synodontidae,24,21,24,16,11.0
Eudendrium racemosum,Prostheceraeus roseus,Eudendriidae,Euryleptidae,21,13,21,8,11.0
Elysia timida,Yungia aurantiaca,Plakobranchidae,Pseudocerotidae,18,10,17,7,11.0
Bolma rugosa,Pagurus cuanensis,Turbinidae,Paguridae,18,11,18,8,11.0
Chelidonichthys lastoviza,Pinnoctopus macropus,Triglidae,Octopodidae,17,4,16,5,11.0
Naticarius hebraeus,Pecten jacobaeus,Naticidae,Pectinidae,16,14,15,14,11.0
Dardanus calidus,Halopteris filicina,Diogenidae,Stypocaulaceae,15,12,15,6,11.0
Amphiroa beauvoisii,Percnon gibbesi,Lithophyllaceae,Percnidae,15,10,15,8,11.0
Aglaja tricolorata,Ariosoma balearicum,Aglajidae,Congridae,14,8,13,8,11.0
Foeniculum vulgare,Plantago lagopus,Apiaceae,Plantaginaceae,14,12,9,8,11.0
Scorpaena scrofa,Zeus faber,Scorpaenidae,Zeidae,12,4,11,5,11.0
Gymnammodytes cicerelus,Pagellus erythrinus,Ammodytidae,Sparidae,12,5,12,6,11.0
Labrus mixtus,Nemesignis banyulensis,Labridae,Myrrhinidae,11,5,8,6,11.0
Aplus dorbignyi,Steromphala varia,Pisaniidae,Trochidae,11,10,11,6,11.0
Dictyota cyanoloma,Diplosoma listerianum,Dictyotaceae,Didemnidae,11,7,11,5,11.0
Crella pulvinar,Rudmania krohni,Crellidae,Chromodorididae,10,9,10,5,11.0
Myriapora truncata,Neogoniolithon brassica-florida,Myriaporidae,Lithophyllaceae,10,10,10,5,11.0
Bonellia viridis,Pseudochlorodesmis furcellata,Bonelliidae,Udoteaceae,10,8,10,5,11.0
Diaphorodoris papillata,Frondipora verrucosa,Calycidorididae,Frondiporidae,9,8,9,8,11.0
Buglossidium luteum,Pagurus cuanensis,Soleidae,Paguridae,9,6,9,6,11.0
Caberea boryi,Rugulopteryx okamurae,Candidae,Dictyotaceae,9,4,7,6,11.0
Synodus saurus,Tritia pellucida,Synodontidae,Nassariidae,9,6,7,5,11.0
Discocelis tigrina,Rugulopteryx okamurae,Discocelidae,Dictyotaceae,8,7,8,5,11.0
Ctenolabrus rupestris,Felimida binza,Labridae,Chromodorididae,8,8,8,7,11.0
Ircinia oros,Posidonia oceanica,Irciniidae,Posidoniaceae,169,53,134,42,10.9
Actinia mediterranea,Gobius cobitis,Actiniidae,Gobiidae,92,34,79,34,10.9
Aiptasia mutabilis,Sphaerococcus coronopifolius,Aiptasiidae,Sphaerococcaceae,89,42,76,30,10.9
Ircinia oros,Parablennius zvonimiri,Irciniidae,Blenniidae,88,39,82,34,10.9
Diplodus puntazzo,Holothuria tubulosa,Sparidae,Holothuriidae,85,44,73,38,10.9
Cliona viridis,Holothuria tubulosa,Clionaidae,Holothuriidae,80,51,74,26,10.9
Parablennius pilicornis,Protula tubularia,Blenniidae,Serpulidae,80,41,59,41,10.9
Labrus merula,Perforatus perforatus,Labridae,Balanidae,77,45,66,26,10.9
Flabellia petiolata,Hexaplex trunculus,Codiaceae,Muricidae,75,43,63,28,10.9
Crambe crambe,Sabella spallanzanii,Crambeidae,Sabellidae,73,40,61,34,10.9
Parablennius pilicornis,Symphodus roissali,Blenniidae,Labridae,70,30,61,43,10.9
Gobius cobitis,Symphodus roissali,Gobiidae,Labridae,69,32,59,31,10.9
Aiptasia couchii,Dicentrarchus labrax,Aiptasiidae,Moronidae,69,33,64,19,10.9
Agelas oroides,Scorpaena maderensis,Agelasidae,Scorpaenidae,68,36,62,26,10.9
Holothuria tubulosa,Pseudodistoma crucigaster,Holothuriidae,Pseudodistomidae,50,32,40,32,10.9
Caloria quatrefagesi,Pennaria disticha,Facelinidae,Pennariidae,50,22,43,20,10.9
Epinephelus marginatus,Symphodus roissali,Epinephelidae,Labridae,48,29,43,27,10.9
Pinna rudis,Scorpaena maderensis,Pinnidae,Scorpaenidae,47,32,43,33,10.9
Symphodus tinca,Tricleocarpa fragilis,Labridae,Galaxauraceae,46,13,38,21,10.9
Eunicella singularis,Tricleocarpa fragilis,Gorgoniidae,Galaxauraceae,38,17,29,20,10.9
Jania rubens,Serpula vermicularis,Lithophyllaceae,Serpulidae,34,23,32,20,10.9
Balanophyllia europaea,Jania rubens,Dendrophylliidae,Lithophyllaceae,30,19,29,15,10.9
Flabellia petiolata,Jania rubens,Codiaceae,Lithophyllaceae,28,24,27,13,10.9
Berghia coerulescens,Trinchesia morrowae,Aeolidiidae,Trinchesiidae,22,17,21,9,10.9
Hemimycale columella,Sycon raphanus,Hymedesmiidae,Sycettidae,21,10,20,5,10.9
Astropecten platyacanthus,Simnia spelta,Astropectinidae,Ovulidae,18,4,16,8,10.9
Chrysymenia ventricosa,Mesophyllum expansum,Rhodymeniaceae,Lithophyllaceae,18,16,16,13,10.9
Jania rubens,Pseudodistoma crucigaster,Lithophyllaceae,Pseudodistomidae,18,10,17,8,10.9
Diaphorodoris papillata,Thorogobius ephippiatus,Calycidorididae,Gobiidae,17,13,16,5,10.9
Holothuria forskali,Thorogobius ephippiatus,Holothuriidae,Gobiidae,16,13,16,5,10.9
Nerocila bivittata,Serpula vermicularis,Cymothoidae,Serpulidae,16,14,16,10,10.9
Astropecten platyacanthus,Electra posidoniae,Astropectinidae,Electridae,15,8,12,7,10.9
Adeonella calveti,Hemimycale columella,Adeonellidae,Hymedesmiidae,13,11,13,7,10.9
Microlipophrys dalmatinus,Ocnus planci,Blenniidae,Cucumariidae,12,5,12,8,10.9
Microlipophrys nigriceps,Pseudobiceros splendidus,Blenniidae,Pseudocerotidae,12,8,11,7,10.9
Gongolaria squarrosa,Posidonia oceanica,Sargassaceae,Posidoniaceae,12,8,11,7,10.9
Caloria quatrefagesi,Nausithoe punctata,Facelinidae,Nausithoidae,10,8,10,5,10.9
Manupecten pesfelis,Pycnoclavella communis,Pectinidae,Pycnoclavellidae,10,9,10,6,10.9
Aglaophenia harpago,Bonellia viridis,Aglaopheniidae,Bonelliidae,9,9,9,6,10.9
Lagurus ovatus,Sonchus tenerrimus,Poaceae,Asteraceae,8,6,7,7,10.9
Asphodelus fistulosus,Paronychia argentea,Xanthorrhoeaceae,Caryophyllaceae,8,6,7,6,10.9
Jania rubens,Pycnoclavella nana,Lithophyllaceae,Pycnoclavellidae,8,7,7,6,10.9
Actinia mediterranea,Stramonita haemastoma,Actiniidae,Muricidae,83,44,74,38,10.8
Acetabularia acetabulum,Apogon imberbis,Polyphysaceae,Apogonidae,80,34,67,30,10.8
Bothus podas,Parablennius gattorugine,Bothidae,Blenniidae,80,38,59,38,10.8
Holothuria tubulosa,Petrosia ficiformis,Holothuriidae,Petrosiidae,80,39,73,26,10.8
Actinia mediterranea,Oculina patagonica,Actiniidae,Oculinidae,80,30,67,29,10.8
Acetabularia acetabulum,Symphodus mediterraneus,Polyphysaceae,Labridae,80,25,60,23,10.8
Eriphia verrucosa,Parablennius gattorugine,Eriphiidae,Blenniidae,79,45,64,33,10.8
Flabellia petiolata,Labrus merula,Codiaceae,Labridae,75,38,65,31,10.8
Arbacia lixula,Phorbas tenacior,Arbaciidae,Hymedesmiidae,74,51,67,26,10.8
Perforatus perforatus,Sarcotragus fasciculatus,Balanidae,Irciniidae,74,49,61,31,10.8
Balanophyllia europaea,Pentapora fascialis,Dendrophylliidae,Bitectiporidae,74,38,61,26,10.8
Holothuria tubulosa,Mesophyllum expansum,Holothuriidae,Lithophyllaceae,73,37,67,21,10.8
Mesophyllum expansum,Protula tubularia,Lithophyllaceae,Serpulidae,72,41,61,29,10.8
Crambe crambe,Gobius incognitus,Crambeidae,Gobiidae,71,30,63,26,10.8
Balanophyllia europaea,Prostheceraeus roseus,Dendrophylliidae,Euryleptidae,65,36,52,29,10.8
Padina pavonica,Symphodus mediterraneus,Dictyotaceae,Labridae,64,35,49,33,10.8
Holothuria forskali,Phorbas tenacior,Holothuriidae,Hymedesmiidae,63,35,60,22,10.8
Boops boops,Phorbas tenacior,Sparidae,Hymedesmiidae,62,37,56,24,10.8
Agelas oroides,Serranus scriba,Agelasidae,Serranidae,60,31,52,25,10.8
Aidablennius sphynx,Oculina patagonica,Blenniidae,Oculinidae,60,21,52,22,10.8
Padina pavonica,Pennaria disticha,Dictyotaceae,Pennariidae,59,29,51,33,10.8
Oblada melanurus,Sphyraena viridensis,Sparidae,Sphyraenidae,58,37,51,25,10.8
Halocynthia papillosa,Muraena helena,Pyuridae,Muraenidae,57,29,42,26,10.8
Ellisolandia elongata,Holothuria tubulosa,Lithophyllaceae,Holothuriidae,55,28,49,28,10.8
Echinaster sepositus,Eunicella gazella,Echinasteridae,Gorgoniidae,53,22,35,19,10.8
Pinna rudis,Protula tubularia,Pinnidae,Serpulidae,50,28,43,25,10.8
Chromis chromis,Eunicella gazella,Pomacentridae,Gorgoniidae,50,24,39,24,10.8
Eunicella singularis,Hemimycale columella,Gorgoniidae,Hymedesmiidae,49,32,41,23,10.8
Sabella spallanzanii,Tricleocarpa fragilis,Sabellidae,Galaxauraceae,47,23,40,23,10.8
Lithophyllum stictiforme,Protula tubularia,Lithophyllaceae,Serpulidae,46,25,42,18,10.8
Diaphorodoris alba,Felimare villafranca,Calycidorididae,Chromodorididae,44,32,38,18,10.8
Amphiroa rigida,Diplodus sargus,Lithophyllaceae,Sparidae,44,14,39,22,10.8
Ariosoma balearicum,Pagellus acarne,Congridae,Sparidae,39,27,36,17,10.8
Gnathophyllum elegans,Pagellus erythrinus,Gnathophyllidae,Sparidae,37,11,35,9,10.8
Gari depressa,Hexaplex trunculus,Psammobiidae,Muricidae,29,15,27,13,10.8
Chamelea gallina,Naticarius hebraeus,Veneridae,Naticidae,26,22,25,20,10.8
Parazoanthus brevitentacularis,Phorbas tenacior,Parazoanthidae,Hymedesmiidae,26,15,22,14,10.8
Acinetospora crinita,Reteporella grimaldii,Acinetosporaceae,Phidoloporidae,24,19,23,11,10.8
Clathria jolicoeuri,Lepadogaster candolii,Microcionidae,Gobiesocidae,23,11,23,10,10.8
Amphiroa rigida,Electra posidoniae,Lithophyllaceae,Electridae,22,12,21,9,10.8
Gari depressa,Peronaea planata,Psammobiidae,Tellinidae,15,7,15,6,10.8
Derbesia tenuissima,Oculina patagonica,Derbesiaceae,Oculinidae,15,7,13,12,10.8
Ascidia mentula,Dendrodoris limbata,Ascidiidae,Dendrodorididae,14,12,14,5,10.8
Foeniculum vulgare,Quercus rotundifolia,Apiaceae,Fagaceae,10,10,9,6,10.8
Margaretta cereoides,Reteporella grimaldii,Margarettidae,Phidoloporidae,9,7,9,7,10.8
Branchiomma moebii,Lithophyllum stictiforme,Sabellidae,Lithophyllaceae,9,9,9,5,10.8
Actinia mediterranea,Perforatus perforatus,Actiniidae,Balanidae,90,51,85,28,10.7
Diplodus puntazzo,Ircinia oros,Sparidae,Irciniidae,87,41,75,33,10.7
Arbacia lixula,Cliona viridis,Arbaciidae,Clionaidae,82,52,65,24,10.7
Agelas oroides,Aiptasia mutabilis,Agelasidae,Aiptasiidae,79,37,64,31,10.7
Aiptasia couchii,Parablennius pilicornis,Aiptasiidae,Blenniidae,77,31,65,48,10.7
Parablennius zvonimiri,Stramonita haemastoma,Blenniidae,Muricidae,72,40,64,35,10.7
Acetabularia acetabulum,Parablennius sanguinolentus,Polyphysaceae,Blenniidae,72,37,64,25,10.7
Pennaria disticha,Protula tubularia,Pennariidae,Serpulidae,70,30,58,31,10.7
Protula tubularia,Stramonita haemastoma,Serpulidae,Muricidae,70,36,61,27,10.7
Parablennius zvonimiri,Symphodus tinca,Blenniidae,Labridae,69,40,58,30,10.7
Sphaerococcus coronopifolius,Symphodus tinca,Sphaerococcaceae,Labridae,67,29,60,31,10.7
Sarcotragus fasciculatus,Symphodus roissali,Irciniidae,Labridae,66,40,65,23,10.7
Pentapora fascialis,Pycnoclavella communis,Bitectiporidae,Pycnoclavellidae,64,46,59,22,10.7
Hexaplex trunculus,Maja crispata,Muricidae,Majidae,62,21,50,25,10.7
Balanophyllia europaea,Inachus phalangium,Dendrophylliidae,Inachidae,62,22,50,20,10.7
Dardanus calidus,Phorbas tenacior,Diogenidae,Hymedesmiidae,59,39,54,23,10.7
Scorpaena maderensis,Thalassoma pavo,Scorpaenidae,Labridae,57,38,50,36,10.7
Codium bursa,Eunicella gazella,Codiaceae,Gorgoniidae,55,29,49,18,10.7
Palinurus elephas,Serranus cabrilla,Palinuridae,Serranidae,55,34,54,18,10.7
Eunicella gazella,Sabella spallanzanii,Gorgoniidae,Sabellidae,52,29,47,24,10.7
Gobius paganellus,Microlipophrys nigriceps,Gobiidae,Blenniidae,46,11,36,9,10.7
Percnon gibbesi,Stramonita haemastoma,Percnidae,Muricidae,43,30,39,24,10.7
Diplodus vulgaris,Sciaena umbra,Sparidae,Sciaenidae,41,23,37,12,10.7
Felimare villafranca,Prostheceraeus moseleyi,Chromodorididae,Euryleptidae,36,26,32,21,10.7
Ellisolandia elongata,Percnon gibbesi,Lithophyllaceae,Percnidae,33,21,29,16,10.7
Acinetospora crinita,Symphodus mediterraneus,Acinetosporaceae,Labridae,29,19,24,15,10.7
Eudendrium racemosum,Ircinia oros,Eudendriidae,Irciniidae,27,18,27,7,10.7
Gobius paganellus,Jania rubens,Gobiidae,Lithophyllaceae,27,15,26,13,10.7
Caulerpa cylindracea,Thylacodes arenarius,Caulerpaceae,Vermetidae,23,14,20,11,10.7
Gobius cobitis,Sycon raphanus,Gobiidae,Sycettidae,23,10,23,5,10.7
Synodus saurus,Zebrus zebrus,Synodontidae,Gobiidae,22,7,21,5,10.7
Centrolabrus melanocercus,Microlipophrys dalmatinus,Labridae,Blenniidae,22,11,19,6,10.7
Myxicola infundibulum,Tritia mutabilis,Sabellidae,Nassariidae,20,11,18,7,10.7
Pomadasys incisus,Serranus atricauda,Haemulidae,Serranidae,20,14,18,14,10.7
Bolma rugosa,Gari depressa,Turbinidae,Psammobiidae,19,15,19,9,10.7
Calmella cavolini,Facelina vicina,Flabellinidae,Facelinidae,18,5,16,6,10.7
Echinocardium cordatum,Tritia mutabilis,Loveniidae,Nassariidae,18,14,13,13,10.7
Hemimycale mediterranea,Serpula vermicularis,Hymedesmiidae,Serpulidae,18,9,18,5,10.7
Holothuria forskali,Labrus mixtus,Holothuriidae,Labridae,17,9,14,6,10.7
Callista chione,Myxicola infundibulum,Veneridae,Sabellidae,17,10,16,8,10.7
Aplus dorbignyi,Lepadogaster candolii,Pisaniidae,Gobiesocidae,17,7,17,6,10.7
Callionymus pusillus,Dasyatis pastinaca,Callionymidae,Dasyatidae,17,11,14,8,10.7
Cardites antiquatus,Chamelea gallina,Carditidae,Veneridae,15,13,15,10,10.7
Convolvulus althaeoides,Juncus acutus,Convolvulaceae,Juncaceae,13,11,12,7,10.7
Aidablennius sphynx,Ericaria mediterranea,Blenniidae,Sargassaceae,13,8,13,9,10.7
Serpula vermicularis,Tridentata perpusilla,Serpulidae,Sertulariidae,13,11,13,7,10.7
Lima lima,Thericium vulgatum,Limidae,Cerithiidae,13,10,13,7,10.7
Ericaria mediterranea,Symphodus roissali,Sargassaceae,Labridae,13,11,13,8,10.7
Branchiomma luctuosum,Discocelis tigrina,Sabellidae,Discocelidae,12,3,11,5,10.7
Calmella cavolini,Collozoum inerme,Flabellinidae,Collozoidae,11,7,9,6,10.7
Cestum veneris,Facelina rubrovittata,Cestidae,Facelinidae,11,6,11,6,10.7
Bispira volutacornis,Centrolabrus melanocercus,Sabellidae,Labridae,11,9,11,5,10.7
Chamelea gallina,Velella velella,Veneridae,Porpitidae,11,8,10,8,10.7
Coscinasterias tenuispina,Mesochaetopterus rogeri,Asteriidae,Chaetopteridae,11,7,11,7,10.7
Pentapora fascialis,Polycyathus muellerae,Bitectiporidae,Caryophylliidae,11,9,11,6,10.7
Palinurus elephas,Pseudochlorodesmis furcellata,Palinuridae,Udoteaceae,8,6,8,6,10.7
Holothuria tubulosa,Serpula vermicularis,Holothuriidae,Serpulidae,91,52,76,35,10.6
Aiptasia mutabilis,Parablennius gattorugine,Aiptasiidae,Blenniidae,90,41,74,33,10.6
Acetabularia acetabulum,Diplodus puntazzo,Polyphysaceae,Sparidae,85,38,74,29,10.6
Scorpaena maderensis,Serpula vermicularis,Scorpaenidae,Serpulidae,84,41,73,33,10.6
Arbacia lixula,Sphaerococcus coronopifolius,Arbaciidae,Sphaerococcaceae,83,39,73,31,10.6
Arbacia lixula,Symphodus mediterraneus,Arbaciidae,Labridae,79,44,67,34,10.6
Labrus merula,Protula tubularia,Labridae,Serpulidae,77,37,62,42,10.6
Labrus merula,Sarcotragus fasciculatus,Labridae,Irciniidae,74,31,62,30,10.6
Eriphia verrucosa,Perforatus perforatus,Eriphiidae,Balanidae,72,41,67,27,10.6
Oblada melanurus,Protula tubularia,Sparidae,Serpulidae,70,32,58,34,10.6
Aiptasia mutabilis,Mullus surmuletus,Aiptasiidae,Mullidae,68,31,56,40,10.6
Boops boops,Cliona viridis,Sparidae,Clionaidae,68,39,57,21,10.6
Chromis chromis,Holothuria tubulosa,Pomacentridae,Holothuriidae,66,35,55,33,10.6
Codium bursa,Oblada melanurus,Codiaceae,Sparidae,65,31,51,28,10.6
Codium bursa,Echinaster sepositus,Codiaceae,Echinasteridae,64,34,48,20,10.6
Petrosia ficiformis,Serranus scriba,Petrosiidae,Serranidae,64,24,56,23,10.6
Mullus surmuletus,Sphaerococcus coronopifolius,Mullidae,Sphaerococcaceae,62,28,55,29,10.6
Phorbas tenacior,Scorpaena scrofa,Hymedesmiidae,Scorpaenidae,59,32,55,17,10.6
Amphiroa rigida,Parablennius gattorugine,Lithophyllaceae,Blenniidae,55,27,50,23,10.6
Anthias anthias,Codium bursa,Anthiadidae,Codiaceae,54,25,45,22,10.6
Parablennius sanguinolentus,Pelagia noctiluca,Blenniidae,Pelagiidae,50,26,41,26,10.6
Mullus surmuletus,Schizoporella errata,Mullidae,Schizoporellidae,47,26,35,30,10.6
Pseudodistoma crucigaster,Symphodus mediterraneus,Pseudodistomidae,Labridae,46,24,44,22,10.6
Chromis chromis,Tricleocarpa fragilis,Pomacentridae,Galaxauraceae,44,16,33,21,10.6
Felimare fontandraui,Trinchesia morrowae,Chromodorididae,Trinchesiidae,41,30,35,18,10.6
Lithophyllum stictiforme,Palinurus elephas,Lithophyllaceae,Palinuridae,39,21,37,14,10.6
Callionymus pusillus,Pagellus acarne,Callionymidae,Sparidae,27,18,24,10,10.6
Polysyncraton lacazei,Stenopus spinosus,Didemnidae,Stenopodidae,25,6,24,7,10.6
Aidablennius sphynx,Jania rubens,Blenniidae,Lithophyllaceae,25,18,25,10,10.6
Ellisolandia elongata,Lissoclinum weigelei,Lithophyllaceae,Didemnidae,23,8,22,10,10.6
Pachycerianthus solitarius,Tritia neritea,Cerianthidae,Nassariidae,22,12,21,6,10.6
Haminoea hydatis,Luria lurida,Haminoeidae,Cypraeidae,19,5,17,5,10.6
Ascandra contorta,Gobius cobitis,Leucaltidae,Gobiidae,18,9,17,5,10.6
Chrysymenia ventricosa,Codium bursa,Rhodymeniaceae,Codiaceae,18,15,18,11,10.6
Phycis phycis,Pseudobiceros splendidus,Phycidae,Pseudocerotidae,17,7,16,8,10.6
Chrysymenia ventricosa,Hacelia attenuata,Rhodymeniaceae,Ophidiasteridae,17,12,17,11,10.6
Derbesia tenuissima,Labrus merula,Derbesiaceae,Labridae,17,5,16,11,10.6
Rudmania krohni,Tenellia ocellata,Chromodorididae,Tergipedidae,16,12,16,9,10.6
Pagurus cuanensis,Rugulopteryx okamurae,Paguridae,Dictyotaceae,15,6,13,5,10.6
Hemimycale mediterranea,Perforatus perforatus,Hymedesmiidae,Balanidae,15,11,15,9,10.6
Facelina rubrovittata,Muricopsis cristata,Facelinidae,Muricidae,13,9,13,7,10.6
Myriapora truncata,Polycyathus muellerae,Myriaporidae,Caryophylliidae,12,12,12,9,10.6
Discocelis tigrina,Lepadogaster candolii,Discocelidae,Gobiesocidae,11,9,11,5,10.6
Eunicella gazella,Lima lima,Gorgoniidae,Limidae,11,9,10,7,10.6
Manupecten pesfelis,Myriapora truncata,Pectinidae,Myriaporidae,11,10,11,8,10.6
Acrosymphyton purpuriferum,Serpula vermicularis,Acrosymphytaceae,Serpulidae,10,7,10,5,10.6
Polycitor crystallinus,Serpula vermicularis,Polycitoridae,Serpulidae,10,7,10,7,10.6
Berthella ocellata,Yungia aurantiaca,Pleurobranchidae,Pseudocerotidae,8,4,8,5,10.6
Cribrinopsis crassa,Sertularella crassicaulis,Actiniidae,Sertulariidae,8,7,7,7,10.6
Pseudochlorodesmis furcellata,Thericium vulgatum,Udoteaceae,Cerithiidae,8,6,7,6,10.6
Cliona viridis,Posidonia oceanica,Clionaidae,Posidoniaceae,152,62,116,38,10.5
Posidonia oceanica,Sabella spallanzanii,Posidoniaceae,Sabellidae,135,52,109,47,10.5
Acetabularia acetabulum,Arbacia lixula,Polyphysaceae,Arbaciidae,86,47,73,37,10.5
Holothuria tubulosa,Sphaerococcus coronopifolius,Holothuriidae,Sphaerococcaceae,78,48,71,35,10.5
Parablennius pilicornis,Perforatus perforatus,Blenniidae,Balanidae,75,51,64,46,10.5
Aiptasia couchii,Gobius cobitis,Aiptasiidae,Gobiidae,74,32,64,30,10.5
Arbacia lixula,Sabella spallanzanii,Arbaciidae,Sabellidae,72,46,56,40,10.5
Hexaplex trunculus,Sarcotragus fasciculatus,Muricidae,Irciniidae,72,38,61,29,10.5
Chondrosia reniformis,Hexaplex trunculus,Chondrillidae,Muricidae,70,34,62,29,10.5
Arbacia lixula,Oculina patagonica,Arbaciidae,Oculinidae,70,39,60,39,10.5
Halimeda tuna,Palinurus elephas,Halimedaceae,Palinuridae,68,37,54,25,10.5
Boops boops,Labrus merula,Sparidae,Labridae,68,37,58,36,10.5
Labrus merula,Thericium vulgatum,Labridae,Cerithiidae,67,30,55,35,10.5
Gobius incognitus,Protula tubularia,Gobiidae,Serpulidae,67,30,61,28,10.5
Mullus surmuletus,Parablennius gattorugine,Mullidae,Blenniidae,64,34,57,34,10.5
Perforatus perforatus,Symphodus tinca,Balanidae,Labridae,64,38,55,26,10.5
Parablennius rouxi,Prostheceraeus roseus,Blenniidae,Euryleptidae,63,34,56,27,10.5
Sarcotragus fasciculatus,Symphodus tinca,Irciniidae,Labridae,63,29,50,25,10.5
Balanophyllia europaea,Mullus surmuletus,Dendrophylliidae,Mullidae,63,24,49,29,10.5
Hexaplex trunculus,Padina pavonica,Muricidae,Dictyotaceae,63,35,55,32,10.5
Arbacia lixula,Eunicella gazella,Arbaciidae,Gorgoniidae,62,27,46,29,10.5
Pentapora fascialis,Sabella spallanzanii,Bitectiporidae,Sabellidae,62,47,47,23,10.5
Dicentrarchus labrax,Stramonita haemastoma,Moronidae,Muricidae,60,35,54,24,10.5
Oblada melanurus,Oculina patagonica,Sparidae,Oculinidae,59,33,50,23,10.5
Chondrosia reniformis,Diplodus sargus,Chondrillidae,Sparidae,59,27,54,31,10.5
Branchiomma luctuosum,Oculina patagonica,Sabellidae,Oculinidae,57,14,41,32,10.5
Maja crispata,Mesophyllum expansum,Majidae,Lithophyllaceae,56,35,52,14,10.5
Sphyraena viridensis,Symphodus roissali,Sphyraenidae,Labridae,55,33,45,25,10.5
Diplodus cervinus,Scorpaena scrofa,Sparidae,Scorpaenidae,51,25,47,21,10.5
Apogon imberbis,Ellisolandia elongata,Apogonidae,Lithophyllaceae,51,29,42,20,10.5
Amphiroa rigida,Apogon imberbis,Lithophyllaceae,Apogonidae,50,20,46,20,10.5
Synodus saurus,Xyrichtys novacula,Synodontidae,Labridae,47,35,39,26,10.5
Aidablennius sphynx,Pomatoschistus bathi,Blenniidae,Gobiidae,44,13,33,13,10.5
Pinnoctopus macropus,Synodus saurus,Octopodidae,Synodontidae,42,21,40,19,10.5
Callionymus pusillus,Chelon auratus,Callionymidae,Mugilidae,38,24,35,12,10.5
Aiptasia mutabilis,Hamigera hamigera,Aiptasiidae,Hymedesmiidae,34,19,31,14,10.5
Aiptasia mutabilis,Jania rubens,Aiptasiidae,Lithophyllaceae,31,25,30,15,10.5
Jania rubens,Parablennius zvonimiri,Lithophyllaceae,Blenniidae,29,21,29,17,10.5
Caranx crysos,Dicentrarchus labrax,Carangidae,Moronidae,28,16,27,12,10.5
Pinnoctopus macropus,Simnia spelta,Octopodidae,Ovulidae,24,7,22,13,10.5
Anthias anthias,Centrolabrus melanocercus,Anthiadidae,Labridae,23,9,22,11,10.5
Facelina rubrovittata,Gnathophyllum elegans,Facelinidae,Gnathophyllidae,22,8,19,7,10.5
Luria lurida,Paradoris indecora,Cypraeidae,Discodorididae,22,5,19,5,10.5
Amphiroa beauvoisii,Lipophrys trigloides,Lithophyllaceae,Blenniidae,21,12,19,9,10.5
Mesophyllum expansum,Sycon raphanus,Lithophyllaceae,Sycettidae,21,16,20,7,10.5
Bugula neritina,Pomatoschistus bathi,Bugulidae,Gobiidae,19,8,19,5,10.5
Derbesia tenuissima,Parablennius pilicornis,Derbesiaceae,Blenniidae,17,9,16,15,10.5
Ascandra contorta,Parablennius sanguinolentus,Leucaltidae,Blenniidae,16,12,16,8,10.5
Alcyonium acaule,Simnia spelta,Alcyoniidae,Ovulidae,15,11,14,8,10.5
Callista chione,Echinocardium cordatum,Veneridae,Loveniidae,15,13,15,9,10.5
Diaphorodoris papillata,Nausithoe punctata,Calycidorididae,Nausithoidae,13,10,13,8,10.5
Caberea boryi,Reteporella grimaldii,Candidae,Phidoloporidae,12,10,12,6,10.5
Gymnammodytes cicerelus,Lipophrys trigloides,Ammodytidae,Blenniidae,12,9,12,5,10.5
Actinia mediterranea,Aglaophenia tubiformis,Actiniidae,Aglaopheniidae,11,9,11,5,10.5
Sphaerococcus coronopifolius,Tridentata perpusilla,Sphaerococcaceae,Sertulariidae,11,9,11,5,10.5
Discocelis tigrina,Pachycerianthus solitarius,Discocelidae,Cerianthidae,10,8,8,6,10.5
Gymnammodytes cicerelus,Torpedo marmorata,Ammodytidae,Torpedinidae,9,3,7,5,10.5
Ariosoma balearicum,Cinetorhynchus rigens,Congridae,Rhynchocinetidae,8,4,7,5,10.5
Aplysina cavernicola,Berthellina edwardsii,Aplysinidae,Pleurobranchidae,8,6,7,5,10.5
Codium bursa,Polycitor crystallinus,Codiaceae,Polycitoridae,8,7,7,5,10.5
Dittrichia viscosa,Pancratium maritimum,Asteraceae,Amaryllidaceae,8,6,7,5,10.5
Diplodus puntazzo,Gobius cruentatus,Sparidae,Gobiidae,83,33,71,36,10.4
Gobius cruentatus,Protula tubularia,Gobiidae,Serpulidae,79,38,62,37,10.4
Parablennius rouxi,Petrosia ficiformis,Blenniidae,Petrosiidae,78,45,72,28,10.4
Bonellia viridis,Holothuria forskali,Bonelliidae,Holothuriidae,72,30,68,16,10.4
Diplodus puntazzo,Pennaria disticha,Sparidae,Pennariidae,71,34,62,32,10.4
Chelon auratus,Gobius cobitis,Mugilidae,Gobiidae,70,30,60,36,10.4
Echinaster sepositus,Myriapora truncata,Echinasteridae,Myriaporidae,68,35,49,19,10.4
Balanophyllia europaea,Gobius incognitus,Dendrophylliidae,Gobiidae,68,23,60,26,10.4
Myriapora truncata,Scorpaena scrofa,Myriaporidae,Scorpaenidae,66,30,59,21,10.4
Parablennius gattorugine,Serranus scriba,Blenniidae,Serranidae,66,40,60,31,10.4
Flabellia petiolata,Symphodus roissali,Codiaceae,Labridae,64,34,54,33,10.4
Chromis chromis,Cliona viridis,Pomacentridae,Clionaidae,63,35,53,23,10.4
Codium bursa,Scorpaena scrofa,Codiaceae,Scorpaenidae,61,26,57,20,10.4
Crambe crambe,Schizoporella errata,Crambeidae,Schizoporellidae,60,32,45,26,10.4
Mullus surmuletus,Pennaria disticha,Mullidae,Pennariidae,54,32,47,31,10.4
Aiptasia mutabilis,Pseudodistoma crucigaster,Aiptasiidae,Pseudodistomidae,52,24,48,24,10.4
Lithophyllum stictiforme,Serpula vermicularis,Lithophyllaceae,Serpulidae,51,38,47,20,10.4
Amphiroa rigida,Eriphia verrucosa,Lithophyllaceae,Eriphiidae,49,26,45,19,10.4
Pachycerianthus solitarius,Synodus saurus,Cerianthidae,Synodontidae,48,24,42,16,10.4
Protula tubularia,Pseudodistoma crucigaster,Serpulidae,Pseudodistomidae,47,26,41,29,10.4
Oblada melanurus,Tricleocarpa fragilis,Sparidae,Galaxauraceae,46,13,40,17,10.4
Coscinasterias tenuispina,Percnon gibbesi,Asteriidae,Percnidae,44,26,39,21,10.4
Leptogorgia sarmentosa,Pennaria disticha,Gorgoniidae,Pennariidae,42,19,36,16,10.4
Caloria quatrefagesi,Schizoporella errata,Facelinidae,Schizoporellidae,41,20,32,21,10.4
Pseudodistoma crucigaster,Serranus scriba,Pseudodistomidae,Serranidae,39,20,32,25,10.4
Ellisolandia elongata,Epinephelus marginatus,Lithophyllaceae,Epinephelidae,36,19,31,18,10.4
Naticarius hebraeus,Pachycerianthus solitarius,Naticidae,Cerianthidae,33,12,23,16,10.4
Goniodoridella picoensis,Hemimycale columella,Goniodorididae,Hymedesmiidae,32,21,28,10,10.4
Actinia mediterranea,Amphiroa beauvoisii,Actiniidae,Lithophyllaceae,27,10,24,15,10.4
Telmatactis forskalii,Yungia aurantiaca,Isophelliidae,Pseudocerotidae,26,10,24,7,10.4
Thylacodes arenarius,Trinchesia morrowae,Vermetidae,Trinchesiidae,25,19,24,11,10.4
Clanculus jussieui,Mesophyllum expansum,Trochidae,Lithophyllaceae,25,13,24,7,10.4
Alcyonium acaule,Rudmania krohni,Alcyoniidae,Chromodorididae,24,11,22,8,10.4
Pagurus cuanensis,Tritia mutabilis,Paguridae,Nassariidae,18,10,14,5,10.4
Mesophyllum alternans,Perforatus perforatus,Lithophyllaceae,Balanidae,18,14,17,9,10.4
Haliclona mucosa,Hemimycale columella,Chalinidae,Hymedesmiidae,16,12,16,6,10.4
Aidablennius sphynx,Ascandra contorta,Blenniidae,Leucaltidae,16,9,16,7,10.4
Cliona viridis,Hemimycale mediterranea,Clionaidae,Hymedesmiidae,15,9,15,6,10.4
Caberea boryi,Cliona viridis,Candidae,Clionaidae,15,10,15,6,10.4
Caloria quatrefagesi,Tenellia ocellata,Facelinidae,Tergipedidae,14,10,12,13,10.4
Epinephelus costae,Sparisoma cretense,Epinephelidae,Labridae,14,12,13,7,10.4
Ircinia oros,Nerocila bivittata,Irciniidae,Cymothoidae,14,9,14,7,10.4
Chelidonichthys obscurus,Synodus saurus,Triglidae,Synodontidae,13,5,13,5,10.4
Chromis chromis,Lima lima,Pomacentridae,Limidae,12,11,11,6,10.4
Calmella cavolini,Crella pulvinar,Flabellinidae,Crellidae,11,10,11,5,10.4
Chelidonichthys obscurus,Pachycerianthus solitarius,Triglidae,Cerianthidae,11,4,8,7,10.4
Collozoum inerme,Pagellus erythrinus,Collozoidae,Sparidae,10,8,10,5,10.4
Ircinia oros,Neogoniolithon brassica-florida,Irciniidae,Lithophyllaceae,10,9,9,6,10.4
Margaretta cereoides,Pentapora fascialis,Margarettidae,Bitectiporidae,10,8,9,6,10.4
Bosellia mimetica,Periclimenes amethysteus,Plakobranchidae,Palaemonidae,9,4,8,5,10.4
Protula tubularia,Pseudochlorodesmis furcellata,Serpulidae,Udoteaceae,9,8,9,6,10.4
Frondipora verrucosa,Pycnoclavella communis,Frondiporidae,Pycnoclavellidae,8,7,8,6,10.4
Amphiroa rigida,Posidonia oceanica,Lithophyllaceae,Posidoniaceae,102,33,87,32,10.3
Leptogorgia sarmentosa,Posidonia oceanica,Gorgoniidae,Posidoniaceae,94,35,85,29,10.3
Arbacia lixula,Serpula vermicularis,Arbaciidae,Serpulidae,93,51,81,34,10.3
Parablennius gattorugine,Serpula vermicularis,Blenniidae,Serpulidae,92,44,80,32,10.3
Gobius cruentatus,Serpula vermicularis,Gobiidae,Serpulidae,91,40,78,30,10.3
Acetabularia acetabulum,Bonellia viridis,Polyphysaceae,Bonelliidae,84,35,70,31,10.3
Parablennius gattorugine,Scorpaena maderensis,Blenniidae,Scorpaenidae,74,39,66,30,10.3
Holothuria tubulosa,Stramonita haemastoma,Holothuriidae,Muricidae,68,34,54,39,10.3
Halimeda tuna,Pennaria disticha,Halimedaceae,Pennariidae,68,31,55,23,10.3
Oculina patagonica,Parablennius zvonimiri,Oculinidae,Blenniidae,67,35,59,30,10.3
Aiptasia mutabilis,Thalassoma pavo,Aiptasiidae,Labridae,65,34,50,33,10.3
Apogon imberbis,Echinaster sepositus,Apogonidae,Echinasteridae,64,30,46,22,10.3
Chromis chromis,Myriapora truncata,Pomacentridae,Myriaporidae,64,39,53,33,10.3
Apogon imberbis,Symphodus roissali,Apogonidae,Labridae,64,34,54,34,10.3
Codium bursa,Gobius incognitus,Codiaceae,Gobiidae,61,26,55,25,10.3
Sarcotragus fasciculatus,Serranus scriba,Irciniidae,Serranidae,60,37,51,24,10.3
Echinaster sepositus,Phorbas tenacior,Echinasteridae,Hymedesmiidae,59,30,46,13,10.3
Codium bursa,Diplodus sargus,Codiaceae,Sparidae,58,30,51,30,10.3
Aiptasia couchii,Thalassoma pavo,Aiptasiidae,Labridae,58,30,53,23,10.3
Dicentrarchus labrax,Oculina patagonica,Moronidae,Oculinidae,57,34,56,22,10.3
Pentapora fascialis,Serranus scriba,Bitectiporidae,Serranidae,57,27,42,32,10.3
Eunicella singularis,Petrosia ficiformis,Gorgoniidae,Petrosiidae,53,30,48,19,10.3
Caloria quatrefagesi,Coscinasterias tenuispina,Facelinidae,Asteriidae,50,19,44,15,10.3
Hexaplex trunculus,Tricleocarpa fragilis,Muricidae,Galaxauraceae,50,22,43,27,10.3
Myriapora truncata,Pinna rudis,Myriaporidae,Pinnidae,48,31,44,19,10.3
Epinephelus marginatus,Scorpaena maderensis,Epinephelidae,Scorpaenidae,48,30,45,28,10.3
Ellisolandia elongata,Pennaria disticha,Lithophyllaceae,Pennariidae,46,25,40,20,10.3
Boops boops,Leptogorgia sarmentosa,Sparidae,Gorgoniidae,42,20,38,18,10.3
Pagellus erythrinus,Pinnoctopus macropus,Sparidae,Octopodidae,41,21,39,18,10.3
Leptogorgia sarmentosa,Symphodus tinca,Gorgoniidae,Labridae,40,20,35,16,10.3
Aplysia depilans,Eriphia verrucosa,Aplysiidae,Eriphiidae,33,19,25,17,10.3
Balanophyllia europaea,Bispira volutacornis,Dendrophylliidae,Sabellidae,27,12,26,16,10.3
Lithophyllum stictiforme,Pseudodistoma crucigaster,Lithophyllaceae,Pseudodistomidae,27,13,23,13,10.3
Bonellia viridis,Eudendrium racemosum,Bonelliidae,Eudendriidae,26,22,26,8,10.3
Hexaplex trunculus,Phoronis hippocrepia,Muricidae,Phoronidae,26,4,22,12,10.3
Bugula neritina,Microlipophrys dalmatinus,Bugulidae,Blenniidae,20,10,20,7,10.3
Estrilda astrild,Serinus serinus,Estrildidae,Fringillidae,19,9,19,6,10.3
Lepadogaster candolii,Sycon raphanus,Gobiesocidae,Sycettidae,18,10,18,8,10.3
Pelagia noctiluca,Velella velella,Pelagiidae,Porpitidae,14,12,14,9,10.3
Dictyonella incisa,Holothuria forskali,Dictyonellidae,Holothuriidae,13,11,13,6,10.3
Halopteris filicina,Thalassoma pavo,Stypocaulaceae,Labridae,13,8,11,8,10.3
Pagellus acarne,Pseudobiceros splendidus,Sparidae,Pseudocerotidae,12,3,10,5,10.3
Holothuria tubulosa,Watersipora cucullata,Holothuriidae,Watersiporidae,10,4,9,5,10.3
Aglaophenia elongata,Pycnoclavella communis,Aglaopheniidae,Pycnoclavellidae,9,9,9,5,10.3
Mesophyllum expansum,Posidonia oceanica,Lithophyllaceae,Posidoniaceae,136,58,115,34,10.2
Agelas oroides,Serpula vermicularis,Agelasidae,Serpulidae,79,44,67,25,10.2
Petrosia ficiformis,Protula tubularia,Petrosiidae,Serpulidae,75,34,63,25,10.2
Diplodus puntazzo,Thericium vulgatum,Sparidae,Cerithiidae,69,40,63,32,10.2
Dicentrarchus labrax,Parablennius gattorugine,Moronidae,Blenniidae,69,44,59,24,10.2
Bonellia viridis,Dardanus calidus,Bonelliidae,Diogenidae,67,26,60,23,10.2
Bonellia viridis,Padina pavonica,Bonelliidae,Dictyotaceae,66,41,53,31,10.2
Cliona viridis,Sabella spallanzanii,Clionaidae,Sabellidae,65,44,56,25,10.2
Hemimycale columella,Sarcotragus fasciculatus,Hymedesmiidae,Irciniidae,63,35,55,25,10.2
Chromis chromis,Sphaerococcus coronopifolius,Pomacentridae,Sphaerococcaceae,63,35,54,31,10.2
Labrus merula,Padina pavonica,Labridae,Dictyotaceae,62,35,52,38,10.2
Bothus podas,Synodus saurus,Bothidae,Synodontidae,62,37,54,25,10.2
Parablennius pilicornis,Serranus scriba,Blenniidae,Serranidae,62,29,51,37,10.2
Parablennius zvonimiri,Thalassoma pavo,Blenniidae,Labridae,60,39,51,31,10.2
Boops boops,Pennaria disticha,Sparidae,Pennariidae,59,32,54,20,10.2
Cliona viridis,Reteporella grimaldii,Clionaidae,Phidoloporidae,58,34,53,21,10.2
Bonellia viridis,Epinephelus marginatus,Bonelliidae,Epinephelidae,54,25,48,27,10.2
Agelas oroides,Reteporella grimaldii,Agelasidae,Phidoloporidae,54,34,50,25,10.2
Maja crispata,Phorbas tenacior,Majidae,Hymedesmiidae,53,41,46,21,10.2
Amphiroa rigida,Diplodus puntazzo,Lithophyllaceae,Sparidae,53,26,44,25,10.2
Codium bursa,Muraena helena,Codiaceae,Muraenidae,51,28,37,21,10.2
Gobius cobitis,Microlipophrys dalmatinus,Gobiidae,Blenniidae,51,20,43,17,10.2
Oculina patagonica,Thalassoma pavo,Oculinidae,Labridae,50,27,47,33,10.2
Halimeda tuna,Pseudodistoma crucigaster,Halimedaceae,Pseudodistomidae,47,23,41,21,10.2
Caloria quatrefagesi,Trinchesia morrowae,Facelinidae,Trinchesiidae,40,21,38,18,10.2
Amphiroa rigida,Inachus phalangium,Lithophyllaceae,Inachidae,39,16,32,16,10.2
Ariosoma balearicum,Telmatactis forskalii,Congridae,Isophelliidae,31,14,30,10,10.2
Goniodoridella picoensis,Reteporella grimaldii,Goniodorididae,Phidoloporidae,28,20,27,13,10.2
Caulerpa cylindracea,Telmatactis forskalii,Caulerpaceae,Isophelliidae,28,10,26,7,10.2
Peronaea planata,Tritia mutabilis,Tellinidae,Nassariidae,26,21,24,19,10.2
Inachus phalangium,Jania rubens,Inachidae,Lithophyllaceae,21,13,21,8,10.2
Caranx crysos,Percnon gibbesi,Carangidae,Percnidae,19,16,17,10,10.2
Haliclona mucosa,Holothuria forskali,Chalinidae,Holothuriidae,16,10,15,5,10.2
Cistus salviifolius,Urospermum dalechampii,Cistaceae,Asteraceae,16,14,13,12,10.2
Pomadasys incisus,Scyllarides latus,Haemulidae,Scyllaridae,15,7,14,5,10.2
Pinctada radiata,Semicassis undulata,Pteriidae,Cassidae,15,11,15,10,10.2
Halopteris filicina,Symphodus tinca,Stypocaulaceae,Labridae,14,9,12,8,10.2
Nerocila bivittata,Protula tubularia,Cymothoidae,Serpulidae,13,9,13,8,10.2
Halopteris filicina,Mullus surmuletus,Stypocaulaceae,Mullidae,13,8,12,8,10.2
Chrysymenia ventricosa,Eunicella singularis,Rhodymeniaceae,Gorgoniidae,13,6,8,13,10.2
Acanthonyx lunulatus,Steromphala varia,Epialtidae,Trochidae,12,10,12,6,10.2
Lima lima,Symphodus tinca,Limidae,Labridae,12,10,11,7,10.2
Myiopsitta monachus,Serinus serinus,Psittacidae,Fringillidae,11,9,10,5,10.2
Dictyonella incisa,Felimare fontandraui,Dictyonellidae,Chromodorididae,10,9,10,7,10.2
Flabellia petiolata,Manupecten pesfelis,Codiaceae,Pectinidae,10,9,10,7,10.2
Clanculus jussieui,Loripes orbiculatus,Trochidae,Lucinidae,9,4,8,6,10.2
Ciona edwardsi,Hacelia attenuata,Cionidae,Ophidiasteridae,8,7,8,7,10.2
Felimare fontandraui,Polycyathus muellerae,Chromodorididae,Caryophylliidae,8,8,8,7,10.2
Perforatus perforatus,Sertularella crassicaulis,Balanidae,Sertulariidae,8,8,7,5,10.2
Aglaophenia tubiformis,Sabella spallanzanii,Aglaopheniidae,Sabellidae,8,7,7,5,10.2
Posidonia oceanica,Sphaerococcus coronopifolius,Posidoniaceae,Sphaerococcaceae,148,63,112,39,10.1
Diplodus puntazzo,Parablennius pilicornis,Sparidae,Blenniidae,78,43,64,50,10.1
Aiptasia mutabilis,Gobius paganellus,Aiptasiidae,Gobiidae,77,29,65,27,10.1
Crambe crambe,Labrus merula,Crambeidae,Labridae,76,43,66,39,10.1
Gobius cobitis,Parablennius zvonimiri,Gobiidae,Blenniidae,75,28,58,28,10.1
Gobius cruentatus,Mesophyllum expansum,Gobiidae,Lithophyllaceae,70,34,63,21,10.1
Aiptasia mutabilis,Symphodus tinca,Aiptasiidae,Labridae,70,33,60,31,10.1
Ircinia oros,Sabella spallanzanii,Irciniidae,Sabellidae,69,43,60,26,10.1
Acetabularia acetabulum,Symphodus roissali,Polyphysaceae,Labridae,68,38,61,30,10.1
Holothuria forskali,Myriapora truncata,Holothuriidae,Myriaporidae,67,35,61,19,10.1
Agelas oroides,Labrus merula,Agelasidae,Labridae,67,31,55,27,10.1
Boops boops,Protula tubularia,Sparidae,Serpulidae,66,34,54,32,10.1
Aiptasia couchii,Pennaria disticha,Aiptasiidae,Pennariidae,65,18,53,26,10.1
Diplodus sargus,Holothuria tubulosa,Sparidae,Holothuriidae,62,29,54,40,10.1
Diplodus sargus,Hexaplex trunculus,Sparidae,Muricidae,60,27,51,37,10.1
Parablennius zvonimiri,Schizoporella errata,Blenniidae,Schizoporellidae,58,32,49,29,10.1
Branchiomma luctuosum,Symphodus roissali,Sabellidae,Labridae,56,12,41,35,10.1
Agelas oroides,Sciaena umbra,Agelasidae,Sciaenidae,55,20,49,21,10.1
Chromis chromis,Pennaria disticha,Pomacentridae,Pennariidae,55,26,43,31,10.1
Echinaster sepositus,Muraena helena,Echinasteridae,Muraenidae,48,26,37,25,10.1
Stenopus spinosus,Synodus saurus,Stenopodidae,Synodontidae,47,21,44,18,10.1
Balanophyllia europaea,Pseudodistoma crucigaster,Dendrophylliidae,Pseudodistomidae,47,18,41,23,10.1
Leptogorgia sarmentosa,Petrosia ficiformis,Gorgoniidae,Petrosiidae,46,21,44,17,10.1
Pseudodistoma crucigaster,Sphaerococcus coronopifolius,Pseudodistomidae,Sphaerococcaceae,46,21,42,20,10.1
Halocynthia papillosa,Pseudodistoma crucigaster,Pyuridae,Pseudodistomidae,45,25,42,19,10.1
Pagellus erythrinus,Polysyncraton lacazei,Sparidae,Didemnidae,28,9,26,8,10.1
Inachus phalangium,Simnia spelta,Inachidae,Ovulidae,28,9,26,10,10.1
Acinetospora crinita,Halocynthia papillosa,Acinetosporaceae,Pyuridae,28,22,24,16,10.1
Jania rubens,Symphodus mediterraneus,Lithophyllaceae,Labridae,26,18,26,12,10.1
Epinephelus marginatus,Ophidiaster ophidianus,Epinephelidae,Ophidiasteridae,25,16,19,7,10.1
Asparagus acutifolius,Convolvulus althaeoides,Asparagaceae,Convolvulaceae,20,18,18,14,10.1
Ariosoma balearicum,Buglossidium luteum,Congridae,Soleidae,18,14,17,9,10.1
Torpedo torpedo,Tritia mutabilis,Torpedinidae,Nassariidae,18,11,11,9,10.1
Aiptasia mutabilis,Halopteris filicina,Aiptasiidae,Stypocaulaceae,18,13,17,8,10.1
Berghia coerulescens,Prostheceraeus moseleyi,Aeolidiidae,Euryleptidae,15,13,15,11,10.1
Dardanus arrosor,Pachycerianthus solitarius,Diogenidae,Cerianthidae,11,7,10,8,10.1
Lissoclinum weigelei,Pagurus cuanensis,Didemnidae,Paguridae,11,8,10,5,10.1
Haliclona mucosa,Microlipophrys nigriceps,Chalinidae,Blenniidae,11,8,10,6,10.1
Amphiroa rigida,Lepidopleurus cajetanus,Lithophyllaceae,Leptochitonidae,10,8,10,5,10.1
Jania virgata,Pseudodistoma crucigaster,Lithophyllaceae,Pseudodistomidae,10,8,8,6,10.1
Labrus merula,Posidonia oceanica,Labridae,Posidoniaceae,145,58,116,51,10.0
Acetabularia acetabulum,Ircinia oros,Polyphysaceae,Irciniidae,82,46,67,33,10.0
Holothuria tubulosa,Labrus merula,Holothuriidae,Labridae,74,36,60,36,10.0
Crambe crambe,Hexaplex trunculus,Crambeidae,Muricidae,74,46,66,36,10.0
Arbacia lixula,Boops boops,Arbaciidae,Sparidae,69,42,55,37,10.0
Pentapora fascialis,Protula tubularia,Bitectiporidae,Serpulidae,67,39,54,33,10.0
Cliona viridis,Symphodus tinca,Clionaidae,Labridae,62,30,52,23,10.0
Gobius incognitus,Sarcotragus fasciculatus,Gobiidae,Irciniidae,61,31,52,25,10.0
Chelon auratus,Pennaria disticha,Mugilidae,Pennariidae,61,26,50,22,10.0
Codium bursa,Sabella spallanzanii,Codiaceae,Sabellidae,60,33,49,22,10.0
Phorbas tenacior,Pycnoclavella communis,Hymedesmiidae,Pycnoclavellidae,58,34,50,17,10.0
Sabella spallanzanii,Thericium vulgatum,Sabellidae,Cerithiidae,57,32,51,32,10.0
Cribrinopsis crassa,Reteporella grimaldii,Actiniidae,Phidoloporidae,54,36,43,32,10.0
Epinephelus marginatus,Parablennius zvonimiri,Epinephelidae,Blenniidae,52,33,49,26,10.0
Epinephelus marginatus,Holothuria tubulosa,Epinephelidae,Holothuriidae,51,28,46,22,10.0
Calmella cavolini,Caloria quatrefagesi,Flabellinidae,Facelinidae,48,26,45,16,10.0
Anthias anthias,Hemimycale columella,Anthiadidae,Hymedesmiidae,48,26,39,21,10.0
Callionymus pusillus,Dicentrarchus labrax,Callionymidae,Moronidae,34,17,27,11,10.0
Hacelia attenuata,Thylacodes arenarius,Ophidiasteridae,Vermetidae,28,14,24,11,10.0
Hexaplex trunculus,Limaria hians,Muricidae,Limidae,28,11,26,8,10.0
Cliona viridis,Parazoanthus brevitentacularis,Clionaidae,Parazoanthidae,27,17,24,11,10.0
Ariosoma balearicum,Dactylopterus volitans,Congridae,Dactylopteridae,26,19,23,16,10.0
Jania rubens,Stramonita haemastoma,Lithophyllaceae,Muricidae,24,20,24,16,10.0
Luria lurida,Polysyncraton lacazei,Cypraeidae,Didemnidae,20,6,19,6,10.0
Centrolabrus melanocercus,Tricleocarpa fragilis,Labridae,Galaxauraceae,20,14,19,11,10.0
Periclimenes amethysteus,Yungia aurantiaca,Palaemonidae,Pseudocerotidae,18,9,16,9,10.0
Dasyatis pastinaca,Epinephelus costae,Dasyatidae,Epinephelidae,16,5,14,8,10.0
Aplysina cavernicola,Nemesignis banyulensis,Aplysinidae,Myrrhinidae,14,8,13,9,10.0
Aiptasia mutabilis,Nerocila bivittata,Aiptasiidae,Cymothoidae,14,9,12,10,10.0
Penaeus kerathurus,Tritia neritea,Penaeidae,Nassariidae,11,6,11,5,10.0
Posidonia oceanica,Taonia pseudociliata,Posidoniaceae,Dictyotaceae,11,9,10,9,10.0
Clinitrachus argentatus,Gobius cobitis,Clinidae,Gobiidae,11,7,8,8,10.0
Acetabularia acetabulum,Tridentata perpusilla,Polyphysaceae,Sertulariidae,11,9,11,6,10.0
Bosellia mimetica,Felimida binza,Plakobranchidae,Chromodorididae,9,9,8,8,10.0
Chelon auratus,Watersipora cucullata,Mugilidae,Watersiporidae,9,5,9,5,10.0
Bicellariella ciliata,Gobius paganellus,Bugulidae,Gobiidae,9,7,9,5,10.0
Haliclona mucosa,Hermodice carunculata,Chalinidae,Amphinomidae,8,6,8,5,10.0
Conger conger,Homarus gammarus,Congridae,Nephropidae,8,8,8,7,10.0
Muraena augusti,Sparisoma cretense,Muraenidae,Labridae,8,8,8,6,10.0
Gobius cruentatus,Posidonia oceanica,Gobiidae,Posidoniaceae,151,53,117,40,9.9
Posidonia oceanica,Thericium vulgatum,Posidoniaceae,Cerithiidae,128,49,111,46,9.9
Posidonia oceanica,Thalassoma pavo,Posidoniaceae,Labridae,113,48,93,47,9.9
Gobius cruentatus,Ircinia oros,Gobiidae,Irciniidae,80,34,74,26,9.9
Balanophyllia europaea,Parablennius zvonimiri,Dendrophylliidae,Blenniidae,77,35,65,33,9.9
Bonellia viridis,Gobius paganellus,Bonelliidae,Gobiidae,72,23,64,25,9.9
Labrus merula,Sphaerococcus coronopifolius,Labridae,Sphaerococcaceae,72,35,63,36,9.9
Chondrosia reniformis,Parablennius rouxi,Chondrillidae,Blenniidae,69,39,62,24,9.9
Aiptasia mutabilis,Padina pavonica,Aiptasiidae,Dictyotaceae,67,31,59,29,9.9
Halocynthia papillosa,Scorpaena maderensis,Pyuridae,Scorpaenidae,66,32,58,29,9.9
Branchiomma luctuosum,Gobius cobitis,Sabellidae,Gobiidae,61,13,52,31,9.9
Chondrosia reniformis,Oblada melanurus,Chondrillidae,Sparidae,60,30,52,19,9.9
Aidablennius sphynx,Chelon auratus,Blenniidae,Mugilidae,60,32,53,31,9.9
Mesophyllum expansum,Pycnoclavella communis,Lithophyllaceae,Pycnoclavellidae,59,36,51,19,9.9
Chromis chromis,Perforatus perforatus,Pomacentridae,Balanidae,59,40,50,30,9.9
Hacelia attenuata,Phycis phycis,Ophidiasteridae,Phycidae,58,28,54,23,9.9
Cliona viridis,Thalassoma pavo,Clionaidae,Labridae,56,33,48,22,9.9
Aiptasia mutabilis,Epinephelus marginatus,Aiptasiidae,Epinephelidae,55,27,51,22,9.9
Chromis chromis,Phorbas tenacior,Pomacentridae,Hymedesmiidae,54,32,46,27,9.9
Dardanus calidus,Scorpaena scrofa,Diogenidae,Scorpaenidae,53,24,47,21,9.9
Anthias anthias,Halocynthia papillosa,Anthiadidae,Pyuridae,53,23,41,26,9.9
Amphiroa rigida,Petrosia ficiformis,Lithophyllaceae,Petrosiidae,49,22,41,19,9.9
Amphiroa rigida,Symphodus mediterraneus,Lithophyllaceae,Labridae,47,18,42,18,9.9
Amphiroa rigida,Gobius paganellus,Lithophyllaceae,Gobiidae,46,23,40,17,9.9
Microlipophrys nigriceps,Sciaena umbra,Blenniidae,Sciaenidae,37,22,36,8,9.9
Calmella cavolini,Goniodoridella picoensis,Flabellinidae,Goniodorididae,32,19,28,12,9.9
Luisella babai,Prostheceraeus moseleyi,Samlidae,Euryleptidae,28,21,25,20,9.9
Jania rubens,Parablennius gattorugine,Lithophyllaceae,Blenniidae,28,21,27,16,9.9
Halimeda tuna,Jania rubens,Halimedaceae,Lithophyllaceae,27,20,26,16,9.9
Aiptasia couchii,Jania rubens,Aiptasiidae,Lithophyllaceae,26,17,25,15,9.9
Ophisurus serpens,Phoronis hippocrepia,Ophichthidae,Phoronidae,20,6,20,5,9.9
Myxicola infundibulum,Xyrichtys novacula,Sabellidae,Labridae,19,9,17,9,9.9
Aplysia depilans,Gnathophyllum elegans,Aplysiidae,Gnathophyllidae,18,9,16,7,9.9
Myxicola infundibulum,Torpedo marmorata,Sabellidae,Torpedinidae,18,8,17,5,9.9
Jania rubens,Tricleocarpa fragilis,Lithophyllaceae,Galaxauraceae,18,14,18,9,9.9
Bosellia mimetica,Rudmania krohni,Plakobranchidae,Chromodorididae,17,15,16,10,9.9
Bispira volutacornis,Tricleocarpa fragilis,Sabellidae,Galaxauraceae,17,10,16,10,9.9
Alcyonium acaule,Prostheceraeus moseleyi,Alcyoniidae,Euryleptidae,16,9,15,8,9.9
Caranx crysos,Epinephelus costae,Carangidae,Epinephelidae,16,10,14,11,9.9
Gobius cruentatus,Nerocila bivittata,Gobiidae,Cymothoidae,13,6,12,6,9.9
Flabellia petiolata,Nerocila bivittata,Codiaceae,Cymothoidae,12,11,11,8,9.9
Lepas pectinata,Pelagia noctiluca,Lepadidae,Pelagiidae,12,10,12,5,9.9
Leptogorgia sarmentosa,Mesophyllum alternans,Gorgoniidae,Lithophyllaceae,11,11,11,10,9.9
Epinephelus marginatus,Halopteris filicina,Epinephelidae,Stypocaulaceae,11,6,11,5,9.9
Gymnammodytes cicerelus,Lepadogaster candolii,Ammodytidae,Gobiesocidae,10,8,9,5,9.9
Echinocardium cordatum,Semicassis undulata,Loveniidae,Cassidae,10,7,8,5,9.9
Sicyonia carinata,Yungia aurantiaca,Sicyoniidae,Pseudocerotidae,9,5,9,8,9.9
Bosellia mimetica,Marionia blainvillea,Plakobranchidae,Tritoniidae,8,8,8,5,9.9
Cliona viridis,Polycitor crystallinus,Clionaidae,Polycitoridae,8,7,6,6,9.9
Aglaophenia tubiformis,Lipophrys trigloides,Aglaopheniidae,Blenniidae,8,8,8,5,9.9
Arbacia lixula,Posidonia oceanica,Arbaciidae,Posidoniaceae,152,64,129,50,9.8
Balanophyllia europaea,Diplodus puntazzo,Dendrophylliidae,Sparidae,77,39,67,31,9.8
Gobius cruentatus,Parablennius zvonimiri,Gobiidae,Blenniidae,77,36,60,27,9.8
Hexaplex trunculus,Ircinia oros,Muricidae,Irciniidae,75,31,70,31,9.8
Aiptasia couchii,Crambe crambe,Aiptasiidae,Crambeidae,73,38,72,23,9.8
Flabellia petiolata,Parablennius gattorugine,Codiaceae,Blenniidae,72,47,64,27,9.8
Diplodus puntazzo,Gobius paganellus,Sparidae,Gobiidae,71,30,55,27,9.8
Aiptasia mutabilis,Oculina patagonica,Aiptasiidae,Oculinidae,68,27,59,29,9.8
Petrosia ficiformis,Scorpaena maderensis,Petrosiidae,Scorpaenidae,67,35,63,25,9.8
Gobius cruentatus,Holothuria forskali,Gobiidae,Holothuriidae,67,31,63,26,9.8
Boops boops,Perforatus perforatus,Sparidae,Balanidae,62,38,52,27,9.8
Diplodus puntazzo,Sciaena umbra,Sparidae,Sciaenidae,61,27,50,25,9.8
Parablennius rouxi,Sciaena umbra,Blenniidae,Sciaenidae,60,30,50,23,9.8
Gobius cruentatus,Maja crispata,Gobiidae,Majidae,60,32,54,24,9.8
Eriphia verrucosa,Symphodus roissali,Eriphiidae,Labridae,60,34,53,31,9.8
Chromis chromis,Hexaplex trunculus,Pomacentridae,Muricidae,59,30,54,37,9.8
Perforatus perforatus,Serranus scriba,Balanidae,Serranidae,58,36,52,27,9.8
Diplodus sargus,Flabellia petiolata,Sparidae,Codiaceae,57,28,46,28,9.8
Sphaerococcus coronopifolius,Thalassoma pavo,Sphaerococcaceae,Labridae,56,34,50,23,9.8
Phorbas tenacior,Thericium vulgatum,Hymedesmiidae,Cerithiidae,56,36,50,26,9.8
Apogon imberbis,Prostheceraeus roseus,Apogonidae,Euryleptidae,55,31,46,30,9.8
Gobius paganellus,Lepadogaster candolii,Gobiidae,Gobiesocidae,54,15,46,16,9.8
Muraena helena,Myriapora truncata,Muraenidae,Myriaporidae,53,28,38,23,9.8
Inachus phalangium,Sarcotragus fasciculatus,Inachidae,Irciniidae,53,18,48,18,9.8
Pagellus acarne,Synodus saurus,Sparidae,Synodontidae,41,21,34,16,9.8
Lissoclinum weigelei,Serpula vermicularis,Didemnidae,Serpulidae,36,12,32,15,9.8
Ariosoma balearicum,Luria lurida,Congridae,Cypraeidae,33,14,29,19,9.8
Cribrinopsis crassa,Goniodoridella picoensis,Actiniidae,Goniodorididae,32,21,27,15,9.8
Acinetospora crinita,Bonellia viridis,Acinetosporaceae,Bonelliidae,29,21,25,12,9.8
Pycnoclavella communis,Thylacodes arenarius,Pycnoclavellidae,Vermetidae,28,20,23,21,9.8
Caulerpa cylindracea,Gnathophyllum elegans,Caulerpaceae,Gnathophyllidae,26,17,24,5,9.8
Diaphorodoris alba,Simnia spelta,Calycidorididae,Ovulidae,24,20,20,12,9.8
Myxicola infundibulum,Synodus saurus,Sabellidae,Synodontidae,23,13,21,7,9.8
Acinetospora crinita,Padina pavonica,Acinetosporaceae,Dictyotaceae,23,14,17,16,9.8
Jania rubens,Prostheceraeus roseus,Lithophyllaceae,Euryleptidae,21,18,18,10,9.8
Dictyota cyanoloma,Steromphala varia,Dictyotaceae,Trochidae,20,3,20,6,9.8
Eudendrium racemosum,Serranus cabrilla,Eudendriidae,Serranidae,19,15,18,5,9.8
Labrus viridis,Parablennius rouxi,Labridae,Blenniidae,19,12,19,7,9.8
Amphiroa beauvoisii,Dicentrarchus labrax,Lithophyllaceae,Moronidae,19,10,18,10,9.8
Hexaplex trunculus,Mesophyllum alternans,Muricidae,Lithophyllaceae,17,12,17,11,9.8
Aplysia depilans,Pinctada radiata,Aplysiidae,Pteriidae,16,7,14,6,9.8
Ascandra contorta,Dicentrarchus labrax,Leucaltidae,Moronidae,15,10,15,6,9.8
Gobius incognitus,Mesophyllum alternans,Gobiidae,Lithophyllaceae,15,13,14,10,9.8
Facelina vicina,Ophisurus serpens,Facelinidae,Ophichthidae,14,8,10,8,9.8
Gobius cruentatus,Lima lima,Gobiidae,Limidae,14,13,13,8,9.8
Conus ventricosus,Loripes orbiculatus,Conidae,Lucinidae,13,9,13,7,9.8
Cistus salviifolius,Juncus acutus,Cistaceae,Juncaceae,13,11,11,6,9.8
Agelas oroides,Caberea boryi,Agelasidae,Candidae,13,12,13,6,9.8
Ariosoma balearicum,Veretillum cynomorium,Congridae,Veretillidae,12,7,11,6,9.8
Caulerpa cylindracea,Chrysymenia ventricosa,Caulerpaceae,Rhodymeniaceae,12,8,10,9,9.8
Apogon imberbis,Nerocila bivittata,Apogonidae,Cymothoidae,12,10,12,9,9.8
Chrysymenia ventricosa,Tricleocarpa fragilis,Rhodymeniaceae,Galaxauraceae,12,11,11,7,9.8
Callista chione,Modiolus barbatus,Veneridae,Mytilidae,11,10,11,9,9.8
Amphiroa beauvoisii,Peronaea planata,Lithophyllaceae,Tellinidae,11,7,11,5,9.8
Caranx crysos,Myxicola infundibulum,Carangidae,Sabellidae,11,7,9,6,9.8
Ericaria mediterranea,Sphyraena viridensis,Sargassaceae,Sphyraenidae,11,9,10,7,9.8
Pecten jacobaeus,Semicassis undulata,Pectinidae,Cassidae,10,9,9,10,9.8
Apogon imberbis,Margaretta cereoides,Apogonidae,Margarettidae,10,8,10,5,9.8
Aglaophenia tubiformis,Balanophyllia europaea,Aglaopheniidae,Dendrophylliidae,9,8,8,7,9.8
Centrostephanus longispinus,Dardanus calidus,Diadematidae,Diogenidae,8,7,8,6,9.8
Caberea boryi,Prostheceraeus moseleyi,Candidae,Euryleptidae,8,7,8,5,9.8
Isara cornea,Petrosia ficiformis,Mitridae,Petrosiidae,8,7,7,7,9.8
Aiptasia mutabilis,Diplodus puntazzo,Aiptasiidae,Sparidae,82,46,71,41,9.7
Acetabularia acetabulum,Halocynthia papillosa,Polyphysaceae,Pyuridae,73,30,59,28,9.7
Actinia mediterranea,Gobius incognitus,Actiniidae,Gobiidae,72,34,65,35,9.7
Holothuria tubulosa,Perforatus perforatus,Holothuriidae,Balanidae,70,43,56,28,9.7
Parablennius zvonimiri,Sarcotragus fasciculatus,Blenniidae,Irciniidae,70,32,61,25,9.7
Acetabularia acetabulum,Gobius paganellus,Polyphysaceae,Gobiidae,70,30,59,30,9.7
Ircinia oros,Pennaria disticha,Irciniidae,Pennariidae,67,34,55,29,9.7
Aiptasia mutabilis,Chromis chromis,Aiptasiidae,Pomacentridae,66,35,52,34,9.7
Bonellia viridis,Palinurus elephas,Bonelliidae,Palinuridae,65,29,60,20,9.7
Cliona viridis,Scorpaena maderensis,Clionaidae,Scorpaenidae,65,32,56,28,9.7
Holothuria forskali,Petrosia ficiformis,Holothuriidae,Petrosiidae,64,35,61,17,9.7
Aiptasia mutabilis,Schizoporella errata,Aiptasiidae,Schizoporellidae,60,24,47,30,9.7
Aiptasia mutabilis,Pelagia noctiluca,Aiptasiidae,Pelagiidae,58,28,46,26,9.7
Prostheceraeus roseus,Sphaerococcus coronopifolius,Euryleptidae,Sphaerococcaceae,57,35,48,29,9.7
Agelas oroides,Sabella spallanzanii,Agelasidae,Sabellidae,57,32,50,24,9.7
Chondrosia reniformis,Maja crispata,Chondrillidae,Majidae,53,29,48,20,9.7
Diplodus sargus,Pennaria disticha,Sparidae,Pennariidae,52,29,42,34,9.7
Phorbas tenacior,Sciaena umbra,Hymedesmiidae,Sciaenidae,51,23,44,20,9.7
Phorbas tenacior,Sphyraena viridensis,Hymedesmiidae,Sphyraenidae,51,28,47,18,9.7
Aiptasia mutabilis,Leptogorgia sarmentosa,Aiptasiidae,Gorgoniidae,49,27,38,31,9.7
Ophisurus serpens,Synodus saurus,Ophichthidae,Synodontidae,48,21,43,14,9.7
Diaphorodoris papillata,Luisella babai,Calycidorididae,Samlidae,47,36,38,27,9.7
Epinephelus marginatus,Thericium vulgatum,Epinephelidae,Cerithiidae,43,19,38,23,9.7
Caulerpa cylindracea,Hacelia attenuata,Caulerpaceae,Ophidiasteridae,42,24,33,17,9.7
Codium bursa,Pseudodistoma crucigaster,Codiaceae,Pseudodistomidae,41,29,37,19,9.7
Leptogorgia sarmentosa,Oculina patagonica,Gorgoniidae,Oculinidae,38,11,31,16,9.7
Pinna rudis,Serranus scriba,Pinnidae,Serranidae,37,24,33,20,9.7
Lissoclinum weigelei,Perforatus perforatus,Didemnidae,Balanidae,30,13,29,15,9.7
Bispira volutacornis,Bonellia viridis,Sabellidae,Bonelliidae,26,13,26,16,9.7
Acinetospora crinita,Hemimycale columella,Acinetosporaceae,Hymedesmiidae,24,17,22,16,9.7
Facelina rubrovittata,Telmatactis forskalii,Facelinidae,Isophelliidae,21,9,20,6,9.7
Diaphorodoris alba,Thylacodes arenarius,Calycidorididae,Vermetidae,21,13,19,7,9.7
Alicia mirabilis,Scorpaena scrofa,Aliciidae,Scorpaenidae,19,10,18,7,9.7
Acinetospora crinita,Leptogorgia sarmentosa,Acinetosporaceae,Gorgoniidae,17,14,15,10,9.7
Prostheceraeus roseus,Sycon raphanus,Euryleptidae,Sycettidae,17,11,16,7,9.7
Phoronis hippocrepia,Rugulopteryx okamurae,Phoronidae,Dictyotaceae,14,6,13,7,9.7
Halopteris filicina,Pycnoclavella communis,Stypocaulaceae,Pycnoclavellidae,14,6,13,6,9.7
Bosellia mimetica,Luria lurida,Plakobranchidae,Cypraeidae,13,8,12,7,9.7
Halopteris filicina,Serranus scriba,Stypocaulaceae,Serranidae,13,7,12,9,9.7
Candiella striata,Simnia spelta,Tritoniidae,Ovulidae,11,11,9,7,9.7
Centaurea aspera,Foeniculum vulgare,Asteraceae,Apiaceae,10,9,10,6,9.7
Manupecten pesfelis,Sphaerococcus coronopifolius,Pectinidae,Sphaerococcaceae,10,9,10,8,9.7
Anthias anthias,Lima lima,Anthiadidae,Limidae,10,8,10,6,9.7
Dendrodoris grandiflora,Telmatactis forskalii,Dendrodorididae,Isophelliidae,8,6,7,5,9.7
Maja crispata,Manupecten pesfelis,Majidae,Pectinidae,8,6,8,6,9.7
Acrosymphyton purpuriferum,Holothuria tubulosa,Acrosymphytaceae,Holothuriidae,8,8,8,7,9.7
Bunodeopsis strumosa,Xyrichtys novacula,Boloceroididae,Labridae,8,7,6,5,9.7
Pentapora fascialis,Posidonia oceanica,Bitectiporidae,Posidoniaceae,128,55,91,42,9.6
Pennaria disticha,Posidonia oceanica,Pennariidae,Posidoniaceae,125,40,90,37,9.6
Posidonia oceanica,Symphodus roissali,Posidoniaceae,Labridae,123,49,108,48,9.6
Mullus surmuletus,Posidonia oceanica,Mullidae,Posidoniaceae,112,50,91,41,9.6
Ellisolandia elongata,Posidonia oceanica,Lithophyllaceae,Posidoniaceae,97,43,85,40,9.6
Bonellia viridis,Labrus merula,Bonelliidae,Labridae,74,32,62,31,9.6
Ircinia oros,Perforatus perforatus,Irciniidae,Balanidae,73,45,65,24,9.6
Parablennius gattorugine,Symphodus mediterraneus,Blenniidae,Labridae,71,32,56,25,9.6
Dicentrarchus labrax,Diplodus puntazzo,Moronidae,Sparidae,65,40,55,29,9.6
Codium bursa,Hexaplex trunculus,Codiaceae,Muricidae,64,30,57,30,9.6
Lipophrys trigloides,Perforatus perforatus,Blenniidae,Balanidae,62,46,54,22,9.6
Bonellia viridis,Maja crispata,Bonelliidae,Majidae,60,33,53,22,9.6
Parablennius zvonimiri,Serranus scriba,Blenniidae,Serranidae,60,36,49,29,9.6
Eriphia verrucosa,Stramonita haemastoma,Eriphiidae,Muricidae,60,34,53,35,9.6
Scorpaena scrofa,Symphodus mediterraneus,Scorpaenidae,Labridae,58,33,54,24,9.6
Gobius cruentatus,Mullus surmuletus,Gobiidae,Mullidae,58,30,48,30,9.6
Boops boops,Chondrosia reniformis,Sparidae,Chondrillidae,58,34,51,22,9.6
Boops boops,Scorpaena maderensis,Sparidae,Scorpaenidae,58,34,49,37,9.6
Eriphia verrucosa,Gobius incognitus,Eriphiidae,Gobiidae,58,29,55,33,9.6
Caloria quatrefagesi,Serpula vermicularis,Facelinidae,Serpulidae,58,33,57,19,9.6
Gobius paganellus,Oculina patagonica,Gobiidae,Oculinidae,57,24,48,21,9.6
Aiptasia couchii,Diplodus sargus,Aiptasiidae,Sparidae,57,22,48,34,9.6
Boops boops,Thericium vulgatum,Sparidae,Cerithiidae,55,26,36,31,9.6
Anthias anthias,Parablennius rouxi,Anthiadidae,Blenniidae,54,23,48,26,9.6
Oculina patagonica,Pycnoclavella communis,Oculinidae,Pycnoclavellidae,54,12,48,16,9.6
Branchiomma luctuosum,Oblada melanurus,Sabellidae,Sparidae,54,14,32,34,9.6
Padina pavonica,Sabella spallanzanii,Dictyotaceae,Sabellidae,52,28,42,27,9.6
Pennaria disticha,Sciaena umbra,Pennariidae,Sciaenidae,51,16,41,18,9.6
Aiptasia mutabilis,Pinna rudis,Aiptasiidae,Pinnidae,49,30,45,24,9.6
Crambe crambe,Pinna rudis,Crambeidae,Pinnidae,46,31,40,25,9.6
Chromis chromis,Schizoporella errata,Pomacentridae,Schizoporellidae,45,22,35,30,9.6
Diplodus cervinus,Sphyraena viridensis,Sparidae,Sphyraenidae,44,26,39,19,9.6
Percnon gibbesi,Perforatus perforatus,Percnidae,Balanidae,42,27,39,18,9.6
Chondrosia reniformis,Pinna rudis,Chondrillidae,Pinnidae,41,27,39,21,9.6
Dicentrarchus labrax,Percnon gibbesi,Moronidae,Percnidae,38,23,34,15,9.6
Oblada melanurus,Seriola dumerili,Sparidae,Carangidae,35,25,28,16,9.6
Pachycerianthus solitarius,Pagellus acarne,Cerianthidae,Sparidae,34,18,29,15,9.6
Lithophyllum stictiforme,Padina pavonica,Lithophyllaceae,Dictyotaceae,34,29,30,17,9.6
Asparagopsis taxiformis,Epinephelus marginatus,Bonnemaisoniaceae,Epinephelidae,34,15,28,17,9.6
Asparagopsis taxiformis,Ellisolandia elongata,Bonnemaisoniaceae,Lithophyllaceae,34,13,28,22,9.6
Callionymus pusillus,Serranus cabrilla,Callionymidae,Serranidae,30,16,30,5,9.6
Acinetospora crinita,Crambe crambe,Acinetosporaceae,Crambeidae,28,24,26,19,9.6
Caranx crysos,Pennaria disticha,Carangidae,Pennariidae,26,21,23,18,9.6
Limaria hians,Mesophyllum expansum,Limidae,Lithophyllaceae,25,16,25,6,9.6
Centrolabrus melanocercus,Echinaster sepositus,Labridae,Echinasteridae,25,17,25,9,9.6
Prostheceraeus moseleyi,Yungia aurantiaca,Euryleptidae,Pseudocerotidae,24,20,22,16,9.6
Hemimycale columella,Parazoanthus brevitentacularis,Hymedesmiidae,Parazoanthidae,23,17,21,14,9.6
Eunicella gazella,Lissoclinum weigelei,Gorgoniidae,Didemnidae,23,8,19,11,9.6
Marionia blainvillea,Tylodina perversa,Tritoniidae,Tylodinidae,20,10,20,6,9.6
Cistus salviifolius,Convolvulus althaeoides,Cistaceae,Convolvulaceae,20,18,18,14,9.6
Amphiroa beauvoisii,Chelon auratus,Lithophyllaceae,Mugilidae,20,10,19,10,9.6
Berthellina edwardsii,Conger conger,Pleurobranchidae,Congridae,18,15,17,6,9.6
Cribrinopsis crassa,Pycnoclavella nana,Actiniidae,Pycnoclavellidae,18,14,18,10,9.6
Corynactis viridis,Diaphorodoris papillata,Corallimorphidae,Calycidorididae,18,12,17,5,9.6
Inachus phalangium,Muricopsis cristata,Inachidae,Muricidae,17,8,17,6,9.6
Felimare villafranca,Tenellia ocellata,Chromodorididae,Tergipedidae,15,11,14,9,9.6
Alcyonium acaule,Facelinopsis marioni,Alcyoniidae,Facelinidae,15,12,15,5,9.6
Marionia blainvillea,Nemesignis banyulensis,Tritoniidae,Myrrhinidae,15,13,14,10,9.6
Hemimycale mediterranea,Petrosia ficiformis,Hymedesmiidae,Petrosiidae,14,9,14,8,9.6
Jania virgata,Lipophrys trigloides,Lithophyllaceae,Blenniidae,14,12,14,5,9.6
Eudendrium racemosum,Nemesignis banyulensis,Eudendriidae,Myrrhinidae,13,7,13,7,9.6
Asparagopsis taxiformis,Mesophyllum alternans,Bonnemaisoniaceae,Lithophyllaceae,12,5,12,5,9.6
Inachus phalangium,Sicyonia carinata,Inachidae,Sicyoniidae,11,6,11,6,9.6
Goniodoridella picoensis,Sycon raphanus,Goniodorididae,Sycettidae,10,8,10,5,9.6
Cliona viridis,Margaretta cereoides,Clionaidae,Margarettidae,10,7,9,5,9.6
Galactites tomentosus,Myiopsitta monachus,Asteraceae,Psittacidae,9,7,8,6,9.6
Margaretta cereoides,Phorbas tenacior,Margarettidae,Hymedesmiidae,9,5,9,5,9.6
Convolvulus althaeoides,Myiopsitta monachus,Convolvulaceae,Psittacidae,8,7,5,6,9.6
Bonellia viridis,Diplodus puntazzo,Bonelliidae,Sparidae,77,36,64,31,9.5
Aiptasia mutabilis,Parablennius pilicornis,Aiptasiidae,Blenniidae,77,35,58,49,9.5
Bonellia viridis,Hexaplex trunculus,Bonelliidae,Muricidae,72,32,58,34,9.5
Acetabularia acetabulum,Cliona viridis,Polyphysaceae,Clionaidae,72,35,61,26,9.5
Pycnoclavella communis,Serpula vermicularis,Pycnoclavellidae,Serpulidae,72,32,67,20,9.5
Parablennius zvonimiri,Protula tubularia,Blenniidae,Serpulidae,72,43,61,33,9.5
Myriapora truncata,Perforatus perforatus,Myriaporidae,Balanidae,68,41,59,23,9.5
Scorpaena maderensis,Sphaerococcus coronopifolius,Scorpaenidae,Sphaerococcaceae,65,37,53,32,9.5
Labrus merula,Mesophyllum expansum,Labridae,Lithophyllaceae,63,32,59,17,9.5
Palinurus elephas,Parablennius rouxi,Palinuridae,Blenniidae,62,29,55,27,9.5
Myriapora truncata,Sabella spallanzanii,Myriaporidae,Sabellidae,62,38,52,28,9.5
Aiptasia mutabilis,Maja crispata,Aiptasiidae,Majidae,62,32,57,22,9.5
Ircinia oros,Serranus scriba,Irciniidae,Serranidae,61,28,54,23,9.5
Pentapora fascialis,Sarcotragus fasciculatus,Bitectiporidae,Irciniidae,61,31,48,22,9.5
Ircinia oros,Prostheceraeus roseus,Irciniidae,Euryleptidae,59,36,49,20,9.5
Cliona viridis,Oculina patagonica,Clionaidae,Oculinidae,59,23,56,16,9.5
Gobius incognitus,Halocynthia papillosa,Gobiidae,Pyuridae,59,26,49,23,9.5
Codium bursa,Holothuria forskali,Codiaceae,Holothuriidae,58,30,55,16,9.5
Flabellia petiolata,Gobius incognitus,Codiaceae,Gobiidae,58,29,51,21,9.5
Apogon imberbis,Gobius incognitus,Apogonidae,Gobiidae,58,31,54,28,9.5
Eriphia verrucosa,Oculina patagonica,Eriphiidae,Oculinidae,57,29,50,28,9.5
Dardanus calidus,Pentapora fascialis,Diogenidae,Bitectiporidae,54,34,48,22,9.5
Calmella cavolini,Felimare villafranca,Flabellinidae,Chromodorididae,53,27,49,12,9.5
Pennaria disticha,Symphodus tinca,Pennariidae,Labridae,53,26,45,28,9.5
Dardanus calidus,Palinurus elephas,Diogenidae,Palinuridae,51,25,48,21,9.5
Cribrinopsis crassa,Inachus phalangium,Actiniidae,Inachidae,50,25,46,23,9.5
Arbacia lixula,Tricleocarpa fragilis,Arbaciidae,Galaxauraceae,50,18,42,23,9.5
Ellisolandia elongata,Myriapora truncata,Lithophyllaceae,Myriaporidae,48,27,39,21,9.5
Agelas oroides,Pinna rudis,Agelasidae,Pinnidae,40,21,38,23,9.5
Pagellus erythrinus,Pomatoschistus bathi,Sparidae,Gobiidae,39,20,38,11,9.5
Luria lurida,Synodus saurus,Cypraeidae,Synodontidae,37,18,32,15,9.5
Calmella cavolini,Prostheceraeus moseleyi,Flabellinidae,Euryleptidae,36,24,33,12,9.5
Boops boops,Epinephelus costae,Sparidae,Epinephelidae,33,15,28,12,9.5
Lepadogaster candolii,Telmatactis forskalii,Gobiesocidae,Isophelliidae,31,13,29,13,9.5
Acinetospora crinita,Holothuria tubulosa,Acinetosporaceae,Holothuriidae,27,22,25,16,9.5
Parazoanthus brevitentacularis,Petrosia ficiformis,Parazoanthidae,Petrosiidae,26,19,25,11,9.5
Flabellia petiolata,Gari depressa,Codiaceae,Psammobiidae,25,13,23,10,9.5
Callista chione,Naticarius hebraeus,Veneridae,Naticidae,24,24,24,18,9.5
Acinetospora crinita,Scorpaena scrofa,Acinetosporaceae,Scorpaenidae,23,18,23,8,9.5
Coscinasterias tenuispina,Phoronis hippocrepia,Asteriidae,Phoronidae,23,13,22,7,9.5
Dasyatis pastinaca,Pachycerianthus solitarius,Dasyatidae,Cerianthidae,21,12,13,9,9.5
Phoronis hippocrepia,Serranus cabrilla,Phoronidae,Serranidae,20,9,19,8,9.5
Chrysymenia ventricosa,Serpula vermicularis,Rhodymeniaceae,Serpulidae,20,15,18,11,9.5
Ophidiaster ophidianus,Seriola dumerili,Ophidiasteridae,Carangidae,19,16,18,12,9.5
Rugulopteryx okamurae,Thylacodes arenarius,Dictyotaceae,Vermetidae,17,8,14,9,9.5
Electra posidoniae,Rugulopteryx okamurae,Electridae,Dictyotaceae,16,9,13,9,9.5
Ctenolabrus rupestris,Holothuria forskali,Labridae,Holothuriidae,15,13,14,7,9.5
Aeolidiella alderi,Pachycerianthus solitarius,Aeolidiidae,Cerianthidae,15,8,14,7,9.5
Conus ventricosus,Polititapes aureus,Conidae,Veneridae,14,10,13,6,9.5
Limaria hians,Polysyncraton lacazei,Limidae,Didemnidae,12,10,12,6,9.5
Dictyonella incisa,Pycnoclavella communis,Dictyonellidae,Pycnoclavellidae,12,12,11,7,9.5
Parablennius rouxi,Polycyathus muellerae,Blenniidae,Caryophylliidae,11,9,11,7,9.5
Dactylopterus volitans,Echinocardium cordatum,Dactylopteridae,Loveniidae,11,10,8,9,9.5
Diplosoma listerianum,Phallusia mammillata,Didemnidae,Ascidiidae,10,6,10,5,9.5
Nerocila bivittata,Serranus scriba,Cymothoidae,Serranidae,10,7,10,6,9.5
Astropecten platyacanthus,Petalifera petalifera,Astropectinidae,Aplysiidae,9,8,7,8,9.5
Ellisolandia elongata,Lima lima,Lithophyllaceae,Limidae,9,7,9,6,9.5
Crambe crambe,Polycitor crystallinus,Crambeidae,Polycitoridae,8,7,8,6,9.5
Maja crispata,Tridentata perpusilla,Majidae,Sertulariidae,8,8,8,7,9.5
Acetabularia acetabulum,Myriapora truncata,Polyphysaceae,Myriaporidae,73,34,57,30,9.4
Holothuria tubulosa,Parablennius rouxi,Holothuriidae,Blenniidae,72,36,64,29,9.4
Crambe crambe,Petrosia ficiformis,Crambeidae,Petrosiidae,71,40,60,32,9.4
Diplodus puntazzo,Sarcotragus fasciculatus,Sparidae,Irciniidae,69,38,57,33,9.4
Halimeda tuna,Perforatus perforatus,Halimedaceae,Balanidae,68,43,59,25,9.4
Flabellia petiolata,Parablennius zvonimiri,Codiaceae,Blenniidae,68,39,56,29,9.4
Maja crispata,Serpula vermicularis,Majidae,Serpulidae,64,33,59,27,9.4
Parablennius zvonimiri,Phorbas tenacior,Blenniidae,Hymedesmiidae,63,40,55,26,9.4
Diplodus puntazzo,Oculina patagonica,Sparidae,Oculinidae,62,31,56,28,9.4
Chromis chromis,Gobius cruentatus,Pomacentridae,Gobiidae,60,26,47,36,9.4
Diplodus sargus,Parablennius gattorugine,Sparidae,Blenniidae,60,26,48,37,9.4
Hexaplex trunculus,Symphodus roissali,Muricidae,Labridae,59,29,51,37,9.4
Perforatus perforatus,Phorbas tenacior,Balanidae,Hymedesmiidae,59,39,48,18,9.4
Flabellia petiolata,Palinurus elephas,Codiaceae,Palinuridae,57,28,49,24,9.4
Chondrosia reniformis,Gobius incognitus,Chondrillidae,Gobiidae,55,23,53,18,9.4
Ellisolandia elongata,Serpula vermicularis,Lithophyllaceae,Serpulidae,55,27,51,19,9.4
Acinetospora crinita,Posidonia oceanica,Acinetosporaceae,Posidoniaceae,53,26,41,23,9.4
Agelas oroides,Chromis chromis,Agelasidae,Pomacentridae,53,32,40,29,9.4
Chromis chromis,Sabella spallanzanii,Pomacentridae,Sabellidae,51,33,45,35,9.4
Epinephelus marginatus,Ircinia oros,Epinephelidae,Irciniidae,50,30,48,23,9.4
Diplodus puntazzo,Tricleocarpa fragilis,Sparidae,Galaxauraceae,49,21,45,21,9.4
Asparagopsis taxiformis,Perforatus perforatus,Bonnemaisoniaceae,Balanidae,47,19,42,20,9.4
Crambe crambe,Pseudodistoma crucigaster,Crambeidae,Pseudodistomidae,44,24,36,27,9.4
Gobius cruentatus,Pseudodistoma crucigaster,Gobiidae,Pseudodistomidae,44,19,40,19,9.4
Mullus surmuletus,Tricleocarpa fragilis,Mullidae,Galaxauraceae,37,12,30,15,9.4
Bothus podas,Callionymus pusillus,Bothidae,Callionymidae,35,21,29,12,9.4
Leptogorgia sarmentosa,Mullus surmuletus,Gorgoniidae,Mullidae,34,18,30,16,9.4
Astrospartus mediterraneus,Scorpaena scrofa,Gorgonocephalidae,Scorpaenidae,33,12,33,6,9.4
Epinephelus marginatus,Tricleocarpa fragilis,Epinephelidae,Galaxauraceae,32,16,29,15,9.4
Scartella cristata,Schizoporella errata,Blenniidae,Schizoporellidae,27,18,22,16,9.4
Centrolabrus melanocercus,Conger conger,Labridae,Congridae,23,13,19,9,9.4
Alcyonium acaule,Felimare fontandraui,Alcyoniidae,Chromodorididae,19,13,19,11,9.4
Caulerpa cylindracea,Electra posidoniae,Caulerpaceae,Electridae,19,12,19,8,9.4
Dardanus calidus,Eudendrium racemosum,Diogenidae,Eudendriidae,19,16,18,6,9.4
Gobius cobitis,Petalifera petalifera,Gobiidae,Aplysiidae,19,5,11,9,9.4
Ascidia mentula,Lepadogaster candolii,Ascidiidae,Gobiesocidae,18,15,18,7,9.4
Holothuria forskali,Pycnoclavella nana,Holothuriidae,Pycnoclavellidae,17,12,17,9,9.4
Holothuria tubulosa,Mesophyllum alternans,Holothuriidae,Lithophyllaceae,17,14,17,5,9.4
Dendrodoris limbata,Lissoclinum weigelei,Dendrodorididae,Didemnidae,16,6,13,6,9.4
Ascandra contorta,Perforatus perforatus,Leucaltidae,Balanidae,16,13,16,6,9.4
Holothuria forskali,Mesophyllum alternans,Holothuriidae,Lithophyllaceae,15,14,14,10,9.4
Chrysymenia ventricosa,Sabella spallanzanii,Rhodymeniaceae,Sabellidae,15,13,11,11,9.4
Neverita josephinia,Polititapes aureus,Naticidae,Veneridae,14,14,14,13,9.4
Eudendrium racemosum,Microlipophrys nigriceps,Eudendriidae,Blenniidae,14,9,14,5,9.4
Haliclona mucosa,Rudmania krohni,Chalinidae,Chromodorididae,13,11,13,5,9.4
Dendrodoris grandiflora,Lepadogaster candolii,Dendrodorididae,Gobiesocidae,11,8,10,5,9.4
Bituminaria bituminosa,Plantago lagopus,Fabaceae,Plantaginaceae,11,10,8,7,9.4
Margaretta cereoides,Myriapora truncata,Margarettidae,Myriaporidae,10,7,10,8,9.4
Margaretta cereoides,Petrosia ficiformis,Margarettidae,Petrosiidae,10,7,10,7,9.4
Limaria hians,Myxicola infundibulum,Limidae,Sabellidae,10,8,10,5,9.4
Ascandra contorta,Percnon gibbesi,Leucaltidae,Percnidae,10,8,9,6,9.4
Electra posidoniae,Petalifera petalifera,Electridae,Aplysiidae,8,5,7,5,9.4
Aglaophenia tubiformis,Sarcotragus fasciculatus,Aglaopheniidae,Irciniidae,8,8,8,5,9.4
Actinia mediterranea,Sphaerococcus coronopifolius,Actiniidae,Sphaerococcaceae,80,37,76,19,9.3
Hexaplex trunculus,Serpula vermicularis,Muricidae,Serpulidae,77,41,62,25,9.3
Halimeda tuna,Hexaplex trunculus,Halimedaceae,Muricidae,68,34,61,30,9.3
Hexaplex trunculus,Parablennius pilicornis,Muricidae,Blenniidae,67,20,54,48,9.3
Chelon auratus,Parablennius zvonimiri,Mugilidae,Blenniidae,66,36,58,25,9.3
Ircinia oros,Padina pavonica,Irciniidae,Dictyotaceae,61,29,51,25,9.3
Hexaplex trunculus,Oblada melanurus,Muricidae,Sparidae,60,25,47,35,9.3
Halocynthia papillosa,Oblada melanurus,Pyuridae,Sparidae,60,30,48,26,9.3
Palinurus elephas,Symphodus mediterraneus,Palinuridae,Labridae,57,31,47,20,9.3
Mullus surmuletus,Parablennius zvonimiri,Mullidae,Blenniidae,56,37,46,32,9.3
Chelon auratus,Symphodus roissali,Mugilidae,Labridae,56,33,52,35,9.3
Branchiomma luctuosum,Eriphia verrucosa,Sabellidae,Eriphiidae,56,14,47,23,9.3
Agelas oroides,Thericium vulgatum,Agelasidae,Cerithiidae,55,27,52,21,9.3
Dicentrarchus labrax,Lipophrys trigloides,Moronidae,Blenniidae,54,35,45,20,9.3
Aiptasia mutabilis,Eunicella singularis,Aiptasiidae,Gorgoniidae,53,25,43,27,9.3
Padina pavonica,Scorpaena maderensis,Dictyotaceae,Scorpaenidae,53,32,43,31,9.3
Mullus surmuletus,Perforatus perforatus,Mullidae,Balanidae,53,38,45,27,9.3
Codium bursa,Maja crispata,Codiaceae,Majidae,51,30,44,17,9.3
Boops boops,Chromis chromis,Sparidae,Pomacentridae,51,32,41,30,9.3
Lepadogaster candolii,Phycis phycis,Gobiesocidae,Phycidae,49,25,45,10,9.3
Echinaster sepositus,Sciaena umbra,Echinasteridae,Sciaenidae,49,25,44,20,9.3
Amphiroa rigida,Ircinia oros,Lithophyllaceae,Irciniidae,49,22,43,21,9.3
Dardanus calidus,Prostheceraeus roseus,Diogenidae,Euryleptidae,46,24,45,27,9.3
Gobius paganellus,Microlipophrys dalmatinus,Gobiidae,Blenniidae,45,17,36,13,9.3
Ellisolandia elongata,Gobius paganellus,Lithophyllaceae,Gobiidae,44,20,42,18,9.3
Parablennius zvonimiri,Percnon gibbesi,Blenniidae,Percnidae,43,30,39,21,9.3
Pennaria disticha,Tricleocarpa fragilis,Pennariidae,Galaxauraceae,41,12,34,16,9.3
Dicentrarchus labrax,Ellisolandia elongata,Moronidae,Lithophyllaceae,41,25,37,15,9.3
Holothuria tubulosa,Lithophyllum stictiforme,Holothuriidae,Lithophyllaceae,40,25,39,13,9.3
Chelon auratus,Percnon gibbesi,Mugilidae,Percnidae,39,23,37,21,9.3
Ariosoma balearicum,Pachycerianthus solitarius,Congridae,Cerianthidae,37,18,29,15,9.3
Clathria jolicoeuri,Serpula vermicularis,Microcionidae,Serpulidae,29,15,25,12,9.3
Dactylopterus volitans,Pagellus erythrinus,Dactylopteridae,Sparidae,28,18,26,14,9.3
Caloria quatrefagesi,Prostheceraeus moseleyi,Facelinidae,Euryleptidae,27,19,22,22,9.3
Hermodice carunculata,Synodus saurus,Amphinomidae,Synodontidae,27,21,27,21,9.3
Bothus podas,Caranx crysos,Bothidae,Carangidae,27,23,23,14,9.3
Bolma rugosa,Callista chione,Turbinidae,Veneridae,26,16,25,13,9.3
Lissoclinum weigelei,Thericium vulgatum,Didemnidae,Cerithiidae,26,9,22,14,9.3
Aidablennius sphynx,Centrolabrus melanocercus,Blenniidae,Labridae,24,12,17,12,9.3
Parablennius zvonimiri,Zebrus zebrus,Blenniidae,Gobiidae,23,8,16,7,9.3
Facelina rubrovittata,Yungia aurantiaca,Facelinidae,Pseudocerotidae,22,10,17,7,9.3
Pentapora fascialis,Pycnoclavella nana,Bitectiporidae,Pycnoclavellidae,17,12,14,11,9.3
Callista chione,Hamigera hamigera,Veneridae,Hymedesmiidae,16,7,15,5,9.3
Aiptasia mutabilis,Hemimycale mediterranea,Aiptasiidae,Hymedesmiidae,15,10,15,7,9.3
Felimida binza,Simnia spelta,Chromodorididae,Ovulidae,14,10,13,7,9.3
Dardanus calidus,Mesophyllum alternans,Diogenidae,Lithophyllaceae,14,12,14,6,9.3
Halopteris filicina,Palinurus elephas,Stypocaulaceae,Palinuridae,13,12,12,8,9.3
Periclimenes amethysteus,Polysyncraton lacazei,Palaemonidae,Didemnidae,12,4,12,7,9.3
Placida verticilata,Rudmania krohni,Stiligeridae,Chromodorididae,12,11,11,7,9.3
Haliclona mucosa,Stenopus spinosus,Chalinidae,Stenopodidae,12,10,12,5,9.3
Lima lima,Oculina patagonica,Limidae,Oculinidae,11,10,11,9,9.3
Limaria hians,Loripes orbiculatus,Limidae,Lucinidae,9,7,9,6,9.3
Apterichtus caecus,Lipophrys trigloides,Ophichthidae,Blenniidae,9,7,7,5,9.3
Conger conger,Processa macrophthalma,Congridae,Processidae,8,7,8,5,9.3
Amphiroa rigida,Planocera ceratommata,Lithophyllaceae,Planoceridae,8,5,8,5,9.3
Aiptasia couchii,Posidonia oceanica,Aiptasiidae,Posidoniaceae,132,38,114,39,9.2
Acetabularia acetabulum,Aiptasia mutabilis,Polyphysaceae,Aiptasiidae,78,35,65,32,9.2
Cliona viridis,Diplodus puntazzo,Clionaidae,Sparidae,70,39,62,20,9.2
Bothus podas,Parablennius zvonimiri,Bothidae,Blenniidae,67,37,55,30,9.2
Arbacia lixula,Pentapora fascialis,Arbaciidae,Bitectiporidae,65,44,55,30,9.2
Codium bursa,Parablennius zvonimiri,Codiaceae,Blenniidae,65,40,59,30,9.2
Perforatus perforatus,Symphodus mediterraneus,Balanidae,Labridae,63,38,53,28,9.2
Boops boops,Halimeda tuna,Sparidae,Halimedaceae,61,33,55,31,9.2
Perforatus perforatus,Scorpaena maderensis,Balanidae,Scorpaenidae,61,35,56,27,9.2
Sarcotragus fasciculatus,Scorpaena maderensis,Irciniidae,Scorpaenidae,60,29,55,24,9.2
Boops boops,Petrosia ficiformis,Sparidae,Petrosiidae,60,28,57,15,9.2
Cliona viridis,Pennaria disticha,Clionaidae,Pennariidae,59,30,49,20,9.2
Parablennius gattorugine,Sphyraena viridensis,Blenniidae,Sphyraenidae,58,34,48,24,9.2
Boops boops,Symphodus roissali,Sparidae,Labridae,53,32,44,31,9.2
Scorpaena maderensis,Sphyraena viridensis,Scorpaenidae,Sphyraenidae,51,33,44,28,9.2
Eunicella singularis,Gobius cruentatus,Gorgoniidae,Gobiidae,49,24,38,31,9.2
Dicentrarchus labrax,Diplodus sargus,Moronidae,Sparidae,49,31,45,30,9.2
Jania rubens,Posidonia oceanica,Lithophyllaceae,Posidoniaceae,49,32,44,24,9.2
Mesophyllum expansum,Reteporella grimaldii,Lithophyllaceae,Phidoloporidae,48,32,44,15,9.2
Oculina patagonica,Sciaena umbra,Oculinidae,Sciaenidae,47,16,41,13,9.2
Gobius cruentatus,Pinna rudis,Gobiidae,Pinnidae,44,22,35,25,9.2
Caloria quatrefagesi,Sabella spallanzanii,Facelinidae,Sabellidae,42,25,37,22,9.2
Echinaster sepositus,Eunicella singularis,Echinasteridae,Gorgoniidae,42,20,33,21,9.2
Hemimycale columella,Tricleocarpa fragilis,Hymedesmiidae,Galaxauraceae,40,22,37,19,9.2
Epinephelus marginatus,Gobius incognitus,Epinephelidae,Gobiidae,40,21,38,20,9.2
Boops boops,Pinna rudis,Sparidae,Pinnidae,38,19,34,17,9.2
Asparagopsis taxiformis,Schizoporella errata,Bonnemaisoniaceae,Schizoporellidae,36,20,29,19,9.2
Lithophyllum stictiforme,Pycnoclavella communis,Lithophyllaceae,Pycnoclavellidae,35,25,28,13,9.2
Chelon auratus,Seriola dumerili,Mugilidae,Carangidae,35,25,33,19,9.2
Caloria quatrefagesi,Nemesignis banyulensis,Facelinidae,Myrrhinidae,27,19,25,17,9.2
Hamigera hamigera,Petrosia ficiformis,Hymedesmiidae,Petrosiidae,27,17,25,8,9.2
Dactylopterus volitans,Ophisurus serpens,Dactylopteridae,Ophichthidae,25,11,23,12,9.2
Semicassis undulata,Synodus saurus,Cassidae,Synodontidae,24,20,22,14,9.2
Dictyota cyanoloma,Phallusia mammillata,Dictyotaceae,Ascidiidae,22,3,19,13,9.2
Facelina rubrovittata,Prostheceraeus moseleyi,Facelinidae,Euryleptidae,20,16,20,9,9.2
Buglossidium luteum,Pagellus erythrinus,Soleidae,Sparidae,19,15,19,9,9.2
Coscinasterias tenuispina,Sycon raphanus,Asteriidae,Sycettidae,19,14,19,6,9.2
Polysyncraton lacazei,Yungia aurantiaca,Didemnidae,Pseudocerotidae,18,7,17,8,9.2
Aiptasia mutabilis,Mesophyllum alternans,Aiptasiidae,Lithophyllaceae,18,10,17,6,9.2
Chrysymenia ventricosa,Holothuria tubulosa,Rhodymeniaceae,Holothuriidae,17,17,16,11,9.2
Luria lurida,Platydoris argo,Cypraeidae,Discodorididae,15,5,11,9,9.2
Steromphala varia,Tritia neritea,Trochidae,Nassariidae,13,9,13,9,9.2
Pomatoschistus bathi,Pycnoclavella nana,Gobiidae,Pycnoclavellidae,12,8,12,5,9.2
Caberea boryi,Holothuria forskali,Candidae,Holothuriidae,12,9,11,7,9.2
Amphiroa beauvoisii,Phallusia mammillata,Lithophyllaceae,Ascidiidae,12,3,11,6,9.2
Asparagus acutifolius,Plantago lagopus,Asparagaceae,Plantaginaceae,12,12,11,7,9.2
Gobius paganellus,Lima lima,Gobiidae,Limidae,12,6,12,6,9.2
Halcampoides purpureus,Stenopus spinosus,Halcampoididae,Stenopodidae,11,5,10,5,9.2
Achelous hastatus,Tritia mutabilis,Portunidae,Nassariidae,11,8,9,9,9.2
Dictyonella incisa,Inachus phalangium,Dictyonellidae,Inachidae,10,8,9,5,9.2
Haliclona mucosa,Luria lurida,Chalinidae,Cypraeidae,10,8,10,5,9.2
Lagurus ovatus,Urospermum dalechampii,Poaceae,Asteraceae,9,7,7,8,9.2
Homarus gammarus,Phycis phycis,Nephropidae,Phycidae,8,8,8,6,9.2
Crella pulvinar,Trinchesia morrowae,Crellidae,Trinchesiidae,8,7,8,5,9.2
Eudendrium racemosum,Jania rubens,Eudendriidae,Lithophyllaceae,8,7,8,5,9.2
Parablennius zvonimiri,Posidonia oceanica,Blenniidae,Posidoniaceae,137,51,111,37,9.1
Eunicella gazella,Posidonia oceanica,Gorgoniidae,Posidoniaceae,101,39,87,27,9.1
Parablennius rouxi,Protula tubularia,Blenniidae,Serpulidae,69,33,60,35,9.1
Crambe crambe,Parablennius pilicornis,Crambeidae,Blenniidae,69,37,56,35,9.1
Agelas oroides,Arbacia lixula,Agelasidae,Arbaciidae,65,41,62,24,9.1
Perforatus perforatus,Sphaerococcus coronopifolius,Balanidae,Sphaerococcaceae,65,42,57,22,9.1
Hexaplex trunculus,Symphodus mediterraneus,Muricidae,Labridae,63,31,56,27,9.1
Boops boops,Ircinia oros,Sparidae,Irciniidae,63,35,60,23,9.1
Aidablennius sphynx,Gobius cruentatus,Blenniidae,Gobiidae,61,17,44,17,9.1
Oculina patagonica,Parablennius gattorugine,Oculinidae,Blenniidae,60,30,49,31,9.1
Chelon auratus,Gobius paganellus,Mugilidae,Gobiidae,59,26,51,27,9.1
Dardanus calidus,Parablennius rouxi,Diogenidae,Blenniidae,58,38,51,26,9.1
Boops boops,Halocynthia papillosa,Sparidae,Pyuridae,58,33,49,24,9.1
Flabellia petiolata,Stramonita haemastoma,Codiaceae,Muricidae,57,28,50,18,9.1
Cribrinopsis crassa,Holothuria forskali,Actiniidae,Holothuriidae,56,30,46,24,9.1
Mesophyllum expansum,Scorpaena maderensis,Lithophyllaceae,Scorpaenidae,56,28,52,17,9.1
Hexaplex trunculus,Oculina patagonica,Muricidae,Oculinidae,56,25,48,28,9.1
Bothus podas,Dicentrarchus labrax,Bothidae,Moronidae,56,36,50,28,9.1
Gobius incognitus,Perforatus perforatus,Gobiidae,Balanidae,56,32,55,24,9.1
Halimeda tuna,Prostheceraeus roseus,Halimedaceae,Euryleptidae,54,34,44,21,9.1
Hexaplex trunculus,Serranus scriba,Muricidae,Serranidae,54,29,44,27,9.1
Mesophyllum expansum,Scorpaena scrofa,Lithophyllaceae,Scorpaenidae,52,28,52,17,9.1
Pennaria disticha,Sabella spallanzanii,Pennariidae,Sabellidae,52,30,43,28,9.1
Mullus surmuletus,Sarcotragus fasciculatus,Mullidae,Irciniidae,51,23,47,22,9.1
Anthias anthias,Flabellia petiolata,Anthiadidae,Codiaceae,48,17,41,23,9.1
Palinurus elephas,Prostheceraeus roseus,Palinuridae,Euryleptidae,46,23,33,22,9.1
Epinephelus marginatus,Petrosia ficiformis,Epinephelidae,Petrosiidae,46,24,39,16,9.1
Phorbas tenacior,Thalassoma pavo,Hymedesmiidae,Labridae,46,28,39,22,9.1
Eunicella singularis,Thericium vulgatum,Gorgoniidae,Cerithiidae,41,22,33,20,9.1
Aidablennius sphynx,Percnon gibbesi,Blenniidae,Percnidae,36,27,31,23,9.1
Lepadogaster candolii,Pagellus acarne,Gobiesocidae,Sparidae,35,16,32,8,9.1
Nemesignis banyulensis,Pycnoclavella communis,Myrrhinidae,Pycnoclavellidae,34,15,32,18,9.1
Aplysia depilans,Gobius paganellus,Aplysiidae,Gobiidae,29,11,23,15,9.1
Felimare villafranca,Goniodoridella picoensis,Chromodorididae,Goniodorididae,26,23,22,14,9.1
Flabellia petiolata,Limaria hians,Codiaceae,Limidae,25,18,24,8,9.1
Hamigera hamigera,Pycnoclavella communis,Hymedesmiidae,Pycnoclavellidae,24,16,23,7,9.1
Periclimenes amethysteus,Synodus saurus,Palaemonidae,Synodontidae,23,7,19,10,9.1
Jania rubens,Lipophrys trigloides,Lithophyllaceae,Blenniidae,22,17,22,8,9.1
Astropecten platyacanthus,Pomatoschistus bathi,Astropectinidae,Gobiidae,20,16,20,9,9.1
Aplysina cavernicola,Pycnoclavella communis,Aplysinidae,Pycnoclavellidae,20,14,18,11,9.1
Aplysina cavernicola,Holothuria forskali,Aplysinidae,Holothuriidae,20,14,18,9,9.1
Dicentrarchus labrax,Zebrus zebrus,Moronidae,Gobiidae,19,10,15,8,9.1
Caulerpa cylindracea,Centrolabrus melanocercus,Caulerpaceae,Labridae,18,10,17,5,9.1
Alicia mirabilis,Palinurus elephas,Aliciidae,Palinuridae,18,10,18,6,9.1
Centrolabrus melanocercus,Torpedo marmorata,Labridae,Torpedinidae,18,7,15,6,9.1
Bolma rugosa,Limaria hians,Turbinidae,Limidae,17,14,16,7,9.1
Candiella striata,Tylodina perversa,Tritoniidae,Tylodinidae,16,15,14,7,9.1
Juncus acutus,Pistacia lentiscus,Juncaceae,Anacardiaceae,16,14,16,7,9.1
Dendrodoris limbata,Limaria hians,Dendrodorididae,Limidae,14,12,14,9,9.1
Peronaea planata,Tritia neritea,Tellinidae,Nassariidae,13,10,13,10,9.1
Crambe crambe,Ericaria mediterranea,Crambeidae,Sargassaceae,13,12,13,11,9.1
Derbesia tenuissima,Parablennius sanguinolentus,Derbesiaceae,Blenniidae,13,5,13,9,9.1
Luisella babai,Tenellia ocellata,Samlidae,Tergipedidae,12,9,12,8,9.1
Crambe crambe,Nerocila bivittata,Crambeidae,Cymothoidae,12,11,11,9,9.1
Caberea boryi,Mesophyllum expansum,Candidae,Lithophyllaceae,12,11,12,7,9.1
Ascandra contorta,Schizoporella errata,Leucaltidae,Schizoporellidae,12,10,11,6,9.1
Adeonella calveti,Pycnoclavella communis,Adeonellidae,Pycnoclavellidae,11,7,11,7,9.1
Bituminaria bituminosa,Lagurus ovatus,Fabaceae,Poaceae,11,11,11,10,9.1
Anthias anthias,Halopteris filicina,Anthiadidae,Stypocaulaceae,11,7,9,7,9.1
Nerocila bivittata,Scorpaena scrofa,Cymothoidae,Scorpaenidae,10,6,10,5,9.1
Halocynthia papillosa,Polycyathus muellerae,Pyuridae,Caryophylliidae,10,9,10,8,9.1
Astroides calycularis,Dardanus calidus,Dendrophylliidae,Diogenidae,9,7,7,5,9.1
Pycnoclavella nana,Simnia spelta,Pycnoclavellidae,Ovulidae,9,9,8,6,9.1
Derbesia tenuissima,Percnon gibbesi,Derbesiaceae,Percnidae,9,7,9,5,9.1
Nausithoe punctata,Tricleocarpa fragilis,Nausithoidae,Galaxauraceae,8,7,7,6,9.1
Chromis limbata,Xyrichtys novacula,Pomacentridae,Labridae,8,6,8,8,9.1
Posidonia oceanica,Serpula vermicularis,Posidoniaceae,Serpulidae,153,57,124,41,9.0
Parablennius rouxi,Serpula vermicularis,Blenniidae,Serpulidae,79,44,66,27,9.0
Acetabularia acetabulum,Labrus merula,Polyphysaceae,Labridae,69,31,58,26,9.0
Diplodus puntazzo,Perforatus perforatus,Sparidae,Balanidae,67,51,59,31,9.0
Gobius paganellus,Labrus merula,Gobiidae,Labridae,62,32,56,26,9.0
Parablennius gattorugine,Thericium vulgatum,Blenniidae,Cerithiidae,61,36,58,31,9.0
Aiptasia couchii,Chelon auratus,Aiptasiidae,Mugilidae,61,28,57,30,9.0
Dicentrarchus labrax,Parablennius zvonimiri,Moronidae,Blenniidae,60,33,49,22,9.0
Gobius cruentatus,Scorpaena scrofa,Gobiidae,Scorpaenidae,59,24,54,21,9.0
Holothuria tubulosa,Symphodus roissali,Holothuriidae,Labridae,59,29,53,41,9.0
Boops boops,Myriapora truncata,Sparidae,Myriaporidae,59,36,56,24,9.0
Padina pavonica,Parablennius gattorugine,Dictyotaceae,Blenniidae,58,38,50,30,9.0
Gobius incognitus,Halimeda tuna,Gobiidae,Halimedaceae,58,28,51,23,9.0
Actinia mediterranea,Pelagia noctiluca,Actiniidae,Pelagiidae,57,38,51,20,9.0
Gobius incognitus,Sphaerococcus coronopifolius,Gobiidae,Sphaerococcaceae,57,30,53,22,9.0
Gobius cruentatus,Sphyraena viridensis,Gobiidae,Sphyraenidae,56,31,49,23,9.0
Gobius paganellus,Oblada melanurus,Gobiidae,Sparidae,56,29,44,26,9.0
Chondrosia reniformis,Holothuria forskali,Chondrillidae,Holothuriidae,55,25,52,17,9.0
Scorpaena maderensis,Thericium vulgatum,Scorpaenidae,Cerithiidae,54,34,49,25,9.0
Hemimycale columella,Pentapora fascialis,Hymedesmiidae,Bitectiporidae,53,32,48,20,9.0
Maja crispata,Sphaerococcus coronopifolius,Majidae,Sphaerococcaceae,53,29,43,19,9.0
Cliona viridis,Mullus surmuletus,Clionaidae,Mullidae,52,24,46,21,9.0
Parablennius gattorugine,Pelagia noctiluca,Blenniidae,Pelagiidae,51,37,46,25,9.0
Oculina patagonica,Phorbas tenacior,Oculinidae,Hymedesmiidae,50,20,40,16,9.0
Aidablennius sphynx,Branchiomma luctuosum,Blenniidae,Sabellidae,50,8,42,23,9.0
Codium bursa,Prostheceraeus roseus,Codiaceae,Euryleptidae,49,33,43,20,9.0
Gobius paganellus,Inachus phalangium,Gobiidae,Inachidae,48,18,38,14,9.0
Anthias anthias,Sarcotragus fasciculatus,Anthiadidae,Irciniidae,47,21,38,19,9.0
Caloria quatrefagesi,Cliona viridis,Facelinidae,Clionaidae,46,25,45,17,9.0
Boops boops,Thalassoma pavo,Sparidae,Labridae,46,33,40,29,9.0
Parablennius sanguinolentus,Thalassoma pavo,Blenniidae,Labridae,45,23,38,29,9.0
Mullus surmuletus,Oculina patagonica,Mullidae,Oculinidae,45,26,41,27,9.0
Chelon auratus,Xyrichtys novacula,Mugilidae,Labridae,44,19,43,10,9.0
Padina pavonica,Schizoporella errata,Dictyotaceae,Schizoporellidae,42,26,34,27,9.0
Leptogorgia sarmentosa,Scorpaena maderensis,Gorgoniidae,Scorpaenidae,38,24,32,25,9.0
Asparagopsis taxiformis,Diplodus sargus,Bonnemaisoniaceae,Sparidae,38,14,31,24,9.0
Pennaria disticha,Percnon gibbesi,Pennariidae,Percnidae,36,23,32,20,9.0
Eunicella singularis,Muraena helena,Gorgoniidae,Muraenidae,34,21,24,23,9.0
Nemesignis banyulensis,Oculina patagonica,Myrrhinidae,Oculinidae,32,11,28,13,9.0
Mesophyllum alternans,Posidonia oceanica,Lithophyllaceae,Posidoniaceae,32,17,31,11,9.0
Diaphorodoris papillata,Simnia spelta,Calycidorididae,Ovulidae,31,22,28,13,9.0
Lithophyllum stictiforme,Sphyraena viridensis,Lithophyllaceae,Sphyraenidae,31,18,30,10,9.0
Bonellia viridis,Gari depressa,Bonelliidae,Psammobiidae,26,13,23,11,9.0
Centrolabrus melanocercus,Phycis phycis,Labridae,Phycidae,24,14,20,10,9.0
Bugula neritina,Calmella cavolini,Bugulidae,Flabellinidae,23,10,21,6,9.0
Clathria jolicoeuri,Sarcotragus fasciculatus,Microcionidae,Irciniidae,23,15,22,6,9.0
Lissoclinum weigelei,Microlipophrys dalmatinus,Didemnidae,Blenniidae,20,10,18,9,9.0
Periclimenes amethysteus,Trinchesia morrowae,Palaemonidae,Trinchesiidae,20,5,18,5,9.0
Pinnoctopus macropus,Platydoris argo,Octopodidae,Discodorididae,15,8,13,7,9.0
Ascandra contorta,Diaphorodoris papillata,Leucaltidae,Calycidorididae,15,12,15,7,9.0
Aglaophenia harpago,Posidonia oceanica,Aglaopheniidae,Posidoniaceae,14,11,14,9,9.0
Ascandra contorta,Pennaria disticha,Leucaltidae,Pennariidae,14,10,13,7,9.0
Diplodus puntazzo,Lima lima,Sparidae,Limidae,13,11,13,9,9.0
Calmella cavolini,Scopalina lophyropoda,Flabellinidae,Dictyonellidae,12,7,12,5,9.0
Eudendrium racemosum,Prostheceraeus moseleyi,Eudendriidae,Euryleptidae,12,9,12,5,9.0
Nerocila bivittata,Parablennius gattorugine,Cymothoidae,Blenniidae,12,8,12,8,9.0
Astropecten platyacanthus,Chelidonichthys lastoviza,Astropectinidae,Triglidae,10,6,9,5,9.0
Bituminaria bituminosa,Paronychia argentea,Fabaceae,Caryophyllaceae,9,7,8,6,9.0
Aglaophenia elongata,Holothuria tubulosa,Aglaopheniidae,Holothuriidae,9,7,9,6,9.0
Crambe crambe,Pseudochlorodesmis furcellata,Crambeidae,Udoteaceae,8,7,8,6,9.0
Actinia mediterranea,Parablennius sanguinolentus,Actiniidae,Blenniidae,67,36,62,30,8.9
Aiptasia mutabilis,Boops boops,Aiptasiidae,Sparidae,64,33,47,31,8.9
Hexaplex trunculus,Protula tubularia,Muricidae,Serpulidae,64,32,58,35,8.9
Parablennius gattorugine,Pennaria disticha,Blenniidae,Pennariidae,61,33,55,31,8.9
Gobius paganellus,Sarcotragus fasciculatus,Gobiidae,Irciniidae,59,23,53,19,8.9
Pentapora fascialis,Perforatus perforatus,Bitectiporidae,Balanidae,58,39,45,20,8.9
Gobius cobitis,Oblada melanurus,Gobiidae,Sparidae,57,33,46,34,8.9
Halimeda tuna,Oculina patagonica,Halimedaceae,Oculinidae,57,24,51,22,8.9
Myriapora truncata,Symphodus tinca,Myriaporidae,Labridae,56,25,46,26,8.9
Halocynthia papillosa,Scorpaena scrofa,Pyuridae,Scorpaenidae,55,30,55,18,8.9
Apogon imberbis,Sabella spallanzanii,Apogonidae,Sabellidae,55,33,47,30,8.9
Pentapora fascialis,Scorpaena maderensis,Bitectiporidae,Scorpaenidae,55,26,47,25,8.9
Diplodus sargus,Halocynthia papillosa,Sparidae,Pyuridae,53,29,49,29,8.9
Parablennius rouxi,Schizoporella errata,Blenniidae,Schizoporellidae,51,19,39,22,8.9
Parablennius sanguinolentus,Pennaria disticha,Blenniidae,Pennariidae,51,24,42,22,8.9
Sciaena umbra,Symphodus mediterraneus,Sciaenidae,Labridae,51,21,42,23,8.9
Flabellia petiolata,Prostheceraeus roseus,Codiaceae,Euryleptidae,50,36,43,22,8.9
Mullus surmuletus,Symphodus mediterraneus,Mullidae,Labridae,50,27,41,28,8.9
Eriphia verrucosa,Maja crispata,Eriphiidae,Majidae,50,29,47,21,8.9
Mesophyllum expansum,Serranus scriba,Lithophyllaceae,Serranidae,49,27,47,24,8.9
Calmella cavolini,Rudmania krohni,Flabellinidae,Chromodorididae,48,30,43,17,8.9
Epinephelus marginatus,Sphaerococcus coronopifolius,Epinephelidae,Sphaerococcaceae,45,20,44,23,8.9
Serranus scriba,Sphyraena viridensis,Serranidae,Sphyraenidae,44,32,40,23,8.9
Anthias anthias,Mesophyllum expansum,Anthiadidae,Lithophyllaceae,44,20,37,13,8.9
Epinephelus marginatus,Sarcotragus fasciculatus,Epinephelidae,Irciniidae,43,27,41,22,8.9
Actinia mediterranea,Telmatactis forskalii,Actiniidae,Isophelliidae,43,21,40,16,8.9
Dicentrarchus labrax,Microlipophrys dalmatinus,Moronidae,Blenniidae,40,26,33,20,8.9
Cliona viridis,Leptogorgia sarmentosa,Clionaidae,Gorgoniidae,40,27,36,12,8.9
Pentapora fascialis,Tricleocarpa fragilis,Bitectiporidae,Galaxauraceae,40,27,36,19,8.9
Percnon gibbesi,Symphodus roissali,Percnidae,Labridae,35,23,34,20,8.9
Conger conger,Microlipophrys nigriceps,Congridae,Blenniidae,34,13,27,10,8.9
Cribrinopsis crassa,Gnathophyllum elegans,Actiniidae,Gnathophyllidae,33,8,30,9,8.9
Hemimycale columella,Lithophyllum stictiforme,Hymedesmiidae,Lithophyllaceae,33,28,31,13,8.9
Eriphia verrucosa,Pinctada radiata,Eriphiidae,Pteriidae,30,15,26,15,8.9
Pennaria disticha,Scartella cristata,Pennariidae,Blenniidae,30,17,27,17,8.9
Centrolabrus melanocercus,Ircinia oros,Labridae,Irciniidae,28,19,27,13,8.9
Acinetospora crinita,Sarcotragus fasciculatus,Acinetosporaceae,Irciniidae,24,18,22,15,8.9
Alcyonium acaule,Pycnoclavella communis,Alcyoniidae,Pycnoclavellidae,23,15,22,12,8.9
Calmella cavolini,Elysia timida,Flabellinidae,Plakobranchidae,22,15,20,14,8.9
Jania rubens,Symphodus roissali,Lithophyllaceae,Labridae,21,16,21,17,8.9
Myxicola infundibulum,Ophisurus serpens,Sabellidae,Ophichthidae,19,9,17,7,8.9
Chelidonichthys lastoviza,Ophisurus serpens,Triglidae,Ophichthidae,17,7,17,11,8.9
Actinia mediterranea,Derbesia tenuissima,Actiniidae,Derbesiaceae,17,6,17,10,8.9
Penaeus kerathurus,Pinnoctopus macropus,Penaeidae,Octopodidae,16,8,16,7,8.9
Caulerpa cylindracea,Jania rubens,Caulerpaceae,Lithophyllaceae,16,6,16,5,8.9
Ascandra contorta,Parablennius zvonimiri,Leucaltidae,Blenniidae,16,14,15,7,8.9
Diaphorodoris papillata,Labrus mixtus,Calycidorididae,Labridae,15,9,13,8,8.9
Amphiroa beauvoisii,Schizoporella errata,Lithophyllaceae,Schizoporellidae,15,9,14,9,8.9
Phoronis hippocrepia,Yungia aurantiaca,Phoronidae,Pseudocerotidae,14,8,13,6,8.9
Chamelea gallina,Tritia neritea,Veneridae,Nassariidae,14,12,14,10,8.9
Caranx crysos,Scartella cristata,Carangidae,Blenniidae,14,9,13,9,8.9
Bosellia mimetica,Diaphorodoris alba,Plakobranchidae,Calycidorididae,13,11,12,10,8.9
Diplodus cervinus,Labrus viridis,Sparidae,Labridae,13,8,11,9,8.9
Diplodus sargus,Mesophyllum alternans,Sparidae,Lithophyllaceae,13,12,12,8,8.9
Placida dendritica,Rudmania krohni,Stiligeridae,Chromodorididae,12,9,11,6,8.9
Dactylopterus volitans,Penaeus kerathurus,Dactylopteridae,Penaeidae,12,10,12,6,8.9
Chromis chromis,Halopteris filicina,Pomacentridae,Stypocaulaceae,12,9,11,8,8.9
Pseudodistoma crucigaster,Sycon raphanus,Pseudodistomidae,Sycettidae,12,8,12,5,8.9
Pagellus erythrinus,Scopalina lophyropoda,Sparidae,Dictyonellidae,11,4,11,5,8.9
Nerocila bivittata,Pennaria disticha,Cymothoidae,Pennariidae,10,7,10,8,8.9
Aiptasia mutabilis,Polycitor crystallinus,Aiptasiidae,Polycitoridae,8,3,7,5,8.9
Hemimycale columella,Manupecten pesfelis,Hymedesmiidae,Pectinidae,8,8,8,5,8.9
Polycyathus muellerae,Prostheceraeus roseus,Caryophylliidae,Euryleptidae,8,7,8,5,8.9
Agelas oroides,Aglaophenia elongata,Agelasidae,Aglaopheniidae,8,8,8,5,8.9
Ericaria mediterranea,Pomatoschistus bathi,Sargassaceae,Gobiidae,8,7,8,5,8.9
Gobius cruentatus,Sarcotragus fasciculatus,Gobiidae,Irciniidae,64,30,51,29,8.8
Codium bursa,Parablennius gattorugine,Codiaceae,Blenniidae,63,32,59,22,8.8
Arbacia lixula,Mesophyllum expansum,Arbaciidae,Lithophyllaceae,62,38,53,22,8.8
Crambe crambe,Pennaria disticha,Crambeidae,Pennariidae,59,26,50,28,8.8
Parablennius rouxi,Pennaria disticha,Blenniidae,Pennariidae,59,29,48,24,8.8
Gobius paganellus,Perforatus perforatus,Gobiidae,Balanidae,59,36,54,23,8.8
Halimeda tuna,Sabella spallanzanii,Halimedaceae,Sabellidae,58,33,51,28,8.8
Parablennius rouxi,Scorpaena scrofa,Blenniidae,Scorpaenidae,57,30,55,23,8.8
Aiptasia mutabilis,Prostheceraeus roseus,Aiptasiidae,Euryleptidae,57,30,46,32,8.8
Cribrinopsis crassa,Pentapora fascialis,Actiniidae,Bitectiporidae,55,28,51,27,8.8
Boops boops,Bothus podas,Sparidae,Bothidae,55,33,53,26,8.8
Acetabularia acetabulum,Sphyraena viridensis,Polyphysaceae,Sphyraenidae,55,27,46,21,8.8
Halimeda tuna,Maja crispata,Halimedaceae,Majidae,53,34,48,19,8.8
Diplodus sargus,Perforatus perforatus,Sparidae,Balanidae,52,31,48,30,8.8
Holothuria tubulosa,Thalassoma pavo,Holothuriidae,Labridae,51,21,43,27,8.8
Myriapora truncata,Reteporella grimaldii,Myriaporidae,Phidoloporidae,51,36,39,25,8.8
Holothuria forskali,Scorpaena scrofa,Holothuriidae,Scorpaenidae,50,20,50,14,8.8
Bonellia viridis,Pelagia noctiluca,Bonelliidae,Pelagiidae,50,29,47,19,8.8
Dicentrarchus labrax,Pennaria disticha,Moronidae,Pennariidae,50,31,45,19,8.8
Gobius cobitis,Lepadogaster candolii,Gobiidae,Gobiesocidae,50,17,37,13,8.8
Hexaplex trunculus,Thalassoma pavo,Muricidae,Labridae,49,31,41,32,8.8
Gobius incognitus,Oculina patagonica,Gobiidae,Oculinidae,48,22,41,33,8.8
Ellisolandia elongata,Ircinia oros,Lithophyllaceae,Irciniidae,47,23,43,18,8.8
Amphiroa rigida,Bonellia viridis,Lithophyllaceae,Bonelliidae,46,20,35,21,8.8
Amphiroa rigida,Parablennius zvonimiri,Lithophyllaceae,Blenniidae,45,21,40,18,8.8
Inachus phalangium,Ophisurus serpens,Inachidae,Ophichthidae,39,10,35,12,8.8
Ellisolandia elongata,Phorbas tenacior,Lithophyllaceae,Hymedesmiidae,39,26,34,14,8.8
Eunicella gazella,Thalassoma pavo,Gorgoniidae,Labridae,38,19,32,16,8.8
Trinchesia morrowae,Tylodina perversa,Trinchesiidae,Tylodinidae,37,21,34,10,8.8
Pentapora fascialis,Pinna rudis,Bitectiporidae,Pinnidae,37,25,31,23,8.8
Asparagopsis taxiformis,Sphyraena viridensis,Bonnemaisoniaceae,Sphyraenidae,37,20,32,18,8.8
Oculina patagonica,Percnon gibbesi,Oculinidae,Percnidae,34,21,32,16,8.8
Dictyota cyanoloma,Stramonita haemastoma,Dictyotaceae,Muricidae,32,12,23,23,8.8
Hamigera hamigera,Serpula vermicularis,Hymedesmiidae,Serpulidae,30,22,27,16,8.8
Amphiroa rigida,Epinephelus marginatus,Lithophyllaceae,Epinephelidae,30,9,27,14,8.8
Caulerpa cylindracea,Torpedo marmorata,Caulerpaceae,Torpedinidae,29,12,27,5,8.8
Pagellus acarne,Pinnoctopus macropus,Sparidae,Octopodidae,27,12,26,11,8.8
Calmella cavolini,Thylacodes arenarius,Flabellinidae,Vermetidae,26,15,22,7,8.8
Ariosoma balearicum,Gnathophyllum elegans,Congridae,Gnathophyllidae,26,14,26,13,8.8
Bispira volutacornis,Serpula vermicularis,Sabellidae,Serpulidae,26,19,26,18,8.8
Aplysia depilans,Parablennius sanguinolentus,Aplysiidae,Blenniidae,26,12,17,20,8.8
Felimare fontandraui,Prostheceraeus moseleyi,Chromodorididae,Euryleptidae,25,22,22,16,8.8
Acinetospora crinita,Myriapora truncata,Acinetosporaceae,Myriaporidae,25,18,22,12,8.8
Phallusia mammillata,Striarca lactea,Ascidiidae,Noetiidae,22,5,22,6,8.8
Bispira volutacornis,Halocynthia papillosa,Sabellidae,Pyuridae,22,12,22,15,8.8
Jania rubens,Scorpaena maderensis,Lithophyllaceae,Scorpaenidae,22,13,21,10,8.8
Anthias anthias,Thylacodes arenarius,Anthiadidae,Vermetidae,21,12,16,11,8.8
Acinetospora crinita,Dardanus calidus,Acinetosporaceae,Diogenidae,21,16,17,11,8.8
Aplysina cavernicola,Calmella cavolini,Aplysinidae,Flabellinidae,20,10,18,7,8.8
Caulerpa cylindracea,Limaria hians,Caulerpaceae,Limidae,17,7,13,8,8.8
Facelina rubrovittata,Polysyncraton lacazei,Facelinidae,Didemnidae,15,5,15,5,8.8
Ascandra contorta,Mesophyllum expansum,Leucaltidae,Lithophyllaceae,14,11,14,6,8.8
Aglaja tricolorata,Synodus saurus,Aglajidae,Synodontidae,13,6,12,7,8.8
Pagurus cuanensis,Phallusia mammillata,Paguridae,Ascidiidae,13,8,12,6,8.8
Aglaja tricolorata,Pachycerianthus solitarius,Aglajidae,Cerianthidae,11,6,10,5,8.8
Diplosoma listerianum,Microlipophrys dalmatinus,Didemnidae,Blenniidae,11,8,11,5,8.8
Conus ventricosus,Muricopsis cristata,Conidae,Muricidae,11,11,10,8,8.8
Nerocila bivittata,Pycnoclavella communis,Cymothoidae,Pycnoclavellidae,10,8,10,6,8.8
Euphorbia serrata,Galactites tomentosus,Euphorbiaceae,Asteraceae,9,8,7,6,8.8
Maja crispata,Nerocila bivittata,Majidae,Cymothoidae,9,7,9,6,8.8
Ircinia oros,Parablennius gattorugine,Irciniidae,Blenniidae,71,45,64,28,8.7
Serpula vermicularis,Thericium vulgatum,Serpulidae,Cerithiidae,65,30,57,20,8.7
Halocynthia papillosa,Perforatus perforatus,Pyuridae,Balanidae,61,34,52,21,8.7
Apogon imberbis,Hexaplex trunculus,Apogonidae,Muricidae,60,30,51,26,8.7
Ircinia oros,Thericium vulgatum,Irciniidae,Cerithiidae,60,29,53,28,8.7
Arbacia lixula,Pennaria disticha,Arbaciidae,Pennariidae,60,41,50,38,8.7
Acetabularia acetabulum,Sabella spallanzanii,Polyphysaceae,Sabellidae,59,34,48,31,8.7
Acetabularia acetabulum,Aidablennius sphynx,Polyphysaceae,Blenniidae,59,31,52,27,8.7
Aidablennius sphynx,Diplodus puntazzo,Blenniidae,Sparidae,59,34,51,26,8.7
Sabella spallanzanii,Sphaerococcus coronopifolius,Sabellidae,Sphaerococcaceae,56,30,47,28,8.7
Labrus merula,Phorbas tenacior,Labridae,Hymedesmiidae,56,33,52,23,8.7
Palinurus elephas,Petrosia ficiformis,Palinuridae,Petrosiidae,55,26,51,16,8.7
Chromis chromis,Parablennius zvonimiri,Pomacentridae,Blenniidae,55,37,46,33,8.7
Dardanus calidus,Halocynthia papillosa,Diogenidae,Pyuridae,53,27,49,27,8.7
Boops boops,Codium bursa,Sparidae,Codiaceae,53,30,47,24,8.7
Mullus surmuletus,Myriapora truncata,Mullidae,Myriaporidae,51,25,43,24,8.7
Chromis chromis,Sarcotragus fasciculatus,Pomacentridae,Irciniidae,51,30,43,27,8.7
Epinephelus marginatus,Serpula vermicularis,Epinephelidae,Serpulidae,51,26,47,23,8.7
Chelon auratus,Symphodus tinca,Mugilidae,Labridae,51,28,45,33,8.7
Maja crispata,Sarcotragus fasciculatus,Majidae,Irciniidae,49,29,43,18,8.7
Inachus phalangium,Sphaerococcus coronopifolius,Inachidae,Sphaerococcaceae,49,24,45,18,8.7
Actinia mediterranea,Percnon gibbesi,Actiniidae,Percnidae,46,29,41,24,8.7
Holothuria forskali,Reteporella grimaldii,Holothuriidae,Phidoloporidae,45,32,37,21,8.7
Epinephelus marginatus,Parablennius rouxi,Epinephelidae,Blenniidae,45,21,35,23,8.7
Prostheceraeus roseus,Serranus scriba,Euryleptidae,Serranidae,42,26,34,26,8.7
Asparagopsis taxiformis,Coscinasterias tenuispina,Bonnemaisoniaceae,Asteriidae,42,20,32,26,8.7
Ellisolandia elongata,Symphodus mediterraneus,Lithophyllaceae,Labridae,42,24,37,18,8.7
Diplodus sargus,Schizoporella errata,Sparidae,Schizoporellidae,40,27,37,30,8.7
Conger conger,Stenopus spinosus,Congridae,Stenopodidae,39,18,36,18,8.7
Gobius cobitis,Microlipophrys nigriceps,Gobiidae,Blenniidae,39,15,29,10,8.7
Lipophrys trigloides,Pagellus acarne,Blenniidae,Sparidae,38,20,35,11,8.7
Aidablennius sphynx,Amphiroa rigida,Blenniidae,Lithophyllaceae,38,18,36,14,8.7
Gobius cobitis,Telmatactis forskalii,Gobiidae,Isophelliidae,35,16,30,10,8.7
Telmatactis forskalii,Trinchesia morrowae,Isophelliidae,Trinchesiidae,27,7,25,8,8.7
Epinephelus marginatus,Pseudodistoma crucigaster,Epinephelidae,Pseudodistomidae,27,18,24,19,8.7
Electra posidoniae,Flabellia petiolata,Electridae,Codiaceae,25,20,23,13,8.7
Lima lima,Posidonia oceanica,Limidae,Posidoniaceae,24,19,23,14,8.7
Eudendrium racemosum,Serpula vermicularis,Eudendriidae,Serpulidae,24,17,24,7,8.7
Cliona viridis,Jania rubens,Clionaidae,Lithophyllaceae,23,14,23,11,8.7
Rudmania krohni,Thylacodes arenarius,Chromodorididae,Vermetidae,22,13,20,10,8.7
Gari depressa,Thericium vulgatum,Psammobiidae,Cerithiidae,21,8,16,11,8.7
Gari depressa,Phorbas tenacior,Psammobiidae,Hymedesmiidae,21,12,20,8,8.7
Felimida binza,Trinchesia morrowae,Chromodorididae,Trinchesiidae,20,13,19,13,8.7
Chrysymenia ventricosa,Hemimycale columella,Rhodymeniaceae,Hymedesmiidae,14,13,12,12,8.7
Chrysymenia ventricosa,Echinaster sepositus,Rhodymeniaceae,Echinasteridae,14,10,13,7,8.7
Ctenolabrus rupestris,Reteporella grimaldii,Labridae,Phidoloporidae,12,9,12,5,8.7
Aplysina cavernicola,Rugulopteryx okamurae,Aplysinidae,Dictyotaceae,12,4,10,5,8.7
Ericaria mediterranea,Sphaerococcus coronopifolius,Sargassaceae,Sphaerococcaceae,12,11,12,10,8.7
Lepidopleurus cajetanus,Synodus saurus,Leptochitonidae,Synodontidae,11,8,11,5,8.7
Ctenolabrus rupestris,Pomatoschistus bathi,Labridae,Gobiidae,10,9,10,5,8.7
Bosellia mimetica,Goniodoridella picoensis,Plakobranchidae,Goniodorididae,9,9,9,5,8.7
Facelina vicina,Nemesignis banyulensis,Facelinidae,Myrrhinidae,9,4,6,7,8.7
Halocynthia papillosa,Tridentata perpusilla,Pyuridae,Sertulariidae,9,8,9,5,8.7
Luria lurida,Sicyonia carinata,Cypraeidae,Sicyoniidae,8,6,8,7,8.7
Ophisurus serpens,Philinopsis depicta,Ophichthidae,Aglajidae,8,5,8,8,8.7
Aiptasia mutabilis,Petrosia ficiformis,Aiptasiidae,Petrosiidae,70,33,63,21,8.6
Gobius cruentatus,Parablennius gattorugine,Gobiidae,Blenniidae,69,33,56,24,8.6
Ircinia oros,Parablennius rouxi,Irciniidae,Blenniidae,69,42,61,26,8.6
Crambe crambe,Gobius cruentatus,Crambeidae,Gobiidae,68,39,56,35,8.6
Arbacia lixula,Petrosia ficiformis,Arbaciidae,Petrosiidae,67,40,61,24,8.6
Aiptasia mutabilis,Stramonita haemastoma,Aiptasiidae,Muricidae,62,32,51,36,8.6
Cliona viridis,Hexaplex trunculus,Clionaidae,Muricidae,61,42,57,28,8.6
Apogon imberbis,Perforatus perforatus,Apogonidae,Balanidae,59,36,54,24,8.6
Gobius paganellus,Hexaplex trunculus,Gobiidae,Muricidae,58,23,46,28,8.6
Labrus merula,Scorpaena maderensis,Labridae,Scorpaenidae,58,32,52,30,8.6
Boops boops,Parablennius zvonimiri,Sparidae,Blenniidae,58,42,53,25,8.6
Ircinia oros,Symphodus tinca,Irciniidae,Labridae,57,25,48,26,8.6
Boops boops,Holothuria tubulosa,Sparidae,Holothuriidae,57,34,50,27,8.6
Gobius cruentatus,Symphodus tinca,Gobiidae,Labridae,56,25,47,32,8.6
Eunicella gazella,Serpula vermicularis,Gorgoniidae,Serpulidae,55,34,53,23,8.6
Cliona viridis,Hemimycale columella,Clionaidae,Hymedesmiidae,55,38,48,21,8.6
Holothuria forskali,Symphodus mediterraneus,Holothuriidae,Labridae,54,23,51,21,8.6
Apogon imberbis,Scorpaena scrofa,Apogonidae,Scorpaenidae,52,25,50,21,8.6
Halimeda tuna,Sphyraena viridensis,Halimedaceae,Sphyraenidae,52,37,44,25,8.6
Diplodus sargus,Sphaerococcus coronopifolius,Sparidae,Sphaerococcaceae,52,25,48,31,8.6
Electra posidoniae,Posidonia oceanica,Electridae,Posidoniaceae,52,37,45,23,8.6
Maja crispata,Myriapora truncata,Majidae,Myriaporidae,51,34,45,16,8.6
Maja crispata,Protula tubularia,Majidae,Serpulidae,51,29,48,24,8.6
Chelon auratus,Oculina patagonica,Mugilidae,Oculinidae,51,32,44,25,8.6
Eunicella gazella,Sphaerococcus coronopifolius,Gorgoniidae,Sphaerococcaceae,48,34,45,16,8.6
Mesophyllum expansum,Padina pavonica,Lithophyllaceae,Dictyotaceae,48,32,46,22,8.6
Agelas oroides,Sphyraena viridensis,Agelasidae,Sphyraenidae,47,28,46,18,8.6
Boops boops,Padina pavonica,Sparidae,Dictyotaceae,47,30,38,29,8.6
Sarcotragus fasciculatus,Thalassoma pavo,Irciniidae,Labridae,47,29,41,18,8.6
Anthias anthias,Symphodus mediterraneus,Anthiadidae,Labridae,45,22,37,23,8.6
Phorbas tenacior,Reteporella grimaldii,Hymedesmiidae,Phidoloporidae,44,31,40,14,8.6
Dardanus calidus,Maja crispata,Diogenidae,Majidae,43,29,41,24,8.6
Padina pavonica,Prostheceraeus roseus,Dictyotaceae,Euryleptidae,42,25,34,18,8.6
Caloria quatrefagesi,Pycnoclavella communis,Facelinidae,Pycnoclavellidae,40,19,38,14,8.6
Epinephelus marginatus,Sabella spallanzanii,Epinephelidae,Sabellidae,38,22,28,24,8.6
Microlipophrys nigriceps,Phycis phycis,Blenniidae,Phycidae,36,14,32,9,8.6
Lithophyllum stictiforme,Sarcotragus fasciculatus,Lithophyllaceae,Irciniidae,35,24,34,18,8.6
Pachycerianthus solitarius,Xyrichtys novacula,Cerianthidae,Labridae,33,18,22,13,8.6
Ircinia oros,Parazoanthus brevitentacularis,Irciniidae,Parazoanthidae,25,16,24,13,8.6
Acinetospora crinita,Balanophyllia europaea,Acinetosporaceae,Dendrophylliidae,25,17,23,13,8.6
Diaphorodoris alba,Facelinopsis marioni,Calycidorididae,Facelinidae,23,16,23,7,8.6
Alcyonium acaule,Calmella cavolini,Alcyoniidae,Flabellinidae,23,12,22,6,8.6
Conger conger,Polysyncraton lacazei,Congridae,Didemnidae,23,9,21,7,8.6
Caranx crysos,Symphodus roissali,Carangidae,Labridae,23,18,19,14,8.6
Coscinasterias tenuispina,Myxicola infundibulum,Asteriidae,Sabellidae,22,5,19,7,8.6
Serpula vermicularis,Sycon raphanus,Serpulidae,Sycettidae,22,15,21,11,8.6
Conger conger,Periclimenes amethysteus,Congridae,Palaemonidae,21,8,21,9,8.6
Dasyatis pastinaca,Sciaena umbra,Dasyatidae,Sciaenidae,21,5,20,6,8.6
Centrolabrus melanocercus,Reteporella grimaldii,Labridae,Phidoloporidae,20,14,19,10,8.6
Dasyatis pastinaca,Diplodus cervinus,Dasyatidae,Sparidae,20,6,20,5,8.6
Inachus phalangium,Limaria hians,Inachidae,Limidae,19,13,19,9,8.6
Pagellus erythrinus,Torpedo torpedo,Sparidae,Torpedinidae,19,16,16,12,8.6
Pachycerianthus solitarius,Penaeus kerathurus,Cerianthidae,Penaeidae,18,10,13,7,8.6
Chelidonichthys lastoviza,Scorpaena scrofa,Triglidae,Scorpaenidae,18,5,16,8,8.6
Bosellia mimetica,Phycis phycis,Plakobranchidae,Phycidae,17,11,15,9,8.6
Astropecten platyacanthus,Phallusia mammillata,Astropectinidae,Ascidiidae,17,8,15,6,8.6
Berghia coerulescens,Felimare fontandraui,Aeolidiidae,Chromodorididae,16,14,14,13,8.6
Aplysina cavernicola,Trinchesia morrowae,Aplysinidae,Trinchesiidae,16,11,15,5,8.6
Ascandra contorta,Ircinia oros,Leucaltidae,Irciniidae,16,9,16,6,8.6
Bosellia mimetica,Trinchesia morrowae,Plakobranchidae,Trinchesiidae,14,10,13,9,8.6
Jania rubens,Yungia aurantiaca,Lithophyllaceae,Pseudocerotidae,14,9,12,7,8.6
Ascandra contorta,Coscinasterias tenuispina,Leucaltidae,Asteriidae,14,11,13,6,8.6
Ascandra contorta,Chelon auratus,Leucaltidae,Mugilidae,14,11,14,6,8.6
Astrospartus mediterraneus,Parazoanthus brevitentacularis,Gorgonocephalidae,Parazoanthidae,13,8,12,6,8.6
Caberea boryi,Diaphorodoris papillata,Candidae,Calycidorididae,12,10,12,5,8.6
Candiella striata,Yungia aurantiaca,Tritoniidae,Pseudocerotidae,12,8,10,8,8.6
Labrus mixtus,Reteporella grimaldii,Labridae,Phidoloporidae,12,11,12,7,8.6
Lima lima,Scorpaena maderensis,Limidae,Scorpaenidae,11,8,11,7,8.6
Asparagus acutifolius,Euphorbia serrata,Asparagaceae,Euphorbiaceae,8,8,8,6,8.6
Epinephelus marginatus,Posidonia oceanica,Epinephelidae,Posidoniaceae,85,35,73,40,8.5
Actinia mediterranea,Aiptasia mutabilis,Actiniidae,Aiptasiidae,81,34,77,25,8.5
Aiptasia mutabilis,Pennaria disticha,Aiptasiidae,Pennariidae,61,29,49,27,8.5
Holothuria tubulosa,Scorpaena maderensis,Holothuriidae,Scorpaenidae,59,34,56,30,8.5
Aiptasia couchii,Flabellia petiolata,Aiptasiidae,Codiaceae,59,28,55,18,8.5
Crambe crambe,Holothuria forskali,Crambeidae,Holothuriidae,58,33,57,24,8.5
Eriphia verrucosa,Hexaplex trunculus,Eriphiidae,Muricidae,58,29,51,30,8.5
Chondrosia reniformis,Parablennius pilicornis,Chondrillidae,Blenniidae,58,32,51,31,8.5
Acetabularia acetabulum,Phorbas tenacior,Polyphysaceae,Hymedesmiidae,58,40,50,28,8.5
Holothuria tubulosa,Oblada melanurus,Holothuriidae,Sparidae,57,24,45,29,8.5
Oculina patagonica,Parablennius rouxi,Oculinidae,Blenniidae,55,18,41,21,8.5
Chromis chromis,Parablennius gattorugine,Pomacentridae,Blenniidae,55,31,45,32,8.5
Aiptasia mutabilis,Eunicella gazella,Aiptasiidae,Gorgoniidae,52,26,48,25,8.5
Diplodus sargus,Halimeda tuna,Sparidae,Halimedaceae,52,27,45,25,8.5
Padina pavonica,Petrosia ficiformis,Dictyotaceae,Petrosiidae,52,26,42,17,8.5
Boops boops,Gobius paganellus,Sparidae,Gobiidae,52,31,47,26,8.5
Boops boops,Chelon auratus,Sparidae,Mugilidae,52,34,49,20,8.5
Dardanus calidus,Symphodus mediterraneus,Diogenidae,Labridae,51,29,49,23,8.5
Chondrosia reniformis,Scorpaena scrofa,Chondrillidae,Scorpaenidae,50,21,48,15,8.5
Hemimycale columella,Mesophyllum expansum,Hymedesmiidae,Lithophyllaceae,50,39,46,19,8.5
Gobius cobitis,Maja crispata,Gobiidae,Majidae,49,20,45,17,8.5
Codium bursa,Sphyraena viridensis,Codiaceae,Sphyraenidae,47,27,42,20,8.5
Mesophyllum expansum,Sciaena umbra,Lithophyllaceae,Sciaenidae,46,24,41,17,8.5
Aidablennius sphynx,Diplodus sargus,Blenniidae,Sparidae,45,24,35,24,8.5
Amphiroa rigida,Gobius cobitis,Lithophyllaceae,Gobiidae,41,20,38,11,8.5
Epinephelus marginatus,Mesophyllum expansum,Epinephelidae,Lithophyllaceae,39,25,36,15,8.5
Anthias anthias,Sciaena umbra,Anthiadidae,Sciaenidae,38,9,35,15,8.5
Amphiroa rigida,Lipophrys trigloides,Lithophyllaceae,Blenniidae,38,21,35,13,8.5
Boops boops,Ellisolandia elongata,Sparidae,Lithophyllaceae,38,24,28,23,8.5
Diplodus sargus,Eunicella singularis,Sparidae,Gorgoniidae,36,21,29,23,8.5
Eunicella singularis,Thalassoma pavo,Gorgoniidae,Labridae,34,17,26,21,8.5
Luria lurida,Maja crispata,Cypraeidae,Majidae,31,15,30,16,8.5
Eunicella gazella,Pseudodistoma crucigaster,Gorgoniidae,Pseudodistomidae,29,15,25,16,8.5
Maja crispata,Telmatactis forskalii,Majidae,Isophelliidae,28,12,28,14,8.5
Facelina rubrovittata,Rudmania krohni,Facelinidae,Chromodorididae,26,19,26,11,8.5
Calmella cavolini,Felimida binza,Flabellinidae,Chromodorididae,24,18,22,17,8.5
Lissoclinum weigelei,Pycnoclavella communis,Didemnidae,Pycnoclavellidae,24,6,21,10,8.5
Centrolabrus melanocercus,Sarcotragus fasciculatus,Labridae,Irciniidae,24,16,23,11,8.5
Diaphorodoris papillata,Parazoanthus brevitentacularis,Calycidorididae,Parazoanthidae,22,15,21,8,8.5
Gari depressa,Pagellus erythrinus,Psammobiidae,Sparidae,20,10,20,9,8.5
Centrolabrus melanocercus,Prostheceraeus roseus,Labridae,Euryleptidae,20,20,19,13,8.5
Ascidia mentula,Hemimycale columella,Ascidiidae,Hymedesmiidae,18,16,17,6,8.5
Felimida binza,Luisella babai,Chromodorididae,Samlidae,18,14,16,11,8.5
Alcyonium acaule,Luisella babai,Alcyoniidae,Samlidae,17,11,16,9,8.5
Clathria jolicoeuri,Microlipophrys dalmatinus,Microcionidae,Blenniidae,16,11,16,5,8.5
Aplysina cavernicola,Caulerpa cylindracea,Aplysinidae,Caulerpaceae,14,5,12,7,8.5
Labrus viridis,Parablennius sanguinolentus,Labridae,Blenniidae,14,10,14,11,8.5
Halimeda tuna,Jania virgata,Halimedaceae,Lithophyllaceae,14,9,14,8,8.5
Berghia coerulescens,Facelina rubrovittata,Aeolidiidae,Facelinidae,12,9,11,6,8.5
Jania virgata,Thericium vulgatum,Lithophyllaceae,Cerithiidae,12,9,12,6,8.5
Jania virgata,Sabella spallanzanii,Lithophyllaceae,Sabellidae,12,10,11,6,8.5
Holothuria tubulosa,Nerocila bivittata,Holothuriidae,Cymothoidae,11,9,11,6,8.5
Convolvulus althaeoides,Lagurus ovatus,Convolvulaceae,Poaceae,11,11,11,10,8.5
Caberea boryi,Phorbas tenacior,Candidae,Hymedesmiidae,11,7,11,6,8.5
Pseudodistoma crucigaster,Tenellia ocellata,Pseudodistomidae,Tergipedidae,10,8,9,7,8.5
Nerocila bivittata,Scorpaena maderensis,Cymothoidae,Scorpaenidae,10,7,10,7,8.5
Haminoea orteai,Maja crispata,Haminoeidae,Majidae,10,3,9,5,8.5
Conger conger,Nerocila bivittata,Congridae,Cymothoidae,9,8,9,6,8.5
Margaretta cereoides,Sphaerococcus coronopifolius,Margarettidae,Sphaerococcaceae,9,5,9,5,8.5
Chelidonichthys obscurus,Pomatoschistus bathi,Triglidae,Gobiidae,8,5,7,5,8.5
Pomatoschistus bathi,Scopalina lophyropoda,Gobiidae,Dictyonellidae,8,6,7,5,8.5
Pycnoclavella communis,Tridentata perpusilla,Pycnoclavellidae,Sertulariidae,8,7,8,6,8.5
Foeniculum vulgare,Synema globosum,Apiaceae,Thomisidae,8,8,6,5,8.5
Acinetospora crinita,Aplysina cavernicola,Acinetosporaceae,Aplysinidae,8,7,7,5,8.5
Gobius incognitus,Serpula vermicularis,Gobiidae,Serpulidae,62,25,58,18,8.4
Perforatus perforatus,Protula tubularia,Balanidae,Serpulidae,60,38,52,25,8.4
Hexaplex trunculus,Perforatus perforatus,Muricidae,Balanidae,59,32,54,24,8.4
Bothus podas,Labrus merula,Bothidae,Labridae,59,27,50,28,8.4
Arbacia lixula,Parablennius sanguinolentus,Arbaciidae,Blenniidae,57,38,48,28,8.4
Bothus podas,Gobius paganellus,Bothidae,Gobiidae,56,26,43,24,8.4
Chondrosia reniformis,Gobius paganellus,Chondrillidae,Gobiidae,54,23,52,19,8.4
Aidablennius sphynx,Labrus merula,Blenniidae,Labridae,54,29,43,18,8.4
Hexaplex trunculus,Sabella spallanzanii,Muricidae,Sabellidae,53,36,50,28,8.4
Pennaria disticha,Scorpaena maderensis,Pennariidae,Scorpaenidae,51,34,44,36,8.4
Actinia mediterranea,Asparagopsis taxiformis,Actiniidae,Bonnemaisoniaceae,51,14,36,30,8.4
Apogon imberbis,Dardanus calidus,Apogonidae,Diogenidae,50,28,45,29,8.4
Mesophyllum expansum,Thericium vulgatum,Lithophyllaceae,Cerithiidae,49,29,48,20,8.4
Parablennius gattorugine,Schizoporella errata,Blenniidae,Schizoporellidae,49,30,42,31,8.4
Boops boops,Sabella spallanzanii,Sparidae,Sabellidae,48,30,43,23,8.4
Gobius paganellus,Maja crispata,Gobiidae,Majidae,47,18,42,22,8.4
Bothus podas,Schizoporella errata,Bothidae,Schizoporellidae,45,25,35,25,8.4
Eunicella gazella,Scorpaena maderensis,Gorgoniidae,Scorpaenidae,43,23,38,19,8.4
Branchiomma luctuosum,Serranus cabrilla,Sabellidae,Serranidae,43,7,33,19,8.4
Mullus surmuletus,Sabella spallanzanii,Mullidae,Sabellidae,43,29,38,28,8.4
Cribrinopsis crassa,Luisella babai,Actiniidae,Samlidae,40,26,39,21,8.4
Eunicella gazella,Padina pavonica,Gorgoniidae,Dictyotaceae,39,28,34,19,8.4
Amphiroa rigida,Boops boops,Lithophyllaceae,Sparidae,37,14,24,21,8.4
Stramonita haemastoma,Tricleocarpa fragilis,Muricidae,Galaxauraceae,37,9,32,13,8.4
Holothuria forskali,Pseudodistoma crucigaster,Holothuriidae,Pseudodistomidae,34,25,32,18,8.4
Lipophrys trigloides,Percnon gibbesi,Blenniidae,Percnidae,34,23,30,14,8.4
Oblada melanurus,Percnon gibbesi,Sparidae,Percnidae,34,19,29,14,8.4
Diaphorodoris alba,Reteporella grimaldii,Calycidorididae,Phidoloporidae,33,18,27,19,8.4
Chelon auratus,Scartella cristata,Mugilidae,Blenniidae,30,19,24,19,8.4
Callionymus pusillus,Synodus saurus,Callionymidae,Synodontidae,28,16,23,11,8.4
Caloria quatrefagesi,Pseudodistoma crucigaster,Facelinidae,Pseudodistomidae,27,11,27,13,8.4
Holothuria tubulosa,Lissoclinum weigelei,Holothuriidae,Didemnidae,27,9,26,12,8.4
Acetabularia acetabulum,Hamigera hamigera,Polyphysaceae,Hymedesmiidae,26,19,24,15,8.4
Phallusia mammillata,Tritia mutabilis,Ascidiidae,Nassariidae,25,7,23,8,8.4
Maja crispata,Pinctada radiata,Majidae,Pteriidae,24,15,24,10,8.4
Gobius incognitus,Lissoclinum weigelei,Gobiidae,Didemnidae,23,6,18,14,8.4
Parazoanthus brevitentacularis,Sarcotragus fasciculatus,Parazoanthidae,Irciniidae,22,15,19,14,8.4
Acinetospora crinita,Echinaster sepositus,Acinetosporaceae,Echinasteridae,21,17,18,6,8.4
Elysia timida,Lepadogaster candolii,Plakobranchidae,Gobiesocidae,18,13,16,8,8.4
Peronaea planata,Striarca lactea,Tellinidae,Noetiidae,18,14,17,9,8.4
Acinetospora crinita,Tylodina perversa,Acinetosporaceae,Tylodinidae,18,9,17,7,8.4
Pinnoctopus macropus,Polysyncraton lacazei,Octopodidae,Didemnidae,17,3,16,6,8.4
Centrolabrus melanocercus,Epinephelus marginatus,Labridae,Epinephelidae,17,11,16,15,8.4
Alicia mirabilis,Reteporella grimaldii,Aliciidae,Phidoloporidae,15,13,15,10,8.4
Phallusia mammillata,Tritia neritea,Ascidiidae,Nassariidae,14,9,12,6,8.4
Echinaster sepositus,Labrus viridis,Echinasteridae,Labridae,14,10,14,7,8.4
Jania rubens,Microlipophrys nigriceps,Lithophyllaceae,Blenniidae,14,7,14,5,8.4
Agelas oroides,Chrysymenia ventricosa,Agelasidae,Rhodymeniaceae,14,9,13,10,8.4
Ctenolabrus rupestris,Echinaster sepositus,Labridae,Echinasteridae,13,11,13,5,8.4
Flabellia petiolata,Jania virgata,Codiaceae,Lithophyllaceae,13,10,13,6,8.4
Jania virgata,Sarcotragus fasciculatus,Lithophyllaceae,Irciniidae,13,10,13,6,8.4
Boops boops,Halopteris filicina,Sparidae,Stypocaulaceae,12,10,12,8,8.4
Cestum veneris,Pelagia noctiluca,Cestidae,Pelagiidae,12,10,12,5,8.4
Aiptasia couchii,Hemimycale mediterranea,Aiptasiidae,Hymedesmiidae,12,7,12,10,8.4
Ircinia oros,Polycyathus muellerae,Irciniidae,Caryophylliidae,10,8,10,5,8.4
Lima lima,Thalassoma pavo,Limidae,Labridae,9,7,9,6,8.4
Hamigera hamigera,Jania rubens,Hymedesmiidae,Lithophyllaceae,9,6,9,5,8.4
Dardanus calidus,Polycyathus muellerae,Diogenidae,Caryophylliidae,8,8,8,7,8.4
Bonellia viridis,Neogoniolithon brassica-florida,Bonelliidae,Lithophyllaceae,8,8,8,5,8.4
Ellisolandia elongata,Ericaria mediterranea,Lithophyllaceae,Sargassaceae,8,7,7,7,8.4
Parablennius gattorugine,Posidonia oceanica,Blenniidae,Posidoniaceae,128,47,101,39,8.3
Petrosia ficiformis,Posidonia oceanica,Petrosiidae,Posidoniaceae,122,46,104,31,8.3
Diplodus sargus,Posidonia oceanica,Sparidae,Posidoniaceae,100,39,76,47,8.3
Pelagia noctiluca,Posidonia oceanica,Pelagiidae,Posidoniaceae,89,42,73,34,8.3
Actinia mediterranea,Hexaplex trunculus,Actiniidae,Muricidae,70,27,64,35,8.3
Aiptasia couchii,Serpula vermicularis,Aiptasiidae,Serpulidae,69,28,61,26,8.3
Myriapora truncata,Parablennius zvonimiri,Myriaporidae,Blenniidae,63,37,50,24,8.3
Labrus merula,Parablennius rouxi,Labridae,Blenniidae,62,28,48,31,8.3
Hexaplex trunculus,Myriapora truncata,Muricidae,Myriaporidae,60,34,53,23,8.3
Chelon auratus,Parablennius gattorugine,Mugilidae,Blenniidae,60,31,51,28,8.3
Gobius cobitis,Labrus merula,Gobiidae,Labridae,59,28,52,25,8.3
Padina pavonica,Serpula vermicularis,Dictyotaceae,Serpulidae,59,33,52,27,8.3
Balanophyllia europaea,Symphodus roissali,Dendrophylliidae,Labridae,55,26,45,28,8.3
Balanophyllia europaea,Hemimycale columella,Dendrophylliidae,Hymedesmiidae,55,30,47,24,8.3
Myriapora truncata,Sphyraena viridensis,Myriaporidae,Sphyraenidae,50,33,41,23,8.3
Codium bursa,Symphodus roissali,Codiaceae,Labridae,50,25,44,24,8.3
Agelas oroides,Echinaster sepositus,Agelasidae,Echinasteridae,49,24,38,17,8.3
Agelas oroides,Hemimycale columella,Agelasidae,Hymedesmiidae,49,32,47,22,8.3
Branchiomma luctuosum,Gobius paganellus,Sabellidae,Gobiidae,49,12,36,30,8.3
Scorpaena maderensis,Symphodus tinca,Scorpaenidae,Labridae,48,24,44,25,8.3
Maja crispata,Symphodus mediterraneus,Majidae,Labridae,47,24,41,20,8.3
Muraena helena,Parablennius rouxi,Muraenidae,Blenniidae,46,27,37,22,8.3
Anthias anthias,Myriapora truncata,Anthiadidae,Myriaporidae,46,20,37,23,8.3
Oculina patagonica,Thericium vulgatum,Oculinidae,Cerithiidae,46,23,37,28,8.3
Prostheceraeus roseus,Scorpaena maderensis,Euryleptidae,Scorpaenidae,45,23,41,23,8.3
Epinephelus marginatus,Parablennius pilicornis,Epinephelidae,Blenniidae,42,30,37,29,8.3
Diplodus sargus,Sphyraena viridensis,Sparidae,Sphyraenidae,41,29,34,30,8.3
Bothus podas,Epinephelus marginatus,Bothidae,Epinephelidae,40,24,36,27,8.3
Eunicella gazella,Serranus scriba,Gorgoniidae,Serranidae,38,21,34,19,8.3
Anthias anthias,Sphyraena viridensis,Anthiadidae,Sphyraenidae,37,18,30,22,8.3
Ophisurus serpens,Torpedo marmorata,Ophichthidae,Torpedinidae,32,20,29,13,8.3
Anthias anthias,Asparagopsis taxiformis,Anthiadidae,Bonnemaisoniaceae,32,11,30,10,8.3
Ophidiaster ophidianus,Petrosia ficiformis,Ophidiasteridae,Petrosiidae,30,16,27,10,8.3
Dicentrarchus labrax,Pomadasys incisus,Moronidae,Haemulidae,28,14,27,15,8.3
Holothuria forskali,Simnia spelta,Holothuriidae,Ovulidae,27,14,24,11,8.3
Facelinopsis marioni,Rudmania krohni,Facelinidae,Chromodorididae,26,19,25,9,8.3
Centrolabrus melanocercus,Halimeda tuna,Labridae,Halimedaceae,25,20,23,14,8.3
Balanophyllia europaea,Hamigera hamigera,Dendrophylliidae,Hymedesmiidae,25,18,21,18,8.3
Centrolabrus melanocercus,Halocynthia papillosa,Labridae,Pyuridae,24,17,23,12,8.3
Acinetospora crinita,Parablennius rouxi,Acinetosporaceae,Blenniidae,24,16,22,11,8.3
Cribrinopsis crassa,Periclimenes amethysteus,Actiniidae,Palaemonidae,23,10,20,12,8.3
Gobius paganellus,Hamigera hamigera,Gobiidae,Hymedesmiidae,23,16,22,11,8.3
Electra posidoniae,Hemimycale columella,Electridae,Hymedesmiidae,22,13,21,9,8.3
Gobius cobitis,Phoronis hippocrepia,Gobiidae,Phoronidae,21,7,20,7,8.3
Phallusia mammillata,Steromphala varia,Ascidiidae,Trochidae,18,5,18,6,8.3
Pachycerianthus solitarius,Periclimenes amethysteus,Cerianthidae,Palaemonidae,18,9,16,7,8.3
Amphiroa rigida,Polysyncraton lacazei,Lithophyllaceae,Didemnidae,18,13,17,7,8.3
Parazoanthus brevitentacularis,Prostheceraeus roseus,Parazoanthidae,Euryleptidae,18,13,17,13,8.3
Myxicola infundibulum,Pagellus acarne,Sabellidae,Sparidae,15,9,14,6,8.3
Amphiroa beauvoisii,Serranus cabrilla,Lithophyllaceae,Serranidae,15,6,13,7,8.3
Hemimycale columella,Tenellia ocellata,Hymedesmiidae,Tergipedidae,14,11,14,8,8.3
Hacelia attenuata,Tenellia ocellata,Ophidiasteridae,Tergipedidae,14,10,13,7,8.3
Acetabularia acetabulum,Halopteris filicina,Polyphysaceae,Stypocaulaceae,14,12,13,8,8.3
Corynactis viridis,Lepadogaster candolii,Corallimorphidae,Gobiesocidae,13,10,13,5,8.3
Acinetospora crinita,Prostheceraeus moseleyi,Acinetosporaceae,Euryleptidae,13,11,12,6,8.3
Phoronis hippocrepia,Prostheceraeus moseleyi,Phoronidae,Euryleptidae,12,9,12,8,8.3
Caulerpa prolifera,Echinaster sepositus,Caulerpaceae,Echinasteridae,11,8,8,6,8.3
Apogon imberbis,Ericaria mediterranea,Apogonidae,Sargassaceae,11,8,11,8,8.3
Caloria quatrefagesi,Placida dendritica,Facelinidae,Stiligeridae,10,6,7,7,8.3
Berthellina edwardsii,Facelina rubrovittata,Pleurobranchidae,Facelinidae,10,5,6,9,8.3
Electra posidoniae,Hamigera hamigera,Electridae,Hymedesmiidae,10,7,9,5,8.3
Dendrodoris limbata,Diplosoma listerianum,Dendrodorididae,Didemnidae,8,4,8,5,8.3
Caloria quatrefagesi,Felimare bilineata,Facelinidae,Chromodorididae,8,6,7,5,8.3
Chromis limbata,Thalassoma pavo,Pomacentridae,Labridae,8,7,7,6,8.3
Diplodus puntazzo,Parablennius rouxi,Sparidae,Blenniidae,65,33,56,26,8.2
Actinia mediterranea,Dicentrarchus labrax,Actiniidae,Moronidae,62,39,56,25,8.2
Acetabularia acetabulum,Hexaplex trunculus,Polyphysaceae,Muricidae,62,35,50,31,8.2
Hexaplex trunculus,Sphaerococcus coronopifolius,Muricidae,Sphaerococcaceae,59,28,51,24,8.2
Serpula vermicularis,Serranus scriba,Serpulidae,Serranidae,58,28,47,28,8.2
Bonellia viridis,Symphodus tinca,Bonelliidae,Labridae,54,19,48,28,8.2
Holothuria tubulosa,Palinurus elephas,Holothuriidae,Palinuridae,53,29,49,21,8.2
Bonellia viridis,Chromis chromis,Bonelliidae,Pomacentridae,53,28,43,29,8.2
Hexaplex trunculus,Phorbas tenacior,Muricidae,Hymedesmiidae,52,33,48,21,8.2
Bothus podas,Oblada melanurus,Bothidae,Sparidae,52,29,44,34,8.2
Dardanus calidus,Petrosia ficiformis,Diogenidae,Petrosiidae,51,32,51,18,8.2
Arbacia lixula,Prostheceraeus roseus,Arbaciidae,Euryleptidae,51,38,40,28,8.2
Aiptasia mutabilis,Inachus phalangium,Aiptasiidae,Inachidae,51,24,47,22,8.2
Branchiomma luctuosum,Labrus merula,Sabellidae,Labridae,51,14,36,31,8.2
Halimeda tuna,Sciaena umbra,Halimedaceae,Sciaenidae,50,22,47,18,8.2
Protula tubularia,Sphyraena viridensis,Serpulidae,Sphyraenidae,49,35,44,28,8.2
Petrosia ficiformis,Sphyraena viridensis,Petrosiidae,Sphyraenidae,49,30,45,16,8.2
Aiptasia couchii,Serranus scriba,Aiptasiidae,Serranidae,49,27,46,19,8.2
Eunicella singularis,Serpula vermicularis,Gorgoniidae,Serpulidae,49,31,41,24,8.2
Centrolabrus melanocercus,Posidonia oceanica,Labridae,Posidoniaceae,48,33,45,23,8.2
Pagellus erythrinus,Phycis phycis,Sparidae,Phycidae,47,16,46,15,8.2
Chromis chromis,Scorpaena maderensis,Pomacentridae,Scorpaenidae,47,24,41,26,8.2
Diaphorodoris papillata,Reteporella grimaldii,Calycidorididae,Phidoloporidae,45,33,40,22,8.2
Arbacia lixula,Asparagopsis taxiformis,Arbaciidae,Bonnemaisoniaceae,45,22,30,28,8.2
Oculina patagonica,Parablennius sanguinolentus,Oculinidae,Blenniidae,45,25,42,20,8.2
Sabella spallanzanii,Serranus scriba,Sabellidae,Serranidae,44,24,38,26,8.2
Codium bursa,Diplodus cervinus,Codiaceae,Sparidae,43,21,40,18,8.2
Coscinasterias tenuispina,Schizoporella errata,Asteriidae,Schizoporellidae,43,22,37,21,8.2
Epinephelus marginatus,Gobius cruentatus,Epinephelidae,Gobiidae,43,20,37,31,8.2
Boops boops,Maja crispata,Sparidae,Majidae,43,28,38,28,8.2
Scorpaena scrofa,Serranus cabrilla,Scorpaenidae,Serranidae,42,23,37,14,8.2
Amphiroa rigida,Gobius cruentatus,Lithophyllaceae,Gobiidae,42,14,30,22,8.2
Holothuria tubulosa,Tricleocarpa fragilis,Holothuriidae,Galaxauraceae,41,19,39,19,8.2
Oblada melanurus,Schizoporella errata,Sparidae,Schizoporellidae,41,25,34,20,8.2
Palinurus elephas,Reteporella grimaldii,Palinuridae,Phidoloporidae,41,23,38,15,8.2
Maja crispata,Serranus scriba,Majidae,Serranidae,40,21,39,16,8.2
Schizoporella errata,Thericium vulgatum,Schizoporellidae,Cerithiidae,40,22,35,24,8.2
Eunicella gazella,Scorpaena scrofa,Gorgoniidae,Scorpaenidae,39,17,38,10,8.2
Eunicella singularis,Holothuria forskali,Gorgoniidae,Holothuriidae,38,29,30,20,8.2
Diaphorodoris alba,Hemimycale columella,Calycidorididae,Hymedesmiidae,36,21,31,15,8.2
Eunicella singularis,Symphodus tinca,Gorgoniidae,Labridae,36,23,28,25,8.2
Ariosoma balearicum,Stenopus spinosus,Congridae,Stenopodidae,33,16,31,21,8.2
Caulerpa cylindracea,Lepadogaster candolii,Caulerpaceae,Gobiesocidae,32,13,30,9,8.2
Palinurus elephas,Pseudodistoma crucigaster,Palinuridae,Pseudodistomidae,32,16,23,16,8.2
Pinna rudis,Sciaena umbra,Pinnidae,Sciaenidae,31,17,24,19,8.2
Pinna rudis,Sphyraena viridensis,Pinnidae,Sphyraenidae,31,17,27,17,8.2
Dardanus calidus,Simnia spelta,Diogenidae,Ovulidae,25,11,25,9,8.2
Acinetospora crinita,Gobius cruentatus,Acinetosporaceae,Gobiidae,24,20,23,14,8.2
Ophidiaster ophidianus,Sphyraena viridensis,Ophidiasteridae,Sphyraenidae,24,13,21,9,8.2
Boops boops,Lissoclinum weigelei,Sparidae,Didemnidae,23,11,19,15,8.2
Clathria jolicoeuri,Petrosia ficiformis,Microcionidae,Petrosiidae,22,12,22,7,8.2
Jania rubens,Protula tubularia,Lithophyllaceae,Serpulidae,22,19,19,14,8.2
Pinna rudis,Seriola dumerili,Pinnidae,Carangidae,21,18,19,17,8.2
Cribrinopsis crassa,Parazoanthus brevitentacularis,Actiniidae,Parazoanthidae,21,17,20,16,8.2
Jania rubens,Pentapora fascialis,Lithophyllaceae,Bitectiporidae,20,17,18,9,8.2
Nemesignis banyulensis,Prostheceraeus moseleyi,Myrrhinidae,Euryleptidae,19,15,17,14,8.2
Bispira volutacornis,Mesophyllum expansum,Sabellidae,Lithophyllaceae,19,14,19,13,8.2
Bispira volutacornis,Phycis phycis,Sabellidae,Phycidae,19,7,19,9,8.2
Bonellia viridis,Sycon raphanus,Bonelliidae,Sycettidae,19,11,17,9,8.2
Agelas oroides,Bispira volutacornis,Agelasidae,Sabellidae,19,6,18,7,8.2
Bispira volutacornis,Scorpaena scrofa,Sabellidae,Scorpaenidae,18,8,18,9,8.2
Amphiroa beauvoisii,Labrus merula,Lithophyllaceae,Labridae,18,11,17,11,8.2
Clathria jolicoeuri,Inachus phalangium,Microcionidae,Inachidae,17,11,16,6,8.2
Pinctada radiata,Striarca lactea,Pteriidae,Noetiidae,17,9,16,5,8.2
Asparagopsis taxiformis,Centrolabrus melanocercus,Bonnemaisoniaceae,Labridae,17,4,14,8,8.2
Alicia mirabilis,Synodus saurus,Aliciidae,Synodontidae,16,8,16,7,8.2
Diplodus cervinus,Sparisoma cretense,Sparidae,Labridae,16,14,15,11,8.2
Chrysymenia ventricosa,Petrosia ficiformis,Rhodymeniaceae,Petrosiidae,15,14,14,10,8.2
Chrysymenia ventricosa,Myriapora truncata,Rhodymeniaceae,Myriaporidae,15,11,14,11,8.2
Callionymus pusillus,Dactylopterus volitans,Callionymidae,Dactylopteridae,15,12,12,9,8.2
Mesophyllum alternans,Parablennius zvonimiri,Lithophyllaceae,Blenniidae,15,13,15,8,8.2
Chrysymenia ventricosa,Sphaerococcus coronopifolius,Rhodymeniaceae,Sphaerococcaceae,15,10,14,11,8.2
Felimida binza,Prostheceraeus moseleyi,Chromodorididae,Euryleptidae,14,14,14,11,8.2
Goniodoridella picoensis,Simnia spelta,Goniodorididae,Ovulidae,14,8,12,7,8.2
Bonellia viridis,Jania virgata,Bonelliidae,Lithophyllaceae,14,14,14,7,8.2
Aiptasia couchii,Jania virgata,Aiptasiidae,Lithophyllaceae,13,9,12,6,8.2
Astropecten platyacanthus,Polysyncraton lacazei,Astropectinidae,Didemnidae,12,4,11,5,8.2
Centaurea aspera,Pistacia lentiscus,Asteraceae,Anacardiaceae,12,11,12,6,8.2
Gobius cobitis,Placida cremoniana,Gobiidae,Stiligeridae,12,3,11,6,8.2
Caulerpa prolifera,Hexaplex trunculus,Caulerpaceae,Muricidae,12,11,12,10,8.2
Ctenolabrus rupestris,Tylodina perversa,Labridae,Tylodinidae,11,7,11,7,8.2
Inachus phalangium,Ocnus planci,Inachidae,Cucumariidae,10,7,8,6,8.2
Galactites tomentosus,Paronychia argentea,Asteraceae,Caryophyllaceae,10,7,9,7,8.2
Boops boops,Lima lima,Sparidae,Limidae,10,7,10,9,8.2
Jania virgata,Schizoporella errata,Lithophyllaceae,Schizoporellidae,10,7,9,7,8.2
Hemimycale columella,Lima lima,Hymedesmiidae,Limidae,10,10,9,7,8.2
Halopteris filicina,Schizoporella errata,Stypocaulaceae,Schizoporellidae,10,5,10,5,8.2
Epinephelus marginatus,Mesophyllum alternans,Epinephelidae,Lithophyllaceae,10,6,10,6,8.2
Chelidonichthys obscurus,Torpedo marmorata,Triglidae,Torpedinidae,8,6,7,6,8.2
Chondrosia reniformis,Margaretta cereoides,Chondrillidae,Margarettidae,8,6,8,5,8.2
Hexaplex trunculus,Posidonia oceanica,Muricidae,Posidoniaceae,116,49,97,42,8.1
Posidonia oceanica,Stramonita haemastoma,Posidoniaceae,Muricidae,105,40,89,42,8.1
Actinia mediterranea,Ircinia oros,Actiniidae,Irciniidae,74,31,72,20,8.1
Aiptasia mutabilis,Perforatus perforatus,Aiptasiidae,Balanidae,64,34,55,21,8.1
Diplodus puntazzo,Sphaerococcus coronopifolius,Sparidae,Sphaerococcaceae,62,37,53,29,8.1
Boops boops,Serpula vermicularis,Sparidae,Serpulidae,61,40,56,27,8.1
Holothuria tubulosa,Parablennius pilicornis,Holothuriidae,Blenniidae,60,28,48,45,8.1
Aiptasia mutabilis,Oblada melanurus,Aiptasiidae,Sparidae,59,31,50,30,8.1
Diplodus puntazzo,Scorpaena maderensis,Sparidae,Scorpaenidae,58,33,52,32,8.1
Cliona viridis,Labrus merula,Clionaidae,Labridae,58,38,53,25,8.1
Ircinia oros,Oculina patagonica,Irciniidae,Oculinidae,54,26,50,21,8.1
Halimeda tuna,Hemimycale columella,Halimedaceae,Hymedesmiidae,53,32,46,20,8.1
Hexaplex trunculus,Mesophyllum expansum,Muricidae,Lithophyllaceae,53,28,49,23,8.1
Dardanus calidus,Gobius cruentatus,Diogenidae,Gobiidae,52,26,52,20,8.1
Holothuria tubulosa,Scorpaena scrofa,Holothuriidae,Scorpaenidae,52,25,51,15,8.1
Halocynthia papillosa,Stramonita haemastoma,Pyuridae,Muricidae,52,24,46,21,8.1
Codium bursa,Stramonita haemastoma,Codiaceae,Muricidae,49,26,46,21,8.1
Coscinasterias tenuispina,Oculina patagonica,Asteriidae,Oculinidae,48,24,43,22,8.1
Maja crispata,Petrosia ficiformis,Majidae,Petrosiidae,48,27,46,18,8.1
Boops boops,Mesophyllum expansum,Sparidae,Lithophyllaceae,48,32,43,18,8.1
Parablennius sanguinolentus,Thericium vulgatum,Blenniidae,Cerithiidae,46,25,40,25,8.1
Agelas oroides,Diplodus sargus,Agelasidae,Sparidae,45,22,38,24,8.1
Maja crispata,Thericium vulgatum,Majidae,Cerithiidae,42,18,36,22,8.1
Prostheceraeus roseus,Scorpaena scrofa,Euryleptidae,Scorpaenidae,41,19,36,20,8.1
Asparagopsis taxiformis,Cliona viridis,Bonnemaisoniaceae,Clionaidae,41,13,32,11,8.1
Maja crispata,Padina pavonica,Majidae,Dictyotaceae,40,25,34,15,8.1
Diplodus cervinus,Parablennius sanguinolentus,Sparidae,Blenniidae,40,16,31,19,8.1
Apogon imberbis,Pinna rudis,Apogonidae,Pinnidae,36,23,34,20,8.1
Aiptasia couchii,Percnon gibbesi,Aiptasiidae,Percnidae,36,19,33,22,8.1
Caulerpa cylindracea,Hemimycale columella,Caulerpaceae,Hymedesmiidae,35,24,30,18,8.1
Branchiomma luctuosum,Diplodus vulgaris,Sabellidae,Sparidae,33,8,29,12,8.1
Asparagopsis taxiformis,Diplodus cervinus,Bonnemaisoniaceae,Sparidae,32,11,30,13,8.1
Pseudodistoma crucigaster,Reteporella grimaldii,Pseudodistomidae,Phidoloporidae,29,18,27,19,8.1
Jania virgata,Posidonia oceanica,Lithophyllaceae,Posidoniaceae,26,20,25,10,8.1
Prostheceraeus moseleyi,Trinchesia morrowae,Euryleptidae,Trinchesiidae,25,16,25,12,8.1
Goniodoridella picoensis,Hacelia attenuata,Goniodorididae,Ophidiasteridae,25,17,21,8,8.1
Amphiroa rigida,Microlipophrys nigriceps,Lithophyllaceae,Blenniidae,25,8,24,7,8.1
Rudmania krohni,Simnia spelta,Chromodorididae,Ovulidae,23,18,19,15,8.1
Jania rubens,Myriapora truncata,Lithophyllaceae,Myriaporidae,22,13,20,12,8.1
Gari depressa,Mesophyllum expansum,Psammobiidae,Lithophyllaceae,20,15,19,6,8.1
Bothus podas,Torpedo torpedo,Bothidae,Torpedinidae,20,14,15,13,8.1
Eudendrium racemosum,Parablennius zvonimiri,Eudendriidae,Blenniidae,20,16,20,10,8.1
Amphiroa beauvoisii,Arbacia lixula,Lithophyllaceae,Arbaciidae,19,10,17,13,8.1
Jania rubens,Parablennius sanguinolentus,Lithophyllaceae,Blenniidae,19,13,17,10,8.1
Amphiroa rigida,Periclimenes amethysteus,Lithophyllaceae,Palaemonidae,16,8,16,7,8.1
Bosellia mimetica,Synodus saurus,Plakobranchidae,Synodontidae,15,7,12,6,8.1
Gobius cobitis,Labrus viridis,Gobiidae,Labridae,15,14,14,8,8.1
Amphiroa rigida,Bispira volutacornis,Lithophyllaceae,Sabellidae,14,8,13,9,8.1
Buglossidium luteum,Torpedo marmorata,Soleidae,Torpedinidae,13,10,10,5,8.1
Callionymus pusillus,Semicassis undulata,Callionymidae,Cassidae,13,11,11,5,8.1
Prostheceraeus roseus,Pycnoclavella nana,Euryleptidae,Pycnoclavellidae,13,11,11,9,8.1
Halimeda tuna,Hemimycale mediterranea,Halimedaceae,Hymedesmiidae,12,9,12,6,8.1
Achelous hastatus,Xyrichtys novacula,Portunidae,Labridae,10,8,9,5,8.1
Diplodus cervinus,Jania virgata,Sparidae,Lithophyllaceae,10,7,10,6,8.1
Ericaria mediterranea,Oblada melanurus,Sargassaceae,Sparidae,10,10,10,8,8.1
Derbesia tenuissima,Schizoporella errata,Derbesiaceae,Schizoporellidae,10,7,10,8,8.1
Ericaria mediterranea,Stramonita haemastoma,Sargassaceae,Muricidae,10,9,10,8,8.1
Foeniculum vulgare,Juncus acutus,Apiaceae,Juncaceae,10,10,9,5,8.1
Inachus phalangium,Scopalina lophyropoda,Inachidae,Dictyonellidae,9,5,9,5,8.1
Nerocila bivittata,Symphodus roissali,Cymothoidae,Labridae,9,6,9,8,8.1
Ellisolandia elongata,Halopteris filicina,Lithophyllaceae,Stypocaulaceae,9,7,8,5,8.1
Ircinia oros,Tridentata perpusilla,Irciniidae,Sertulariidae,9,9,9,5,8.1
Codium bursa,Margaretta cereoides,Codiaceae,Margarettidae,8,7,8,6,8.1
Acetabularia acetabulum,Actinia mediterranea,Polyphysaceae,Actiniidae,72,33,65,27,8.0
Actinia mediterranea,Labrus merula,Actiniidae,Labridae,68,29,58,24,8.0
Bonellia viridis,Parablennius zvonimiri,Bonelliidae,Blenniidae,64,35,58,24,8.0
Cliona viridis,Parablennius zvonimiri,Clionaidae,Blenniidae,60,38,57,26,8.0
Labrus merula,Parablennius pilicornis,Labridae,Blenniidae,58,31,50,43,8.0
Acetabularia acetabulum,Chelon auratus,Polyphysaceae,Mugilidae,58,27,55,26,8.0
Parablennius rouxi,Scorpaena maderensis,Blenniidae,Scorpaenidae,56,32,46,31,8.0
Ircinia oros,Oblada melanurus,Irciniidae,Sparidae,56,31,51,26,8.0
Boops boops,Parablennius gattorugine,Sparidae,Blenniidae,55,37,45,29,8.0
Apogon imberbis,Bothus podas,Apogonidae,Bothidae,54,19,44,30,8.0
Apogon imberbis,Gobius paganellus,Apogonidae,Gobiidae,53,24,46,23,8.0
Ircinia oros,Sphyraena viridensis,Irciniidae,Sphyraenidae,51,30,44,24,8.0
Chelon auratus,Stramonita haemastoma,Mugilidae,Muricidae,49,27,41,27,8.0
Flabellia petiolata,Reteporella grimaldii,Codiaceae,Phidoloporidae,44,28,39,17,8.0
Pennaria disticha,Serranus scriba,Pennariidae,Serranidae,43,24,35,19,8.0
Oculina patagonica,Padina pavonica,Oculinidae,Dictyotaceae,42,24,38,27,8.0
Eunicella singularis,Perforatus perforatus,Gorgoniidae,Balanidae,40,27,33,17,8.0
Asparagopsis taxiformis,Eriphia verrucosa,Bonnemaisoniaceae,Eriphiidae,39,14,33,21,8.0
Pelagia noctiluca,Sabella spallanzanii,Pelagiidae,Sabellidae,38,24,30,21,8.0
Mullus surmuletus,Sphyraena viridensis,Mullidae,Sphyraenidae,38,31,35,26,8.0
Dardanus calidus,Eunicella singularis,Diogenidae,Gorgoniidae,35,27,29,20,8.0
Ophisurus serpens,Stenopus spinosus,Ophichthidae,Stenopodidae,34,12,32,11,8.0
Calmella cavolini,Microlipophrys nigriceps,Flabellinidae,Blenniidae,34,18,31,10,8.0
Pseudodistoma crucigaster,Sabella spallanzanii,Pseudodistomidae,Sabellidae,32,25,24,19,8.0
Hemimycale columella,Pseudodistoma crucigaster,Hymedesmiidae,Pseudodistomidae,32,20,29,21,8.0
Lithophyllum stictiforme,Thericium vulgatum,Lithophyllaceae,Cerithiidae,30,18,24,11,8.0
Oculina patagonica,Seriola dumerili,Oculinidae,Carangidae,28,17,25,16,8.0
Oculina patagonica,Scartella cristata,Oculinidae,Blenniidae,26,12,23,13,8.0
Luria lurida,Pinnoctopus macropus,Cypraeidae,Octopodidae,23,12,22,13,8.0
Bolma rugosa,Lithophyllum stictiforme,Turbinidae,Lithophyllaceae,22,18,22,11,8.0
Boops boops,Centrolabrus melanocercus,Sparidae,Labridae,21,15,19,11,8.0
Gobius cobitis,Jania rubens,Gobiidae,Lithophyllaceae,21,17,21,9,8.0
Holothuria tubulosa,Phoronis hippocrepia,Holothuriidae,Phoronidae,21,6,18,11,8.0
Callista chione,Striarca lactea,Veneridae,Noetiidae,20,17,19,10,8.0
Codium bursa,Jania rubens,Codiaceae,Lithophyllaceae,20,13,19,13,8.0
Jania rubens,Phorbas tenacior,Lithophyllaceae,Hymedesmiidae,19,14,17,10,8.0
Jania rubens,Sabella spallanzanii,Lithophyllaceae,Sabellidae,19,15,17,13,8.0
Caloria quatrefagesi,Lissoclinum weigelei,Facelinidae,Didemnidae,18,13,18,8,8.0
Bispira volutacornis,Echinaster sepositus,Sabellidae,Echinasteridae,18,13,17,7,8.0
Haminoea hydatis,Pachycerianthus solitarius,Haminoeidae,Cerianthidae,17,7,17,7,8.0
Lepadogaster candolii,Pagurus cuanensis,Gobiesocidae,Paguridae,16,9,15,6,8.0
Microlipophrys nigriceps,Polysyncraton lacazei,Blenniidae,Didemnidae,16,11,16,7,8.0
Astropecten platyacanthus,Rugulopteryx okamurae,Astropectinidae,Dictyotaceae,15,6,12,6,8.0
Chrysymenia ventricosa,Parablennius rouxi,Rhodymeniaceae,Blenniidae,15,12,15,11,8.0
Pseudodistoma crucigaster,Semicassis undulata,Pseudodistomidae,Cassidae,15,8,11,12,8.0
Asphodelus fistulosus,Pistacia lentiscus,Xanthorrhoeaceae,Anacardiaceae,15,14,14,9,8.0
Acetabularia acetabulum,Mesophyllum alternans,Polyphysaceae,Lithophyllaceae,15,11,15,10,8.0
Jania virgata,Serpula vermicularis,Lithophyllaceae,Serpulidae,15,15,14,8,8.0
Oculina patagonica,Sycon raphanus,Oculinidae,Sycettidae,15,9,15,8,8.0
Chrysymenia ventricosa,Flabellia petiolata,Rhodymeniaceae,Codiaceae,14,10,13,8,8.0
Scyllarides latus,Serranus atricauda,Scyllaridae,Serranidae,11,9,10,8,8.0
Cardites antiquatus,Neverita josephinia,Carditidae,Naticidae,11,10,11,10,8.0
Gari depressa,Steromphala varia,Psammobiidae,Trochidae,11,6,11,5,8.0
Ericaria mediterranea,Labrus merula,Sargassaceae,Labridae,11,9,11,8,8.0
Labrus viridis,Pagellus acarne,Labridae,Sparidae,10,9,10,5,8.0
Echinaster sepositus,Nerocila bivittata,Echinasteridae,Cymothoidae,9,5,9,5,8.0
Ericaria mediterranea,Serranus cabrilla,Sargassaceae,Serranidae,9,6,9,5,8.0
Candiella striata,Thylacodes arenarius,Tritoniidae,Vermetidae,8,6,8,8,8.0
Pseudochlorodesmis furcellata,Serpula vermicularis,Udoteaceae,Serpulidae,8,7,8,6,8.0
Pancratium maritimum,Urospermum dalechampii,Amaryllidaceae,Asteraceae,8,5,5,7,8.0
Posidonia oceanica,Scorpaena maderensis,Posidoniaceae,Scorpaenidae,108,38,92,37,7.9
Actinia mediterranea,Bonellia viridis,Actiniidae,Bonelliidae,72,23,64,20,7.9
Actinia mediterranea,Chondrosia reniformis,Actiniidae,Chondrillidae,63,28,60,16,7.9
Holothuria tubulosa,Parablennius gattorugine,Holothuriidae,Blenniidae,62,37,52,25,7.9
Crambe crambe,Parablennius rouxi,Crambeidae,Blenniidae,62,36,55,35,7.9
Diplodus puntazzo,Pentapora fascialis,Sparidae,Bitectiporidae,55,39,45,27,7.9
Hemimycale columella,Ircinia oros,Hymedesmiidae,Irciniidae,54,36,51,22,7.9
Ircinia oros,Scorpaena scrofa,Irciniidae,Scorpaenidae,53,21,49,14,7.9
Gobius cruentatus,Parablennius sanguinolentus,Gobiidae,Blenniidae,53,17,37,18,7.9
Gobius cruentatus,Palinurus elephas,Gobiidae,Palinuridae,52,19,43,20,7.9
Holothuria tubulosa,Pennaria disticha,Holothuriidae,Pennariidae,52,28,48,28,7.9
Acetabularia acetabulum,Oculina patagonica,Polyphysaceae,Oculinidae,52,29,45,23,7.9
Cliona viridis,Oblada melanurus,Clionaidae,Sparidae,51,26,44,18,7.9
Cribrinopsis crassa,Phycis phycis,Actiniidae,Phycidae,49,26,45,23,7.9
Aidablennius sphynx,Bothus podas,Blenniidae,Bothidae,49,26,39,23,7.9
Flabellia petiolata,Scorpaena scrofa,Codiaceae,Scorpaenidae,48,27,45,21,7.9
Holothuria tubulosa,Sphyraena viridensis,Holothuriidae,Sphyraenidae,48,33,39,22,7.9
Mesophyllum expansum,Sabella spallanzanii,Lithophyllaceae,Sabellidae,46,34,42,20,7.9
Aidablennius sphynx,Oblada melanurus,Blenniidae,Sparidae,46,27,40,24,7.9
Holothuria forskali,Palinurus elephas,Holothuriidae,Palinuridae,45,22,40,15,7.9
Agelas oroides,Dardanus calidus,Agelasidae,Diogenidae,45,32,40,17,7.9
Agelas oroides,Symphodus tinca,Agelasidae,Labridae,45,22,39,20,7.9
Apogon imberbis,Sphyraena viridensis,Apogonidae,Sphyraenidae,45,31,39,25,7.9
Padina pavonica,Pentapora fascialis,Dictyotaceae,Bitectiporidae,44,24,37,23,7.9
Pentapora fascialis,Sphyraena viridensis,Bitectiporidae,Sphyraenidae,43,27,41,18,7.9
Sarcotragus fasciculatus,Tylodina perversa,Irciniidae,Tylodinidae,42,21,37,9,7.9
Diplodus sargus,Sabella spallanzanii,Sparidae,Sabellidae,42,25,35,29,7.9
Pentapora fascialis,Thalassoma pavo,Bitectiporidae,Labridae,41,22,34,22,7.9
Conger conger,Lepadogaster candolii,Congridae,Gobiesocidae,38,19,37,9,7.9
Holothuria tubulosa,Pinna rudis,Holothuriidae,Pinnidae,37,21,31,18,7.9
Agelas oroides,Asparagopsis taxiformis,Agelasidae,Bonnemaisoniaceae,37,5,28,20,7.9
Felimare villafranca,Tylodina perversa,Chromodorididae,Tylodinidae,36,19,34,9,7.9
Asparagopsis taxiformis,Boops boops,Bonnemaisoniaceae,Sparidae,36,17,28,22,7.9
Halocynthia papillosa,Pinna rudis,Pyuridae,Pinnidae,36,20,30,18,7.9
Cliona viridis,Pinna rudis,Clionaidae,Pinnidae,36,24,34,19,7.9
Palinurus elephas,Tricleocarpa fragilis,Palinuridae,Galaxauraceae,34,17,30,15,7.9
Codium bursa,Pinna rudis,Codiaceae,Pinnidae,34,20,34,17,7.9
Ellisolandia elongata,Maja crispata,Lithophyllaceae,Majidae,32,19,29,18,7.9
Padina pavonica,Pseudodistoma crucigaster,Dictyotaceae,Pseudodistomidae,30,15,25,20,7.9
Centrolabrus melanocercus,Serpula vermicularis,Labridae,Serpulidae,27,17,26,16,7.9
Diplodus vulgaris,Microlipophrys dalmatinus,Sparidae,Blenniidae,26,15,25,5,7.9
Epinephelus costae,Sphyraena viridensis,Epinephelidae,Sphyraenidae,25,14,21,11,7.9
Actinia mediterranea,Jania rubens,Actiniidae,Lithophyllaceae,25,14,25,10,7.9
Facelinopsis marioni,Stenopus spinosus,Facelinidae,Stenopodidae,23,9,23,6,7.9
Hemimycale mediterranea,Posidonia oceanica,Hymedesmiidae,Posidoniaceae,23,12,21,9,7.9
Astropecten platyacanthus,Conger conger,Astropectinidae,Congridae,22,11,21,9,7.9
Caranx crysos,Parablennius sanguinolentus,Carangidae,Blenniidae,21,16,16,16,7.9
Naticarius hebraeus,Phallusia mammillata,Naticidae,Ascidiidae,20,7,20,8,7.9
Bispira volutacornis,Petrosia ficiformis,Sabellidae,Petrosiidae,20,14,20,10,7.9
Jania rubens,Pycnoclavella communis,Lithophyllaceae,Pycnoclavellidae,19,13,19,9,7.9
Hermodice carunculata,Xyrichtys novacula,Amphinomidae,Labridae,19,19,17,16,7.9
Callionymus pusillus,Microlipophrys nigriceps,Callionymidae,Blenniidae,19,10,16,5,7.9
Bispira volutacornis,Holothuria forskali,Sabellidae,Holothuriidae,18,10,18,11,7.9
Dasyatis pastinaca,Schizoporella errata,Dasyatidae,Schizoporellidae,18,6,17,6,7.9
Centrolabrus melanocercus,Diplodus cervinus,Labridae,Sparidae,18,9,18,10,7.9
Jania rubens,Symphodus tinca,Lithophyllaceae,Labridae,18,16,17,12,7.9
Amphiroa beauvoisii,Parablennius zvonimiri,Lithophyllaceae,Blenniidae,18,11,17,11,7.9
Chelidonichthys lastoviza,Conger conger,Triglidae,Congridae,16,10,14,11,7.9
Electra posidoniae,Tricleocarpa fragilis,Electridae,Galaxauraceae,16,10,16,8,7.9
Acinetospora crinita,Amphiroa rigida,Acinetosporaceae,Lithophyllaceae,15,10,13,10,7.9
Ascandra contorta,Gobius paganellus,Leucaltidae,Gobiidae,13,7,12,5,7.9
Coscinasterias tenuispina,Jania virgata,Asteriidae,Lithophyllaceae,12,11,11,10,7.9
Chrysymenia ventricosa,Padina pavonica,Rhodymeniaceae,Dictyotaceae,12,10,11,8,7.9
Ctenolabrus rupestris,Rudmania krohni,Labridae,Chromodorididae,11,8,10,7,7.9
Ctenolabrus rupestris,Lepadogaster candolii,Labridae,Gobiesocidae,11,8,11,5,7.9
Flabellia petiolata,Hemimycale mediterranea,Codiaceae,Hymedesmiidae,11,7,11,8,7.9
Hemimycale mediterranea,Sarcotragus fasciculatus,Hymedesmiidae,Irciniidae,11,6,11,9,7.9
Nerocila bivittata,Sphaerococcus coronopifolius,Cymothoidae,Sphaerococcaceae,10,9,10,6,7.9
Branchiomma moebii,Reteporella grimaldii,Sabellidae,Phidoloporidae,9,9,8,5,7.9
Petalifera petalifera,Simnia spelta,Aplysiidae,Ovulidae,8,4,8,5,7.9
Chromis limbata,Sphyraena viridensis,Pomacentridae,Sphyraenidae,8,6,7,5,7.9
Bothus podas,Trachinus araneus,Bothidae,Trachinidae,8,7,6,6,7.9
Caranx crysos,Echinocardium cordatum,Carangidae,Loveniidae,8,7,8,5,7.9
Lithophyllum stictiforme,Posidonia oceanica,Lithophyllaceae,Posidoniaceae,66,35,57,22,7.8
Labrus merula,Serpula vermicularis,Labridae,Serpulidae,66,33,54,31,7.8
Crambe crambe,Parablennius gattorugine,Crambeidae,Blenniidae,62,41,58,29,7.8
Diplodus puntazzo,Petrosia ficiformis,Sparidae,Petrosiidae,60,32,55,21,7.8
Parablennius rouxi,Sphaerococcus coronopifolius,Blenniidae,Sphaerococcaceae,59,31,53,22,7.8
Ircinia oros,Stramonita haemastoma,Irciniidae,Muricidae,54,24,49,26,7.8
Halimeda tuna,Holothuria forskali,Halimedaceae,Holothuriidae,52,23,50,15,7.8
Arbacia lixula,Branchiomma luctuosum,Arbaciidae,Sabellidae,52,13,37,36,7.8
Balanophyllia europaea,Palinurus elephas,Dendrophylliidae,Palinuridae,51,28,43,25,7.8
Coscinasterias tenuispina,Eriphia verrucosa,Asteriidae,Eriphiidae,51,30,43,20,7.8
Chromis chromis,Ircinia oros,Pomacentridae,Irciniidae,51,26,43,30,7.8
Palinurus elephas,Protula tubularia,Palinuridae,Serpulidae,50,23,42,30,7.8
Boops boops,Sarcotragus fasciculatus,Sparidae,Irciniidae,49,31,43,20,7.8
Cliona viridis,Palinurus elephas,Clionaidae,Palinuridae,49,31,39,21,7.8
Diplodus sargus,Gobius cruentatus,Sparidae,Gobiidae,49,25,41,29,7.8
Holothuria tubulosa,Maja crispata,Holothuriidae,Majidae,47,21,43,23,7.8
Holothuria forskali,Pycnoclavella communis,Holothuriidae,Pycnoclavellidae,46,35,42,20,7.8
Lipophrys trigloides,Stramonita haemastoma,Blenniidae,Muricidae,46,34,40,27,7.8
Chondrosia reniformis,Dardanus calidus,Chondrillidae,Diogenidae,45,31,41,23,7.8
Pentapora fascialis,Scorpaena scrofa,Bitectiporidae,Scorpaenidae,45,27,44,17,7.8
Gobius paganellus,Sphyraena viridensis,Gobiidae,Sphyraenidae,44,24,33,18,7.8
Gobius paganellus,Mullus surmuletus,Gobiidae,Mullidae,43,24,39,23,7.8
Eunicella gazella,Hexaplex trunculus,Gorgoniidae,Muricidae,42,20,39,16,7.8
Chelon auratus,Schizoporella errata,Mugilidae,Schizoporellidae,41,28,33,23,7.8
Chromis chromis,Oculina patagonica,Pomacentridae,Oculinidae,41,23,35,24,7.8
Pelagia noctiluca,Sarcotragus fasciculatus,Pelagiidae,Irciniidae,40,25,36,17,7.8
Sciaena umbra,Scorpaena scrofa,Sciaenidae,Scorpaenidae,40,20,37,16,7.8
Diplodus cervinus,Echinaster sepositus,Sparidae,Echinasteridae,39,23,31,19,7.8
Lepadogaster candolii,Serranus cabrilla,Gobiesocidae,Serranidae,37,18,34,6,7.8
Amphiroa rigida,Scorpaena maderensis,Lithophyllaceae,Scorpaenidae,36,18,35,16,7.8
Symphodus roissali,Tricleocarpa fragilis,Labridae,Galaxauraceae,34,14,29,18,7.8
Pennaria disticha,Pinna rudis,Pennariidae,Pinnidae,32,21,29,21,7.8
Lipophrys trigloides,Luria lurida,Blenniidae,Cypraeidae,32,10,28,10,7.8
Eunicella singularis,Mullus surmuletus,Gorgoniidae,Mullidae,32,16,23,21,7.8
Diplodus cervinus,Eunicella singularis,Sparidae,Gorgoniidae,31,10,25,18,7.8
Dictyota cyanoloma,Gobius cobitis,Dictyotaceae,Gobiidae,31,6,25,13,7.8
Leptogorgia sarmentosa,Sciaena umbra,Gorgoniidae,Sciaenidae,29,11,25,15,7.8
Epinephelus marginatus,Muraena helena,Epinephelidae,Muraenidae,29,16,18,17,7.8
Gnathophyllum elegans,Lipophrys trigloides,Gnathophyllidae,Blenniidae,28,10,24,9,7.8
Callionymus pusillus,Pagellus erythrinus,Callionymidae,Sparidae,26,14,23,5,7.8
Ophisurus serpens,Telmatactis forskalii,Ophichthidae,Isophelliidae,25,7,22,10,7.8
Caranx crysos,Parablennius gattorugine,Carangidae,Blenniidae,25,19,20,15,7.8
Caulerpa cylindracea,Microlipophrys nigriceps,Caulerpaceae,Blenniidae,24,10,24,7,7.8
Neverita josephinia,Pachycerianthus solitarius,Naticidae,Cerianthidae,23,12,20,8,7.8
Aidablennius sphynx,Aplysia depilans,Blenniidae,Aplysiidae,23,9,20,12,7.8
Acetabularia acetabulum,Acinetospora crinita,Polyphysaceae,Acinetosporaceae,23,17,18,13,7.8
Cliona viridis,Limaria hians,Clionaidae,Limidae,22,15,22,6,7.8
Bispira volutacornis,Ircinia oros,Sabellidae,Irciniidae,21,10,21,9,7.8
Bugula neritina,Gobius cobitis,Bugulidae,Gobiidae,21,9,18,7,7.8
Penaeus kerathurus,Synodus saurus,Penaeidae,Synodontidae,19,11,19,11,7.8
Boops boops,Gari depressa,Sparidae,Psammobiidae,19,10,16,14,7.8
Lissoclinum weigelei,Pachycerianthus solitarius,Didemnidae,Cerianthidae,18,9,14,8,7.8
Clanculus jussieui,Thericium vulgatum,Trochidae,Cerithiidae,18,6,13,10,7.8
Jania rubens,Oculina patagonica,Lithophyllaceae,Oculinidae,18,11,18,9,7.8
Pagellus erythrinus,Zebrus zebrus,Sparidae,Gobiidae,16,7,15,5,7.8
Chrysymenia ventricosa,Ircinia oros,Rhodymeniaceae,Irciniidae,15,10,11,9,7.8
Jania virgata,Parablennius zvonimiri,Lithophyllaceae,Blenniidae,13,11,12,8,7.8
Halopteris filicina,Parablennius zvonimiri,Stypocaulaceae,Blenniidae,13,11,13,6,7.8
Marionia blainvillea,Prostheceraeus moseleyi,Tritoniidae,Euryleptidae,12,10,12,9,7.8
Cribrinopsis crassa,Thorogobius ephippiatus,Actiniidae,Gobiidae,12,10,11,5,7.8
Eriphia verrucosa,Jania virgata,Eriphiidae,Lithophyllaceae,12,9,10,7,7.8
Berthellina edwardsii,Luria lurida,Pleurobranchidae,Cypraeidae,11,7,9,6,7.8
Bosellia mimetica,Pomatoschistus bathi,Plakobranchidae,Gobiidae,11,9,9,5,7.8
Eunicella singularis,Pycnoclavella nana,Gorgoniidae,Pycnoclavellidae,11,9,10,8,7.8
Jania virgata,Symphodus roissali,Lithophyllaceae,Labridae,11,8,11,6,7.8
Dendrodoris limbata,Zebrus zebrus,Dendrodorididae,Gobiidae,10,5,6,5,7.8
Derbesia tenuissima,Mullus surmuletus,Derbesiaceae,Mullidae,10,5,9,9,7.8
Hemimycale mediterranea,Sabella spallanzanii,Hymedesmiidae,Sabellidae,10,7,10,7,7.8
Conus ventricosus,Echinolittorina punctata,Conidae,Littorinidae,9,9,9,9,7.8
Ericaria mediterranea,Padina pavonica,Sargassaceae,Dictyotaceae,9,8,9,7,7.8
Astroides calycularis,Hacelia attenuata,Dendrophylliidae,Ophidiasteridae,8,7,8,6,7.8
Aglaophenia elongata,Diplodus puntazzo,Aglaopheniidae,Sparidae,8,5,8,6,7.8
Arbacia lixula,Parablennius rouxi,Arbaciidae,Blenniidae,62,38,51,27,7.7
Eriphia verrucosa,Serpula vermicularis,Eriphiidae,Serpulidae,62,27,58,25,7.7
Crambe crambe,Parablennius zvonimiri,Crambeidae,Blenniidae,60,45,52,32,7.7
Acetabularia acetabulum,Parablennius pilicornis,Polyphysaceae,Blenniidae,59,28,43,34,7.7
Diplodus puntazzo,Hexaplex trunculus,Sparidae,Muricidae,58,31,47,33,7.7
Diplodus puntazzo,Gobius cobitis,Sparidae,Gobiidae,58,31,52,25,7.7
Balanophyllia europaea,Bothus podas,Dendrophylliidae,Bothidae,56,24,50,24,7.7
Apogon imberbis,Parablennius pilicornis,Apogonidae,Blenniidae,54,34,42,27,7.7
Bonellia viridis,Pycnoclavella communis,Bonelliidae,Pycnoclavellidae,53,31,48,17,7.7
Mesophyllum expansum,Parablennius zvonimiri,Lithophyllaceae,Blenniidae,53,34,49,18,7.7
Balanophyllia europaea,Oblada melanurus,Dendrophylliidae,Sparidae,52,21,41,24,7.7
Parablennius zvonimiri,Sabella spallanzanii,Blenniidae,Sabellidae,51,37,44,23,7.7
Hemimycale columella,Myriapora truncata,Hymedesmiidae,Myriaporidae,50,33,44,23,7.7
Protula tubularia,Symphodus roissali,Serpulidae,Labridae,50,27,44,26,7.7
Sphaerococcus coronopifolius,Symphodus roissali,Sphaerococcaceae,Labridae,50,32,46,27,7.7
Halocynthia papillosa,Hemimycale columella,Pyuridae,Hymedesmiidae,49,37,44,17,7.7
Gobius cruentatus,Padina pavonica,Gobiidae,Dictyotaceae,49,27,38,28,7.7
Apogon imberbis,Pennaria disticha,Apogonidae,Pennariidae,48,27,44,21,7.7
Ircinia oros,Maja crispata,Irciniidae,Majidae,48,31,47,19,7.7
Flabellia petiolata,Pennaria disticha,Codiaceae,Pennariidae,48,29,43,18,7.7
Crambe crambe,Maja crispata,Crambeidae,Majidae,47,24,41,16,7.7
Bothus podas,Symphodus tinca,Bothidae,Labridae,46,26,42,28,7.7
Hemimycale columella,Phycis phycis,Hymedesmiidae,Phycidae,45,25,39,24,7.7
Diplodus sargus,Symphodus mediterraneus,Sparidae,Labridae,45,27,37,24,7.7
Gobius incognitus,Lipophrys trigloides,Gobiidae,Blenniidae,44,25,36,19,7.7
Anthias anthias,Diplodus puntazzo,Anthiadidae,Sparidae,44,23,36,25,7.7
Boops boops,Dicentrarchus labrax,Sparidae,Moronidae,44,33,43,22,7.7
Palinurus elephas,Sabella spallanzanii,Palinuridae,Sabellidae,43,25,36,24,7.7
Gobius incognitus,Sabella spallanzanii,Gobiidae,Sabellidae,43,26,41,29,7.7
Protula tubularia,Schizoporella errata,Serpulidae,Schizoporellidae,43,20,33,25,7.7
Chromis chromis,Pentapora fascialis,Pomacentridae,Bitectiporidae,43,30,34,25,7.7
Anthias anthias,Petrosia ficiformis,Anthiadidae,Petrosiidae,42,29,39,14,7.7
Hexaplex trunculus,Schizoporella errata,Muricidae,Schizoporellidae,42,32,38,28,7.7
Dicentrarchus labrax,Symphodus tinca,Moronidae,Labridae,42,22,39,18,7.7
Conger conger,Dardanus calidus,Congridae,Diogenidae,40,23,38,20,7.7
Ircinia oros,Pinna rudis,Irciniidae,Pinnidae,38,21,37,19,7.7
Aidablennius sphynx,Schizoporella errata,Blenniidae,Schizoporellidae,38,25,33,18,7.7
Inachus phalangium,Maja crispata,Inachidae,Majidae,35,22,30,19,7.7
Ellisolandia elongata,Lipophrys trigloides,Lithophyllaceae,Blenniidae,35,28,32,19,7.7
Coscinasterias tenuispina,Diplodus vulgaris,Asteriidae,Sparidae,34,17,27,17,7.7
Cribrinopsis crassa,Leptogorgia sarmentosa,Actiniidae,Gorgoniidae,33,12,29,16,7.7
Gobius incognitus,Tricleocarpa fragilis,Gobiidae,Galaxauraceae,33,14,30,15,7.7
Percnon gibbesi,Scorpaena maderensis,Percnidae,Scorpaenidae,32,23,29,20,7.7
Eunicella singularis,Sciaena umbra,Gorgoniidae,Sciaenidae,32,7,25,19,7.7
Luisella babai,Rudmania krohni,Samlidae,Chromodorididae,31,23,29,20,7.7
Sciaena umbra,Tricleocarpa fragilis,Sciaenidae,Galaxauraceae,31,18,26,15,7.7
Felimare villafranca,Yungia aurantiaca,Chromodorididae,Pseudocerotidae,28,17,26,15,7.7
Eriphia verrucosa,Scartella cristata,Eriphiidae,Blenniidae,28,18,26,17,7.7
Percnon gibbesi,Thalassoma pavo,Percnidae,Labridae,27,20,26,16,7.7
Ophisurus serpens,Phallusia mammillata,Ophichthidae,Ascidiidae,26,7,23,8,7.7
Scartella cristata,Stramonita haemastoma,Blenniidae,Muricidae,26,20,24,20,7.7
Cliona viridis,Lissoclinum weigelei,Clionaidae,Didemnidae,24,9,23,8,7.7
Gari depressa,Gobius cruentatus,Psammobiidae,Gobiidae,22,12,18,9,7.7
Aplysia depilans,Maja crispata,Aplysiidae,Majidae,21,11,20,11,7.7
Haminoea hydatis,Lipophrys trigloides,Haminoeidae,Blenniidae,20,4,20,6,7.7
Astropecten platyacanthus,Stenopus spinosus,Astropectinidae,Stenopodidae,19,5,19,7,7.7
Scorpaena maderensis,Sparisoma cretense,Scorpaenidae,Labridae,18,16,14,12,7.7
Conger conger,Pagurus cuanensis,Congridae,Paguridae,16,7,15,5,7.7
Gobius paganellus,Sycon raphanus,Gobiidae,Sycettidae,16,9,15,9,7.7
Pagellus acarne,Periclimenes amethysteus,Sparidae,Palaemonidae,15,4,14,6,7.7
Phorbas tenacior,Sycon raphanus,Hymedesmiidae,Sycettidae,15,13,14,6,7.7
Caulerpa cylindracea,Parazoanthus brevitentacularis,Caulerpaceae,Parazoanthidae,14,10,12,8,7.7
Hamigera hamigera,Lithophyllum stictiforme,Hymedesmiidae,Lithophyllaceae,13,11,13,5,7.7
Diplodus puntazzo,Halopteris filicina,Sparidae,Stypocaulaceae,13,10,12,9,7.7
Diplodus puntazzo,Jania virgata,Sparidae,Lithophyllaceae,13,10,11,7,7.7
Neverita josephinia,Penaeus kerathurus,Naticidae,Penaeidae,12,9,12,6,7.7
Mesophyllum alternans,Sabella spallanzanii,Lithophyllaceae,Sabellidae,12,11,11,6,7.7
Echinaster sepositus,Halopteris filicina,Echinasteridae,Stypocaulaceae,11,9,11,5,7.7
Ericaria mediterranea,Parablennius zvonimiri,Sargassaceae,Blenniidae,11,8,11,7,7.7
Derbesia tenuissima,Symphodus roissali,Derbesiaceae,Labridae,11,7,11,7,7.7
Derbesia tenuissima,Dicentrarchus labrax,Derbesiaceae,Moronidae,11,8,11,6,7.7
Branchiomma moebii,Pycnoclavella communis,Sabellidae,Pycnoclavellidae,10,9,10,5,7.7
Hemimycale mediterranea,Stramonita haemastoma,Hymedesmiidae,Muricidae,10,5,10,8,7.7
Ericaria mediterranea,Gobius paganellus,Sargassaceae,Gobiidae,10,9,10,6,7.7
Caberea boryi,Prostheceraeus roseus,Candidae,Euryleptidae,9,7,9,5,7.7
Halimeda tuna,Manupecten pesfelis,Halimedaceae,Pectinidae,8,8,8,7,7.7
Boops boops,Posidonia oceanica,Sparidae,Posidoniaceae,99,48,92,33,7.6
Diplodus puntazzo,Serpula vermicularis,Sparidae,Serpulidae,68,41,60,33,7.6
Arbacia lixula,Parablennius zvonimiri,Arbaciidae,Blenniidae,61,41,57,32,7.6
Parablennius zvonimiri,Sphaerococcus coronopifolius,Blenniidae,Sphaerococcaceae,58,33,52,25,7.6
Aidablennius sphynx,Aiptasia mutabilis,Blenniidae,Aiptasiidae,54,33,49,19,7.6
Gobius paganellus,Holothuria tubulosa,Gobiidae,Holothuriidae,53,24,46,26,7.6
Diplodus puntazzo,Mesophyllum expansum,Sparidae,Lithophyllaceae,53,33,47,24,7.6
Aiptasia couchii,Apogon imberbis,Aiptasiidae,Apogonidae,53,26,49,19,7.6
Acetabularia acetabulum,Dicentrarchus labrax,Polyphysaceae,Moronidae,51,32,48,22,7.6
Echinaster sepositus,Symphodus mediterraneus,Echinasteridae,Labridae,47,26,37,18,7.6
Parablennius zvonimiri,Sphyraena viridensis,Blenniidae,Sphyraenidae,47,32,41,24,7.6
Cribrinopsis crassa,Hemimycale columella,Actiniidae,Hymedesmiidae,46,36,41,24,7.6
Ircinia oros,Thalassoma pavo,Irciniidae,Labridae,46,28,42,18,7.6
Lepadogaster candolii,Parablennius zvonimiri,Gobiesocidae,Blenniidae,46,14,42,14,7.6
Agelas oroides,Boops boops,Agelasidae,Sparidae,45,19,38,18,7.6
Boops boops,Pentapora fascialis,Sparidae,Bitectiporidae,45,31,40,19,7.6
Cliona viridis,Sciaena umbra,Clionaidae,Sciaenidae,45,21,43,11,7.6
Hemimycale columella,Holothuria forskali,Hymedesmiidae,Holothuriidae,44,25,36,18,7.6
Codium bursa,Dardanus calidus,Codiaceae,Diogenidae,44,27,40,20,7.6
Chelon auratus,Diplodus sargus,Mugilidae,Sparidae,43,27,38,36,7.6
Perforatus perforatus,Prostheceraeus roseus,Balanidae,Euryleptidae,43,28,35,19,7.6
Boops boops,Dardanus calidus,Sparidae,Diogenidae,42,21,39,18,7.6
Eunicella gazella,Labrus merula,Gorgoniidae,Labridae,42,21,40,20,7.6
Sabella spallanzanii,Symphodus tinca,Sabellidae,Labridae,42,26,38,26,7.6
Phorbas tenacior,Symphodus tinca,Hymedesmiidae,Labridae,42,28,38,19,7.6
Apogon imberbis,Diplodus cervinus,Apogonidae,Sparidae,41,22,36,23,7.6
Boops boops,Serranus scriba,Sparidae,Serranidae,41,25,34,24,7.6
Mullus surmuletus,Scorpaena maderensis,Mullidae,Scorpaenidae,41,25,38,23,7.6
Calmella cavolini,Tylodina perversa,Flabellinidae,Tylodinidae,39,15,37,11,7.6
Pycnoclavella communis,Reteporella grimaldii,Pycnoclavellidae,Phidoloporidae,39,27,32,22,7.6
Amphiroa rigida,Holothuria tubulosa,Lithophyllaceae,Holothuriidae,38,19,33,20,7.6
Amphiroa rigida,Myriapora truncata,Lithophyllaceae,Myriaporidae,38,18,36,10,7.6
Diplodus cervinus,Palinurus elephas,Sparidae,Palinuridae,37,18,33,20,7.6
Parablennius sanguinolentus,Schizoporella errata,Blenniidae,Schizoporellidae,37,24,33,19,7.6
Hacelia attenuata,Muraena helena,Ophidiasteridae,Muraenidae,36,30,35,18,7.6
Bolma rugosa,Sphaerococcus coronopifolius,Turbinidae,Sphaerococcaceae,36,21,35,14,7.6
Parablennius gattorugine,Percnon gibbesi,Blenniidae,Percnidae,36,30,32,22,7.6
Leptogorgia sarmentosa,Sphaerococcus coronopifolius,Gorgoniidae,Sphaerococcaceae,35,23,33,17,7.6
Inachus phalangium,Lepadogaster candolii,Inachidae,Gobiesocidae,34,14,33,11,7.6
Pseudodistoma crucigaster,Sarcotragus fasciculatus,Pseudodistomidae,Irciniidae,33,19,32,15,7.6
Anthias anthias,Prostheceraeus roseus,Anthiadidae,Euryleptidae,33,22,26,18,7.6
Diplodus sargus,Tricleocarpa fragilis,Sparidae,Galaxauraceae,31,13,29,15,7.6
Leptogorgia sarmentosa,Pycnoclavella communis,Gorgoniidae,Pycnoclavellidae,31,16,28,13,7.6
Conger conger,Pomatoschistus bathi,Congridae,Gobiidae,30,16,26,10,7.6
Oblada melanurus,Scartella cristata,Sparidae,Blenniidae,26,16,21,15,7.6
Acetabularia acetabulum,Electra posidoniae,Polyphysaceae,Electridae,24,17,22,11,7.6
Epinephelus marginatus,Lithophyllum stictiforme,Epinephelidae,Lithophyllaceae,22,17,22,13,7.6
Centrolabrus melanocercus,Gobius cobitis,Labridae,Gobiidae,22,9,14,9,7.6
Gnathophyllum elegans,Pagellus acarne,Gnathophyllidae,Sparidae,20,8,20,5,7.6
Felimare villafranca,Polysyncraton lacazei,Chromodorididae,Didemnidae,20,17,20,9,7.6
Bispira volutacornis,Chondrosia reniformis,Sabellidae,Chondrillidae,18,9,18,12,7.6
Luria lurida,Simnia spelta,Cypraeidae,Ovulidae,17,10,17,11,7.6
Limaria hians,Ophisurus serpens,Limidae,Ophichthidae,17,12,16,9,7.6
Ophidiaster ophidianus,Pseudodistoma crucigaster,Ophidiasteridae,Pseudodistomidae,17,12,16,7,7.6
Eudendrium racemosum,Hemimycale columella,Eudendriidae,Hymedesmiidae,16,15,16,6,7.6
Sarcotragus fasciculatus,Sycon raphanus,Irciniidae,Sycettidae,16,12,15,8,7.6
Jania rubens,Pelagia noctiluca,Lithophyllaceae,Pelagiidae,15,12,15,9,7.6
Cestum veneris,Diaphorodoris papillata,Cestidae,Calycidorididae,14,11,14,8,7.6
Diaphorodoris alba,Parazoanthus brevitentacularis,Calycidorididae,Parazoanthidae,14,10,14,5,7.6
Pagellus acarne,Torpedo torpedo,Sparidae,Torpedinidae,13,6,9,9,7.6
Ariosoma balearicum,Muricopsis cristata,Congridae,Muricidae,13,4,13,5,7.6
Simnia spelta,Thylacodes arenarius,Ovulidae,Vermetidae,12,9,12,8,7.6
Holothuria forskali,Pseudobiceros splendidus,Holothuriidae,Pseudocerotidae,12,7,11,5,7.6
Lithophyllum stictiforme,Parazoanthus brevitentacularis,Lithophyllaceae,Parazoanthidae,12,9,12,8,7.6
Chrysymenia ventricosa,Scorpaena scrofa,Rhodymeniaceae,Scorpaenidae,12,9,10,9,7.6
Halopteris filicina,Hexaplex trunculus,Stypocaulaceae,Muricidae,12,10,12,6,7.6
Mesophyllum alternans,Stramonita haemastoma,Lithophyllaceae,Muricidae,12,9,11,6,7.6
Lima lima,Parablennius gattorugine,Limidae,Blenniidae,11,9,11,7,7.6
Ericaria mediterranea,Parablennius gattorugine,Sargassaceae,Blenniidae,11,11,11,9,7.6
Derbesia tenuissima,Oblada melanurus,Derbesiaceae,Sparidae,11,8,11,9,7.6
Derbesia tenuissima,Pennaria disticha,Derbesiaceae,Pennariidae,11,11,11,8,7.6
Jania virgata,Oblada melanurus,Lithophyllaceae,Sparidae,11,8,10,6,7.6
Acanthonyx lunulatus,Rugulopteryx okamurae,Epialtidae,Dictyotaceae,10,8,9,6,7.6
Astropecten platyacanthus,Limaria hians,Astropectinidae,Limidae,10,8,9,6,7.6
Electra posidoniae,Thylacodes arenarius,Electridae,Vermetidae,10,9,10,7,7.6
Eriphia verrucosa,Lima lima,Eriphiidae,Limidae,10,9,10,8,7.6
Ericaria mediterranea,Sarcotragus fasciculatus,Sargassaceae,Irciniidae,10,10,10,8,7.6
Eunicella singularis,Labrus viridis,Gorgoniidae,Labridae,10,6,10,9,7.6
Cistus salviifolius,Paronychia argentea,Cistaceae,Caryophyllaceae,9,7,7,6,7.6
Anthias anthias,Dictyonella incisa,Anthiadidae,Dictyonellidae,8,7,8,5,7.6
Codium bursa,Polycyathus muellerae,Codiaceae,Caryophylliidae,8,7,8,5,7.6
Posidonia oceanica,Sciaena umbra,Posidoniaceae,Sciaenidae,89,29,70,35,7.5
Actinia mediterranea,Arbacia lixula,Actiniidae,Arbaciidae,69,38,63,32,7.5
Balanophyllia europaea,Parablennius gattorugine,Dendrophylliidae,Blenniidae,59,31,51,24,7.5
Halocynthia papillosa,Parablennius gattorugine,Pyuridae,Blenniidae,57,29,54,23,7.5
Coscinasterias tenuispina,Parablennius zvonimiri,Asteriidae,Blenniidae,53,37,46,30,7.5
Hemimycale columella,Parablennius rouxi,Hymedesmiidae,Blenniidae,50,41,48,27,7.5
Parablennius rouxi,Sabella spallanzanii,Blenniidae,Sabellidae,50,33,44,22,7.5
Aiptasia mutabilis,Diplodus sargus,Aiptasiidae,Sparidae,50,25,45,28,7.5
Cribrinopsis crassa,Diaphorodoris papillata,Actiniidae,Calycidorididae,49,35,46,22,7.5
Petrosia ficiformis,Pycnoclavella communis,Petrosiidae,Pycnoclavellidae,49,29,49,15,7.5
Chelon auratus,Eriphia verrucosa,Mugilidae,Eriphiidae,49,26,44,26,7.5
Gobius paganellus,Scorpaena maderensis,Gobiidae,Scorpaenidae,48,19,40,15,7.5
Apogon imberbis,Stramonita haemastoma,Apogonidae,Muricidae,47,23,39,19,7.5
Dardanus calidus,Protula tubularia,Diogenidae,Serpulidae,47,27,40,28,7.5
Bonellia viridis,Mullus surmuletus,Bonelliidae,Mullidae,46,24,42,23,7.5
Coscinasterias tenuispina,Stramonita haemastoma,Asteriidae,Muricidae,46,24,41,27,7.5
Cliona viridis,Dardanus calidus,Clionaidae,Diogenidae,46,33,42,18,7.5
Branchiomma luctuosum,Perforatus perforatus,Sabellidae,Balanidae,46,16,39,18,7.5
Eriphia verrucosa,Thericium vulgatum,Eriphiidae,Cerithiidae,46,31,42,32,7.5
Gobius paganellus,Stramonita haemastoma,Gobiidae,Muricidae,46,30,44,27,7.5
Coscinasterias tenuispina,Dicentrarchus labrax,Asteriidae,Moronidae,45,24,41,21,7.5
Cliona viridis,Diplodus sargus,Clionaidae,Sparidae,45,25,41,18,7.5
Cliona viridis,Sphyraena viridensis,Clionaidae,Sphyraenidae,44,29,42,15,7.5
Gobius paganellus,Symphodus tinca,Gobiidae,Labridae,44,25,39,23,7.5
Dardanus calidus,Scorpaena maderensis,Diogenidae,Scorpaenidae,43,28,38,20,7.5
Aiptasia mutabilis,Caloria quatrefagesi,Aiptasiidae,Facelinidae,43,18,42,15,7.5
Aidablennius sphynx,Boops boops,Blenniidae,Sparidae,43,24,36,16,7.5
Cliona viridis,Schizoporella errata,Clionaidae,Schizoporellidae,41,20,38,16,7.5
Boops boops,Sciaena umbra,Sparidae,Sciaenidae,40,22,39,20,7.5
Conger conger,Pagellus erythrinus,Congridae,Sparidae,39,21,37,15,7.5
Bothus podas,Pelagia noctiluca,Bothidae,Pelagiidae,39,22,34,17,7.5
Gobius paganellus,Pelagia noctiluca,Gobiidae,Pelagiidae,38,18,33,16,7.5
Amphiroa rigida,Labrus merula,Lithophyllaceae,Labridae,37,23,35,17,7.5
Phorbas tenacior,Schizoporella errata,Hymedesmiidae,Schizoporellidae,37,13,31,13,7.5
Eunicella gazella,Palinurus elephas,Gorgoniidae,Palinuridae,36,18,32,11,7.5
Chelon auratus,Microlipophrys dalmatinus,Mugilidae,Blenniidae,36,20,33,16,7.5
Branchiomma luctuosum,Schizoporella errata,Sabellidae,Schizoporellidae,36,19,30,26,7.5
Muraena helena,Palinurus elephas,Muraenidae,Palinuridae,35,15,26,19,7.5
Balanophyllia europaea,Leptogorgia sarmentosa,Dendrophylliidae,Gorgoniidae,35,22,31,21,7.5
Maja crispata,Mullus surmuletus,Majidae,Mullidae,35,20,32,15,7.5
Aidablennius sphynx,Pagellus acarne,Blenniidae,Sparidae,32,22,27,14,7.5
Inachus phalangium,Pachycerianthus solitarius,Inachidae,Cerianthidae,31,14,28,17,7.5
Halimeda tuna,Seriola dumerili,Halimedaceae,Carangidae,31,21,28,15,7.5
Microlipophrys dalmatinus,Serranus cabrilla,Blenniidae,Serranidae,31,18,30,8,7.5
Asparagopsis taxiformis,Maja crispata,Bonnemaisoniaceae,Majidae,31,10,24,12,7.5
Felimare fontandraui,Reteporella grimaldii,Chromodorididae,Phidoloporidae,30,26,28,20,7.5
Padina pavonica,Pinna rudis,Dictyotaceae,Pinnidae,29,20,28,16,7.5
Hacelia attenuata,Lithophyllum stictiforme,Ophidiasteridae,Lithophyllaceae,28,21,24,14,7.5
Pennaria disticha,Seriola dumerili,Pennariidae,Carangidae,27,16,26,14,7.5
Ophisurus serpens,Rugulopteryx okamurae,Ophichthidae,Dictyotaceae,24,11,21,5,7.5
Amphiroa rigida,Bolma rugosa,Lithophyllaceae,Turbinidae,24,16,24,9,7.5
Eunicella gazella,Seriola dumerili,Gorgoniidae,Carangidae,23,12,16,12,7.5
Epinephelus marginatus,Seriola dumerili,Epinephelidae,Carangidae,21,20,20,14,7.5
Goniodoridella picoensis,Prostheceraeus roseus,Goniodorididae,Euryleptidae,21,18,18,16,7.5
Felimida binza,Hemimycale columella,Chromodorididae,Hymedesmiidae,20,11,15,12,7.5
Electra posidoniae,Sabella spallanzanii,Electridae,Sabellidae,20,13,18,11,7.5
Parablennius rouxi,Phoronis hippocrepia,Blenniidae,Phoronidae,20,11,20,9,7.5
Polysyncraton lacazei,Reteporella grimaldii,Didemnidae,Phidoloporidae,19,11,17,12,7.5
Nerocila bivittata,Posidonia oceanica,Cymothoidae,Posidoniaceae,19,9,18,7,7.5
Asparagopsis taxiformis,Ophidiaster ophidianus,Bonnemaisoniaceae,Ophidiasteridae,19,14,19,7,7.5
Gnathophyllum elegans,Yungia aurantiaca,Gnathophyllidae,Pseudocerotidae,18,6,16,7,7.5
Acinetospora crinita,Eunicella gazella,Acinetosporaceae,Gorgoniidae,16,14,16,7,7.5
Eudendrium racemosum,Reteporella grimaldii,Eudendriidae,Phidoloporidae,14,10,14,5,7.5
Corynactis viridis,Hemimycale columella,Corallimorphidae,Hymedesmiidae,13,10,13,6,7.5
Berthellina edwardsii,Inachus phalangium,Pleurobranchidae,Inachidae,13,9,13,5,7.5
Felimida binza,Nemesignis banyulensis,Chromodorididae,Myrrhinidae,13,7,8,9,7.5
Acinetospora crinita,Pseudodistoma crucigaster,Acinetosporaceae,Pseudodistomidae,13,10,13,8,7.5
Foeniculum vulgare,Urospermum dalechampii,Apiaceae,Asteraceae,11,11,10,10,7.5
Hemimycale mediterranea,Myriapora truncata,Hymedesmiidae,Myriaporidae,11,7,11,7,7.5
Hemimycale mediterranea,Protula tubularia,Hymedesmiidae,Serpulidae,11,9,11,9,7.5
Aglaja tricolorata,Ophisurus serpens,Aglajidae,Ophichthidae,10,7,10,6,7.5
Felimida binza,Polysyncraton lacazei,Chromodorididae,Didemnidae,10,9,10,8,7.5
Diplodus sargus,Halopteris filicina,Sparidae,Stypocaulaceae,10,7,10,8,7.5
Haliclona mucosa,Luisella babai,Chalinidae,Samlidae,9,9,9,5,7.5
Alcyonium acaule,Electra posidoniae,Alcyoniidae,Electridae,9,5,6,6,7.5
Loripes orbiculatus,Pinctada radiata,Lucinidae,Pteriidae,9,8,9,7,7.5
Semicassis undulata,Torpedo torpedo,Cassidae,Torpedinidae,8,7,7,5,7.5
Clinitrachus argentatus,Gobius paganellus,Clinidae,Gobiidae,8,5,7,5,7.5
Lipophrys trigloides,Serpula vermicularis,Blenniidae,Serpulidae,57,27,53,19,7.4
Ircinia oros,Labrus merula,Irciniidae,Labridae,57,32,53,26,7.4
Parablennius gattorugine,Protula tubularia,Blenniidae,Serpulidae,57,34,53,26,7.4
Holothuria tubulosa,Parablennius zvonimiri,Holothuriidae,Blenniidae,57,30,51,27,7.4
Aidablennius sphynx,Serpula vermicularis,Blenniidae,Serpulidae,55,20,52,17,7.4
Perforatus perforatus,Petrosia ficiformis,Balanidae,Petrosiidae,53,33,47,16,7.4
Acetabularia acetabulum,Scorpaena maderensis,Polyphysaceae,Scorpaenidae,53,20,49,24,7.4
Bothus podas,Parablennius pilicornis,Bothidae,Blenniidae,52,31,41,42,7.4
Holothuria forskali,Parablennius rouxi,Holothuriidae,Blenniidae,50,32,48,19,7.4
Ircinia oros,Palinurus elephas,Irciniidae,Palinuridae,50,28,46,17,7.4
Acetabularia acetabulum,Diplodus sargus,Polyphysaceae,Sparidae,47,30,43,30,7.4
Dardanus calidus,Flabellia petiolata,Diogenidae,Codiaceae,44,28,38,18,7.4
Chondrosia reniformis,Hemimycale columella,Chondrillidae,Hymedesmiidae,44,27,38,21,7.4
Agelas oroides,Pennaria disticha,Agelasidae,Pennariidae,44,19,39,18,7.4
Scorpaena maderensis,Symphodus roissali,Scorpaenidae,Labridae,44,29,37,24,7.4
Palinurus elephas,Pentapora fascialis,Palinuridae,Bitectiporidae,43,31,37,17,7.4
Gobius cobitis,Sphyraena viridensis,Gobiidae,Sphyraenidae,43,25,32,21,7.4
Lipophrys trigloides,Symphodus roissali,Blenniidae,Labridae,43,24,35,18,7.4
Flabellia petiolata,Sciaena umbra,Codiaceae,Sciaenidae,42,18,38,20,7.4
Petrosia ficiformis,Thalassoma pavo,Petrosiidae,Labridae,42,23,39,18,7.4
Boops boops,Parablennius sanguinolentus,Sparidae,Blenniidae,42,24,34,17,7.4
Boops boops,Symphodus tinca,Sparidae,Labridae,41,29,35,28,7.4
Aidablennius sphynx,Symphodus tinca,Blenniidae,Labridae,41,25,37,26,7.4
Flabellia petiolata,Inachus phalangium,Codiaceae,Inachidae,40,21,34,18,7.4
Agelas oroides,Maja crispata,Agelasidae,Majidae,40,24,35,16,7.4
Pennaria disticha,Sphyraena viridensis,Pennariidae,Sphyraenidae,39,22,36,16,7.4
Agelas oroides,Diplodus cervinus,Agelasidae,Sparidae,38,13,33,13,7.4
Aidablennius sphynx,Lepadogaster candolii,Blenniidae,Gobiesocidae,38,15,29,15,7.4
Eriphia verrucosa,Microlipophrys dalmatinus,Eriphiidae,Blenniidae,36,17,33,17,7.4
Serpula vermicularis,Telmatactis forskalii,Serpulidae,Isophelliidae,35,19,34,17,7.4
Prostheceraeus roseus,Schizoporella errata,Euryleptidae,Schizoporellidae,33,14,28,12,7.4
Eunicella singularis,Scorpaena scrofa,Gorgoniidae,Scorpaenidae,33,18,29,20,7.4
Epinephelus marginatus,Pennaria disticha,Epinephelidae,Pennariidae,33,21,30,17,7.4
Epinephelus marginatus,Oculina patagonica,Epinephelidae,Oculinidae,32,22,30,18,7.4
Amphiroa rigida,Hemimycale columella,Lithophyllaceae,Hymedesmiidae,32,20,28,15,7.4
Schizoporella errata,Thalassoma pavo,Schizoporellidae,Labridae,32,17,29,18,7.4
Dardanus calidus,Tricleocarpa fragilis,Diogenidae,Galaxauraceae,31,19,28,17,7.4
Hexaplex trunculus,Striarca lactea,Muricidae,Noetiidae,31,7,31,5,7.4
Bothus podas,Scartella cristata,Bothidae,Blenniidae,27,12,21,14,7.4
Inachus phalangium,Luria lurida,Inachidae,Cypraeidae,26,10,25,13,7.4
Tylodina perversa,Yungia aurantiaca,Tylodinidae,Pseudocerotidae,25,12,22,12,7.4
Ircinia oros,Lissoclinum weigelei,Irciniidae,Didemnidae,25,8,24,12,7.4
Asparagopsis taxiformis,Pinna rudis,Bonnemaisoniaceae,Pinnidae,24,17,21,13,7.4
Arbacia lixula,Hamigera hamigera,Arbaciidae,Hymedesmiidae,23,17,20,13,7.4
Dictyota cyanoloma,Schizoporella errata,Dictyotaceae,Schizoporellidae,23,14,19,15,7.4
Ircinia oros,Jania rubens,Irciniidae,Lithophyllaceae,21,15,21,13,7.4
Scartella cristata,Xyrichtys novacula,Blenniidae,Labridae,20,13,17,8,7.4
Bispira volutacornis,Flabellia petiolata,Sabellidae,Codiaceae,18,13,18,13,7.4
Clathria jolicoeuri,Mesophyllum expansum,Microcionidae,Lithophyllaceae,18,11,18,5,7.4
Acinetospora crinita,Sciaena umbra,Acinetosporaceae,Sciaenidae,17,9,16,8,7.4
Eudendrium racemosum,Symphodus mediterraneus,Eudendriidae,Labridae,17,10,17,5,7.4
Chelon auratus,Echinocardium cordatum,Mugilidae,Loveniidae,17,9,17,6,7.4
Bugula neritina,Ophisurus serpens,Bugulidae,Ophichthidae,16,7,16,6,7.4
Callista chione,Peronaea planata,Veneridae,Tellinidae,16,15,16,11,7.4
Percnon gibbesi,Pinctada radiata,Percnidae,Pteriidae,16,13,16,6,7.4
Berghia coerulescens,Caloria quatrefagesi,Aeolidiidae,Facelinidae,14,10,13,8,7.4
Aplysia depilans,Telmatactis forskalii,Aplysiidae,Isophelliidae,14,5,12,5,7.4
Facelina rubrovittata,Felimida binza,Facelinidae,Chromodorididae,12,10,10,9,7.4
Cribrinopsis crassa,Haliclona mucosa,Actiniidae,Chalinidae,12,8,12,5,7.4
Echinocardium cordatum,Pagellus acarne,Loveniidae,Sparidae,12,9,10,7,7.4
Actinia mediterranea,Lima lima,Actiniidae,Limidae,12,9,12,6,7.4
Jania virgata,Sphaerococcus coronopifolius,Lithophyllaceae,Sphaerococcaceae,12,9,12,5,7.4
Achelous hastatus,Synodus saurus,Portunidae,Synodontidae,11,10,11,10,7.4
Naticarius hebraeus,Pagurus cuanensis,Naticidae,Paguridae,11,4,10,6,7.4
Electra posidoniae,Simnia spelta,Electridae,Ovulidae,11,6,9,8,7.4
Hemimycale mediterranea,Scorpaena maderensis,Hymedesmiidae,Scorpaenidae,10,7,10,8,7.4
Lima lima,Sabella spallanzanii,Limidae,Sabellidae,9,6,9,7,7.4
Acinetospora crinita,Thylacodes arenarius,Acinetosporaceae,Vermetidae,9,8,9,6,7.4
Bothus podas,Gymnammodytes cicerelus,Bothidae,Ammodytidae,9,8,9,6,7.4
Pinnoctopus macropus,Placida dendritica,Octopodidae,Stiligeridae,8,6,7,5,7.4
Convolvulus althaeoides,Dittrichia viscosa,Convolvulaceae,Asteraceae,8,7,7,6,7.4
Labrus merula,Petrosia ficiformis,Labridae,Petrosiidae,53,26,49,20,7.3
Arbacia lixula,Scorpaena maderensis,Arbaciidae,Scorpaenidae,53,29,46,32,7.3
Holothuria forskali,Ircinia oros,Holothuriidae,Irciniidae,51,26,50,12,7.3
Aiptasia mutabilis,Branchiomma luctuosum,Aiptasiidae,Sabellidae,51,6,35,28,7.3
Boops boops,Crambe crambe,Sparidae,Crambeidae,49,27,38,27,7.3
Chelon auratus,Perforatus perforatus,Mugilidae,Balanidae,49,33,47,26,7.3
Echinaster sepositus,Holothuria tubulosa,Echinasteridae,Holothuriidae,48,32,41,22,7.3
Halimeda tuna,Scorpaena scrofa,Halimedaceae,Scorpaenidae,47,22,42,16,7.3
Labrus merula,Palinurus elephas,Labridae,Palinuridae,46,22,37,23,7.3
Dardanus calidus,Halimeda tuna,Diogenidae,Halimedaceae,46,28,40,17,7.3
Oculina patagonica,Protula tubularia,Oculinidae,Serpulidae,46,26,41,27,7.3
Chondrosia reniformis,Echinaster sepositus,Chondrillidae,Echinasteridae,44,23,35,16,7.3
Diplodus cervinus,Halimeda tuna,Sparidae,Halimedaceae,42,18,39,16,7.3
Pennaria disticha,Thericium vulgatum,Pennariidae,Cerithiidae,42,21,39,24,7.3
Dardanus calidus,Mesophyllum expansum,Diogenidae,Lithophyllaceae,41,24,40,16,7.3
Maja crispata,Pentapora fascialis,Majidae,Bitectiporidae,39,24,37,17,7.3
Codium bursa,Reteporella grimaldii,Codiaceae,Phidoloporidae,39,31,35,20,7.3
Labrus merula,Pelagia noctiluca,Labridae,Pelagiidae,39,28,31,20,7.3
Agelas oroides,Thalassoma pavo,Agelasidae,Labridae,38,21,33,18,7.3
Pelagia noctiluca,Stramonita haemastoma,Pelagiidae,Muricidae,35,24,31,27,7.3
Pagellus erythrinus,Stenopus spinosus,Sparidae,Stenopodidae,34,13,32,11,7.3
Perforatus perforatus,Pinna rudis,Balanidae,Pinnidae,33,22,32,18,7.3
Asparagopsis taxiformis,Symphodus tinca,Bonnemaisoniaceae,Labridae,32,10,26,24,7.3
Microlipophrys nigriceps,Symphodus mediterraneus,Blenniidae,Labridae,32,11,23,8,7.3
Chondrosia reniformis,Microlipophrys nigriceps,Chondrillidae,Blenniidae,31,12,28,8,7.3
Caloria quatrefagesi,Rudmania krohni,Facelinidae,Chromodorididae,30,18,28,15,7.3
Diaphorodoris alba,Prostheceraeus roseus,Calycidorididae,Euryleptidae,29,21,22,16,7.3
Pagellus acarne,Sciaena umbra,Sparidae,Sciaenidae,29,14,24,8,7.3
Pagellus acarne,Stenopus spinosus,Sparidae,Stenopodidae,26,12,25,10,7.3
Hexaplex trunculus,Steromphala varia,Muricidae,Trochidae,26,4,25,8,7.3
Felimare villafranca,Nemesignis banyulensis,Chromodorididae,Myrrhinidae,25,20,21,14,7.3
Epinephelus costae,Hacelia attenuata,Epinephelidae,Ophidiasteridae,25,12,21,7,7.3
Lithophyllum stictiforme,Sciaena umbra,Lithophyllaceae,Sciaenidae,25,14,24,9,7.3
Pagellus acarne,Torpedo marmorata,Sparidae,Torpedinidae,24,13,20,12,7.3
Inachus phalangium,Telmatactis forskalii,Inachidae,Isophelliidae,23,11,22,10,7.3
Nemesignis banyulensis,Schizoporella errata,Myrrhinidae,Schizoporellidae,23,7,19,9,7.3
Eriphia verrucosa,Lissoclinum weigelei,Eriphiidae,Didemnidae,22,9,22,12,7.3
Hamigera hamigera,Perforatus perforatus,Hymedesmiidae,Balanidae,21,14,21,13,7.3
Conus ventricosus,Tritia mutabilis,Conidae,Nassariidae,20,13,20,12,7.3
Eunicella gazella,Simnia spelta,Gorgoniidae,Ovulidae,20,13,18,10,7.3
Myriapora truncata,Parazoanthus brevitentacularis,Myriaporidae,Parazoanthidae,20,15,20,12,7.3
Centrolabrus melanocercus,Sabella spallanzanii,Labridae,Sabellidae,19,15,19,14,7.3
Bispira volutacornis,Pentapora fascialis,Sabellidae,Bitectiporidae,17,11,17,9,7.3
Luria lurida,Pinctada radiata,Cypraeidae,Pteriidae,16,7,16,5,7.3
Maja crispata,Polititapes aureus,Majidae,Veneridae,16,10,15,5,7.3
Bosellia mimetica,Diaphorodoris papillata,Plakobranchidae,Calycidorididae,15,14,15,8,7.3
Diaphorodoris alba,Felimida binza,Calycidorididae,Chromodorididae,15,12,13,9,7.3
Lissoclinum weigelei,Pomatoschistus bathi,Didemnidae,Gobiidae,15,12,15,6,7.3
Phoronis hippocrepia,Rudmania krohni,Phoronidae,Chromodorididae,15,10,15,9,7.3
Pseudocaranx dentex,Xyrichtys novacula,Carangidae,Labridae,15,8,15,9,7.3
Myxicola infundibulum,Schizoporella errata,Sabellidae,Schizoporellidae,15,7,13,8,7.3
Conus ventricosus,Pinctada radiata,Conidae,Pteriidae,14,10,14,7,7.3
Bonellia viridis,Chrysymenia ventricosa,Bonelliidae,Rhodymeniaceae,14,10,14,9,7.3
Acetabularia acetabulum,Chrysymenia ventricosa,Polyphysaceae,Rhodymeniaceae,14,10,11,8,7.3
Lissoclinum weigelei,Rugulopteryx okamurae,Didemnidae,Dictyotaceae,13,8,11,7,7.3
Bispira volutacornis,Eunicella singularis,Sabellidae,Gorgoniidae,13,7,13,7,7.3
Echinaster sepositus,Pycnoclavella nana,Echinasteridae,Pycnoclavellidae,13,10,11,7,7.3
Aiptasia mutabilis,Jania virgata,Aiptasiidae,Lithophyllaceae,13,10,13,6,7.3
Gobius paganellus,Labrus viridis,Gobiidae,Labridae,13,10,12,9,7.3
Aeolidiella alderi,Microlipophrys dalmatinus,Aeolidiidae,Blenniidae,11,4,11,5,7.3
Electra posidoniae,Steromphala varia,Electridae,Trochidae,11,11,10,6,7.3
Pachycerianthus solitarius,Petalifera petalifera,Cerianthidae,Aplysiidae,11,5,9,6,7.3
Hemimycale mediterranea,Parablennius zvonimiri,Hymedesmiidae,Blenniidae,11,6,10,7,7.3
Crambe crambe,Hemimycale mediterranea,Crambeidae,Hymedesmiidae,11,7,11,9,7.3
Caberea boryi,Cribrinopsis crassa,Candidae,Actiniidae,10,8,10,6,7.3
Aplysina cavernicola,Prostheceraeus moseleyi,Aplysinidae,Euryleptidae,10,7,9,6,7.3
Ascandra contorta,Reteporella grimaldii,Leucaltidae,Phidoloporidae,10,8,9,8,7.3
Corynactis viridis,Felimare fontandraui,Corallimorphidae,Chromodorididae,10,8,9,6,7.3
Neverita josephinia,Pagurus cuanensis,Naticidae,Paguridae,10,7,8,6,7.3
Chamelea gallina,Pecten jacobaeus,Veneridae,Pectinidae,10,9,10,8,7.3
Coscinasterias tenuispina,Hemimycale mediterranea,Asteriidae,Hymedesmiidae,10,7,10,6,7.3
Inachus phalangium,Mesophyllum alternans,Inachidae,Lithophyllaceae,10,9,10,6,7.3
Conger conger,Sicyonia carinata,Congridae,Sicyoniidae,9,6,8,5,7.3
Cliona viridis,Microcosmus sabatieri,Clionaidae,Pyuridae,9,4,9,6,7.3
Felimare fontandraui,Pseudobiceros splendidus,Chromodorididae,Pseudocerotidae,9,5,7,7,7.3
Lima lima,Oblada melanurus,Limidae,Sparidae,9,6,9,7,7.3
Serranus atricauda,Sparisoma cretense,Serranidae,Labridae,9,9,9,9,7.3
Pagellus acarne,Veretillum cynomorium,Sparidae,Veretillidae,8,6,6,6,7.3
Microcosmus sabatieri,Sabella spallanzanii,Pyuridae,Sabellidae,8,6,8,7,7.3
Balanophyllia europaea,Margaretta cereoides,Dendrophylliidae,Margarettidae,8,6,8,5,7.3
Aiptasia mutabilis,Parablennius rouxi,Aiptasiidae,Blenniidae,60,37,53,28,7.2
Actinia mediterranea,Coscinasterias tenuispina,Actiniidae,Asteriidae,58,32,53,20,7.2
Posidonia oceanica,Seriola dumerili,Posidoniaceae,Carangidae,58,30,46,30,7.2
Myriapora truncata,Parablennius gattorugine,Myriaporidae,Blenniidae,56,36,52,19,7.2
Acetabularia acetabulum,Bothus podas,Polyphysaceae,Bothidae,53,28,47,21,7.2
Bothus podas,Gobius cruentatus,Bothidae,Gobiidae,53,15,44,21,7.2
Mesophyllum expansum,Parablennius gattorugine,Lithophyllaceae,Blenniidae,50,29,46,17,7.2
Bonellia viridis,Hemimycale columella,Bonelliidae,Hymedesmiidae,49,31,45,20,7.2
Aiptasia couchii,Coscinasterias tenuispina,Aiptasiidae,Asteriidae,49,19,45,23,7.2
Diplodus puntazzo,Sabella spallanzanii,Sparidae,Sabellidae,49,28,40,28,7.2
Acetabularia acetabulum,Boops boops,Polyphysaceae,Sparidae,49,27,44,22,7.2
Chelon auratus,Labrus merula,Mugilidae,Labridae,49,28,46,29,7.2
Gobius cruentatus,Sabella spallanzanii,Gobiidae,Sabellidae,48,29,45,29,7.2
Bonellia viridis,Oculina patagonica,Bonelliidae,Oculinidae,48,21,45,19,7.2
Holothuria tubulosa,Oculina patagonica,Holothuriidae,Oculinidae,46,21,38,27,7.2
Pelagia noctiluca,Serpula vermicularis,Pelagiidae,Serpulidae,45,25,44,18,7.2
Diplodus puntazzo,Prostheceraeus roseus,Sparidae,Euryleptidae,44,26,37,24,7.2
Gobius cobitis,Symphodus tinca,Gobiidae,Labridae,44,23,36,29,7.2
Sabella spallanzanii,Scorpaena maderensis,Sabellidae,Scorpaenidae,43,28,39,27,7.2
Halocynthia papillosa,Sphyraena viridensis,Pyuridae,Sphyraenidae,42,27,38,18,7.2
Lipophrys trigloides,Oculina patagonica,Blenniidae,Oculinidae,41,22,39,17,7.2
Acetabularia acetabulum,Epinephelus marginatus,Polyphysaceae,Epinephelidae,38,16,33,17,7.2
Muraena helena,Symphodus mediterraneus,Muraenidae,Labridae,37,24,27,18,7.2
Oculina patagonica,Sphyraena viridensis,Oculinidae,Sphyraenidae,37,21,34,20,7.2
Gobius incognitus,Sphyraena viridensis,Gobiidae,Sphyraenidae,37,29,31,26,7.2
Diplodus cervinus,Phorbas tenacior,Sparidae,Hymedesmiidae,36,16,34,13,7.2
Eunicella gazella,Thericium vulgatum,Gorgoniidae,Cerithiidae,35,15,32,21,7.2
Aidablennius sphynx,Pelagia noctiluca,Blenniidae,Pelagiidae,34,22,30,17,7.2
Calmella cavolini,Diaphorodoris alba,Flabellinidae,Calycidorididae,33,23,32,14,7.2
Holothuria forskali,Luisella babai,Holothuriidae,Samlidae,33,24,31,16,7.2
Gobius cobitis,Luria lurida,Gobiidae,Cypraeidae,32,10,25,12,7.2
Gobius paganellus,Luria lurida,Gobiidae,Cypraeidae,31,11,29,10,7.2
Asparagopsis taxiformis,Padina pavonica,Bonnemaisoniaceae,Dictyotaceae,31,19,25,21,7.2
Eunicella singularis,Sphyraena viridensis,Gorgoniidae,Sphyraenidae,30,17,23,21,7.2
Dicentrarchus labrax,Pomatoschistus bathi,Moronidae,Gobiidae,30,10,22,9,7.2
Parablennius sanguinolentus,Pomatoschistus bathi,Blenniidae,Gobiidae,30,12,19,10,7.2
Epinephelus marginatus,Maja crispata,Epinephelidae,Majidae,29,18,28,19,7.2
Boops boops,Pseudodistoma crucigaster,Sparidae,Pseudodistomidae,29,21,27,17,7.2
Pseudodistoma crucigaster,Scorpaena scrofa,Pseudodistomidae,Scorpaenidae,28,13,21,16,7.2
Gobius paganellus,Telmatactis forskalii,Gobiidae,Isophelliidae,28,13,26,13,7.2
Apogon imberbis,Seriola dumerili,Apogonidae,Carangidae,28,21,23,16,7.2
Lepadogaster candolii,Luria lurida,Gobiesocidae,Cypraeidae,26,13,25,9,7.2
Pinna rudis,Thalassoma pavo,Pinnidae,Labridae,26,22,23,16,7.2
Epinephelus costae,Scorpaena maderensis,Epinephelidae,Scorpaenidae,26,16,23,13,7.2
Chrysymenia ventricosa,Posidonia oceanica,Rhodymeniaceae,Posidoniaceae,26,21,22,14,7.2
Aidablennius sphynx,Dictyota cyanoloma,Blenniidae,Dictyotaceae,26,9,24,11,7.2
Pagellus acarne,Tritia mutabilis,Sparidae,Nassariidae,24,12,19,6,7.2
Ircinia oros,Limaria hians,Irciniidae,Limidae,22,15,22,8,7.2
Pseudodistoma crucigaster,Tricleocarpa fragilis,Pseudodistomidae,Galaxauraceae,22,10,22,12,7.2
Phycis phycis,Thylacodes arenarius,Phycidae,Vermetidae,21,12,17,7,7.2
Gari depressa,Halimeda tuna,Psammobiidae,Halimedaceae,20,10,18,10,7.2
Crambe crambe,Jania rubens,Crambeidae,Lithophyllaceae,20,18,20,14,7.2
Centrolabrus melanocercus,Holothuria forskali,Labridae,Holothuriidae,19,12,18,9,7.2
Bispira volutacornis,Cliona viridis,Sabellidae,Clionaidae,18,18,18,13,7.2
Acinetospora crinita,Pycnoclavella communis,Acinetosporaceae,Pycnoclavellidae,18,10,18,7,7.2
Gari depressa,Pentapora fascialis,Psammobiidae,Bitectiporidae,18,12,17,8,7.2
Diplodus puntazzo,Eudendrium racemosum,Sparidae,Eudendriidae,18,14,18,8,7.2
Electra posidoniae,Reteporella grimaldii,Electridae,Phidoloporidae,17,14,16,7,7.2
Centrolabrus melanocercus,Maja crispata,Labridae,Majidae,17,14,15,12,7.2
Hemimycale columella,Jania rubens,Hymedesmiidae,Lithophyllaceae,17,12,16,9,7.2
Amphiroa beauvoisii,Ircinia oros,Lithophyllaceae,Irciniidae,17,3,17,10,7.2
Coscinasterias tenuispina,Sparisoma cretense,Asteriidae,Labridae,17,15,16,12,7.2
Centrolabrus melanocercus,Eunicella gazella,Labridae,Gorgoniidae,16,14,15,12,7.2
Parazoanthus brevitentacularis,Sphyraena viridensis,Parazoanthidae,Sphyraenidae,16,10,15,11,7.2
Gobius incognitus,Phoronis hippocrepia,Gobiidae,Phoronidae,16,7,14,14,7.2
Aplysina cavernicola,Rudmania krohni,Aplysinidae,Chromodorididae,14,9,14,8,7.2
Amphiroa rigida,Limaria hians,Lithophyllaceae,Limidae,14,8,12,5,7.2
Amphiroa beauvoisii,Symphodus roissali,Lithophyllaceae,Labridae,14,10,14,9,7.2
Limaria hians,Pinnoctopus macropus,Limidae,Octopodidae,13,8,12,10,7.2
Peronaea planata,Pinctada radiata,Tellinidae,Pteriidae,13,12,13,9,7.2
Centrolabrus melanocercus,Pseudodistoma crucigaster,Labridae,Pseudodistomidae,13,11,13,9,7.2
Coscinasterias tenuispina,Diplosoma listerianum,Asteriidae,Didemnidae,12,8,12,5,7.2
Chelon auratus,Derbesia tenuissima,Mugilidae,Derbesiaceae,11,6,11,6,7.2
Derbesia tenuissima,Gobius paganellus,Derbesiaceae,Gobiidae,11,5,10,6,7.2
Pseudobiceros splendidus,Rudmania krohni,Pseudocerotidae,Chromodorididae,10,8,10,6,7.2
Caberea boryi,Flabellia petiolata,Candidae,Codiaceae,10,8,10,5,7.2
Branchiomma luctuosum,Jania virgata,Sabellidae,Lithophyllaceae,10,6,9,5,7.2
Anthias anthias,Phyllidia flava,Anthiadidae,Phyllidiidae,9,9,9,6,7.2
Scopalina lophyropoda,Synodus saurus,Dictyonellidae,Synodontidae,9,6,9,5,7.2
Bolma rugosa,Placida dendritica,Turbinidae,Stiligeridae,8,7,7,6,7.2
Berghia coerulescens,Felimida binza,Aeolidiidae,Chromodorididae,8,7,8,5,7.2
Bothus podas,Bunodeopsis strumosa,Bothidae,Boloceroididae,8,8,6,6,7.2
Acetabularia acetabulum,Eriphia verrucosa,Polyphysaceae,Eriphiidae,52,29,45,21,7.1
Chelon auratus,Diplodus puntazzo,Mugilidae,Sparidae,51,35,45,28,7.1
Acetabularia acetabulum,Agelas oroides,Polyphysaceae,Agelasidae,50,24,43,23,7.1
Acetabularia acetabulum,Lipophrys trigloides,Polyphysaceae,Blenniidae,49,31,42,28,7.1
Dardanus calidus,Ircinia oros,Diogenidae,Irciniidae,47,26,44,20,7.1
Crambe crambe,Palinurus elephas,Crambeidae,Palinuridae,47,28,38,27,7.1
Petrosia ficiformis,Thericium vulgatum,Petrosiidae,Cerithiidae,46,22,39,18,7.1
Cliona viridis,Holothuria forskali,Clionaidae,Holothuriidae,46,36,41,20,7.1
Flabellia petiolata,Holothuria forskali,Codiaceae,Holothuriidae,45,29,43,16,7.1
Arbacia lixula,Sphyraena viridensis,Arbaciidae,Sphyraenidae,45,36,41,27,7.1
Hexaplex trunculus,Pennaria disticha,Muricidae,Pennariidae,45,27,41,22,7.1
Pycnoclavella communis,Symphodus mediterraneus,Pycnoclavellidae,Labridae,45,27,42,20,7.1
Padina pavonica,Parablennius zvonimiri,Dictyotaceae,Blenniidae,45,32,38,29,7.1
Dicentrarchus labrax,Labrus merula,Moronidae,Labridae,45,28,38,19,7.1
Flabellia petiolata,Hemimycale columella,Codiaceae,Hymedesmiidae,44,31,39,18,7.1
Dardanus calidus,Sphaerococcus coronopifolius,Diogenidae,Sphaerococcaceae,44,29,40,22,7.1
Coscinasterias tenuispina,Sabella spallanzanii,Asteriidae,Sabellidae,43,25,33,24,7.1
Diplodus sargus,Myriapora truncata,Sparidae,Myriaporidae,43,26,33,27,7.1
Dardanus calidus,Sarcotragus fasciculatus,Diogenidae,Irciniidae,42,23,38,18,7.1
Chelon auratus,Gobius incognitus,Mugilidae,Gobiidae,42,25,37,29,7.1
Diplodus sargus,Sarcotragus fasciculatus,Sparidae,Irciniidae,41,20,37,21,7.1
Halocynthia papillosa,Maja crispata,Pyuridae,Majidae,41,20,38,19,7.1
Halocynthia papillosa,Reteporella grimaldii,Pyuridae,Phidoloporidae,40,26,33,20,7.1
Chelon auratus,Sphyraena viridensis,Mugilidae,Sphyraenidae,40,26,40,21,7.1
Halocynthia papillosa,Schizoporella errata,Pyuridae,Schizoporellidae,39,19,32,20,7.1
Branchiomma luctuosum,Dicentrarchus labrax,Sabellidae,Moronidae,39,11,33,18,7.1
Chelon auratus,Mullus surmuletus,Mugilidae,Mullidae,39,25,35,30,7.1
Muraena helena,Petrosia ficiformis,Muraenidae,Petrosiidae,38,25,30,16,7.1
Actinia mediterranea,Microlipophrys nigriceps,Actiniidae,Blenniidae,38,14,36,7,7.1
Chromis chromis,Parablennius sanguinolentus,Pomacentridae,Blenniidae,38,17,32,22,7.1
Maja crispata,Oculina patagonica,Majidae,Oculinidae,36,22,34,19,7.1
Cribrinopsis crassa,Eunicella singularis,Actiniidae,Gorgoniidae,34,29,30,26,7.1
Eunicella singularis,Hacelia attenuata,Gorgoniidae,Ophidiasteridae,32,17,25,20,7.1
Gobius cobitis,Percnon gibbesi,Gobiidae,Percnidae,31,21,29,17,7.1
Synodus saurus,Torpedo marmorata,Synodontidae,Torpedinidae,30,16,27,14,7.1
Gobius paganellus,Percnon gibbesi,Gobiidae,Percnidae,30,23,28,17,7.1
Leptogorgia sarmentosa,Oblada melanurus,Gorgoniidae,Sparidae,29,16,25,13,7.1
Callionymus pusillus,Gobius cobitis,Callionymidae,Gobiidae,27,15,22,11,7.1
Bolma rugosa,Inachus phalangium,Turbinidae,Inachidae,26,14,25,9,7.1
Nemesignis banyulensis,Sciaena umbra,Myrrhinidae,Sciaenidae,24,8,19,12,7.1
Centrolabrus melanocercus,Diplodus puntazzo,Labridae,Sparidae,22,17,19,13,7.1
Callista chione,Tritia mutabilis,Veneridae,Nassariidae,21,19,19,16,7.1
Diplodus cervinus,Pomadasys incisus,Sparidae,Haemulidae,21,18,20,12,7.1
Centrolabrus melanocercus,Protula tubularia,Labridae,Serpulidae,21,17,20,16,7.1
Lissoclinum weigelei,Pennaria disticha,Didemnidae,Pennariidae,20,10,19,7,7.1
Chelon auratus,Dasyatis pastinaca,Mugilidae,Dasyatidae,20,10,18,6,7.1
Jania rubens,Petrosia ficiformis,Lithophyllaceae,Petrosiidae,19,13,19,11,7.1
Halocynthia papillosa,Parazoanthus brevitentacularis,Pyuridae,Parazoanthidae,19,13,17,9,7.1
Jania rubens,Labrus merula,Lithophyllaceae,Labridae,19,15,19,14,7.1
Acinetospora crinita,Holothuria forskali,Acinetosporaceae,Holothuriidae,18,15,15,12,7.1
Amphiroa rigida,Pinctada radiata,Lithophyllaceae,Pteriidae,17,9,16,6,7.1
Hamigera hamigera,Inachus phalangium,Hymedesmiidae,Inachidae,16,8,16,9,7.1
Limaria hians,Reteporella grimaldii,Limidae,Phidoloporidae,16,12,16,6,7.1
Acinetospora crinita,Prostheceraeus roseus,Acinetosporaceae,Euryleptidae,16,12,14,9,7.1
Flabellia petiolata,Sycon raphanus,Codiaceae,Sycettidae,15,12,15,6,7.1
Caulerpa cylindracea,Periclimenes amethysteus,Caulerpaceae,Palaemonidae,14,9,14,6,7.1
Caulerpa cylindracea,Hamigera hamigera,Caulerpaceae,Hymedesmiidae,14,6,13,6,7.1
Acinetospora crinita,Bolma rugosa,Acinetosporaceae,Turbinidae,13,8,12,6,7.1
Callionymus pusillus,Hamigera hamigera,Callionymidae,Hymedesmiidae,11,5,10,7,7.1
Bonellia viridis,Hemimycale mediterranea,Bonelliidae,Hymedesmiidae,11,9,11,7,7.1
Alcyonium acaule,Polysyncraton lacazei,Alcyoniidae,Didemnidae,9,9,9,5,7.1
Caloria quatrefagesi,Diplosoma listerianum,Facelinidae,Didemnidae,9,8,9,5,7.1
Bosemprella incarnata,Striarca lactea,Tellinidae,Noetiidae,8,8,8,5,7.1
Posidonia oceanica,Sphyraena viridensis,Posidoniaceae,Sphyraenidae,83,42,70,30,7.0
Halimeda tuna,Parablennius pilicornis,Halimedaceae,Blenniidae,52,29,48,26,7.0
Balanophyllia europaea,Gobius paganellus,Dendrophylliidae,Gobiidae,50,16,45,13,7.0
Ircinia oros,Pycnoclavella communis,Irciniidae,Pycnoclavellidae,49,31,49,14,7.0
Chelon auratus,Parablennius pilicornis,Mugilidae,Blenniidae,48,19,44,38,7.0
Inachus phalangium,Serpula vermicularis,Inachidae,Serpulidae,46,21,42,19,7.0
Petrosia ficiformis,Sabella spallanzanii,Petrosiidae,Sabellidae,45,25,43,15,7.0
Diplodus sargus,Ircinia oros,Sparidae,Irciniidae,45,18,41,25,7.0
Bonellia viridis,Sphyraena viridensis,Bonelliidae,Sphyraenidae,44,25,40,18,7.0
Halocynthia papillosa,Symphodus roissali,Pyuridae,Labridae,44,25,39,22,7.0
Flabellia petiolata,Pycnoclavella communis,Codiaceae,Pycnoclavellidae,44,33,39,17,7.0
Oblada melanurus,Symphodus mediterraneus,Sparidae,Labridae,44,22,37,21,7.0
Chromis chromis,Parablennius rouxi,Pomacentridae,Blenniidae,44,28,40,30,7.0
Diplodus sargus,Parablennius zvonimiri,Sparidae,Blenniidae,44,26,39,29,7.0
Diaphorodoris papillata,Hacelia attenuata,Calycidorididae,Ophidiasteridae,43,23,42,10,7.0
Parablennius sanguinolentus,Sarcotragus fasciculatus,Blenniidae,Irciniidae,43,22,38,16,7.0
Oblada melanurus,Scorpaena maderensis,Sparidae,Scorpaenidae,43,28,41,26,7.0
Pentapora fascialis,Thericium vulgatum,Bitectiporidae,Cerithiidae,41,30,35,21,7.0
Gobius incognitus,Scorpaena maderensis,Gobiidae,Scorpaenidae,41,23,36,20,7.0
Acetabularia acetabulum,Schizoporella errata,Polyphysaceae,Schizoporellidae,41,17,32,24,7.0
Sarcotragus fasciculatus,Sphyraena viridensis,Irciniidae,Sphyraenidae,40,26,35,19,7.0
Lipophrys trigloides,Synodus saurus,Blenniidae,Synodontidae,40,16,35,13,7.0
Bothus podas,Mullus surmuletus,Bothidae,Mullidae,39,28,33,29,7.0
Eunicella gazella,Perforatus perforatus,Gorgoniidae,Balanidae,38,23,33,17,7.0
Codium bursa,Inachus phalangium,Codiaceae,Inachidae,37,19,31,17,7.0
Branchiomma luctuosum,Chromis chromis,Sabellidae,Pomacentridae,37,10,31,29,7.0
Aidablennius sphynx,Sphyraena viridensis,Blenniidae,Sphyraenidae,37,23,29,21,7.0
Flabellia petiolata,Pelagia noctiluca,Codiaceae,Pelagiidae,36,28,33,20,7.0
Bothus podas,Pachycerianthus solitarius,Bothidae,Cerianthidae,36,23,31,18,7.0
Pycnoclavella communis,Schizoporella errata,Pycnoclavellidae,Schizoporellidae,35,7,30,10,7.0
Sabella spallanzanii,Thalassoma pavo,Sabellidae,Labridae,35,24,29,22,7.0
Perforatus perforatus,Tricleocarpa fragilis,Balanidae,Galaxauraceae,34,15,32,13,7.0
Bolma rugosa,Cliona viridis,Turbinidae,Clionaidae,33,22,31,13,7.0
Epinephelus marginatus,Gobius paganellus,Epinephelidae,Gobiidae,33,16,31,15,7.0
Pelagia noctiluca,Symphodus roissali,Pelagiidae,Labridae,33,25,25,23,7.0
Chelon auratus,Ellisolandia elongata,Mugilidae,Lithophyllaceae,33,24,32,18,7.0
Diplodus puntazzo,Lithophyllum stictiforme,Sparidae,Lithophyllaceae,31,20,30,12,7.0
Dicentrarchus labrax,Pagellus acarne,Moronidae,Sparidae,30,22,23,15,7.0
Parablennius gattorugine,Seriola dumerili,Blenniidae,Carangidae,30,20,27,18,7.0
Inachus phalangium,Stenopus spinosus,Inachidae,Stenopodidae,29,16,29,15,7.0
Anthias anthias,Muraena helena,Anthiadidae,Muraenidae,28,22,26,18,7.0
Pseudodistoma crucigaster,Thericium vulgatum,Pseudodistomidae,Cerithiidae,28,15,27,12,7.0
Asparagopsis taxiformis,Thalassoma pavo,Bonnemaisoniaceae,Labridae,28,17,24,18,7.0
Astrospartus mediterraneus,Phycis phycis,Gorgonocephalidae,Phycidae,26,13,25,10,7.0
Pentapora fascialis,Prostheceraeus moseleyi,Bitectiporidae,Euryleptidae,26,22,22,13,7.0
Epinephelus marginatus,Pelagia noctiluca,Epinephelidae,Pelagiidae,26,21,25,19,7.0
Inachus phalangium,Pinnoctopus macropus,Inachidae,Octopodidae,25,7,23,10,7.0
Caranx crysos,Parablennius zvonimiri,Carangidae,Blenniidae,22,17,19,13,7.0
Acinetospora crinita,Arbacia lixula,Acinetosporaceae,Arbaciidae,21,18,17,12,7.0
Acinetospora crinita,Halimeda tuna,Acinetosporaceae,Halimedaceae,20,14,19,14,7.0
Arbacia lixula,Jania rubens,Arbaciidae,Lithophyllaceae,20,14,19,14,7.0
Acinetospora crinita,Apogon imberbis,Acinetosporaceae,Apogonidae,19,17,19,12,7.0
Astropecten platyacanthus,Inachus phalangium,Astropectinidae,Inachidae,18,9,18,9,7.0
Bolma rugosa,Conus ventricosus,Turbinidae,Conidae,18,13,18,13,7.0
Dasyatis pastinaca,Pagellus erythrinus,Dasyatidae,Sparidae,18,14,15,9,7.0
Microlipophrys nigriceps,Telmatactis forskalii,Blenniidae,Isophelliidae,18,5,17,5,7.0
Apogon imberbis,Jania rubens,Apogonidae,Lithophyllaceae,18,13,18,12,7.0
Centrolabrus melanocercus,Dicentrarchus labrax,Labridae,Moronidae,18,11,13,11,7.0
Parazoanthus brevitentacularis,Pycnoclavella communis,Parazoanthidae,Pycnoclavellidae,17,14,17,11,7.0
Bugula neritina,Dicentrarchus labrax,Bugulidae,Moronidae,17,8,17,6,7.0
Callionymus pusillus,Naticarius hebraeus,Callionymidae,Naticidae,16,10,11,8,7.0
Electra posidoniae,Trinchesia morrowae,Electridae,Trinchesiidae,16,9,15,5,7.0
Actinia mediterranea,Cestum veneris,Actiniidae,Cestidae,16,11,16,6,7.0
Aidablennius sphynx,Phoronis hippocrepia,Blenniidae,Phoronidae,16,8,16,7,7.0
Calmella cavolini,Candiella striata,Flabellinidae,Tritoniidae,15,10,13,6,7.0
Aplysia depilans,Pinnoctopus macropus,Aplysiidae,Octopodidae,15,9,13,10,7.0
Platydoris argo,Trinchesia morrowae,Discodorididae,Trinchesiidae,14,6,14,5,7.0
Limaria hians,Pomatoschistus bathi,Limidae,Gobiidae,13,11,13,5,7.0
Peronaea planata,Steromphala varia,Tellinidae,Trochidae,13,11,13,8,7.0
Lagurus ovatus,Pistacia lentiscus,Poaceae,Anacardiaceae,13,13,13,10,7.0
Diplodus puntazzo,Mesophyllum alternans,Sparidae,Lithophyllaceae,13,11,13,8,7.0
Gari depressa,Pinna rudis,Psammobiidae,Pinnidae,12,8,12,6,7.0
Arbacia lixula,Halopteris filicina,Arbaciidae,Stypocaulaceae,12,11,12,6,7.0
Derbesia tenuissima,Parablennius gattorugine,Derbesiaceae,Blenniidae,12,8,12,11,7.0
Chrysymenia ventricosa,Palinurus elephas,Rhodymeniaceae,Palinuridae,11,7,10,8,7.0
Boops boops,Mesophyllum alternans,Sparidae,Lithophyllaceae,11,6,10,7,7.0
Amphiroa beauvoisii,Caloria quatrefagesi,Lithophyllaceae,Facelinidae,11,7,9,5,7.0
Derbesia tenuissima,Perforatus perforatus,Derbesiaceae,Balanidae,11,8,11,8,7.0
Mesophyllum alternans,Symphodus roissali,Lithophyllaceae,Labridae,11,7,10,5,7.0
Gnathophyllum elegans,Platydoris argo,Gnathophyllidae,Discodorididae,10,7,10,5,7.0
Berghia coerulescens,Facelinopsis marioni,Aeolidiidae,Facelinidae,10,9,10,5,7.0
Halopteris filicina,Sabella spallanzanii,Stypocaulaceae,Sabellidae,10,9,10,5,7.0
Lima lima,Parablennius zvonimiri,Limidae,Blenniidae,10,8,10,5,7.0
Chelon auratus,Ericaria mediterranea,Mugilidae,Sargassaceae,9,9,9,7,7.0
Aglaja tricolorata,Torpedo marmorata,Aglajidae,Torpedinidae,8,4,6,5,7.0
Rudmania krohni,Scopalina lophyropoda,Chromodorididae,Dictyonellidae,8,7,8,5,7.0
Nerocila bivittata,Oblada melanurus,Cymothoidae,Sparidae,8,8,8,7,7.0
Hemimycale mediterranea,Thalassoma pavo,Hymedesmiidae,Labridae,8,5,8,5,7.0
Diplodus cervinus,Posidonia oceanica,Sparidae,Posidoniaceae,78,23,70,28,6.9
Parablennius gattorugine,Sphaerococcus coronopifolius,Blenniidae,Sphaerococcaceae,53,34,52,24,6.9
Actinia mediterranea,Thericium vulgatum,Actiniidae,Cerithiidae,52,25,43,30,6.9
Halocynthia papillosa,Parablennius zvonimiri,Pyuridae,Blenniidae,51,33,45,26,6.9
Actinia mediterranea,Branchiomma luctuosum,Actiniidae,Sabellidae,51,7,39,28,6.9
Halocynthia papillosa,Parablennius pilicornis,Pyuridae,Blenniidae,50,32,41,28,6.9
Aiptasia couchii,Protula tubularia,Aiptasiidae,Serpulidae,50,25,46,21,6.9
Eriphia verrucosa,Halimeda tuna,Eriphiidae,Halimedaceae,49,31,45,22,6.9
Gobius paganellus,Parablennius pilicornis,Gobiidae,Blenniidae,48,30,43,27,6.9
Ircinia oros,Symphodus roissali,Irciniidae,Labridae,47,25,46,25,6.9
Parablennius zvonimiri,Thericium vulgatum,Blenniidae,Cerithiidae,46,31,43,30,6.9
Sphaerococcus coronopifolius,Stramonita haemastoma,Sphaerococcaceae,Muricidae,45,27,44,17,6.9
Aiptasia couchii,Lipophrys trigloides,Aiptasiidae,Blenniidae,45,31,41,25,6.9
Myriapora truncata,Symphodus roissali,Myriaporidae,Labridae,45,27,42,21,6.9
Halocynthia papillosa,Pennaria disticha,Pyuridae,Pennariidae,44,23,40,20,6.9
Palinurus elephas,Sphaerococcus coronopifolius,Palinuridae,Sphaerococcaceae,44,23,37,23,6.9
Bothus podas,Pennaria disticha,Bothidae,Pennariidae,43,22,39,29,6.9
Aiptasia couchii,Chromis chromis,Aiptasiidae,Pomacentridae,42,17,39,23,6.9
Anthias anthias,Bonellia viridis,Anthiadidae,Bonelliidae,40,21,36,20,6.9
Oblada melanurus,Phorbas tenacior,Sparidae,Hymedesmiidae,40,23,35,15,6.9
Boops boops,Stramonita haemastoma,Sparidae,Muricidae,40,30,32,26,6.9
Diplodus sargus,Scorpaena maderensis,Sparidae,Scorpaenidae,39,25,34,21,6.9
Diplodus cervinus,Parablennius pilicornis,Sparidae,Blenniidae,39,26,35,26,6.9
Diplodus cervinus,Perforatus perforatus,Sparidae,Balanidae,38,23,36,20,6.9
Balanophyllia europaea,Pelagia noctiluca,Dendrophylliidae,Pelagiidae,38,20,36,15,6.9
Oculina patagonica,Sabella spallanzanii,Oculinidae,Sabellidae,38,21,38,17,6.9
Bonellia viridis,Ellisolandia elongata,Bonelliidae,Lithophyllaceae,37,25,33,15,6.9
Pinna rudis,Serpula vermicularis,Pinnidae,Serpulidae,37,21,35,19,6.9
Chondrosia reniformis,Inachus phalangium,Chondrillidae,Inachidae,36,23,33,12,6.9
Pennaria disticha,Prostheceraeus roseus,Pennariidae,Euryleptidae,36,16,30,18,6.9
Mesophyllum expansum,Thalassoma pavo,Lithophyllaceae,Labridae,36,21,35,20,6.9
Arbacia lixula,Pseudodistoma crucigaster,Arbaciidae,Pseudodistomidae,33,21,31,18,6.9
Coscinasterias tenuispina,Microlipophrys dalmatinus,Asteriidae,Blenniidae,33,20,30,15,6.9
Hexaplex trunculus,Leptogorgia sarmentosa,Muricidae,Gorgoniidae,31,18,29,16,6.9
Anthias anthias,Diplodus cervinus,Anthiadidae,Sparidae,29,14,25,13,6.9
Asparagopsis taxiformis,Mullus surmuletus,Bonnemaisoniaceae,Mullidae,28,11,20,25,6.9
Dardanus calidus,Pinnoctopus macropus,Diogenidae,Octopodidae,27,14,26,18,6.9
Dardanus calidus,Pinna rudis,Diogenidae,Pinnidae,27,18,26,13,6.9
Lithophyllum stictiforme,Pennaria disticha,Lithophyllaceae,Pennariidae,26,16,25,11,6.9
Boops boops,Lithophyllum stictiforme,Sparidae,Lithophyllaceae,26,14,23,10,6.9
Codium bursa,Seriola dumerili,Codiaceae,Carangidae,26,19,25,16,6.9
Diaphorodoris alba,Eunicella singularis,Calycidorididae,Gorgoniidae,24,15,18,11,6.9
Aiptasia couchii,Aplysia depilans,Aiptasiidae,Aplysiidae,23,8,17,14,6.9
Phycis phycis,Polysyncraton lacazei,Phycidae,Didemnidae,20,8,19,6,6.9
Cliona viridis,Hamigera hamigera,Clionaidae,Hymedesmiidae,20,16,20,8,6.9
Holothuria tubulosa,Limaria hians,Holothuriidae,Limidae,20,9,20,7,6.9
Caranx crysos,Eriphia verrucosa,Carangidae,Eriphiidae,20,16,19,14,6.9
Felimida binza,Phycis phycis,Chromodorididae,Phycidae,19,9,16,10,6.9
Limaria hians,Sarcotragus fasciculatus,Limidae,Irciniidae,19,11,16,7,6.9
Phallusia mammillata,Yungia aurantiaca,Ascidiidae,Pseudocerotidae,18,10,16,7,6.9
Bugula neritina,Coscinasterias tenuispina,Bugulidae,Asteriidae,18,5,16,5,6.9
Dasyatis pastinaca,Synodus saurus,Dasyatidae,Synodontidae,18,14,16,8,6.9
Aiptasia couchii,Clanculus jussieui,Aiptasiidae,Trochidae,18,4,15,10,6.9
Ellisolandia elongata,Scartella cristata,Lithophyllaceae,Blenniidae,18,15,17,13,6.9
Caranx crysos,Oculina patagonica,Carangidae,Oculinidae,18,13,16,12,6.9
Bispira volutacornis,Symphodus mediterraneus,Sabellidae,Labridae,17,11,17,12,6.9
Aiptasia mutabilis,Amphiroa beauvoisii,Aiptasiidae,Lithophyllaceae,17,4,13,10,6.9
Myxicola infundibulum,Pagellus erythrinus,Sabellidae,Sparidae,16,11,15,5,6.9
Astrospartus mediterraneus,Nemesignis banyulensis,Gorgonocephalidae,Myrrhinidae,16,9,15,8,6.9
Acinetospora crinita,Serranus scriba,Acinetosporaceae,Serranidae,16,11,10,11,6.9
Eudendrium racemosum,Perforatus perforatus,Eudendriidae,Balanidae,16,12,14,7,6.9
Limaria hians,Maja crispata,Limidae,Majidae,16,13,14,6,6.9
Amphiroa beauvoisii,Parablennius gattorugine,Lithophyllaceae,Blenniidae,16,13,16,8,6.9
Epinephelus costae,Seriola dumerili,Epinephelidae,Carangidae,15,13,15,12,6.9
Acinetospora crinita,Diplodus cervinus,Acinetosporaceae,Sparidae,15,6,13,10,6.9
Berthellina edwardsii,Holothuria forskali,Pleurobranchidae,Holothuriidae,14,11,14,5,6.9
Ascandra contorta,Serpula vermicularis,Leucaltidae,Serpulidae,14,9,14,7,6.9
Jania rubens,Schizoporella errata,Lithophyllaceae,Schizoporellidae,14,11,14,8,6.9
Astropecten platyacanthus,Telmatactis forskalii,Astropectinidae,Isophelliidae,13,5,12,6,6.9
Ellisolandia elongata,Gari depressa,Lithophyllaceae,Psammobiidae,13,7,11,8,6.9
Balanophyllia europaea,Chrysymenia ventricosa,Dendrophylliidae,Rhodymeniaceae,13,9,12,7,6.9
Corynactis viridis,Hacelia attenuata,Corallimorphidae,Ophidiasteridae,12,7,11,6,6.9
Apogon imberbis,Chrysymenia ventricosa,Apogonidae,Rhodymeniaceae,12,9,11,8,6.9
Bolma rugosa,Pecten jacobaeus,Turbinidae,Pectinidae,11,11,11,11,6.9
Pycnoclavella nana,Rudmania krohni,Pycnoclavellidae,Chromodorididae,11,10,11,6,6.9
Electra posidoniae,Facelina rubrovittata,Electridae,Facelinidae,11,7,10,6,6.9
Chrysymenia ventricosa,Rudmania krohni,Rhodymeniaceae,Chromodorididae,10,8,10,8,6.9
Petalifera petalifera,Pinnoctopus macropus,Aplysiidae,Octopodidae,9,6,9,5,6.9
Caulerpa cylindracea,Cestum veneris,Caulerpaceae,Cestidae,9,6,9,5,6.9
Jania virgata,Maja crispata,Lithophyllaceae,Majidae,9,8,8,6,6.9
Acinetospora crinita,Electra posidoniae,Acinetosporaceae,Electridae,8,7,8,7,6.9
Hemimycale mediterranea,Prostheceraeus roseus,Hymedesmiidae,Euryleptidae,8,6,8,5,6.9
Parablennius sanguinolentus,Posidonia oceanica,Blenniidae,Posidoniaceae,87,34,73,18,6.8
Bonellia viridis,Parablennius gattorugine,Bonelliidae,Blenniidae,55,35,50,19,6.8
Hemimycale columella,Serpula vermicularis,Hymedesmiidae,Serpulidae,51,34,43,25,6.8
Bonellia viridis,Perforatus perforatus,Bonelliidae,Balanidae,51,32,48,18,6.8
Serpula vermicularis,Symphodus roissali,Serpulidae,Labridae,51,27,46,25,6.8
Gobius paganellus,Ircinia oros,Gobiidae,Irciniidae,50,20,47,17,6.8
Actinia mediterranea,Maja crispata,Actiniidae,Majidae,47,23,42,18,6.8
Parablennius rouxi,Pycnoclavella communis,Blenniidae,Pycnoclavellidae,46,22,43,15,6.8
Aiptasia mutabilis,Sphyraena viridensis,Aiptasiidae,Sphyraenidae,45,33,39,23,6.8
Balanophyllia europaea,Scorpaena scrofa,Dendrophylliidae,Scorpaenidae,44,20,39,14,6.8
Echinaster sepositus,Labrus merula,Echinasteridae,Labridae,44,25,35,26,6.8
Parablennius pilicornis,Sabella spallanzanii,Blenniidae,Sabellidae,44,33,38,33,6.8
Balanophyllia europaea,Pagellus erythrinus,Dendrophylliidae,Sparidae,44,7,40,16,6.8
Perforatus perforatus,Sabella spallanzanii,Balanidae,Sabellidae,43,32,40,19,6.8
Acetabularia acetabulum,Maja crispata,Polyphysaceae,Majidae,42,22,39,21,6.8
Codium bursa,Hemimycale columella,Codiaceae,Hymedesmiidae,41,30,36,19,6.8
Scorpaena maderensis,Stramonita haemastoma,Scorpaenidae,Muricidae,41,25,38,20,6.8
Sabella spallanzanii,Scorpaena scrofa,Sabellidae,Scorpaenidae,38,24,35,20,6.8
Halimeda tuna,Muraena helena,Halimedaceae,Muraenidae,37,22,29,14,6.8
Asparagopsis taxiformis,Bonellia viridis,Bonnemaisoniaceae,Bonelliidae,37,7,29,21,6.8
Diaphorodoris papillata,Tylodina perversa,Calycidorididae,Tylodinidae,36,23,33,13,6.8
Caloria quatrefagesi,Parablennius rouxi,Facelinidae,Blenniidae,36,22,33,17,6.8
Lipophrys trigloides,Maja crispata,Blenniidae,Majidae,36,22,34,20,6.8
Boops boops,Mullus surmuletus,Sparidae,Mullidae,35,26,30,21,6.8
Asparagopsis taxiformis,Gobius cobitis,Bonnemaisoniaceae,Gobiidae,34,8,28,20,6.8
Lipophrys trigloides,Stenopus spinosus,Blenniidae,Stenopodidae,33,16,29,8,6.8
Aiptasia mutabilis,Lithophyllum stictiforme,Aiptasiidae,Lithophyllaceae,32,22,32,18,6.8
Pinna rudis,Symphodus mediterraneus,Pinnidae,Labridae,30,18,28,15,6.8
Ellisolandia elongata,Sabella spallanzanii,Lithophyllaceae,Sabellidae,30,22,28,16,6.8
Mullus surmuletus,Pelagia noctiluca,Mullidae,Pelagiidae,29,23,25,19,6.8
Cribrinopsis crassa,Lithophyllum stictiforme,Actiniidae,Lithophyllaceae,27,16,24,16,6.8
Actinia mediterranea,Aplysia depilans,Actiniidae,Aplysiidae,27,11,22,15,6.8
Echinaster sepositus,Pseudodistoma crucigaster,Echinasteridae,Pseudodistomidae,27,15,21,11,6.8
Lepadogaster candolii,Pinnoctopus macropus,Gobiesocidae,Octopodidae,25,8,23,6,6.8
Nemesignis banyulensis,Sabella spallanzanii,Myrrhinidae,Sabellidae,25,18,22,18,6.8
Rudmania krohni,Yungia aurantiaca,Chromodorididae,Pseudocerotidae,24,15,22,14,6.8
Ellisolandia elongata,Eunicella singularis,Lithophyllaceae,Gorgoniidae,24,16,22,12,6.8
Pachycerianthus solitarius,Pinnoctopus macropus,Cerianthidae,Octopodidae,23,11,22,10,6.8
Trinchesia morrowae,Yungia aurantiaca,Trinchesiidae,Pseudocerotidae,23,11,22,10,6.8
Lissoclinum weigelei,Parablennius rouxi,Didemnidae,Blenniidae,22,8,21,7,6.8
Leptogorgia sarmentosa,Tricleocarpa fragilis,Gorgoniidae,Galaxauraceae,21,16,19,12,6.8
Hamigera hamigera,Parablennius gattorugine,Hymedesmiidae,Blenniidae,21,17,20,13,6.8
Callionymus pusillus,Lepadogaster candolii,Callionymidae,Gobiesocidae,21,11,20,7,6.8
Facelina rubrovittata,Tylodina perversa,Facelinidae,Tylodinidae,20,7,20,6,6.8
Balanophyllia europaea,Limaria hians,Dendrophylliidae,Limidae,20,13,18,7,6.8
Gari depressa,Holothuria tubulosa,Psammobiidae,Holothuriidae,19,12,19,11,6.8
Dictyota cyanoloma,Ellisolandia elongata,Dictyotaceae,Lithophyllaceae,19,5,15,13,6.8
Centrolabrus melanocercus,Gobius paganellus,Labridae,Gobiidae,19,10,13,9,6.8
Hamigera hamigera,Mesophyllum expansum,Hymedesmiidae,Lithophyllaceae,18,15,18,9,6.8
Hamigera hamigera,Lipophrys trigloides,Hymedesmiidae,Blenniidae,18,11,17,9,6.8
Aiptasia mutabilis,Eudendrium racemosum,Aiptasiidae,Eudendriidae,18,13,17,7,6.8
Centrolabrus melanocercus,Dardanus calidus,Labridae,Diogenidae,17,12,17,11,6.8
Bolma rugosa,Simnia spelta,Turbinidae,Ovulidae,16,10,16,9,6.8
Facelinopsis marioni,Prostheceraeus moseleyi,Facelinidae,Euryleptidae,15,12,15,8,6.8
Felimare fontandraui,Thylacodes arenarius,Chromodorididae,Vermetidae,15,13,15,9,6.8
Chelidonichthys lastoviza,Phycis phycis,Triglidae,Phycidae,15,7,12,12,6.8
Ariosoma balearicum,Periclimenes amethysteus,Congridae,Palaemonidae,15,6,13,8,6.8
Scyllarides latus,Stenopus spinosus,Scyllaridae,Stenopodidae,14,14,14,12,6.8
Alicia mirabilis,Pentapora fascialis,Aliciidae,Bitectiporidae,14,12,13,9,6.8
Parablennius rouxi,Pycnoclavella nana,Blenniidae,Pycnoclavellidae,14,10,13,9,6.8
Actinia mediterranea,Ascandra contorta,Actiniidae,Leucaltidae,14,10,14,8,6.8
Aplus dorbignyi,Sarcotragus fasciculatus,Pisaniidae,Irciniidae,13,8,13,6,6.8
Palinurus elephas,Sycon raphanus,Palinuridae,Sycettidae,13,11,13,5,6.8
Astropecten platyacanthus,Callionymus pusillus,Astropectinidae,Callionymidae,12,6,12,5,6.8
Callista chione,Semicassis undulata,Veneridae,Cassidae,12,10,11,10,6.8
Asparagopsis taxiformis,Sparisoma cretense,Bonnemaisoniaceae,Labridae,12,11,11,8,6.8
Labrus viridis,Scorpaena scrofa,Labridae,Scorpaenidae,11,10,11,5,6.8
Jania virgata,Protula tubularia,Lithophyllaceae,Serpulidae,11,9,11,6,6.8
Ascidia mentula,Yungia aurantiaca,Ascidiidae,Pseudocerotidae,10,6,10,5,6.8
Bispira volutacornis,Lithophyllum stictiforme,Sabellidae,Lithophyllaceae,10,9,10,6,6.8
Cistus salviifolius,Pancratium maritimum,Cistaceae,Amaryllidaceae,10,10,10,9,6.8
Caranx crysos,Pinctada radiata,Carangidae,Pteriidae,10,10,10,9,6.8
Phyllidia flava,Rudmania krohni,Phyllidiidae,Chromodorididae,9,9,8,6,6.8
Electra posidoniae,Polysyncraton lacazei,Electridae,Didemnidae,9,7,9,6,6.8
Caberea boryi,Pentapora fascialis,Candidae,Bitectiporidae,9,9,9,5,6.8
Felimare fontandraui,Tenellia ocellata,Chromodorididae,Tergipedidae,9,8,9,7,6.8
Cestum veneris,Diaphorodoris alba,Cestidae,Calycidorididae,9,6,8,5,6.8
Echinocardium cordatum,Neverita josephinia,Loveniidae,Naticidae,9,7,9,7,6.8
Cestum veneris,Yungia aurantiaca,Cestidae,Pseudocerotidae,8,4,7,7,6.8
Aglaja tricolorata,Tritia mutabilis,Aglajidae,Nassariidae,8,7,6,7,6.8
Codium bursa,Nerocila bivittata,Codiaceae,Cymothoidae,8,7,8,5,6.8
Bolma rugosa,Chrysymenia ventricosa,Turbinidae,Rhodymeniaceae,8,7,7,6,6.8
Aplysia depilans,Torpedo torpedo,Aplysiidae,Torpedinidae,8,6,7,6,6.8
Penaeus kerathurus,Semicassis undulata,Penaeidae,Cassidae,8,6,8,7,6.8
Gibbula turbinoides,Oculina patagonica,Trochidae,Oculinidae,8,3,8,6,6.8
Perforatus perforatus,Posidonia oceanica,Balanidae,Posidoniaceae,96,51,84,34,6.7
Aiptasia couchii,Ircinia oros,Aiptasiidae,Irciniidae,51,20,46,23,6.7
Hexaplex trunculus,Petrosia ficiformis,Muricidae,Petrosiidae,48,21,44,17,6.7
Chromis chromis,Serpula vermicularis,Pomacentridae,Serpulidae,48,30,42,28,6.7
Bothus podas,Gobius cobitis,Bothidae,Gobiidae,46,27,40,23,6.7
Coscinasterias tenuispina,Perforatus perforatus,Asteriidae,Balanidae,45,32,42,20,6.7
Boops boops,Parablennius rouxi,Sparidae,Blenniidae,45,24,43,18,6.7
Echinaster sepositus,Halimeda tuna,Echinasteridae,Halimedaceae,44,30,39,15,6.7
Bothus podas,Coscinasterias tenuispina,Bothidae,Asteriidae,44,21,37,29,6.7
Chelon auratus,Coscinasterias tenuispina,Mugilidae,Asteriidae,43,25,41,25,6.7
Sarcotragus fasciculatus,Stramonita haemastoma,Irciniidae,Muricidae,42,22,37,16,6.7
Parablennius rouxi,Serranus cabrilla,Blenniidae,Serranidae,41,27,31,21,6.7
Parablennius rouxi,Sphyraena viridensis,Blenniidae,Sphyraenidae,41,21,37,19,6.7
Coscinasterias tenuispina,Pennaria disticha,Asteriidae,Pennariidae,41,24,37,22,6.7
Gobius cruentatus,Thalassoma pavo,Gobiidae,Labridae,40,19,32,28,6.7
Diplodus cervinus,Parablennius rouxi,Sparidae,Blenniidae,39,18,36,23,6.7
Aiptasia couchii,Maja crispata,Aiptasiidae,Majidae,39,19,34,22,6.7
Mesophyllum expansum,Symphodus tinca,Lithophyllaceae,Labridae,38,20,35,21,6.7
Codium bursa,Sciaena umbra,Codiaceae,Sciaenidae,37,17,30,19,6.7
Chondrosia reniformis,Sphyraena viridensis,Chondrillidae,Sphyraenidae,37,32,36,20,6.7
Phycis phycis,Reteporella grimaldii,Phycidae,Phidoloporidae,35,26,34,13,6.7
Diplodus sargus,Oculina patagonica,Sparidae,Oculinidae,35,21,34,25,6.7
Dicentrarchus labrax,Sphyraena viridensis,Moronidae,Sphyraenidae,35,27,27,16,6.7
Sphyraena viridensis,Symphodus tinca,Sphyraenidae,Labridae,34,26,32,18,6.7
Labrus merula,Tricleocarpa fragilis,Labridae,Galaxauraceae,33,18,32,18,6.7
Agelas oroides,Muraena helena,Agelasidae,Muraenidae,33,18,26,12,6.7
Boops boops,Pelagia noctiluca,Sparidae,Pelagiidae,32,20,29,18,6.7
Eunicella gazella,Maja crispata,Gorgoniidae,Majidae,30,17,28,13,6.7
Labrus merula,Lithophyllum stictiforme,Labridae,Lithophyllaceae,28,18,27,15,6.7
Parablennius rouxi,Seriola dumerili,Blenniidae,Carangidae,28,18,24,17,6.7
Aiptasia couchii,Dictyota cyanoloma,Aiptasiidae,Dictyotaceae,27,4,21,19,6.7
Anthias anthias,Diaphorodoris alba,Anthiadidae,Calycidorididae,25,16,22,8,6.7
Hemimycale columella,Prostheceraeus moseleyi,Hymedesmiidae,Euryleptidae,24,18,21,12,6.7
Asparagopsis taxiformis,Eunicella singularis,Bonnemaisoniaceae,Gorgoniidae,24,5,20,13,6.7
Mullus surmuletus,Percnon gibbesi,Mullidae,Percnidae,24,18,22,15,6.7
Percnon gibbesi,Schizoporella errata,Percnidae,Schizoporellidae,23,17,20,16,6.7
Nemesignis banyulensis,Rudmania krohni,Myrrhinidae,Chromodorididae,22,18,20,12,6.7
Oculina patagonica,Pomadasys incisus,Oculinidae,Haemulidae,22,13,20,17,6.7
Aplysia depilans,Hexaplex trunculus,Aplysiidae,Muricidae,22,5,15,16,6.7
Bonellia viridis,Centrolabrus melanocercus,Bonelliidae,Labridae,21,18,20,13,6.7
Palinurus elephas,Simnia spelta,Palinuridae,Ovulidae,21,12,19,7,6.7
Aidablennius sphynx,Pinctada radiata,Blenniidae,Pteriidae,21,10,20,7,6.7
Acinetospora crinita,Protula tubularia,Acinetosporaceae,Serpulidae,19,16,14,15,6.7
Gobius cobitis,Haminoea hydatis,Gobiidae,Haminoeidae,19,4,16,6,6.7
Facelina rubrovittata,Felimare fontandraui,Facelinidae,Chromodorididae,18,11,16,10,6.7
Pagellus erythrinus,Periclimenes amethysteus,Sparidae,Palaemonidae,17,7,17,9,6.7
Prostheceraeus moseleyi,Pseudodistoma crucigaster,Euryleptidae,Pseudodistomidae,17,12,15,12,6.7
Chondrosia reniformis,Gari depressa,Chondrillidae,Psammobiidae,17,9,17,7,6.7
Codium bursa,Gari depressa,Codiaceae,Psammobiidae,17,10,16,8,6.7
Clathria jolicoeuri,Gobius paganellus,Microcionidae,Gobiidae,17,8,17,7,6.7
Eriphia verrucosa,Jania rubens,Eriphiidae,Lithophyllaceae,17,14,17,9,6.7
Alcyonium acaule,Felimare villafranca,Alcyoniidae,Chromodorididae,16,12,16,9,6.7
Bugula neritina,Oculina patagonica,Bugulidae,Oculinidae,16,8,16,5,6.7
Periclimenes amethysteus,Tylodina perversa,Palaemonidae,Tylodinidae,15,9,13,9,6.7
Bispira volutacornis,Phorbas tenacior,Sabellidae,Hymedesmiidae,15,11,15,11,6.7
Chelon auratus,Zebrus zebrus,Mugilidae,Gobiidae,15,9,14,7,6.7
Ariosoma balearicum,Platydoris argo,Congridae,Discodorididae,13,5,11,10,6.7
Limaria hians,Tricleocarpa fragilis,Limidae,Galaxauraceae,13,10,13,6,6.7
Aidablennius sphynx,Sycon raphanus,Blenniidae,Sycettidae,13,6,13,5,6.7
Lissoclinum weigelei,Nemesignis banyulensis,Didemnidae,Myrrhinidae,12,6,12,8,6.7
Felimare villafranca,Pycnoclavella nana,Chromodorididae,Pycnoclavellidae,11,9,11,6,6.7
Cribrinopsis crassa,Ctenolabrus rupestris,Actiniidae,Labridae,11,9,11,8,6.7
Cribrinopsis crassa,Labrus mixtus,Actiniidae,Labridae,11,9,10,9,6.7
Chrysymenia ventricosa,Holothuria forskali,Rhodymeniaceae,Holothuriidae,11,9,10,10,6.7
Electra posidoniae,Gnathophyllum elegans,Electridae,Gnathophyllidae,11,8,11,5,6.7
Petalifera petalifera,Rudmania krohni,Aplysiidae,Chromodorididae,11,7,8,7,6.7
Hemimycale columella,Placida dendritica,Hymedesmiidae,Stiligeridae,10,9,9,6,6.7
Jania rubens,Rugulopteryx okamurae,Lithophyllaceae,Dictyotaceae,10,6,7,7,6.7
Bosellia mimetica,Felimare fontandraui,Plakobranchidae,Chromodorididae,10,9,9,6,6.7
Reteporella grimaldii,Tenellia ocellata,Phidoloporidae,Tergipedidae,10,7,9,7,6.7
Pseudocaranx dentex,Scartella cristata,Carangidae,Blenniidae,10,5,10,6,6.7
Jania rubens,Seriola dumerili,Lithophyllaceae,Carangidae,10,8,10,6,6.7
Chondrosia reniformis,Jania virgata,Chondrillidae,Lithophyllaceae,10,8,10,6,6.7
Asparagus acutifolius,Lagurus ovatus,Asparagaceae,Poaceae,9,9,9,8,6.7
Derbesia tenuissima,Diplodus sargus,Derbesiaceae,Sparidae,9,3,9,9,6.7
Ericaria mediterranea,Perforatus perforatus,Sargassaceae,Balanidae,9,8,9,8,6.7
Bosellia mimetica,Seriola dumerili,Plakobranchidae,Carangidae,8,6,6,6,6.7
Manupecten pesfelis,Serpula vermicularis,Pectinidae,Serpulidae,8,8,8,6,6.7
Bothus podas,Chromis limbata,Bothidae,Pomacentridae,8,6,8,7,6.7
Chelon auratus,Posidonia oceanica,Mugilidae,Posidoniaceae,90,36,78,31,6.6
Eunicella singularis,Posidonia oceanica,Gorgoniidae,Posidoniaceae,68,28,57,26,6.6
Eriphia verrucosa,Ircinia oros,Eriphiidae,Irciniidae,49,24,47,17,6.6
Serpula vermicularis,Sphyraena viridensis,Serpulidae,Sphyraenidae,46,33,44,23,6.6
Eriphia verrucosa,Labrus merula,Eriphiidae,Labridae,46,31,42,22,6.6
Bonellia viridis,Pagellus erythrinus,Bonelliidae,Sparidae,44,10,41,17,6.6
Halimeda tuna,Parablennius sanguinolentus,Halimedaceae,Blenniidae,43,24,43,18,6.6
Ircinia oros,Sciaena umbra,Irciniidae,Sciaenidae,42,23,39,17,6.6
Bothus podas,Lipophrys trigloides,Bothidae,Blenniidae,42,22,32,16,6.6
Echinaster sepositus,Flabellia petiolata,Echinasteridae,Codiaceae,41,29,37,20,6.6
Maja crispata,Parablennius gattorugine,Majidae,Blenniidae,41,26,37,19,6.6
Oculina patagonica,Symphodus mediterraneus,Oculinidae,Labridae,40,17,34,16,6.6
Palinurus elephas,Sarcotragus fasciculatus,Palinuridae,Irciniidae,40,18,36,19,6.6
Bothus podas,Gobius incognitus,Bothidae,Gobiidae,40,20,38,28,6.6
Acetabularia acetabulum,Diplodus cervinus,Polyphysaceae,Sparidae,39,13,37,12,6.6
Phycis phycis,Scorpaena scrofa,Phycidae,Scorpaenidae,38,14,37,17,6.6
Pennaria disticha,Symphodus roissali,Pennariidae,Labridae,38,21,34,25,6.6
Sabella spallanzanii,Stramonita haemastoma,Sabellidae,Muricidae,38,26,32,27,6.6
Arbacia lixula,Pelagia noctiluca,Arbaciidae,Pelagiidae,38,32,35,22,6.6
Diplodus puntazzo,Muraena helena,Sparidae,Muraenidae,37,20,26,16,6.6
Dicentrarchus labrax,Gobius incognitus,Moronidae,Gobiidae,37,17,31,21,6.6
Chromis chromis,Mesophyllum expansum,Pomacentridae,Lithophyllaceae,37,24,34,26,6.6
Branchiomma luctuosum,Pennaria disticha,Sabellidae,Pennariidae,37,14,30,26,6.6
Bonellia viridis,Caloria quatrefagesi,Bonelliidae,Facelinidae,36,22,35,15,6.6
Inachus phalangium,Symphodus mediterraneus,Inachidae,Labridae,36,17,30,15,6.6
Aiptasia couchii,Pelagia noctiluca,Aiptasiidae,Pelagiidae,35,18,32,19,6.6
Prostheceraeus roseus,Thericium vulgatum,Euryleptidae,Cerithiidae,34,23,30,18,6.6
Hemimycale columella,Prostheceraeus roseus,Hymedesmiidae,Euryleptidae,34,24,27,13,6.6
Mullus surmuletus,Phorbas tenacior,Mullidae,Hymedesmiidae,34,25,33,19,6.6
Aidablennius sphynx,Mullus surmuletus,Blenniidae,Mullidae,34,25,28,18,6.6
Anthias anthias,Phycis phycis,Anthiadidae,Phycidae,33,23,33,15,6.6
Lepadogaster candolii,Pagellus erythrinus,Gobiesocidae,Sparidae,33,16,32,9,6.6
Chromis chromis,Sphyraena viridensis,Pomacentridae,Sphyraenidae,33,25,29,20,6.6
Conger conger,Inachus phalangium,Congridae,Inachidae,31,18,28,16,6.6
Parablennius zvonimiri,Pseudodistoma crucigaster,Blenniidae,Pseudodistomidae,31,18,30,13,6.6
Agelas oroides,Amphiroa rigida,Agelasidae,Lithophyllaceae,30,12,27,16,6.6
Leptogorgia sarmentosa,Parablennius pilicornis,Gorgoniidae,Blenniidae,30,18,25,24,6.6
Asparagopsis taxiformis,Phorbas tenacior,Bonnemaisoniaceae,Hymedesmiidae,30,8,28,14,6.6
Pinna rudis,Sarcotragus fasciculatus,Pinnidae,Irciniidae,29,18,27,14,6.6
Echinaster sepositus,Tricleocarpa fragilis,Echinasteridae,Galaxauraceae,29,17,24,12,6.6
Hexaplex trunculus,Phallusia mammillata,Muricidae,Ascidiidae,28,7,24,22,6.6
Hacelia attenuata,Pinna rudis,Ophidiasteridae,Pinnidae,27,15,25,11,6.6
Pelagia noctiluca,Schizoporella errata,Pelagiidae,Schizoporellidae,27,18,26,14,6.6
Pagellus acarne,Serranus cabrilla,Sparidae,Serranidae,26,19,24,6,6.6
Diplodus sargus,Leptogorgia sarmentosa,Sparidae,Gorgoniidae,25,12,22,17,6.6
Caulerpa cylindracea,Stenopus spinosus,Caulerpaceae,Stenopodidae,24,11,23,7,6.6
Pachycerianthus solitarius,Pomatoschistus bathi,Cerianthidae,Gobiidae,23,15,22,9,6.6
Facelinopsis marioni,Hemimycale columella,Facelinidae,Hymedesmiidae,23,9,23,5,6.6
Microlipophrys nigriceps,Tylodina perversa,Blenniidae,Tylodinidae,23,7,23,7,6.6
Dictyota cyanoloma,Oculina patagonica,Dictyotaceae,Oculinidae,23,8,18,14,6.6
Pachycerianthus solitarius,Telmatactis forskalii,Cerianthidae,Isophelliidae,20,10,20,8,6.6
Centrolabrus melanocercus,Parablennius zvonimiri,Labridae,Blenniidae,20,15,16,14,6.6
Oculina patagonica,Pinctada radiata,Oculinidae,Pteriidae,20,11,17,10,6.6
Leptogorgia sarmentosa,Pinna rudis,Gorgoniidae,Pinnidae,19,12,19,13,6.6
Seriola dumerili,Xyrichtys novacula,Carangidae,Labridae,19,13,19,9,6.6
Holothuria tubulosa,Jania rubens,Holothuriidae,Lithophyllaceae,18,17,17,11,6.6
Bolma rugosa,Gnathophyllum elegans,Turbinidae,Gnathophyllidae,17,4,16,6,6.6
Hamigera hamigera,Symphodus roissali,Hymedesmiidae,Labridae,17,15,15,9,6.6
Bispira volutacornis,Myriapora truncata,Sabellidae,Myriaporidae,17,12,16,15,6.6
Polysyncraton lacazei,Tylodina perversa,Didemnidae,Tylodinidae,16,13,15,10,6.6
Acinetospora crinita,Palinurus elephas,Acinetosporaceae,Palinuridae,16,11,15,7,6.6
Bothus podas,Sparisoma cretense,Bothidae,Labridae,16,13,16,14,6.6
Astropecten platyacanthus,Torpedo marmorata,Astropectinidae,Torpedinidae,15,10,13,6,6.6
Platydoris argo,Synodus saurus,Discodorididae,Synodontidae,15,10,13,7,6.6
Alicia mirabilis,Cribrinopsis crassa,Aliciidae,Actiniidae,14,9,14,11,6.6
Felimare villafranca,Phoronis hippocrepia,Chromodorididae,Phoronidae,14,7,14,7,6.6
Gari depressa,Inachus phalangium,Psammobiidae,Inachidae,14,9,12,6,6.6
Amphiroa rigida,Lissoclinum weigelei,Lithophyllaceae,Didemnidae,14,4,10,8,6.6
Electra posidoniae,Pomatoschistus bathi,Electridae,Gobiidae,13,9,13,5,6.6
Cliona viridis,Pycnoclavella nana,Clionaidae,Pycnoclavellidae,13,12,13,10,6.6
Periclimenes amethysteus,Torpedo marmorata,Palaemonidae,Torpedinidae,13,6,12,7,6.6
Amphiroa beauvoisii,Boops boops,Lithophyllaceae,Sparidae,13,6,9,10,6.6
Torpedo torpedo,Xyrichtys novacula,Torpedinidae,Labridae,12,9,8,5,6.6
Neogoniolithon brassica-florida,Posidonia oceanica,Lithophyllaceae,Posidoniaceae,12,11,12,7,6.6
Chrysymenia ventricosa,Phycis phycis,Rhodymeniaceae,Phycidae,11,10,11,6,6.6
Aplysina cavernicola,Diaphorodoris alba,Aplysinidae,Calycidorididae,11,7,11,5,6.6
Derbesia tenuissima,Parablennius zvonimiri,Derbesiaceae,Blenniidae,11,8,10,7,6.6
Berghia coerulescens,Nemesignis banyulensis,Aeolidiidae,Myrrhinidae,10,9,9,9,6.6
Phycis phycis,Phyllidia flava,Phycidae,Phyllidiidae,10,9,10,5,6.6
Adeonella calveti,Petrosia ficiformis,Adeonellidae,Petrosiidae,9,9,9,7,6.6
Asparagus acutifolius,Asphodelus fistulosus,Asparagaceae,Xanthorrhoeaceae,9,9,9,7,6.6
Diplosoma listerianum,Schizoporella errata,Didemnidae,Schizoporellidae,9,8,8,6,6.6
Labrus merula,Lima lima,Labridae,Limidae,9,8,9,6,6.6
Galactites tomentosus,Juncus acutus,Asteraceae,Juncaceae,9,8,8,5,6.6
Cardites antiquatus,Pinctada radiata,Carditidae,Pteriidae,8,8,8,7,6.6
Hemimycale mediterranea,Padina pavonica,Hymedesmiidae,Dictyotaceae,8,7,8,7,6.6
Acetabularia acetabulum,Gobius cruentatus,Polyphysaceae,Gobiidae,52,24,41,20,6.5
Serpula vermicularis,Symphodus tinca,Serpulidae,Labridae,47,24,40,22,6.5
Aiptasia mutabilis,Parablennius sanguinolentus,Aiptasiidae,Blenniidae,46,25,41,20,6.5
Arbacia lixula,Echinaster sepositus,Arbaciidae,Echinasteridae,45,29,33,20,6.5
Holothuria forskali,Sphaerococcus coronopifolius,Holothuriidae,Sphaerococcaceae,43,26,35,15,6.5
Pycnoclavella communis,Sphaerococcus coronopifolius,Pycnoclavellidae,Sphaerococcaceae,43,29,40,14,6.5
Myriapora truncata,Oblada melanurus,Myriaporidae,Sparidae,43,28,37,18,6.5
Serpula vermicularis,Thalassoma pavo,Serpulidae,Labridae,43,25,38,23,6.5
Branchiomma luctuosum,Parablennius gattorugine,Sabellidae,Blenniidae,43,16,33,24,6.5
Oblada melanurus,Sarcotragus fasciculatus,Sparidae,Irciniidae,41,20,36,15,6.5
Ircinia oros,Mullus surmuletus,Irciniidae,Mullidae,40,22,38,16,6.5
Bonellia viridis,Thalassoma pavo,Bonelliidae,Labridae,39,18,32,21,6.5
Parablennius pilicornis,Sphyraena viridensis,Blenniidae,Sphyraenidae,39,27,36,29,6.5
Gobius cruentatus,Inachus phalangium,Gobiidae,Inachidae,38,17,34,19,6.5
Inachus phalangium,Parablennius zvonimiri,Inachidae,Blenniidae,38,20,32,18,6.5
Oculina patagonica,Scorpaena maderensis,Oculinidae,Scorpaenidae,38,27,34,25,6.5
Pentapora fascialis,Sciaena umbra,Bitectiporidae,Sciaenidae,35,17,34,12,6.5
Oculina patagonica,Symphodus tinca,Oculinidae,Labridae,35,18,30,20,6.5
Anthias anthias,Pycnoclavella communis,Anthiadidae,Pycnoclavellidae,32,22,28,15,6.5
Amphiroa rigida,Parablennius pilicornis,Lithophyllaceae,Blenniidae,32,13,29,19,6.5
Dicentrarchus labrax,Schizoporella errata,Moronidae,Schizoporellidae,32,22,29,22,6.5
Flabellia petiolata,Pinna rudis,Codiaceae,Pinnidae,29,17,27,14,6.5
Arbacia lixula,Dictyota cyanoloma,Arbaciidae,Dictyotaceae,28,13,23,23,6.5
Amphiroa rigida,Parablennius sanguinolentus,Lithophyllaceae,Blenniidae,28,16,25,12,6.5
Mesophyllum expansum,Microlipophrys nigriceps,Lithophyllaceae,Blenniidae,27,11,26,5,6.5
Balanophyllia europaea,Seriola dumerili,Dendrophylliidae,Carangidae,27,20,25,14,6.5
Microlipophrys nigriceps,Symphodus roissali,Blenniidae,Labridae,26,11,22,11,6.5
Dardanus calidus,Pseudodistoma crucigaster,Diogenidae,Pseudodistomidae,25,16,25,13,6.5
Nemesignis banyulensis,Phorbas tenacior,Myrrhinidae,Hymedesmiidae,24,13,22,12,6.5
Facelinopsis marioni,Synodus saurus,Facelinidae,Synodontidae,22,5,20,5,6.5
Pomatoschistus bathi,Torpedo marmorata,Gobiidae,Torpedinidae,21,12,19,8,6.5
Prostheceraeus moseleyi,Reteporella grimaldii,Euryleptidae,Phidoloporidae,21,17,17,12,6.5
Gobius cobitis,Lissoclinum weigelei,Gobiidae,Didemnidae,20,8,18,8,6.5
Epinephelus costae,Xyrichtys novacula,Epinephelidae,Labridae,18,16,17,13,6.5
Lissoclinum weigelei,Parablennius sanguinolentus,Didemnidae,Blenniidae,18,7,18,8,6.5
Naticarius hebraeus,Yungia aurantiaca,Naticidae,Pseudocerotidae,17,5,13,8,6.5
Holothuria forskali,Parazoanthus brevitentacularis,Holothuriidae,Parazoanthidae,16,14,15,10,6.5
Lissoclinum weigelei,Ophisurus serpens,Didemnidae,Ophichthidae,16,6,13,8,6.5
Electra posidoniae,Inachus phalangium,Electridae,Inachidae,15,12,15,5,6.5
Felimida binza,Tylodina perversa,Chromodorididae,Tylodinidae,15,9,14,7,6.5
Acinetospora crinita,Sphyraena viridensis,Acinetosporaceae,Sphyraenidae,15,12,14,11,6.5
Acanthonyx lunulatus,Gobius cobitis,Epialtidae,Gobiidae,15,8,13,5,6.5
Caranx crysos,Schizoporella errata,Carangidae,Schizoporellidae,15,12,14,9,6.5
Jania rubens,Maja crispata,Lithophyllaceae,Majidae,14,10,14,7,6.5
Buglossidium luteum,Conger conger,Soleidae,Congridae,13,9,10,7,6.5
Petrosia ficiformis,Pycnoclavella nana,Petrosiidae,Pycnoclavellidae,13,9,11,11,6.5
Phoronis hippocrepia,Pomatoschistus bathi,Phoronidae,Gobiidae,11,8,11,6,6.5
Haminoea hydatis,Phallusia mammillata,Haminoeidae,Ascidiidae,11,7,10,7,6.5
Astrospartus mediterraneus,Felimida binza,Gorgonocephalidae,Chromodorididae,11,7,10,8,6.5
Chrysymenia ventricosa,Cribrinopsis crassa,Rhodymeniaceae,Actiniidae,11,10,11,10,6.5
Chondrosia reniformis,Chrysymenia ventricosa,Chondrillidae,Rhodymeniaceae,11,10,10,8,6.5
Parazoanthus brevitentacularis,Pseudodistoma crucigaster,Parazoanthidae,Pseudodistomidae,11,5,11,5,6.5
Caberea boryi,Serpula vermicularis,Candidae,Serpulidae,11,10,11,7,6.5
Gari depressa,Pseudodistoma crucigaster,Psammobiidae,Pseudodistomidae,11,8,11,5,6.5
Hemimycale mediterranea,Parablennius gattorugine,Hymedesmiidae,Blenniidae,10,7,10,8,6.5
Jania virgata,Symphodus tinca,Lithophyllaceae,Labridae,9,8,9,7,6.5
Candiella striata,Facelina rubrovittata,Tritoniidae,Facelinidae,8,6,7,5,6.5
Labrus mixtus,Luisella babai,Labridae,Samlidae,8,8,8,7,6.5
Chrysymenia ventricosa,Diaphorodoris alba,Rhodymeniaceae,Calycidorididae,8,5,6,7,6.5
Echinocardium cordatum,Peronaea planata,Loveniidae,Tellinidae,8,8,8,5,6.5
Pseudodistoma crucigaster,Pycnoclavella nana,Pseudodistomidae,Pycnoclavellidae,8,7,6,6,6.5
Ascandra contorta,Asparagopsis taxiformis,Leucaltidae,Bonnemaisoniaceae,8,6,7,6,6.5
Nerocila bivittata,Perforatus perforatus,Cymothoidae,Balanidae,8,8,8,5,6.5
Aiptasia couchii,Codium bursa,Aiptasiidae,Codiaceae,43,21,42,18,6.4
Gobius incognitus,Ircinia oros,Gobiidae,Irciniidae,43,16,42,18,6.4
Agelas oroides,Hexaplex trunculus,Agelasidae,Muricidae,42,24,38,20,6.4
Holothuria tubulosa,Parablennius sanguinolentus,Holothuriidae,Blenniidae,42,23,36,21,6.4
Chondrosia reniformis,Coscinasterias tenuispina,Chondrillidae,Asteriidae,41,22,35,25,6.4
Balanophyllia europaea,Dardanus calidus,Dendrophylliidae,Diogenidae,41,25,38,16,6.4
Boops boops,Hexaplex trunculus,Sparidae,Muricidae,41,24,34,28,6.4
Cliona viridis,Symphodus roissali,Clionaidae,Labridae,41,23,35,16,6.4
Pennaria disticha,Symphodus mediterraneus,Pennariidae,Labridae,40,19,33,16,6.4
Sphaerococcus coronopifolius,Sphyraena viridensis,Sphaerococcaceae,Sphyraenidae,38,31,36,23,6.4
Labrus merula,Sciaena umbra,Labridae,Sciaenidae,38,22,32,29,6.4
Balanophyllia europaea,Reteporella grimaldii,Dendrophylliidae,Phidoloporidae,38,25,32,18,6.4
Petrosia ficiformis,Reteporella grimaldii,Petrosiidae,Phidoloporidae,37,22,37,15,6.4
Hemimycale columella,Pycnoclavella communis,Hymedesmiidae,Pycnoclavellidae,37,26,35,22,6.4
Halimeda tuna,Inachus phalangium,Halimedaceae,Inachidae,37,20,32,17,6.4
Perforatus perforatus,Sphyraena viridensis,Balanidae,Sphyraenidae,37,31,35,23,6.4
Anthias anthias,Balanophyllia europaea,Anthiadidae,Dendrophylliidae,36,20,30,18,6.4
Acetabularia acetabulum,Pelagia noctiluca,Polyphysaceae,Pelagiidae,36,23,32,20,6.4
Cribrinopsis crassa,Rudmania krohni,Actiniidae,Chromodorididae,35,27,32,18,6.4
Dardanus calidus,Sabella spallanzanii,Diogenidae,Sabellidae,35,25,32,21,6.4
Halimeda tuna,Pelagia noctiluca,Halimedaceae,Pelagiidae,35,25,32,15,6.4
Aiptasia couchii,Schizoporella errata,Aiptasiidae,Schizoporellidae,35,19,32,22,6.4
Microlipophrys nigriceps,Serpula vermicularis,Blenniidae,Serpulidae,34,12,34,11,6.4
Parablennius sanguinolentus,Serranus scriba,Blenniidae,Serranidae,34,21,30,13,6.4
Pelagia noctiluca,Symphodus mediterraneus,Pelagiidae,Labridae,33,25,29,18,6.4
Chondrosia reniformis,Pelagia noctiluca,Chondrillidae,Pelagiidae,32,24,28,18,6.4
Eunicella gazella,Oblada melanurus,Gorgoniidae,Sparidae,32,19,28,14,6.4
Anthias anthias,Scorpaena scrofa,Anthiadidae,Scorpaenidae,30,15,25,15,6.4
Halimeda tuna,Pinna rudis,Halimedaceae,Pinnidae,30,20,28,14,6.4
Schizoporella errata,Sciaena umbra,Schizoporellidae,Sciaenidae,29,5,26,7,6.4
Asparagopsis taxiformis,Pennaria disticha,Bonnemaisoniaceae,Pennariidae,29,17,27,17,6.4
Cribrinopsis crassa,Pinnoctopus macropus,Actiniidae,Octopodidae,28,11,27,12,6.4
Diaphorodoris alba,Hacelia attenuata,Calycidorididae,Ophidiasteridae,28,14,27,9,6.4
Phycis phycis,Pinnoctopus macropus,Phycidae,Octopodidae,27,17,27,15,6.4
Caulerpa cylindracea,Synodus saurus,Caulerpaceae,Synodontidae,27,9,25,8,6.4
Mesophyllum expansum,Pinna rudis,Lithophyllaceae,Pinnidae,27,19,24,13,6.4
Conger conger,Pagellus acarne,Congridae,Sparidae,26,11,22,9,6.4
Luisella babai,Prostheceraeus roseus,Samlidae,Euryleptidae,26,15,23,16,6.4
Stenopus spinosus,Trinchesia morrowae,Stenopodidae,Trinchesiidae,26,9,26,7,6.4
Pinna rudis,Sabella spallanzanii,Pinnidae,Sabellidae,26,18,24,14,6.4
Cribrinopsis crassa,Nemesignis banyulensis,Actiniidae,Myrrhinidae,25,17,20,18,6.4
Epinephelus costae,Petrosia ficiformis,Epinephelidae,Petrosiidae,25,12,21,7,6.4
Flabellia petiolata,Seriola dumerili,Codiaceae,Carangidae,25,21,24,16,6.4
Gnathophyllum elegans,Phycis phycis,Gnathophyllidae,Phycidae,23,10,22,10,6.4
Astrospartus mediterraneus,Hemimycale columella,Gorgonocephalidae,Hymedesmiidae,23,15,22,12,6.4
Callista chione,Maja crispata,Veneridae,Majidae,22,15,22,12,6.4
Anthias anthias,Pinna rudis,Anthiadidae,Pinnidae,22,12,20,11,6.4
Lissoclinum weigelei,Parablennius zvonimiri,Didemnidae,Blenniidae,21,12,20,13,6.4
Goniodoridella picoensis,Pycnoclavella communis,Goniodorididae,Pycnoclavellidae,20,16,20,13,6.4
Gobius paganellus,Lissoclinum weigelei,Gobiidae,Didemnidae,19,6,17,9,6.4
Astrospartus mediterraneus,Luisella babai,Gorgonocephalidae,Samlidae,18,12,17,12,6.4
Eriphia verrucosa,Hamigera hamigera,Eriphiidae,Hymedesmiidae,18,16,18,11,6.4
Acinetospora crinita,Labrus merula,Acinetosporaceae,Labridae,18,13,17,13,6.4
Simnia spelta,Stenopus spinosus,Ovulidae,Stenopodidae,17,6,17,8,6.4
Muraena helena,Ophidiaster ophidianus,Muraenidae,Ophidiasteridae,17,13,14,12,6.4
Lithophyllum stictiforme,Pinna rudis,Lithophyllaceae,Pinnidae,17,11,16,9,6.4
Callionymus pusillus,Tritia mutabilis,Callionymidae,Nassariidae,17,11,12,9,6.4
Lipophrys trigloides,Periclimenes amethysteus,Blenniidae,Palaemonidae,17,7,16,7,6.4
Electra posidoniae,Phorbas tenacior,Electridae,Hymedesmiidae,17,12,13,11,6.4
Acinetospora crinita,Boops boops,Acinetosporaceae,Sparidae,16,15,16,8,6.4
Chelon auratus,Jania rubens,Mugilidae,Lithophyllaceae,16,15,16,9,6.4
Aplysia depilans,Microlipophrys dalmatinus,Aplysiidae,Blenniidae,15,10,14,10,6.4
Dactylopterus volitans,Torpedo marmorata,Dactylopteridae,Torpedinidae,15,5,14,5,6.4
Acinetospora crinita,Chromis chromis,Acinetosporaceae,Pomacentridae,15,12,11,14,6.4
Naticarius hebraeus,Peronaea planata,Naticidae,Tellinidae,14,10,13,10,6.4
Lepadogaster candolii,Marionia blainvillea,Gobiesocidae,Tritoniidae,14,9,13,7,6.4
Bosellia mimetica,Halimeda tuna,Plakobranchidae,Halimedaceae,14,13,13,6,6.4
Elysia timida,Tylodina perversa,Plakobranchidae,Tylodinidae,13,7,13,7,6.4
Alcyonium acaule,Eunicella singularis,Alcyoniidae,Gorgoniidae,13,12,10,9,6.4
Labrus viridis,Petrosia ficiformis,Labridae,Petrosiidae,12,12,12,8,6.4
Pagellus acarne,Phoronis hippocrepia,Sparidae,Phoronidae,11,6,10,5,6.4
Aplysina cavernicola,Eunicella singularis,Aplysinidae,Gorgoniidae,11,9,10,6,6.4
Derbesia tenuissima,Ircinia oros,Derbesiaceae,Irciniidae,11,3,11,7,6.4
Luria lurida,Pagurus cuanensis,Cypraeidae,Paguridae,10,5,10,6,6.4
Labrus viridis,Serranus scriba,Labridae,Serranidae,10,10,10,10,6.4
Labrus mixtus,Rudmania krohni,Labridae,Chromodorididae,9,8,9,5,6.4
Clanculus jussieui,Dendrodoris limbata,Trochidae,Dendrodorididae,9,7,9,6,6.4
Eriphia verrucosa,Haminoea orteai,Eriphiidae,Haminoeidae,9,4,7,6,6.4
Electra posidoniae,Felimida binza,Electridae,Chromodorididae,8,6,8,6,6.4
Dasyatis pastinaca,Semicassis undulata,Dasyatidae,Cassidae,8,6,7,5,6.4
Branchiomma luctuosum,Scopalina lophyropoda,Sabellidae,Dictyonellidae,8,3,8,5,6.4
Lima lima,Lipophrys trigloides,Limidae,Blenniidae,8,5,8,5,6.4
Hemimycale mediterranea,Symphodus tinca,Hymedesmiidae,Labridae,8,4,8,5,6.4
Parablennius zvonimiri,Petrosia ficiformis,Blenniidae,Petrosiidae,48,27,45,21,6.3
Aiptasia couchii,Balanophyllia europaea,Aiptasiidae,Dendrophylliidae,47,25,46,22,6.3
Gobius paganellus,Halimeda tuna,Gobiidae,Halimedaceae,44,20,40,21,6.3
Codium bursa,Parablennius pilicornis,Codiaceae,Blenniidae,43,29,40,25,6.3
Gobius cruentatus,Symphodus roissali,Gobiidae,Labridae,42,19,35,22,6.3
Balanophyllia europaea,Stramonita haemastoma,Dendrophylliidae,Muricidae,42,19,39,20,6.3
Coscinasterias tenuispina,Gobius paganellus,Asteriidae,Gobiidae,41,26,39,20,6.3
Crambe crambe,Oculina patagonica,Crambeidae,Oculinidae,41,24,37,24,6.3
Agelas oroides,Perforatus perforatus,Agelasidae,Balanidae,41,25,38,17,6.3
Boops boops,Sphaerococcus coronopifolius,Sparidae,Sphaerococcaceae,41,24,37,22,6.3
Schizoporella errata,Serpula vermicularis,Schizoporellidae,Serpulidae,41,20,36,18,6.3
Dardanus calidus,Holothuria tubulosa,Diogenidae,Holothuriidae,40,26,38,19,6.3
Anthias anthias,Serpula vermicularis,Anthiadidae,Serpulidae,40,25,34,24,6.3
Cliona viridis,Echinaster sepositus,Clionaidae,Echinasteridae,40,31,31,12,6.3
Myriapora truncata,Sciaena umbra,Myriaporidae,Sciaenidae,38,22,36,16,6.3
Bothus podas,Pagellus erythrinus,Bothidae,Sparidae,38,20,34,16,6.3
Hacelia attenuata,Pentapora fascialis,Ophidiasteridae,Bitectiporidae,37,21,33,18,6.3
Branchiomma luctuosum,Chelon auratus,Sabellidae,Mugilidae,37,10,27,21,6.3
Diplodus cervinus,Myriapora truncata,Sparidae,Myriaporidae,36,19,32,17,6.3
Ircinia oros,Pelagia noctiluca,Irciniidae,Pelagiidae,36,25,33,17,6.3
Maja crispata,Perforatus perforatus,Majidae,Balanidae,36,25,31,16,6.3
Dardanus calidus,Holothuria forskali,Diogenidae,Holothuriidae,35,18,34,11,6.3
Chondrosia reniformis,Sciaena umbra,Chondrillidae,Sciaenidae,35,20,30,18,6.3
Oculina patagonica,Symphodus roissali,Oculinidae,Labridae,35,21,33,20,6.3
Prostheceraeus roseus,Sarcotragus fasciculatus,Euryleptidae,Irciniidae,35,22,31,20,6.3
Gobius cruentatus,Pelagia noctiluca,Gobiidae,Pelagiidae,35,25,31,19,6.3
Dardanus calidus,Sphyraena viridensis,Diogenidae,Sphyraenidae,32,24,31,16,6.3
Dicentrarchus labrax,Mullus surmuletus,Moronidae,Mullidae,32,24,31,17,6.3
Anthias anthias,Holothuria forskali,Anthiadidae,Holothuriidae,31,17,27,17,6.3
Dicentrarchus labrax,Diplodus cervinus,Moronidae,Sparidae,31,19,26,17,6.3
Asparagopsis taxiformis,Flabellia petiolata,Bonnemaisoniaceae,Codiaceae,31,6,22,15,6.3
Conger conger,Ophisurus serpens,Congridae,Ophichthidae,30,11,29,9,6.3
Muraena helena,Phorbas tenacior,Muraenidae,Hymedesmiidae,30,21,26,11,6.3
Actinia mediterranea,Dictyota cyanoloma,Actiniidae,Dictyotaceae,30,9,26,17,6.3
Boops boops,Caloria quatrefagesi,Sparidae,Facelinidae,29,17,27,13,6.3
Labrus merula,Pinna rudis,Labridae,Pinnidae,29,21,26,22,6.3
Gobius incognitus,Microlipophrys dalmatinus,Gobiidae,Blenniidae,28,14,24,15,6.3
Asparagopsis taxiformis,Chromis chromis,Bonnemaisoniaceae,Pomacentridae,27,9,23,23,6.3
Calmella cavolini,Yungia aurantiaca,Flabellinidae,Pseudocerotidae,26,11,23,11,6.3
Agelas oroides,Pseudodistoma crucigaster,Agelasidae,Pseudodistomidae,26,17,25,14,6.3
Caulerpa cylindracea,Inachus phalangium,Caulerpaceae,Inachidae,24,9,23,12,6.3
Epinephelus marginatus,Eunicella gazella,Epinephelidae,Gorgoniidae,24,13,21,11,6.3
Astrospartus mediterraneus,Pycnoclavella communis,Gorgonocephalidae,Pycnoclavellidae,23,18,19,17,6.3
Leptogorgia sarmentosa,Maja crispata,Gorgoniidae,Majidae,23,14,23,10,6.3
Ophisurus serpens,Yungia aurantiaca,Ophichthidae,Pseudocerotidae,22,7,21,10,6.3
Eunicella gazella,Pinna rudis,Gorgoniidae,Pinnidae,22,13,19,11,6.3
Callionymus pusillus,Lipophrys trigloides,Callionymidae,Blenniidae,22,15,21,7,6.3
Scartella cristata,Symphodus roissali,Blenniidae,Labridae,21,14,18,13,6.3
Gari depressa,Serpula vermicularis,Psammobiidae,Serpulidae,20,13,20,10,6.3
Amphiroa rigida,Yungia aurantiaca,Lithophyllaceae,Pseudocerotidae,19,9,16,8,6.3
Limaria hians,Petrosia ficiformis,Limidae,Petrosiidae,18,16,18,7,6.3
Lissoclinum weigelei,Mesophyllum expansum,Didemnidae,Lithophyllaceae,18,7,17,9,6.3
Maja crispata,Paradoris indecora,Majidae,Discodorididae,17,7,17,7,6.3
Caranx crysos,Stramonita haemastoma,Carangidae,Muricidae,17,12,15,10,6.3
Jania rubens,Parablennius pilicornis,Lithophyllaceae,Blenniidae,17,12,17,12,6.3
Lepadogaster candolii,Thylacodes arenarius,Gobiesocidae,Vermetidae,16,12,16,6,6.3
Serranus atricauda,Xyrichtys novacula,Serranidae,Labridae,16,9,16,13,6.3
Bispira volutacornis,Sphaerococcus coronopifolius,Sabellidae,Sphaerococcaceae,16,13,16,11,6.3
Gari depressa,Scorpaena maderensis,Psammobiidae,Scorpaenidae,16,10,16,6,6.3
Lissoclinum weigelei,Prostheceraeus roseus,Didemnidae,Euryleptidae,16,5,15,9,6.3
Bispira volutacornis,Labrus merula,Sabellidae,Labridae,16,9,15,9,6.3
Maja crispata,Periclimenes amethysteus,Majidae,Palaemonidae,15,9,15,8,6.3
Palinurus elephas,Parazoanthus brevitentacularis,Palinuridae,Parazoanthidae,15,10,14,8,6.3
Centrolabrus melanocercus,Sphyraena viridensis,Labridae,Sphyraenidae,15,11,14,13,6.3
Eudendrium racemosum,Sphaerococcus coronopifolius,Eudendriidae,Sphaerococcaceae,15,13,15,7,6.3
Alcyonium acaule,Tylodina perversa,Alcyoniidae,Tylodinidae,14,10,14,7,6.3
Electra posidoniae,Pachycerianthus solitarius,Electridae,Cerianthidae,14,6,14,5,6.3
Acanthonyx lunulatus,Gobius paganellus,Epialtidae,Gobiidae,14,10,14,6,6.3
Centrolabrus melanocercus,Tylodina perversa,Labridae,Tylodinidae,14,12,13,6,6.3
Calmella cavolini,Eudendrium racemosum,Flabellinidae,Eudendriidae,14,8,14,5,6.3
Bispira volutacornis,Palinurus elephas,Sabellidae,Palinuridae,14,7,14,7,6.3
Eudendrium racemosum,Scorpaena maderensis,Eudendriidae,Scorpaenidae,14,11,14,9,6.3
Aplysina cavernicola,Inachus phalangium,Aplysinidae,Inachidae,12,6,12,5,6.3
Caloria quatrefagesi,Clathria jolicoeuri,Facelinidae,Microcionidae,12,8,12,6,6.3
Elysia timida,Pomatoschistus bathi,Plakobranchidae,Gobiidae,11,9,11,5,6.3
Ascandra contorta,Petrosia ficiformis,Leucaltidae,Petrosiidae,11,7,11,7,6.3
Cestum veneris,Pycnoclavella communis,Cestidae,Pycnoclavellidae,11,8,11,6,6.3
Actinia mediterranea,Placida cremoniana,Actiniidae,Stiligeridae,11,3,9,9,6.3
Epinephelus marginatus,Sparisoma cretense,Epinephelidae,Labridae,11,8,10,9,6.3
Candiella striata,Luisella babai,Tritoniidae,Samlidae,10,10,8,6,6.3
Inachus phalangium,Petalifera petalifera,Inachidae,Aplysiidae,10,5,9,7,6.3
Polysyncraton lacazei,Simnia spelta,Didemnidae,Ovulidae,10,3,10,5,6.3
Ascidia mentula,Pagellus acarne,Ascidiidae,Sparidae,10,9,10,5,6.3
Astropecten platyacanthus,Dactylopterus volitans,Astropectinidae,Dactylopteridae,10,6,8,7,6.3
Bolma rugosa,Loripes orbiculatus,Turbinidae,Lucinidae,10,8,10,7,6.3
Ericaria mediterranea,Serpula vermicularis,Sargassaceae,Serpulidae,10,9,10,8,6.3
Diplosoma listerianum,Phorbas tenacior,Didemnidae,Hymedesmiidae,10,10,10,6,6.3
Aplysina cavernicola,Lithophyllum stictiforme,Aplysinidae,Lithophyllaceae,9,5,9,5,6.3
Jania virgata,Pennaria disticha,Lithophyllaceae,Pennariidae,9,7,9,6,6.3
Adeonella calveti,Cribrinopsis crassa,Adeonellidae,Actiniidae,8,7,8,5,6.3
Lepidopleurus cajetanus,Pagellus erythrinus,Leptochitonidae,Sparidae,8,5,8,5,6.3
Achelous hastatus,Pachycerianthus solitarius,Portunidae,Cerianthidae,8,7,7,6,6.3
Echinocardium cordatum,Scartella cristata,Loveniidae,Blenniidae,8,4,8,5,6.3
Posidonia oceanica,Prostheceraeus roseus,Posidoniaceae,Euryleptidae,72,38,56,31,6.2
Actinia mediterranea,Halimeda tuna,Actiniidae,Halimedaceae,54,26,45,19,6.2
Hexaplex trunculus,Parablennius gattorugine,Muricidae,Blenniidae,47,24,40,25,6.2
Hexaplex trunculus,Parablennius rouxi,Muricidae,Blenniidae,46,29,41,24,6.2
Aiptasia mutabilis,Pentapora fascialis,Aiptasiidae,Bitectiporidae,46,27,40,28,6.2
Arbacia lixula,Eriphia verrucosa,Arbaciidae,Eriphiidae,46,34,45,27,6.2
Hexaplex trunculus,Parablennius zvonimiri,Muricidae,Blenniidae,46,27,42,27,6.2
Parablennius pilicornis,Symphodus mediterraneus,Blenniidae,Labridae,44,29,38,31,6.2
Cribrinopsis crassa,Myriapora truncata,Actiniidae,Myriaporidae,43,28,36,27,6.2
Diplodus puntazzo,Echinaster sepositus,Sparidae,Echinasteridae,42,26,35,17,6.2
Mullus surmuletus,Serpula vermicularis,Mullidae,Serpulidae,42,22,38,21,6.2
Labrus merula,Pentapora fascialis,Labridae,Bitectiporidae,41,24,36,24,6.2
Arbacia lixula,Maja crispata,Arbaciidae,Majidae,39,25,36,23,6.2
Petrosia ficiformis,Scorpaena scrofa,Petrosiidae,Scorpaenidae,39,24,38,13,6.2
Aidablennius sphynx,Hexaplex trunculus,Blenniidae,Muricidae,39,14,36,20,6.2
Padina pavonica,Parablennius rouxi,Dictyotaceae,Blenniidae,39,30,34,26,6.2
Eriphia verrucosa,Oblada melanurus,Eriphiidae,Sparidae,39,25,34,23,6.2
Diaphorodoris papillata,Hemimycale columella,Calycidorididae,Hymedesmiidae,38,28,35,12,6.2
Parablennius sanguinolentus,Symphodus mediterraneus,Blenniidae,Labridae,38,18,30,15,6.2
Gobius incognitus,Symphodus mediterraneus,Gobiidae,Labridae,38,19,31,17,6.2
Bonellia viridis,Reteporella grimaldii,Bonelliidae,Phidoloporidae,38,29,35,19,6.2
Parablennius rouxi,Reteporella grimaldii,Blenniidae,Phidoloporidae,37,26,34,21,6.2
Diplodus cervinus,Ircinia oros,Sparidae,Irciniidae,37,18,36,14,6.2
Aidablennius sphynx,Scorpaena maderensis,Blenniidae,Scorpaenidae,37,19,30,12,6.2
Halocynthia papillosa,Sciaena umbra,Pyuridae,Sciaenidae,36,19,33,21,6.2
Pennaria disticha,Pycnoclavella communis,Pennariidae,Pycnoclavellidae,36,13,32,14,6.2
Maja crispata,Scorpaena maderensis,Majidae,Scorpaenidae,34,23,32,21,6.2
Agelas oroides,Mullus surmuletus,Agelasidae,Mullidae,33,20,28,15,6.2
Diplodus sargus,Phorbas tenacior,Sparidae,Hymedesmiidae,33,22,31,22,6.2
Chelon auratus,Thalassoma pavo,Mugilidae,Labridae,33,23,32,25,6.2
Cribrinopsis crassa,Trinchesia morrowae,Actiniidae,Trinchesiidae,32,21,30,10,6.2
Apogon imberbis,Pelagia noctiluca,Apogonidae,Pelagiidae,32,23,27,16,6.2
Inachus phalangium,Mesophyllum expansum,Inachidae,Lithophyllaceae,32,23,30,12,6.2
Aidablennius sphynx,Thalassoma pavo,Blenniidae,Labridae,31,20,25,20,6.2
Dicentrarchus labrax,Thalassoma pavo,Moronidae,Labridae,31,21,28,16,6.2
Diplodus cervinus,Pennaria disticha,Sparidae,Pennariidae,31,18,27,17,6.2
Aiptasia couchii,Tricleocarpa fragilis,Aiptasiidae,Galaxauraceae,30,10,27,11,6.2
Caulerpa cylindracea,Sarcotragus fasciculatus,Caulerpaceae,Irciniidae,29,12,23,18,6.2
Ellisolandia elongata,Scorpaena maderensis,Lithophyllaceae,Scorpaenidae,29,18,27,14,6.2
Asparagopsis taxiformis,Symphodus roissali,Bonnemaisoniaceae,Labridae,28,13,23,19,6.2
Diplodus cervinus,Mullus surmuletus,Sparidae,Mullidae,28,20,27,23,6.2
Microlipophrys nigriceps,Sarcotragus fasciculatus,Blenniidae,Irciniidae,27,12,26,7,6.2
Echinaster sepositus,Microlipophrys nigriceps,Echinasteridae,Blenniidae,25,10,25,6,6.2
Reteporella grimaldii,Tricleocarpa fragilis,Phidoloporidae,Galaxauraceae,24,16,21,9,6.2
Maja crispata,Pinna rudis,Majidae,Pinnidae,23,18,23,14,6.2
Actinia mediterranea,Lissoclinum weigelei,Actiniidae,Didemnidae,23,10,23,11,6.2
Caloria quatrefagesi,Diaphorodoris alba,Facelinidae,Calycidorididae,22,18,20,16,6.2
Parablennius sanguinolentus,Seriola dumerili,Blenniidae,Carangidae,22,15,20,12,6.2
Dicentrarchus labrax,Seriola dumerili,Moronidae,Carangidae,22,14,21,15,6.2
Conger conger,Telmatactis forskalii,Congridae,Isophelliidae,21,15,20,8,6.2
Dardanus calidus,Ophidiaster ophidianus,Diogenidae,Ophidiasteridae,19,15,18,8,6.2
Facelina rubrovittata,Lepadogaster candolii,Facelinidae,Gobiesocidae,19,11,18,6,6.2
Schizoporella errata,Seriola dumerili,Schizoporellidae,Carangidae,19,9,16,13,6.2
Gari depressa,Ircinia oros,Psammobiidae,Irciniidae,18,12,18,9,6.2
Mesophyllum expansum,Polysyncraton lacazei,Lithophyllaceae,Didemnidae,18,13,18,7,6.2
Aplysia depilans,Oculina patagonica,Aplysiidae,Oculinidae,18,10,14,11,6.2
Aplysia depilans,Gobius incognitus,Aplysiidae,Gobiidae,18,7,12,15,6.2
Dendrodoris limbata,Microlipophrys dalmatinus,Dendrodorididae,Blenniidae,17,9,16,12,6.2
Calmella cavolini,Periclimenes amethysteus,Flabellinidae,Palaemonidae,17,10,16,6,6.2
Astrospartus mediterraneus,Diaphorodoris alba,Gorgonocephalidae,Calycidorididae,17,12,16,11,6.2
Bolma rugosa,Striarca lactea,Turbinidae,Noetiidae,17,14,17,9,6.2
Pinnoctopus macropus,Rugulopteryx okamurae,Octopodidae,Dictyotaceae,16,5,15,6,6.2
Electra posidoniae,Synodus saurus,Electridae,Synodontidae,16,9,15,7,6.2
Dicentrarchus labrax,Hamigera hamigera,Moronidae,Hymedesmiidae,16,10,15,7,6.2
Parablennius pilicornis,Phoronis hippocrepia,Blenniidae,Phoronidae,16,8,15,13,6.2
Centrolabrus melanocercus,Serranus scriba,Labridae,Serranidae,15,13,14,13,6.2
Bugula neritina,Felimare villafranca,Bugulidae,Chromodorididae,14,5,13,5,6.2
Acanthonyx lunulatus,Eriphia verrucosa,Epialtidae,Eriphiidae,14,10,14,6,6.2
Balanophyllia europaea,Sycon raphanus,Dendrophylliidae,Sycettidae,14,12,14,7,6.2
Parablennius zvonimiri,Sycon raphanus,Blenniidae,Sycettidae,14,11,14,9,6.2
Jania rubens,Padina pavonica,Lithophyllaceae,Dictyotaceae,14,13,14,12,6.2
Phoronis hippocrepia,Sabella spallanzanii,Phoronidae,Sabellidae,14,11,14,10,6.2
Inachus phalangium,Myxicola infundibulum,Inachidae,Sabellidae,13,8,12,6,6.2
Penaeus kerathurus,Stenopus spinosus,Penaeidae,Stenopodidae,13,6,13,8,6.2
Echinocardium cordatum,Pagellus erythrinus,Loveniidae,Sparidae,13,11,11,6,6.2
Platydoris argo,Stenopus spinosus,Discodorididae,Stenopodidae,12,6,12,5,6.2
Acinetospora crinita,Epinephelus marginatus,Acinetosporaceae,Epinephelidae,12,7,11,9,6.2
Diplodus vulgaris,Electra posidoniae,Sparidae,Electridae,12,11,12,6,6.2
Bosellia mimetica,Lipophrys trigloides,Plakobranchidae,Blenniidae,12,4,11,5,6.2
Eudendrium racemosum,Sphyraena viridensis,Eudendriidae,Sphyraenidae,12,8,12,6,6.2
Eunicella gazella,Phoronis hippocrepia,Gorgoniidae,Phoronidae,12,7,12,7,6.2
Telmatactis forskalii,Thylacodes arenarius,Isophelliidae,Vermetidae,11,8,11,5,6.2
Bosellia mimetica,Felimare villafranca,Plakobranchidae,Chromodorididae,11,10,11,5,6.2
Pagellus erythrinus,Petalifera petalifera,Sparidae,Aplysiidae,11,6,9,6,6.2
Chrysymenia ventricosa,Halocynthia papillosa,Rhodymeniaceae,Pyuridae,11,11,9,8,6.2
Bolma rugosa,Cardites antiquatus,Turbinidae,Carditidae,10,8,9,7,6.2
Amphiroa rigida,Eudendrium racemosum,Lithophyllaceae,Eudendriidae,10,5,10,5,6.2
Chrysymenia ventricosa,Thericium vulgatum,Rhodymeniaceae,Cerithiidae,10,10,10,5,6.2
Caberea boryi,Sphaerococcus coronopifolius,Candidae,Sphaerococcaceae,9,9,9,6,6.2
Dactylopterus volitans,Myxicola infundibulum,Dactylopteridae,Sabellidae,8,7,8,5,6.2
Dictyonella incisa,Phycis phycis,Dictyonellidae,Phycidae,8,8,8,5,6.2
Branchiomma moebii,Holothuria forskali,Sabellidae,Holothuriidae,8,7,8,5,6.2
Placida dendritica,Tylodina perversa,Stiligeridae,Tylodinidae,8,8,7,6,6.2
Branchiomma luctuosum,Caulerpa prolifera,Sabellidae,Caulerpaceae,8,8,8,7,6.2
Amphiroa rubra,Posidonia oceanica,Lithophyllaceae,Posidoniaceae,8,7,7,5,6.2
Epinephelus marginatus,Labrus viridis,Epinephelidae,Labridae,8,7,8,8,6.2
Oculina patagonica,Posidonia oceanica,Oculinidae,Posidoniaceae,77,33,64,26,6.1
Arbacia lixula,Gobius paganellus,Arbaciidae,Gobiidae,45,28,41,23,6.1
Dardanus calidus,Serpula vermicularis,Diogenidae,Serpulidae,44,31,42,22,6.1
Aiptasia couchii,Sphaerococcus coronopifolius,Aiptasiidae,Sphaerococcaceae,44,21,43,19,6.1
Aiptasia mutabilis,Palinurus elephas,Aiptasiidae,Palinuridae,43,24,36,26,6.1
Parablennius pilicornis,Sarcotragus fasciculatus,Blenniidae,Irciniidae,43,29,38,32,6.1
Gobius cobitis,Hexaplex trunculus,Gobiidae,Muricidae,43,19,40,28,6.1
Aiptasia mutabilis,Dardanus calidus,Aiptasiidae,Diogenidae,42,26,38,19,6.1
Eriphia verrucosa,Sarcotragus fasciculatus,Eriphiidae,Irciniidae,41,20,39,15,6.1
Balanophyllia europaea,Holothuria forskali,Dendrophylliidae,Holothuriidae,41,25,38,16,6.1
Arbacia lixula,Dardanus calidus,Arbaciidae,Diogenidae,40,25,33,20,6.1
Boops boops,Gobius cobitis,Sparidae,Gobiidae,39,23,36,16,6.1
Crambe crambe,Sphyraena viridensis,Crambeidae,Sphyraenidae,38,31,34,25,6.1
Cribrinopsis crassa,Hacelia attenuata,Actiniidae,Ophidiasteridae,37,29,31,17,6.1
Dardanus calidus,Hexaplex trunculus,Diogenidae,Muricidae,37,25,36,18,6.1
Sarcotragus fasciculatus,Scorpaena scrofa,Irciniidae,Scorpaenidae,37,16,36,11,6.1
Aidablennius sphynx,Coscinasterias tenuispina,Blenniidae,Asteriidae,37,22,30,20,6.1
Flabellia petiolata,Oculina patagonica,Codiaceae,Oculinidae,37,22,34,17,6.1
Chelon auratus,Pagellus erythrinus,Mugilidae,Sparidae,36,18,35,13,6.1
Conger conger,Cribrinopsis crassa,Congridae,Actiniidae,35,23,33,17,6.1
Chelon auratus,Chromis chromis,Mugilidae,Pomacentridae,35,26,29,26,6.1
Cliona viridis,Inachus phalangium,Clionaidae,Inachidae,34,21,28,14,6.1
Parablennius zvonimiri,Pelagia noctiluca,Blenniidae,Pelagiidae,34,25,28,11,6.1
Mesophyllum expansum,Serranus cabrilla,Lithophyllaceae,Serranidae,33,22,29,11,6.1
Cribrinopsis crassa,Stenopus spinosus,Actiniidae,Stenopodidae,31,15,28,14,6.1
Gobius incognitus,Maja crispata,Gobiidae,Majidae,31,14,27,14,6.1
Phycis phycis,Stenopus spinosus,Phycidae,Stenopodidae,30,20,29,11,6.1
Balanophyllia europaea,Bolma rugosa,Dendrophylliidae,Turbinidae,30,17,30,14,6.1
Cribrinopsis crassa,Felimare fontandraui,Actiniidae,Chromodorididae,29,20,25,17,6.1
Pelagia noctiluca,Thericium vulgatum,Pelagiidae,Cerithiidae,29,22,27,20,6.1
Gobius cobitis,Pagellus acarne,Gobiidae,Sparidae,29,15,21,12,6.1
Arbacia lixula,Percnon gibbesi,Arbaciidae,Percnidae,29,20,25,20,6.1
Pachycerianthus solitarius,Pagellus erythrinus,Cerianthidae,Sparidae,28,17,25,12,6.1
Prostheceraeus roseus,Reteporella grimaldii,Euryleptidae,Phidoloporidae,28,20,20,15,6.1
Diplodus sargus,Eunicella gazella,Sparidae,Gorgoniidae,28,14,26,22,6.1
Pelagia noctiluca,Symphodus tinca,Pelagiidae,Labridae,28,22,26,20,6.1
Agelas oroides,Ellisolandia elongata,Agelasidae,Lithophyllaceae,28,17,26,12,6.1
Diplodus cervinus,Thalassoma pavo,Sparidae,Labridae,27,22,26,18,6.1
Leptogorgia sarmentosa,Perforatus perforatus,Gorgoniidae,Balanidae,27,19,24,14,6.1
Eunicella gazella,Mullus surmuletus,Gorgoniidae,Mullidae,27,14,26,15,6.1
Bothus podas,Pinna rudis,Bothidae,Pinnidae,27,16,23,20,6.1
Branchiomma luctuosum,Microlipophrys dalmatinus,Sabellidae,Blenniidae,27,9,27,11,6.1
Diplodus sargus,Pelagia noctiluca,Sparidae,Pelagiidae,27,21,24,21,6.1
Diplodus vulgaris,Lipophrys trigloides,Sparidae,Blenniidae,26,21,25,6,6.1
Pagellus erythrinus,Tricleocarpa fragilis,Sparidae,Galaxauraceae,26,6,24,11,6.1
Conger conger,Torpedo marmorata,Congridae,Torpedinidae,25,19,24,13,6.1
Phorbas tenacior,Pinna rudis,Hymedesmiidae,Pinnidae,25,21,23,14,6.1
Lepadogaster candolii,Torpedo marmorata,Gobiesocidae,Torpedinidae,24,8,19,9,6.1
Eriphia verrucosa,Telmatactis forskalii,Eriphiidae,Isophelliidae,24,10,21,11,6.1
Oculina patagonica,Pinna rudis,Oculinidae,Pinnidae,24,17,23,11,6.1
Conger conger,Luria lurida,Congridae,Cypraeidae,23,12,22,13,6.1
Eunicella gazella,Tricleocarpa fragilis,Gorgoniidae,Galaxauraceae,23,17,21,8,6.1
Hexaplex trunculus,Pomadasys incisus,Muricidae,Haemulidae,23,5,19,14,6.1
Chromis chromis,Pseudodistoma crucigaster,Pomacentridae,Pseudodistomidae,23,14,19,17,6.1
Caloria quatrefagesi,Luisella babai,Facelinidae,Samlidae,22,13,18,14,6.1
Myriapora truncata,Ophidiaster ophidianus,Myriaporidae,Ophidiasteridae,22,15,19,9,6.1
Boops boops,Dictyota cyanoloma,Sparidae,Dictyotaceae,22,15,19,18,6.1
Facelina rubrovittata,Hacelia attenuata,Facelinidae,Ophidiasteridae,21,9,19,6,6.1
Perforatus perforatus,Pinctada radiata,Balanidae,Pteriidae,21,15,20,10,6.1
Sciaena umbra,Seriola dumerili,Sciaenidae,Carangidae,20,12,19,14,6.1
Pentapora fascialis,Simnia spelta,Bitectiporidae,Ovulidae,20,16,19,12,6.1
Pelagia noctiluca,Percnon gibbesi,Pelagiidae,Percnidae,20,15,18,11,6.1
Rugulopteryx okamurae,Trinchesia morrowae,Dictyotaceae,Trinchesiidae,19,9,19,5,6.1
Goniodoridella picoensis,Holothuria forskali,Goniodorididae,Holothuriidae,19,15,18,7,6.1
Limaria hians,Parablennius rouxi,Limidae,Blenniidae,18,14,18,7,6.1
Asparagopsis taxiformis,Lithophyllum stictiforme,Bonnemaisoniaceae,Lithophyllaceae,18,6,17,8,6.1
Aidablennius sphynx,Lissoclinum weigelei,Blenniidae,Didemnidae,17,6,16,8,6.1
Acinetospora crinita,Scorpaena maderensis,Acinetosporaceae,Scorpaenidae,16,12,16,9,6.1
Aiptasia couchii,Clathria jolicoeuri,Aiptasiidae,Microcionidae,16,11,15,8,6.1
Halocynthia papillosa,Jania rubens,Pyuridae,Lithophyllaceae,16,11,16,9,6.1
Acinetospora crinita,Thericium vulgatum,Acinetosporaceae,Cerithiidae,15,13,14,13,6.1
Balanophyllia europaea,Eudendrium racemosum,Dendrophylliidae,Eudendriidae,15,14,14,5,6.1
Bispira volutacornis,Pycnoclavella communis,Sabellidae,Pycnoclavellidae,14,12,14,8,6.1
Hemimycale columella,Platydoris argo,Hymedesmiidae,Discodorididae,14,12,13,9,6.1
Pennaria disticha,Torpedo torpedo,Pennariidae,Torpedinidae,14,12,11,10,6.1
Berthellina edwardsii,Coscinasterias tenuispina,Pleurobranchidae,Asteriidae,13,8,13,5,6.1
Eudendrium racemosum,Holothuria forskali,Eudendriidae,Holothuriidae,13,13,13,6,6.1
Jania rubens,Mullus surmuletus,Lithophyllaceae,Mullidae,13,12,13,10,6.1
Aplysia depilans,Phallusia mammillata,Aplysiidae,Ascidiidae,12,5,12,6,6.1
Acinetospora crinita,Asparagopsis taxiformis,Acinetosporaceae,Bonnemaisoniaceae,12,5,11,8,6.1
Leptogorgia sarmentosa,Lissoclinum weigelei,Gorgoniidae,Didemnidae,12,7,12,6,6.1
Nemesignis banyulensis,Thylacodes arenarius,Myrrhinidae,Vermetidae,11,6,8,8,6.1
Candiella striata,Reteporella grimaldii,Tritoniidae,Phidoloporidae,11,11,10,8,6.1
Eriphia verrucosa,Labrus viridis,Eriphiidae,Labridae,11,9,11,7,6.1
Periclimenes amethysteus,Prostheceraeus moseleyi,Palaemonidae,Euryleptidae,10,7,9,7,6.1
Myxicola infundibulum,Yungia aurantiaca,Sabellidae,Pseudocerotidae,10,6,9,6,6.1
Holothuria tubulosa,Jania virgata,Holothuriidae,Lithophyllaceae,10,9,10,7,6.1
Diplosoma listerianum,Felimare villafranca,Didemnidae,Chromodorididae,9,7,9,6,6.1
Caberea boryi,Myriapora truncata,Candidae,Myriaporidae,9,8,9,5,6.1
Phyllidia flava,Reteporella grimaldii,Phyllidiidae,Phidoloporidae,8,8,7,5,6.1
Berghia coerulescens,Simnia spelta,Aeolidiidae,Ovulidae,8,7,6,8,6.1
Halopteris filicina,Sciaena umbra,Stypocaulaceae,Sciaenidae,8,6,8,6,6.1
Polycyathus muellerae,Serpula vermicularis,Caryophylliidae,Serpulidae,8,7,8,5,6.1
Pinna rudis,Posidonia oceanica,Pinnidae,Posidoniaceae,55,29,50,25,6.0
Aiptasia mutabilis,Coscinasterias tenuispina,Aiptasiidae,Asteriidae,46,25,40,29,6.0
Acetabularia acetabulum,Petrosia ficiformis,Polyphysaceae,Petrosiidae,46,24,39,17,6.0
Parablennius sanguinolentus,Serpula vermicularis,Blenniidae,Serpulidae,45,26,42,14,6.0
Acetabularia acetabulum,Gobius cobitis,Polyphysaceae,Gobiidae,45,25,38,17,6.0
Pennaria disticha,Serpula vermicularis,Pennariidae,Serpulidae,45,21,44,18,6.0
Parablennius rouxi,Perforatus perforatus,Blenniidae,Balanidae,44,27,39,20,6.0
Parablennius rouxi,Sarcotragus fasciculatus,Blenniidae,Irciniidae,43,26,36,22,6.0
Aidablennius sphynx,Arbacia lixula,Blenniidae,Arbaciidae,41,34,38,20,6.0
Parablennius gattorugine,Phorbas tenacior,Blenniidae,Hymedesmiidae,41,27,41,22,6.0
Parablennius pilicornis,Scorpaena maderensis,Blenniidae,Scorpaenidae,41,26,39,29,6.0
Bothus podas,Perforatus perforatus,Bothidae,Balanidae,41,25,38,25,6.0
Crambe crambe,Hemimycale columella,Crambeidae,Hymedesmiidae,40,31,37,25,6.0
Diplodus puntazzo,Palinurus elephas,Sparidae,Palinuridae,40,20,37,16,6.0
Bonellia viridis,Gobius incognitus,Bonelliidae,Gobiidae,40,20,36,24,6.0
Bothus podas,Scorpaena maderensis,Bothidae,Scorpaenidae,39,23,37,18,6.0
Cliona viridis,Stramonita haemastoma,Clionaidae,Muricidae,39,25,37,16,6.0
Apogon imberbis,Holothuria forskali,Apogonidae,Holothuriidae,38,24,36,17,6.0
Ircinia oros,Reteporella grimaldii,Irciniidae,Phidoloporidae,37,19,34,14,6.0
Coscinasterias tenuispina,Lipophrys trigloides,Asteriidae,Blenniidae,37,26,33,19,6.0
Holothuria forskali,Phycis phycis,Holothuriidae,Phycidae,36,22,34,15,6.0
Mesophyllum expansum,Oblada melanurus,Lithophyllaceae,Sparidae,36,22,34,18,6.0
Coscinasterias tenuispina,Parablennius sanguinolentus,Asteriidae,Blenniidae,36,18,29,16,6.0
Diplodus sargus,Gobius paganellus,Sparidae,Gobiidae,34,20,28,20,6.0
Asparagopsis taxiformis,Ircinia oros,Bonnemaisoniaceae,Irciniidae,33,8,31,14,6.0
Reteporella grimaldii,Symphodus mediterraneus,Phidoloporidae,Labridae,33,22,32,13,6.0
Anthias anthias,Sphaerococcus coronopifolius,Anthiadidae,Sphaerococcaceae,33,13,29,16,6.0
Cribrinopsis crassa,Ophisurus serpens,Actiniidae,Ophichthidae,32,7,28,13,6.0
Leptogorgia sarmentosa,Serpula vermicularis,Gorgoniidae,Serpulidae,32,25,30,21,6.0
Chelon auratus,Diplodus cervinus,Mugilidae,Sparidae,32,12,30,15,6.0
Aidablennius sphynx,Maja crispata,Blenniidae,Majidae,31,16,29,13,6.0
Padina pavonica,Sphyraena viridensis,Dictyotaceae,Sphyraenidae,30,25,29,20,6.0
Chromis chromis,Sciaena umbra,Pomacentridae,Sciaenidae,30,14,27,22,6.0
Inachus phalangium,Pagellus erythrinus,Inachidae,Sparidae,29,12,29,7,6.0
Asparagopsis taxiformis,Chelon auratus,Bonnemaisoniaceae,Mugilidae,29,11,25,16,6.0
Parablennius rouxi,Pseudodistoma crucigaster,Blenniidae,Pseudodistomidae,28,17,25,14,6.0
Diaphorodoris alba,Holothuria forskali,Calycidorididae,Holothuriidae,27,20,26,12,6.0
Aiptasia mutabilis,Seriola dumerili,Aiptasiidae,Carangidae,27,19,25,15,6.0
Chelon auratus,Pomatoschistus bathi,Mugilidae,Gobiidae,27,12,25,13,6.0
Phycis phycis,Pomatoschistus bathi,Phycidae,Gobiidae,26,16,23,8,6.0
Bonellia viridis,Telmatactis forskalii,Bonelliidae,Isophelliidae,26,10,25,14,6.0
Dictyota cyanoloma,Perforatus perforatus,Dictyotaceae,Balanidae,24,16,23,14,6.0
Inachus phalangium,Tricleocarpa fragilis,Inachidae,Galaxauraceae,23,14,20,12,6.0
Holothuria forskali,Rugulopteryx okamurae,Holothuriidae,Dictyotaceae,22,12,16,11,6.0
Nemesignis banyulensis,Pennaria disticha,Myrrhinidae,Pennariidae,22,9,18,9,6.0
Pinna rudis,Prostheceraeus roseus,Pinnidae,Euryleptidae,22,19,21,14,6.0
Posidonia oceanica,Velella velella,Posidoniaceae,Porpitidae,22,14,18,12,6.0
Callionymus pusillus,Ophisurus serpens,Callionymidae,Ophichthidae,18,11,13,10,6.0
Gobius cruentatus,Limaria hians,Gobiidae,Limidae,18,12,18,5,6.0
Aiptasia couchii,Caranx crysos,Aiptasiidae,Carangidae,18,12,14,10,6.0
Reteporella grimaldii,Simnia spelta,Phidoloporidae,Ovulidae,17,13,15,12,6.0
Hemimycale columella,Polysyncraton lacazei,Hymedesmiidae,Didemnidae,17,12,17,9,6.0
Dictyota cyanoloma,Microlipophrys dalmatinus,Dictyotaceae,Blenniidae,17,8,17,11,6.0
Bothus podas,Hamigera hamigera,Bothidae,Hymedesmiidae,17,9,15,11,6.0
Flabellia petiolata,Hamigera hamigera,Codiaceae,Hymedesmiidae,17,13,16,11,6.0
Aiptasia mutabilis,Phoronis hippocrepia,Aiptasiidae,Phoronidae,17,7,16,11,6.0
Lissoclinum weigelei,Stramonita haemastoma,Didemnidae,Muricidae,17,10,16,12,6.0
Bonellia viridis,Jania rubens,Bonelliidae,Lithophyllaceae,17,13,17,11,6.0
Bispira volutacornis,Gobius cruentatus,Sabellidae,Gobiidae,16,10,16,10,6.0
Aidablennius sphynx,Caranx crysos,Blenniidae,Carangidae,16,14,13,11,6.0
Facelinopsis marioni,Pinnoctopus macropus,Facelinidae,Octopodidae,15,5,15,5,6.0
Perforatus perforatus,Phoronis hippocrepia,Balanidae,Phoronidae,15,9,15,10,6.0
Actinia mediterranea,Corynactis viridis,Actiniidae,Corallimorphidae,14,10,14,5,6.0
Dardanus calidus,Gari depressa,Diogenidae,Psammobiidae,14,9,14,6,6.0
Bispira volutacornis,Dardanus calidus,Sabellidae,Diogenidae,13,10,13,11,6.0
Conus ventricosus,Neverita josephinia,Conidae,Naticidae,13,12,12,11,6.0
Electra posidoniae,Pagellus acarne,Electridae,Sparidae,12,8,11,7,6.0
Inachus phalangium,Phoronis hippocrepia,Inachidae,Phoronidae,12,7,12,5,6.0
Aplus dorbignyi,Sphaerococcus coronopifolius,Pisaniidae,Sphaerococcaceae,12,9,12,5,6.0
Pentapora fascialis,Sycon raphanus,Bitectiporidae,Sycettidae,12,8,9,5,6.0
Centrolabrus melanocercus,Leptogorgia sarmentosa,Labridae,Gorgoniidae,11,10,11,9,6.0
Phycis phycis,Pycnoclavella nana,Phycidae,Pycnoclavellidae,11,8,10,8,6.0
Epinephelus marginatus,Jania rubens,Epinephelidae,Lithophyllaceae,11,11,11,7,6.0
Ctenolabrus rupestris,Diaphorodoris papillata,Labridae,Calycidorididae,10,10,10,7,6.0
Callista chione,Limaria hians,Veneridae,Limidae,10,8,9,6,6.0
Aidablennius sphynx,Labrus viridis,Blenniidae,Labridae,10,8,10,6,6.0
Dictyota cyanoloma,Myxicola infundibulum,Dictyotaceae,Sabellidae,9,4,8,6,6.0
Balanophyllia europaea,Caberea boryi,Dendrophylliidae,Candidae,9,8,9,7,6.0
Balanophyllia europaea,Hemimycale mediterranea,Dendrophylliidae,Hymedesmiidae,9,8,9,7,6.0
Codium bursa,Jania virgata,Codiaceae,Lithophyllaceae,9,7,9,5,6.0
Clanculus jussieui,Peronaea planata,Trochidae,Tellinidae,8,8,8,5,6.0
Modiolus barbatus,Tritia mutabilis,Mytilidae,Nassariidae,8,6,8,5,6.0
Scartella cristata,Torpedo torpedo,Blenniidae,Torpedinidae,8,4,6,5,6.0
Bothus podas,Posidonia oceanica,Bothidae,Posidoniaceae,83,36,66,36,5.9
Posidonia oceanica,Scorpaena scrofa,Posidoniaceae,Scorpaenidae,74,26,70,22,5.9
Maja crispata,Posidonia oceanica,Majidae,Posidoniaceae,70,39,58,25,5.9
Gobius cobitis,Serpula vermicularis,Gobiidae,Serpulidae,49,23,47,18,5.9
Actinia mediterranea,Chelon auratus,Actiniidae,Mugilidae,48,29,46,32,5.9
Bonellia viridis,Oblada melanurus,Bonelliidae,Sparidae,41,19,33,24,5.9
Bothus podas,Sarcotragus fasciculatus,Bothidae,Irciniidae,40,18,35,23,5.9
Hexaplex trunculus,Scorpaena maderensis,Muricidae,Scorpaenidae,39,22,36,23,5.9
Echinaster sepositus,Petrosia ficiformis,Echinasteridae,Petrosiidae,38,26,34,11,5.9
Crambe crambe,Dardanus calidus,Crambeidae,Diogenidae,38,27,36,23,5.9
Dicentrarchus labrax,Hexaplex trunculus,Moronidae,Muricidae,37,24,34,19,5.9
Cliona viridis,Gobius incognitus,Clionaidae,Gobiidae,37,25,35,12,5.9
Labrus merula,Oculina patagonica,Labridae,Oculinidae,37,23,31,26,5.9
Lipophrys trigloides,Scorpaena maderensis,Blenniidae,Scorpaenidae,36,18,31,14,5.9
Agelas oroides,Phycis phycis,Agelasidae,Phycidae,36,13,35,19,5.9
Cribrinopsis crassa,Scorpaena scrofa,Actiniidae,Scorpaenidae,35,14,35,10,5.9
Agelas oroides,Hacelia attenuata,Agelasidae,Ophidiasteridae,35,22,30,20,5.9
Eriphia verrucosa,Symphodus tinca,Eriphiidae,Labridae,35,25,35,26,5.9
Hacelia attenuata,Pycnoclavella communis,Ophidiasteridae,Pycnoclavellidae,34,24,26,20,5.9
Chromis chromis,Gobius paganellus,Pomacentridae,Gobiidae,34,18,26,17,5.9
Gobius paganellus,Serranus scriba,Gobiidae,Serranidae,34,17,29,15,5.9
Holothuria forskali,Serranus scriba,Holothuriidae,Serranidae,32,14,31,11,5.9
Diplodus cervinus,Flabellia petiolata,Sparidae,Codiaceae,32,16,29,15,5.9
Pelagia noctiluca,Sphaerococcus coronopifolius,Pelagiidae,Sphaerococcaceae,32,23,30,16,5.9
Diplodus cervinus,Scorpaena maderensis,Sparidae,Scorpaenidae,31,16,30,22,5.9
Ellisolandia elongata,Gobius cruentatus,Lithophyllaceae,Gobiidae,31,15,22,21,5.9
Lepadogaster candolii,Parablennius sanguinolentus,Gobiesocidae,Blenniidae,30,15,26,13,5.9
Asparagopsis taxiformis,Labrus merula,Bonnemaisoniaceae,Labridae,30,11,22,22,5.9
Asparagopsis taxiformis,Sarcotragus fasciculatus,Bonnemaisoniaceae,Irciniidae,29,11,24,10,5.9
Arbacia lixula,Pinna rudis,Arbaciidae,Pinnidae,29,25,29,19,5.9
Ellisolandia elongata,Gobius cobitis,Lithophyllaceae,Gobiidae,29,18,28,19,5.9
Asparagopsis taxiformis,Symphodus mediterraneus,Bonnemaisoniaceae,Labridae,29,8,26,12,5.9
Prostheceraeus roseus,Sphyraena viridensis,Euryleptidae,Sphyraenidae,28,16,23,18,5.9
Eunicella singularis,Scorpaena maderensis,Gorgoniidae,Scorpaenidae,28,20,25,21,5.9
Dardanus calidus,Muraena helena,Diogenidae,Muraenidae,27,20,27,19,5.9
Boops boops,Eunicella singularis,Sparidae,Gorgoniidae,27,16,24,11,5.9
Bothus podas,Pomatoschistus bathi,Bothidae,Gobiidae,27,11,21,14,5.9
Bolma rugosa,Flabellia petiolata,Turbinidae,Codiaceae,27,19,27,11,5.9
Gobius paganellus,Pagellus acarne,Gobiidae,Sparidae,27,15,17,10,5.9
Dictyota cyanoloma,Parablennius pilicornis,Dictyotaceae,Blenniidae,24,10,19,21,5.9
Luria lurida,Pagellus erythrinus,Cypraeidae,Sparidae,23,8,22,9,5.9
Hemimycale columella,Yungia aurantiaca,Hymedesmiidae,Pseudocerotidae,23,16,21,12,5.9
Caulerpa cylindracea,Reteporella grimaldii,Caulerpaceae,Phidoloporidae,23,13,20,13,5.9
Seriola dumerili,Symphodus mediterraneus,Carangidae,Labridae,23,17,21,15,5.9
Gobius incognitus,Percnon gibbesi,Gobiidae,Percnidae,23,18,23,15,5.9
Ophisurus serpens,Pomatoschistus bathi,Ophichthidae,Gobiidae,22,13,22,7,5.9
Dictyota cyanoloma,Mesophyllum expansum,Dictyotaceae,Lithophyllaceae,22,10,20,13,5.9
Echinaster sepositus,Lithophyllum stictiforme,Echinasteridae,Lithophyllaceae,22,16,17,9,5.9
Chromis chromis,Lithophyllum stictiforme,Pomacentridae,Lithophyllaceae,21,16,17,13,5.9
Aiptasia mutabilis,Gari depressa,Aiptasiidae,Psammobiidae,18,11,18,7,5.9
Amphiroa rigida,Pseudodistoma crucigaster,Lithophyllaceae,Pseudodistomidae,18,6,18,7,5.9
Lepadogaster candolii,Simnia spelta,Gobiesocidae,Ovulidae,17,7,14,9,5.9
Holothuria forskali,Polysyncraton lacazei,Holothuriidae,Didemnidae,17,12,16,7,5.9
Conger conger,Dactylopterus volitans,Congridae,Dactylopteridae,17,8,16,6,5.9
Prostheceraeus roseus,Simnia spelta,Euryleptidae,Ovulidae,17,11,16,11,5.9
Pagellus acarne,Phallusia mammillata,Sparidae,Ascidiidae,17,11,15,8,5.9
Aiptasia couchii,Periclimenes amethysteus,Aiptasiidae,Palaemonidae,17,8,14,9,5.9
Gobius cobitis,Periclimenes amethysteus,Gobiidae,Palaemonidae,17,4,12,8,5.9
Electra posidoniae,Pycnoclavella communis,Electridae,Pycnoclavellidae,16,15,13,13,5.9
Balanophyllia europaea,Clanculus jussieui,Dendrophylliidae,Trochidae,16,9,15,5,5.9
Caloria quatrefagesi,Simnia spelta,Facelinidae,Ovulidae,15,10,11,9,5.9
Calmella cavolini,Marionia blainvillea,Flabellinidae,Tritoniidae,15,9,13,6,5.9
Chelon auratus,Myxicola infundibulum,Mugilidae,Sabellidae,15,7,13,6,5.9
Centrolabrus melanocercus,Pagellus erythrinus,Labridae,Sparidae,15,8,15,5,5.9
Hamigera hamigera,Maja crispata,Hymedesmiidae,Majidae,14,9,14,6,5.9
Neverita josephinia,Phallusia mammillata,Naticidae,Ascidiidae,14,10,13,8,5.9
Bugula neritina,Pagellus erythrinus,Bugulidae,Sparidae,14,8,14,5,5.9
Astropecten platyacanthus,Xyrichtys novacula,Astropectinidae,Labridae,14,5,12,8,5.9
Boops boops,Jania rubens,Sparidae,Lithophyllaceae,14,14,14,12,5.9
Jania rubens,Pennaria disticha,Lithophyllaceae,Pennariidae,14,10,14,8,5.9
Dendrodoris limbata,Rugulopteryx okamurae,Dendrodorididae,Dictyotaceae,13,5,11,5,5.9
Bugula neritina,Rudmania krohni,Bugulidae,Chromodorididae,13,8,13,5,5.9
Codium bursa,Eudendrium racemosum,Codiaceae,Eudendriidae,13,12,13,6,5.9
Acanthonyx lunulatus,Coscinasterias tenuispina,Epialtidae,Asteriidae,13,10,13,5,5.9
Amphiroa beauvoisii,Parablennius pilicornis,Lithophyllaceae,Blenniidae,13,4,12,13,5.9
Sphaerococcus coronopifolius,Sycon raphanus,Sphaerococcaceae,Sycettidae,13,9,13,7,5.9
Nemesignis banyulensis,Simnia spelta,Myrrhinidae,Ovulidae,12,11,10,8,5.9
Caulerpa cylindracea,Felimida binza,Caulerpaceae,Chromodorididae,12,11,12,8,5.9
Dactylopterus volitans,Epinephelus costae,Dactylopteridae,Epinephelidae,11,8,9,7,5.9
Eunicella gazella,Pecten jacobaeus,Gorgoniidae,Pectinidae,11,8,11,6,5.9
Hermodice carunculata,Seriola dumerili,Amphinomidae,Carangidae,11,10,10,6,5.9
Echinocardium cordatum,Inachus phalangium,Loveniidae,Inachidae,11,10,10,8,5.9
Aplysina cavernicola,Luisella babai,Aplysinidae,Samlidae,10,7,8,7,5.9
Luria lurida,Marionia blainvillea,Cypraeidae,Tritoniidae,10,7,10,7,5.9
Pecten jacobaeus,Tritia mutabilis,Pectinidae,Nassariidae,10,10,10,9,5.9
Jania virgata,Parablennius gattorugine,Lithophyllaceae,Blenniidae,10,8,10,6,5.9
Derbesia tenuissima,Diplodus puntazzo,Derbesiaceae,Sparidae,10,7,10,7,5.9
Lithophyllum stictiforme,Platydoris argo,Lithophyllaceae,Discodorididae,9,8,7,7,5.9
Acetabularia acetabulum,Hemimycale mediterranea,Polyphysaceae,Hymedesmiidae,9,7,9,6,5.9
Aplysia depilans,Periclimenes amethysteus,Aplysiidae,Palaemonidae,8,3,5,5,5.9
Chromis chromis,Derbesia tenuissima,Pomacentridae,Derbesiaceae,8,5,8,7,5.9
Actinia mediterranea,Oblada melanurus,Actiniidae,Sparidae,45,31,39,25,5.8
Aiptasia mutabilis,Bothus podas,Aiptasiidae,Bothidae,45,22,38,20,5.8
Balanophyllia europaea,Parablennius pilicornis,Dendrophylliidae,Blenniidae,44,21,37,24,5.8
Gobius cobitis,Sarcotragus fasciculatus,Gobiidae,Irciniidae,40,21,35,15,5.8
Diplodus puntazzo,Lipophrys trigloides,Sparidae,Blenniidae,40,25,33,21,5.8
Aiptasia couchii,Mesophyllum expansum,Aiptasiidae,Lithophyllaceae,38,16,35,15,5.8
Chelon auratus,Lipophrys trigloides,Mugilidae,Blenniidae,36,28,36,21,5.8
Parablennius rouxi,Serranus scriba,Blenniidae,Serranidae,36,20,32,20,5.8
Bothus podas,Symphodus roissali,Bothidae,Labridae,36,22,29,21,5.8
Aidablennius sphynx,Symphodus mediterraneus,Blenniidae,Labridae,36,12,23,11,5.8
Mesophyllum expansum,Pennaria disticha,Lithophyllaceae,Pennariidae,34,17,31,12,5.8
Mesophyllum expansum,Symphodus roissali,Lithophyllaceae,Labridae,34,21,30,18,5.8
Chondrosia reniformis,Oculina patagonica,Chondrillidae,Oculinidae,34,16,32,16,5.8
Balanophyllia europaea,Eunicella gazella,Dendrophylliidae,Gorgoniidae,33,22,31,14,5.8
Pentapora fascialis,Symphodus tinca,Bitectiporidae,Labridae,33,21,27,23,5.8
Dardanus calidus,Echinaster sepositus,Diogenidae,Echinasteridae,32,21,28,15,5.8
Conger conger,Lipophrys trigloides,Congridae,Blenniidae,32,18,29,10,5.8
Anthias anthias,Holothuria tubulosa,Anthiadidae,Holothuriidae,32,19,29,16,5.8
Diplodus sargus,Mesophyllum expansum,Sparidae,Lithophyllaceae,32,21,32,18,5.8
Maja crispata,Symphodus roissali,Majidae,Labridae,30,21,29,22,5.8
Schizoporella errata,Scorpaena maderensis,Schizoporellidae,Scorpaenidae,30,19,28,21,5.8
Ellisolandia elongata,Petrosia ficiformis,Lithophyllaceae,Petrosiidae,29,16,28,12,5.8
Anthias anthias,Sabella spallanzanii,Anthiadidae,Sabellidae,28,18,22,16,5.8
Oblada melanurus,Pelagia noctiluca,Sparidae,Pelagiidae,28,19,21,19,5.8
Gobius incognitus,Schizoporella errata,Gobiidae,Schizoporellidae,28,17,25,22,5.8
Coscinasterias tenuispina,Tricleocarpa fragilis,Asteriidae,Galaxauraceae,27,12,25,17,5.8
Pennaria disticha,Xyrichtys novacula,Pennariidae,Labridae,27,16,24,13,5.8
Conger conger,Muraena helena,Congridae,Muraenidae,26,19,26,17,5.8
Hacelia attenuata,Luisella babai,Ophidiasteridae,Samlidae,26,16,21,17,5.8
Arbacia lixula,Lithophyllum stictiforme,Arbaciidae,Lithophyllaceae,26,19,22,13,5.8
Labrus merula,Percnon gibbesi,Labridae,Percnidae,26,19,26,16,5.8
Asparagopsis taxiformis,Dicentrarchus labrax,Bonnemaisoniaceae,Moronidae,26,15,24,20,5.8
Lepadogaster candolii,Stenopus spinosus,Gobiesocidae,Stenopodidae,25,12,23,9,5.8
Dictyota cyanoloma,Ircinia oros,Dictyotaceae,Irciniidae,25,9,24,10,5.8
Lithophyllum stictiforme,Perforatus perforatus,Lithophyllaceae,Balanidae,24,21,22,13,5.8
Pagellus erythrinus,Pinna rudis,Sparidae,Pinnidae,23,7,22,7,5.8
Epinephelus marginatus,Schizoporella errata,Epinephelidae,Schizoporellidae,22,14,19,12,5.8
Amphiroa rigida,Stenopus spinosus,Lithophyllaceae,Stenopodidae,21,10,19,8,5.8
Gobius cobitis,Pinctada radiata,Gobiidae,Pteriidae,20,9,18,6,5.8
Diplodus cervinus,Percnon gibbesi,Sparidae,Percnidae,20,15,18,14,5.8
Stenopus spinosus,Yungia aurantiaca,Stenopodidae,Pseudocerotidae,19,10,18,8,5.8
Pachycerianthus solitarius,Yungia aurantiaca,Cerianthidae,Pseudocerotidae,19,13,18,8,5.8
Lithophyllum stictiforme,Thalassoma pavo,Lithophyllaceae,Labridae,19,14,19,11,5.8
Hamigera hamigera,Ircinia oros,Hymedesmiidae,Irciniidae,18,12,18,7,5.8
Microlipophrys nigriceps,Torpedo marmorata,Blenniidae,Torpedinidae,18,8,15,5,5.8
Aiptasia couchii,Lissoclinum weigelei,Aiptasiidae,Didemnidae,18,4,17,9,5.8
Centrolabrus melanocercus,Parablennius gattorugine,Labridae,Blenniidae,18,13,16,10,5.8
Acinetospora crinita,Hexaplex trunculus,Acinetosporaceae,Muricidae,16,12,13,10,5.8
Pentapora fascialis,Semicassis undulata,Bitectiporidae,Cassidae,16,13,12,10,5.8
Dicentrarchus labrax,Lissoclinum weigelei,Moronidae,Didemnidae,16,8,16,8,5.8
Ircinia oros,Phoronis hippocrepia,Irciniidae,Phoronidae,16,6,16,8,5.8
Halimeda tuna,Parazoanthus brevitentacularis,Halimedaceae,Parazoanthidae,16,14,16,8,5.8
Acinetospora crinita,Perforatus perforatus,Acinetosporaceae,Balanidae,16,16,14,13,5.8
Dardanus calidus,Semicassis undulata,Diogenidae,Cassidae,15,12,13,13,5.8
Pagellus erythrinus,Semicassis undulata,Sparidae,Cassidae,15,11,14,7,5.8
Callionymus pusillus,Torpedo marmorata,Callionymidae,Torpedinidae,15,6,10,8,5.8
Centrolabrus melanocercus,Diplodus sargus,Labridae,Sparidae,14,13,14,12,5.8
Luria lurida,Ophidiaster ophidianus,Cypraeidae,Ophidiasteridae,13,13,12,10,5.8
Pistacia lentiscus,Urospermum dalechampii,Anacardiaceae,Asteraceae,12,11,9,7,5.8
Hermodice carunculata,Percnon gibbesi,Amphinomidae,Percnidae,12,12,12,8,5.8
Luisella babai,Parazoanthus brevitentacularis,Samlidae,Parazoanthidae,11,11,11,10,5.8
Felimare fontandraui,Marionia blainvillea,Chromodorididae,Tritoniidae,11,9,11,7,5.8
Luria lurida,Semicassis undulata,Cypraeidae,Cassidae,11,6,8,8,5.8
Felimare fontandraui,Parazoanthus brevitentacularis,Chromodorididae,Parazoanthidae,11,8,10,8,5.8
Polititapes aureus,Tritia mutabilis,Veneridae,Nassariidae,11,11,11,9,5.8
Caloria quatrefagesi,Jania rubens,Facelinidae,Lithophyllaceae,11,8,11,8,5.8
Chrysymenia ventricosa,Diaphorodoris papillata,Rhodymeniaceae,Calycidorididae,10,8,10,6,5.8
Facelina rubrovittata,Periclimenes amethysteus,Facelinidae,Palaemonidae,9,7,9,5,5.8
Epinephelus costae,Pseudocaranx dentex,Epinephelidae,Carangidae,9,6,9,6,5.8
Haliclona mucosa,Pycnoclavella communis,Chalinidae,Pycnoclavellidae,9,9,9,5,5.8
Inachus phalangium,Pycnoclavella nana,Inachidae,Pycnoclavellidae,9,6,9,5,5.8
Corynactis viridis,Reteporella grimaldii,Corallimorphidae,Phidoloporidae,9,7,9,5,5.8
Chrysymenia ventricosa,Dardanus calidus,Rhodymeniaceae,Diogenidae,9,7,8,8,5.8
Chrysymenia ventricosa,Trinchesia morrowae,Rhodymeniaceae,Trinchesiidae,8,8,8,6,5.8
Pseudobiceros splendidus,Reteporella grimaldii,Pseudocerotidae,Phidoloporidae,8,3,7,5,5.8
Eriphia verrucosa,Hemimycale mediterranea,Eriphiidae,Hymedesmiidae,8,7,8,6,5.8
Ericaria mediterranea,Petrosia ficiformis,Sargassaceae,Petrosiidae,8,7,8,7,5.8
Halopteris filicina,Scorpaena scrofa,Stypocaulaceae,Scorpaenidae,8,8,8,7,5.8
Cistus salviifolius,Plantago lagopus,Cistaceae,Plantaginaceae,8,6,7,5,5.8
Actinia mediterranea,Holothuria tubulosa,Actiniidae,Holothuriidae,50,19,43,26,5.7
Arbacia lixula,Gobius cruentatus,Arbaciidae,Gobiidae,46,23,34,25,5.7
Serpula vermicularis,Stramonita haemastoma,Serpulidae,Muricidae,43,25,39,21,5.7
Bothus podas,Diplodus puntazzo,Bothidae,Sparidae,42,26,37,27,5.7
Coscinasterias tenuispina,Parablennius gattorugine,Asteriidae,Blenniidae,41,23,35,25,5.7
Chelon auratus,Gobius cruentatus,Mugilidae,Gobiidae,41,16,35,18,5.7
Balanophyllia europaea,Chelon auratus,Dendrophylliidae,Mugilidae,40,15,38,18,5.7
Chelon auratus,Halimeda tuna,Mugilidae,Halimedaceae,40,22,37,20,5.7
Echinaster sepositus,Ircinia oros,Echinasteridae,Irciniidae,39,26,33,11,5.7
Reteporella grimaldii,Serpula vermicularis,Phidoloporidae,Serpulidae,38,25,32,18,5.7
Gobius cruentatus,Oculina patagonica,Gobiidae,Oculinidae,37,19,34,18,5.7
Labrus merula,Pennaria disticha,Labridae,Pennariidae,37,23,31,22,5.7
Maja crispata,Parablennius zvonimiri,Majidae,Blenniidae,35,24,31,22,5.7
Lepadogaster candolii,Parablennius gattorugine,Gobiesocidae,Blenniidae,35,13,30,12,5.7
Cribrinopsis crassa,Palinurus elephas,Actiniidae,Palinuridae,34,22,31,17,5.7
Gobius paganellus,Synodus saurus,Gobiidae,Synodontidae,34,10,26,13,5.7
Parablennius sanguinolentus,Scorpaena maderensis,Blenniidae,Scorpaenidae,34,21,28,17,5.7
Agelas oroides,Pycnoclavella communis,Agelasidae,Pycnoclavellidae,34,23,32,15,5.7
Cribrinopsis crassa,Dardanus calidus,Actiniidae,Diogenidae,33,14,32,17,5.7
Pycnoclavella communis,Sabella spallanzanii,Pycnoclavellidae,Sabellidae,33,27,27,15,5.7
Gobius cruentatus,Muraena helena,Gobiidae,Muraenidae,32,17,24,20,5.7
Diplodus cervinus,Labrus merula,Sparidae,Labridae,32,16,27,22,5.7
Diplodus cervinus,Sarcotragus fasciculatus,Sparidae,Irciniidae,31,11,29,10,5.7
Gari depressa,Posidonia oceanica,Psammobiidae,Posidoniaceae,31,16,29,13,5.7
Bothus podas,Diplodus cervinus,Bothidae,Sparidae,31,16,25,20,5.7
Conger conger,Synodus saurus,Congridae,Synodontidae,30,19,27,9,5.7
Acetabularia acetabulum,Pagellus acarne,Polyphysaceae,Sparidae,29,18,25,14,5.7
Chromis chromis,Maja crispata,Pomacentridae,Majidae,28,17,26,11,5.7
Schizoporella errata,Symphodus roissali,Schizoporellidae,Labridae,28,17,23,19,5.7
Aiptasia couchii,Epinephelus marginatus,Aiptasiidae,Epinephelidae,28,19,27,16,5.7
Caloria quatrefagesi,Mesophyllum expansum,Facelinidae,Lithophyllaceae,27,21,27,9,5.7
Parablennius rouxi,Pinna rudis,Blenniidae,Pinnidae,27,16,25,18,5.7
Eunicella singularis,Pycnoclavella communis,Gorgoniidae,Pycnoclavellidae,26,18,24,13,5.7
Apogon imberbis,Bolma rugosa,Apogonidae,Turbinidae,26,18,25,17,5.7
Epinephelus marginatus,Parablennius sanguinolentus,Epinephelidae,Blenniidae,25,14,24,13,5.7
Amphiroa rigida,Sabella spallanzanii,Lithophyllaceae,Sabellidae,25,12,21,15,5.7
Caloria quatrefagesi,Felimare villafranca,Facelinidae,Chromodorididae,24,13,22,13,5.7
Caloria quatrefagesi,Maja crispata,Facelinidae,Majidae,24,15,23,10,5.7
Aiptasia couchii,Telmatactis forskalii,Aiptasiidae,Isophelliidae,23,10,19,10,5.7
Pennaria disticha,Pseudodistoma crucigaster,Pennariidae,Pseudodistomidae,23,13,19,9,5.7
Luisella babai,Trinchesia morrowae,Samlidae,Trinchesiidae,22,16,20,10,5.7
Cribrinopsis crassa,Prostheceraeus moseleyi,Actiniidae,Euryleptidae,22,18,21,14,5.7
Dictyota cyanoloma,Eriphia verrucosa,Dictyotaceae,Eriphiidae,22,8,20,12,5.7
Oculina patagonica,Pseudodistoma crucigaster,Oculinidae,Pseudodistomidae,22,9,20,10,5.7
Ellisolandia elongata,Inachus phalangium,Lithophyllaceae,Inachidae,22,9,19,11,5.7
Anthias anthias,Caulerpa cylindracea,Anthiadidae,Caulerpaceae,21,15,20,11,5.7
Inachus phalangium,Microlipophrys nigriceps,Inachidae,Blenniidae,20,10,20,6,5.7
Pseudodistoma crucigaster,Thalassoma pavo,Pseudodistomidae,Labridae,20,15,16,18,5.7
Calmella cavolini,Simnia spelta,Flabellinidae,Ovulidae,19,10,18,9,5.7
Bonellia viridis,Lissoclinum weigelei,Bonelliidae,Didemnidae,19,7,15,11,5.7
Pelagia noctiluca,Pseudodistoma crucigaster,Pelagiidae,Pseudodistomidae,19,12,18,10,5.7
Leptogorgia sarmentosa,Luisella babai,Gorgoniidae,Samlidae,18,8,18,5,5.7
Seriola dumerili,Thalassoma pavo,Carangidae,Labridae,18,17,18,12,5.7
Hacelia attenuata,Hermodice carunculata,Ophidiasteridae,Amphinomidae,17,14,15,11,5.7
Cliona viridis,Semicassis undulata,Clionaidae,Cassidae,17,13,15,11,5.7
Astrospartus mediterraneus,Felimare fontandraui,Gorgonocephalidae,Chromodorididae,16,11,16,9,5.7
Aiptasia mutabilis,Bispira volutacornis,Aiptasiidae,Sabellidae,16,12,16,10,5.7
Clathria jolicoeuri,Parablennius gattorugine,Microcionidae,Blenniidae,16,8,15,9,5.7
Lissoclinum weigelei,Sabella spallanzanii,Didemnidae,Sabellidae,16,7,16,7,5.7
Clathria jolicoeuri,Cliona viridis,Microcionidae,Clionaidae,15,11,15,7,5.7
Gari depressa,Symphodus mediterraneus,Psammobiidae,Labridae,15,8,15,8,5.7
Gari depressa,Sarcotragus fasciculatus,Psammobiidae,Irciniidae,15,10,14,9,5.7
Parazoanthus brevitentacularis,Symphodus mediterraneus,Parazoanthidae,Labridae,15,10,14,13,5.7
Flabellia petiolata,Parazoanthus brevitentacularis,Codiaceae,Parazoanthidae,15,6,13,11,5.7
Berghia coerulescens,Calmella cavolini,Aeolidiidae,Flabellinidae,14,14,12,11,5.7
Dactylopterus volitans,Xyrichtys novacula,Dactylopteridae,Labridae,14,12,13,7,5.7
Agelas oroides,Jania rubens,Agelasidae,Lithophyllaceae,14,11,13,9,5.7
Apogon imberbis,Bispira volutacornis,Apogonidae,Sabellidae,14,5,13,8,5.7
Eriphia verrucosa,Phoronis hippocrepia,Eriphiidae,Phoronidae,14,6,12,8,5.7
Amphiroa rigida,Aplysia depilans,Lithophyllaceae,Aplysiidae,13,5,11,5,5.7
Echinaster sepositus,Phoronis hippocrepia,Echinasteridae,Phoronidae,13,7,13,7,5.7
Eudendrium racemosum,Sarcotragus fasciculatus,Eudendriidae,Irciniidae,13,10,13,6,5.7
Gari depressa,Padina pavonica,Psammobiidae,Dictyotaceae,13,5,12,6,5.7
Pomadasys incisus,Seriola dumerili,Haemulidae,Carangidae,12,8,12,11,5.7
Parablennius sanguinolentus,Zebrus zebrus,Blenniidae,Gobiidae,12,6,9,5,5.7
Alicia mirabilis,Dardanus calidus,Aliciidae,Diogenidae,11,7,11,8,5.7
Gobius paganellus,Petalifera petalifera,Gobiidae,Aplysiidae,11,4,8,5,5.7
Astrospartus mediterraneus,Thylacodes arenarius,Gorgonocephalidae,Vermetidae,10,9,10,5,5.7
Limaria hians,Yungia aurantiaca,Limidae,Pseudocerotidae,10,9,10,7,5.7
Amphiroa beauvoisii,Rudmania krohni,Lithophyllaceae,Chromodorididae,10,4,10,6,5.7
Diaphorodoris papillata,Phyllidia flava,Calycidorididae,Phyllidiidae,9,7,9,6,5.7
Mycteroperca rubra,Myriapora truncata,Epinephelidae,Myriaporidae,9,7,8,7,5.7
Gobius cobitis,Jania virgata,Gobiidae,Lithophyllaceae,9,6,7,5,5.7
Hexaplex trunculus,Jania virgata,Muricidae,Lithophyllaceae,9,8,9,6,5.7
Felimare fontandraui,Pycnoclavella nana,Chromodorididae,Pycnoclavellidae,8,7,8,6,5.7
Limaria hians,Simnia spelta,Limidae,Ovulidae,8,6,8,6,5.7
Goniodoridella picoensis,Periclimenes amethysteus,Goniodorididae,Palaemonidae,8,3,6,5,5.7
Caberea boryi,Sarcotragus fasciculatus,Candidae,Irciniidae,8,8,8,5,5.7
Palinurus elephas,Posidonia oceanica,Palinuridae,Posidoniaceae,71,24,61,24,5.6
Actinia mediterranea,Flabellia petiolata,Actiniidae,Codiaceae,46,29,40,14,5.6
Actinia mediterranea,Mesophyllum expansum,Actiniidae,Lithophyllaceae,44,22,40,14,5.6
Eriphia verrucosa,Sphaerococcus coronopifolius,Eriphiidae,Sphaerococcaceae,39,26,39,16,5.6
Arbacia lixula,Palinurus elephas,Arbaciidae,Palinuridae,38,21,36,15,5.6
Balanophyllia europaea,Pycnoclavella communis,Dendrophylliidae,Pycnoclavellidae,38,23,35,19,5.6
Myriapora truncata,Pycnoclavella communis,Myriaporidae,Pycnoclavellidae,37,27,34,15,5.6
Myriapora truncata,Pennaria disticha,Myriaporidae,Pennariidae,37,25,30,18,5.6
Flabellia petiolata,Gobius paganellus,Codiaceae,Gobiidae,37,19,35,17,5.6
Halocynthia papillosa,Pycnoclavella communis,Pyuridae,Pycnoclavellidae,36,26,32,14,5.6
Parablennius rouxi,Symphodus tinca,Blenniidae,Labridae,36,22,33,23,5.6
Dicentrarchus labrax,Parablennius pilicornis,Moronidae,Blenniidae,36,25,34,26,5.6
Boops boops,Lipophrys trigloides,Sparidae,Blenniidae,33,20,30,15,5.6
Apogon imberbis,Maja crispata,Apogonidae,Majidae,32,24,31,19,5.6
Anthias anthias,Crambe crambe,Anthiadidae,Crambeidae,32,18,24,22,5.6
Flabellia petiolata,Sphyraena viridensis,Codiaceae,Sphyraenidae,32,28,30,16,5.6
Phorbas tenacior,Symphodus roissali,Hymedesmiidae,Labridae,32,26,30,20,5.6
Gobius cobitis,Mullus surmuletus,Gobiidae,Mullidae,32,19,25,24,5.6
Halocynthia papillosa,Inachus phalangium,Pyuridae,Inachidae,31,18,27,15,5.6
Cliona viridis,Diplodus cervinus,Clionaidae,Sparidae,31,16,29,9,5.6
Chelon auratus,Maja crispata,Mugilidae,Majidae,31,23,31,21,5.6
Labrus merula,Muraena helena,Labridae,Muraenidae,30,15,21,19,5.6
Chondrosia reniformis,Reteporella grimaldii,Chondrillidae,Phidoloporidae,30,22,26,16,5.6
Lipophrys trigloides,Serranus cabrilla,Blenniidae,Serranidae,30,20,30,6,5.6
Dicentrarchus labrax,Maja crispata,Moronidae,Majidae,29,21,25,15,5.6
Caloria quatrefagesi,Protula tubularia,Facelinidae,Serpulidae,29,17,25,19,5.6
Maja crispata,Symphodus tinca,Majidae,Labridae,28,15,28,12,5.6
Inachus phalangium,Synodus saurus,Inachidae,Synodontidae,27,12,26,14,5.6
Ariosoma balearicum,Boops boops,Congridae,Sparidae,27,15,26,15,5.6
Branchiomma luctuosum,Diplodus cervinus,Sabellidae,Sparidae,27,13,21,12,5.6
Asparagopsis taxiformis,Gobius paganellus,Bonnemaisoniaceae,Gobiidae,27,6,23,17,5.6
Maja crispata,Thalassoma pavo,Majidae,Labridae,26,16,24,14,5.6
Chelon auratus,Tricleocarpa fragilis,Mugilidae,Galaxauraceae,26,6,22,11,5.6
Pinna rudis,Sphaerococcus coronopifolius,Pinnidae,Sphaerococcaceae,26,18,25,14,5.6
Caulerpa cylindracea,Mesophyllum expansum,Caulerpaceae,Lithophyllaceae,25,13,23,10,5.6
Pelagia noctiluca,Serranus scriba,Pelagiidae,Serranidae,25,24,25,19,5.6
Pagellus erythrinus,Xyrichtys novacula,Sparidae,Labridae,25,16,23,8,5.6
Bolma rugosa,Holothuria forskali,Turbinidae,Holothuriidae,24,19,24,14,5.6
Crambe crambe,Nemesignis banyulensis,Crambeidae,Myrrhinidae,24,14,21,12,5.6
Bolma rugosa,Mesophyllum expansum,Turbinidae,Lithophyllaceae,24,17,23,10,5.6
Ellisolandia elongata,Sphyraena viridensis,Lithophyllaceae,Sphyraenidae,23,21,22,17,5.6
Amphiroa rigida,Lepadogaster candolii,Lithophyllaceae,Gobiesocidae,22,10,20,10,5.6
Mesophyllum expansum,Telmatactis forskalii,Lithophyllaceae,Isophelliidae,21,14,19,8,5.6
Facelina rubrovittata,Hemimycale columella,Facelinidae,Hymedesmiidae,19,8,19,6,5.6
Boops boops,Pomadasys incisus,Sparidae,Haemulidae,19,15,17,15,5.6
Aidablennius sphynx,Callionymus pusillus,Blenniidae,Callionymidae,19,10,15,9,5.6
Chromis chromis,Seriola dumerili,Pomacentridae,Carangidae,19,17,16,14,5.6
Phorbas tenacior,Simnia spelta,Hymedesmiidae,Ovulidae,18,10,17,8,5.6
Bolma rugosa,Tricleocarpa fragilis,Turbinidae,Galaxauraceae,18,11,18,9,5.6
Centrolabrus melanocercus,Crambe crambe,Labridae,Crambeidae,17,15,15,11,5.6
Caranx crysos,Labrus merula,Carangidae,Labridae,17,12,14,15,5.6
Facelina rubrovittata,Stenopus spinosus,Facelinidae,Stenopodidae,16,9,14,6,5.6
Polysyncraton lacazei,Pycnoclavella communis,Didemnidae,Pycnoclavellidae,16,12,16,7,5.6
Clathria jolicoeuri,Ircinia oros,Microcionidae,Irciniidae,16,13,16,6,5.6
Diplodus puntazzo,Parazoanthus brevitentacularis,Sparidae,Parazoanthidae,16,13,15,8,5.6
Bolma rugosa,Rugulopteryx okamurae,Turbinidae,Dictyotaceae,15,10,14,8,5.6
Gari depressa,Halocynthia papillosa,Psammobiidae,Pyuridae,15,9,15,6,5.6
Bispira volutacornis,Parablennius gattorugine,Sabellidae,Blenniidae,15,10,11,12,5.6
Acetabularia acetabulum,Bispira volutacornis,Polyphysaceae,Sabellidae,15,10,13,8,5.6
Pinctada radiata,Schizoporella errata,Pteriidae,Schizoporellidae,15,11,13,9,5.6
Aplysia depilans,Ariosoma balearicum,Aplysiidae,Congridae,14,5,12,5,5.6
Luisella babai,Simnia spelta,Samlidae,Ovulidae,14,12,14,10,5.6
Rugulopteryx okamurae,Yungia aurantiaca,Dictyotaceae,Pseudocerotidae,14,9,13,9,5.6
Pagellus acarne,Scartella cristata,Sparidae,Blenniidae,14,10,13,10,5.6
Coscinasterias tenuispina,Jania rubens,Asteriidae,Lithophyllaceae,14,13,13,10,5.6
Gobius incognitus,Jania rubens,Gobiidae,Lithophyllaceae,13,11,13,6,5.6
Ircinia oros,Sycon raphanus,Irciniidae,Sycettidae,13,9,13,7,5.6
Centrolabrus melanocercus,Mullus surmuletus,Labridae,Mullidae,13,12,12,12,5.6
Alcyonium acaule,Muraena helena,Alcyoniidae,Muraenidae,12,10,11,5,5.6
Aiptasia couchii,Sycon raphanus,Aiptasiidae,Sycettidae,12,8,11,7,5.6
Pycnoclavella communis,Sycon raphanus,Pycnoclavellidae,Sycettidae,11,8,11,5,5.6
Bolma rugosa,Electra posidoniae,Turbinidae,Electridae,11,10,11,10,5.6
Halocynthia papillosa,Pycnoclavella nana,Pyuridae,Pycnoclavellidae,11,8,10,8,5.6
Corynactis viridis,Holothuria forskali,Corallimorphidae,Holothuriidae,10,9,10,5,5.6
Limaria hians,Pseudodistoma crucigaster,Limidae,Pseudodistomidae,10,9,10,5,5.6
Echinocardium cordatum,Pelagia noctiluca,Loveniidae,Pelagiidae,10,8,10,6,5.6
Naticarius hebraeus,Polititapes aureus,Naticidae,Veneridae,9,7,8,5,5.6
Bispira volutacornis,Pinna rudis,Sabellidae,Pinnidae,9,5,9,5,5.6
Jania virgata,Petrosia ficiformis,Lithophyllaceae,Petrosiidae,9,8,8,5,5.6
Bolma rugosa,Sycon raphanus,Turbinidae,Sycettidae,8,7,8,5,5.6
Felimare villafranca,Haliclona mucosa,Chromodorididae,Chalinidae,8,5,8,5,5.6
Mycteroperca rubra,Phycis phycis,Epinephelidae,Phycidae,8,7,8,5,5.6
Branchiomma moebii,Cliona viridis,Sabellidae,Clionaidae,8,7,8,5,5.6
Pecten jacobaeus,Striarca lactea,Pectinidae,Noetiidae,8,7,8,5,5.6
Jania virgata,Phorbas tenacior,Lithophyllaceae,Hymedesmiidae,8,7,7,5,5.6
Jania virgata,Stramonita haemastoma,Lithophyllaceae,Muricidae,8,7,8,6,5.6
Facelina rubrovittata,Jania rubens,Facelinidae,Lithophyllaceae,8,6,8,5,5.6
Parablennius rouxi,Posidonia oceanica,Blenniidae,Posidoniaceae,83,44,69,27,5.5
Gobius incognitus,Posidonia oceanica,Gobiidae,Posidoniaceae,70,35,59,30,5.5
Cliona viridis,Parablennius gattorugine,Clionaidae,Blenniidae,42,30,41,19,5.5
Aiptasia couchii,Bonellia viridis,Aiptasiidae,Bonelliidae,42,21,37,20,5.5
Cliona viridis,Parablennius pilicornis,Clionaidae,Blenniidae,40,31,39,22,5.5
Aiptasia couchii,Cliona viridis,Aiptasiidae,Clionaidae,39,28,35,15,5.5
Gobius paganellus,Sphaerococcus coronopifolius,Gobiidae,Sphaerococcaceae,38,17,36,18,5.5
Cribrinopsis crassa,Halocynthia papillosa,Actiniidae,Pyuridae,37,19,32,22,5.5
Acetabularia acetabulum,Hemimycale columella,Polyphysaceae,Hymedesmiidae,37,21,32,23,5.5
Bothus podas,Symphodus mediterraneus,Bothidae,Labridae,37,17,29,14,5.5
Chelon auratus,Hexaplex trunculus,Mugilidae,Muricidae,37,20,34,22,5.5
Gobius cruentatus,Synodus saurus,Gobiidae,Synodontidae,36,14,28,15,5.5
Perforatus perforatus,Pycnoclavella communis,Balanidae,Pycnoclavellidae,35,25,33,15,5.5
Balanophyllia europaea,Sphyraena viridensis,Dendrophylliidae,Sphyraenidae,34,22,32,21,5.5
Eriphia verrucosa,Pennaria disticha,Eriphiidae,Pennariidae,34,21,33,18,5.5
Calmella cavolini,Hemimycale columella,Flabellinidae,Hymedesmiidae,33,21,32,11,5.5
Bonellia viridis,Diplodus cervinus,Bonelliidae,Sparidae,33,8,32,11,5.5
Mullus surmuletus,Parablennius rouxi,Mullidae,Blenniidae,33,23,29,21,5.5
Crambe crambe,Inachus phalangium,Crambeidae,Inachidae,32,21,26,17,5.5
Anthias anthias,Arbacia lixula,Anthiadidae,Arbaciidae,32,17,27,17,5.5
Holothuria tubulosa,Reteporella grimaldii,Holothuriidae,Phidoloporidae,32,26,29,20,5.5
Diplodus puntazzo,Schizoporella errata,Sparidae,Schizoporellidae,32,20,29,17,5.5
Bothus podas,Diplodus sargus,Bothidae,Sparidae,32,21,30,27,5.5
Inachus phalangium,Petrosia ficiformis,Inachidae,Petrosiidae,31,20,31,14,5.5
Dicentrarchus labrax,Thericium vulgatum,Moronidae,Cerithiidae,31,21,30,17,5.5
Halimeda tuna,Schizoporella errata,Halimedaceae,Schizoporellidae,31,13,28,14,5.5
Boops boops,Gobius incognitus,Sparidae,Gobiidae,31,18,24,24,5.5
Myriapora truncata,Pelagia noctiluca,Myriaporidae,Pelagiidae,30,21,28,12,5.5
Halocynthia papillosa,Pelagia noctiluca,Pyuridae,Pelagiidae,29,23,27,17,5.5
Mesophyllum expansum,Mullus surmuletus,Lithophyllaceae,Mullidae,29,20,29,15,5.5
Pelagia noctiluca,Perforatus perforatus,Pelagiidae,Balanidae,29,26,28,18,5.5
Anthias anthias,Cribrinopsis crassa,Anthiadidae,Actiniidae,28,21,25,20,5.5
Mesophyllum expansum,Tylodina perversa,Lithophyllaceae,Tylodinidae,28,11,24,10,5.5
Branchiomma luctuosum,Maja crispata,Sabellidae,Majidae,28,5,24,14,5.5
Parablennius zvonimiri,Tricleocarpa fragilis,Blenniidae,Galaxauraceae,28,13,25,18,5.5
Hacelia attenuata,Trinchesia morrowae,Ophidiasteridae,Trinchesiidae,27,11,27,5,5.5
Epinephelus marginatus,Hexaplex trunculus,Epinephelidae,Muricidae,27,14,24,18,5.5
Pelagia noctiluca,Phorbas tenacior,Pelagiidae,Hymedesmiidae,26,20,23,12,5.5
Eudendrium racemosum,Posidonia oceanica,Eudendriidae,Posidoniaceae,26,18,25,8,5.5
Acetabularia acetabulum,Pseudodistoma crucigaster,Polyphysaceae,Pseudodistomidae,26,13,23,15,5.5
Lepadogaster candolii,Ophisurus serpens,Gobiesocidae,Ophichthidae,25,9,24,8,5.5
Epinephelus marginatus,Pentapora fascialis,Epinephelidae,Bitectiporidae,25,18,24,14,5.5
Halimeda tuna,Percnon gibbesi,Halimedaceae,Percnidae,25,13,25,9,5.5
Chromis chromis,Pelagia noctiluca,Pomacentridae,Pelagiidae,25,18,22,20,5.5
Bolma rugosa,Pentapora fascialis,Turbinidae,Bitectiporidae,24,19,23,11,5.5
Pagellus erythrinus,Tritia mutabilis,Sparidae,Nassariidae,24,18,21,9,5.5
Amphiroa rigida,Phorbas tenacior,Lithophyllaceae,Hymedesmiidae,24,14,24,13,5.5
Apogon imberbis,Microlipophrys nigriceps,Apogonidae,Blenniidae,24,12,19,10,5.5
Oblada melanurus,Pinna rudis,Sparidae,Pinnidae,23,15,22,11,5.5
Ellisolandia elongata,Prostheceraeus roseus,Lithophyllaceae,Euryleptidae,22,17,19,14,5.5
Labrus merula,Seriola dumerili,Labridae,Carangidae,22,19,21,15,5.5
Synodus saurus,Yungia aurantiaca,Synodontidae,Pseudocerotidae,21,8,16,12,5.5
Maja crispata,Pseudodistoma crucigaster,Majidae,Pseudodistomidae,20,14,17,10,5.5
Amphiroa rigida,Pelagia noctiluca,Lithophyllaceae,Pelagiidae,20,15,19,13,5.5
Facelina rubrovittata,Pycnoclavella communis,Facelinidae,Pycnoclavellidae,19,12,18,9,5.5
Actinia mediterranea,Periclimenes amethysteus,Actiniidae,Palaemonidae,19,8,16,8,5.5
Diplodus cervinus,Lithophyllum stictiforme,Sparidae,Lithophyllaceae,18,13,17,9,5.5
Inachus phalangium,Lithophyllum stictiforme,Inachidae,Lithophyllaceae,18,14,17,12,5.5
Crambe crambe,Lissoclinum weigelei,Crambeidae,Didemnidae,18,6,16,7,5.5
Prostheceraeus moseleyi,Tylodina perversa,Euryleptidae,Tylodinidae,17,13,17,10,5.5
Eunicella gazella,Prostheceraeus moseleyi,Gorgoniidae,Euryleptidae,17,12,17,11,5.5
Felimare fontandraui,Nemesignis banyulensis,Chromodorididae,Myrrhinidae,16,12,13,10,5.5
Aplysia depilans,Synodus saurus,Aplysiidae,Synodontidae,16,6,13,6,5.5
Lepadogaster candolii,Steromphala varia,Gobiesocidae,Trochidae,16,10,16,5,5.5
Pagellus acarne,Rugulopteryx okamurae,Sparidae,Dictyotaceae,15,7,14,7,5.5
Caulerpa cylindracea,Prostheceraeus moseleyi,Caulerpaceae,Euryleptidae,15,10,14,8,5.5
Chondrosia reniformis,Hamigera hamigera,Chondrillidae,Hymedesmiidae,15,14,15,12,5.5
Clanculus jussieui,Gobius cruentatus,Trochidae,Gobiidae,15,8,12,6,5.5
Parazoanthus brevitentacularis,Sphaerococcus coronopifolius,Parazoanthidae,Sphaerococcaceae,15,12,14,9,5.5
Caranx crysos,Lipophrys trigloides,Carangidae,Blenniidae,15,12,14,12,5.5
Dendrodoris limbata,Pomatoschistus bathi,Dendrodorididae,Gobiidae,14,10,14,6,5.5
Polysyncraton lacazei,Rudmania krohni,Didemnidae,Chromodorididae,14,11,14,8,5.5
Bispira volutacornis,Protula tubularia,Sabellidae,Serpulidae,14,8,14,11,5.5
Microlipophrys nigriceps,Prostheceraeus moseleyi,Blenniidae,Euryleptidae,14,6,13,5,5.5
Petrosia ficiformis,Sparisoma cretense,Petrosiidae,Labridae,14,11,14,7,5.5
Gobius incognitus,Hamigera hamigera,Gobiidae,Hymedesmiidae,14,12,14,10,5.5
Codium bursa,Parazoanthus brevitentacularis,Codiaceae,Parazoanthidae,14,9,14,8,5.5
Caranx crysos,Chromis chromis,Carangidae,Pomacentridae,14,11,12,7,5.5
Cribrinopsis crassa,Pagurus cuanensis,Actiniidae,Paguridae,13,5,10,6,5.5
Conger conger,Penaeus kerathurus,Congridae,Penaeidae,13,7,11,6,5.5
Chamelea gallina,Striarca lactea,Veneridae,Noetiidae,13,10,13,7,5.5
Bispira volutacornis,Scorpaena maderensis,Sabellidae,Scorpaenidae,13,9,12,10,5.5
Clathria jolicoeuri,Phorbas tenacior,Microcionidae,Hymedesmiidae,13,9,12,7,5.5
Branchiomma luctuosum,Polititapes aureus,Sabellidae,Veneridae,13,7,12,5,5.5
Bispira volutacornis,Codium bursa,Sabellidae,Codiaceae,13,8,13,9,5.5
Jania rubens,Thericium vulgatum,Lithophyllaceae,Cerithiidae,13,13,13,7,5.5
Dendrodoris limbata,Prostheceraeus moseleyi,Dendrodorididae,Euryleptidae,12,6,10,10,5.5
Aplysia depilans,Pomatoschistus bathi,Aplysiidae,Gobiidae,12,7,11,5,5.5
Labrus viridis,Serpula vermicularis,Labridae,Serpulidae,12,7,12,10,5.5
Muricopsis cristata,Pagellus erythrinus,Muricidae,Sparidae,11,4,11,6,5.5
Prostheceraeus moseleyi,Simnia spelta,Euryleptidae,Ovulidae,11,11,11,10,5.5
Platydoris argo,Tylodina perversa,Discodorididae,Tylodinidae,11,9,10,6,5.5
Amphiroa rigida,Centrolabrus melanocercus,Lithophyllaceae,Labridae,11,7,10,9,5.5
Alicia mirabilis,Sabella spallanzanii,Aliciidae,Sabellidae,11,8,10,8,5.5
Dasyatis pastinaca,Pagellus acarne,Dasyatidae,Sparidae,11,5,9,5,5.5
Amphiroa beauvoisii,Oblada melanurus,Lithophyllaceae,Sparidae,11,7,10,8,5.5
Electra posidoniae,Yungia aurantiaca,Electridae,Pseudocerotidae,10,8,10,9,5.5
Mesophyllum expansum,Pycnoclavella nana,Lithophyllaceae,Pycnoclavellidae,10,10,10,6,5.5
Alicia mirabilis,Prostheceraeus roseus,Aliciidae,Euryleptidae,10,9,9,9,5.5
Agelas oroides,Pycnoclavella nana,Agelasidae,Pycnoclavellidae,10,7,10,9,5.5
Hamigera hamigera,Pseudodistoma crucigaster,Hymedesmiidae,Pseudodistomidae,10,7,10,6,5.5
Chrysymenia ventricosa,Protula tubularia,Rhodymeniaceae,Serpulidae,10,10,9,8,5.5
Berghia coerulescens,Yungia aurantiaca,Aeolidiidae,Pseudocerotidae,9,8,8,7,5.5
Centrolabrus melanocercus,Prostheceraeus moseleyi,Labridae,Euryleptidae,9,9,9,7,5.5
Epinephelus marginatus,Eudendrium racemosum,Epinephelidae,Eudendriidae,9,7,9,5,5.5
Hacelia attenuata,Phyllidia flava,Ophidiasteridae,Phyllidiidae,8,8,7,7,5.5
Buglossidium luteum,Yungia aurantiaca,Soleidae,Pseudocerotidae,8,5,7,6,5.5
Felimare villafranca,Labrus mixtus,Chromodorididae,Labridae,8,6,8,5,5.5
Rugulopteryx okamurae,Siphonaria pectinata,Dictyotaceae,Siphonariidae,8,7,8,5,5.5
Inachus phalangium,Labrus viridis,Inachidae,Labridae,8,6,7,5,5.5
Hemimycale mediterranea,Sphaerococcus coronopifolius,Hymedesmiidae,Sphaerococcaceae,8,7,8,7,5.5
Chrysymenia ventricosa,Maja crispata,Rhodymeniaceae,Majidae,8,7,8,6,5.5
Boops boops,Derbesia tenuissima,Sparidae,Derbesiaceae,8,5,6,7,5.5
Gobius paganellus,Posidonia oceanica,Gobiidae,Posidoniaceae,74,30,66,24,5.4
Dicentrarchus labrax,Posidonia oceanica,Moronidae,Posidoniaceae,69,38,63,27,5.4
Actinia mediterranea,Scorpaena maderensis,Actiniidae,Scorpaenidae,43,19,37,15,5.4
Ircinia oros,Parablennius pilicornis,Irciniidae,Blenniidae,42,26,40,27,5.4
Oblada melanurus,Serpula vermicularis,Sparidae,Serpulidae,41,24,35,22,5.4
Gobius cruentatus,Parablennius pilicornis,Gobiidae,Blenniidae,41,19,30,28,5.4
Diplodus sargus,Serpula vermicularis,Sparidae,Serpulidae,38,21,35,17,5.4
Coscinasterias tenuispina,Parablennius pilicornis,Asteriidae,Blenniidae,37,20,31,24,5.4
Diplodus puntazzo,Scorpaena scrofa,Sparidae,Scorpaenidae,36,21,32,17,5.4
Parablennius rouxi,Thericium vulgatum,Blenniidae,Cerithiidae,36,22,32,22,5.4
Actinia mediterranea,Thalassoma pavo,Actiniidae,Labridae,36,29,32,13,5.4
Diaphorodoris papillata,Holothuria forskali,Calycidorididae,Holothuriidae,34,28,33,15,5.4
Apogon imberbis,Parablennius sanguinolentus,Apogonidae,Blenniidae,33,22,32,14,5.4
Parablennius zvonimiri,Sciaena umbra,Blenniidae,Sciaenidae,33,16,31,13,5.4
Acetabularia acetabulum,Prostheceraeus roseus,Polyphysaceae,Euryleptidae,33,22,25,20,5.4
Bonellia viridis,Inachus phalangium,Bonelliidae,Inachidae,32,18,31,15,5.4
Lipophrys trigloides,Oblada melanurus,Blenniidae,Sparidae,32,25,29,21,5.4
Diplodus sargus,Gobius cobitis,Sparidae,Gobiidae,32,16,25,22,5.4
Parablennius rouxi,Thalassoma pavo,Blenniidae,Labridae,32,21,27,23,5.4
Protula tubularia,Sciaena umbra,Serpulidae,Sciaenidae,32,21,28,18,5.4
Apogon imberbis,Sciaena umbra,Apogonidae,Sciaenidae,31,21,29,21,5.4
Mesophyllum expansum,Oculina patagonica,Lithophyllaceae,Oculinidae,31,17,28,13,5.4
Hexaplex trunculus,Prostheceraeus roseus,Muricidae,Euryleptidae,31,20,29,17,5.4
Oblada melanurus,Sabella spallanzanii,Sparidae,Sabellidae,31,20,25,16,5.4
Gobius incognitus,Mesophyllum expansum,Gobiidae,Lithophyllaceae,31,17,30,14,5.4
Aidablennius sphynx,Pennaria disticha,Blenniidae,Pennariidae,31,18,30,14,5.4
Bothus podas,Sphyraena viridensis,Bothidae,Sphyraenidae,31,22,28,22,5.4
Coscinasterias tenuispina,Maja crispata,Asteriidae,Majidae,30,22,27,13,5.4
Reteporella grimaldii,Sarcotragus fasciculatus,Phidoloporidae,Irciniidae,30,17,26,12,5.4
Schizoporella errata,Symphodus mediterraneus,Schizoporellidae,Labridae,29,11,26,12,5.4
Asparagopsis taxiformis,Gobius cruentatus,Bonnemaisoniaceae,Gobiidae,29,7,22,21,5.4
Pycnoclavella communis,Sciaena umbra,Pycnoclavellidae,Sciaenidae,29,11,28,11,5.4
Coscinasterias tenuispina,Thalassoma pavo,Asteriidae,Labridae,29,19,26,22,5.4
Asparagopsis taxiformis,Diplodus puntazzo,Bonnemaisoniaceae,Sparidae,29,19,27,18,5.4
Palinurus elephas,Sciaena umbra,Palinuridae,Sciaenidae,28,18,27,14,5.4
Acetabularia acetabulum,Caulerpa cylindracea,Polyphysaceae,Caulerpaceae,28,16,23,17,5.4
Chondrosia reniformis,Muraena helena,Chondrillidae,Muraenidae,27,19,26,11,5.4
Diplodus cervinus,Symphodus roissali,Sparidae,Labridae,27,13,22,17,5.4
Prostheceraeus roseus,Symphodus tinca,Euryleptidae,Labridae,27,17,22,19,5.4
Parablennius pilicornis,Tricleocarpa fragilis,Blenniidae,Galaxauraceae,27,10,24,14,5.4
Maja crispata,Sphyraena viridensis,Majidae,Sphyraenidae,26,24,25,20,5.4
Diplodus puntazzo,Pinna rudis,Sparidae,Pinnidae,26,15,24,16,5.4
Luisella babai,Pentapora fascialis,Samlidae,Bitectiporidae,25,19,22,11,5.4
Amphiroa rigida,Chelon auratus,Lithophyllaceae,Mugilidae,25,11,24,16,5.4
Echinaster sepositus,Epinephelus marginatus,Echinasteridae,Epinephelidae,24,14,21,14,5.4
Holothuria forskali,Pomatoschistus bathi,Holothuriidae,Gobiidae,23,17,23,7,5.4
Diplodus puntazzo,Seriola dumerili,Sparidae,Carangidae,23,17,23,17,5.4
Diplodus cervinus,Schizoporella errata,Sparidae,Schizoporellidae,23,12,22,13,5.4
Bolma rugosa,Pagellus erythrinus,Turbinidae,Sparidae,22,9,21,10,5.4
Pinna rudis,Thericium vulgatum,Pinnidae,Cerithiidae,22,14,19,11,5.4
Protula tubularia,Seriola dumerili,Serpulidae,Carangidae,22,17,19,16,5.4
Eunicella singularis,Tylodina perversa,Gorgoniidae,Tylodinidae,21,11,16,10,5.4
Microlipophrys dalmatinus,Tylodina perversa,Blenniidae,Tylodinidae,21,11,21,7,5.4
Astrospartus mediterraneus,Diaphorodoris papillata,Gorgonocephalidae,Calycidorididae,21,9,20,8,5.4
Pseudodistoma crucigaster,Symphodus tinca,Pseudodistomidae,Labridae,21,16,18,15,5.4
Lithophyllum stictiforme,Sabella spallanzanii,Lithophyllaceae,Sabellidae,20,18,19,13,5.4
Felimare villafranca,Phallusia mammillata,Chromodorididae,Ascidiidae,19,7,16,11,5.4
Palinurus elephas,Prostheceraeus moseleyi,Palinuridae,Euryleptidae,19,12,19,8,5.4
Seriola dumerili,Synodus saurus,Carangidae,Synodontidae,19,17,17,12,5.4
Leptogorgia sarmentosa,Muraena helena,Gorgoniidae,Muraenidae,18,12,14,14,5.4
Parablennius sanguinolentus,Pomadasys incisus,Blenniidae,Haemulidae,18,6,16,10,5.4
Nemesignis banyulensis,Trinchesia morrowae,Myrrhinidae,Trinchesiidae,17,12,16,11,5.4
Lissoclinum weigelei,Parablennius pilicornis,Didemnidae,Blenniidae,17,11,16,14,5.4
Astropecten platyacanthus,Cribrinopsis crassa,Astropectinidae,Actiniidae,17,4,15,9,5.4
Asparagopsis taxiformis,Percnon gibbesi,Bonnemaisoniaceae,Percnidae,17,14,16,13,5.4
Centrolabrus melanocercus,Holothuria tubulosa,Labridae,Holothuriidae,16,16,16,11,5.4
Coscinasterias tenuispina,Lissoclinum weigelei,Asteriidae,Didemnidae,16,10,14,6,5.4
Caranx crysos,Perforatus perforatus,Carangidae,Balanidae,16,11,14,8,5.4
Acinetospora crinita,Diplodus puntazzo,Acinetosporaceae,Sparidae,16,12,15,9,5.4
Calmella cavolini,Electra posidoniae,Flabellinidae,Electridae,15,11,15,8,5.4
Acanthonyx lunulatus,Actinia mediterranea,Epialtidae,Actiniidae,15,12,14,7,5.4
Gobius paganellus,Periclimenes amethysteus,Gobiidae,Palaemonidae,15,7,13,7,5.4
Balanophyllia europaea,Parazoanthus brevitentacularis,Dendrophylliidae,Parazoanthidae,15,11,14,14,5.4
Cribrinopsis crassa,Marionia blainvillea,Actiniidae,Tritoniidae,14,11,14,12,5.4
Actinia mediterranea,Sycon raphanus,Actiniidae,Sycettidae,14,8,14,8,5.4
Diplodus sargus,Lissoclinum weigelei,Sparidae,Didemnidae,14,8,11,9,5.4
Alcyonium acaule,Conger conger,Alcyoniidae,Congridae,13,11,13,5,5.4
Jania rubens,Oblada melanurus,Lithophyllaceae,Sparidae,13,13,13,12,5.4
Electra posidoniae,Maja crispata,Electridae,Majidae,13,10,12,8,5.4
Eunicella singularis,Thylacodes arenarius,Gorgoniidae,Vermetidae,12,10,10,10,5.4
Facelina rubrovittata,Nemesignis banyulensis,Facelinidae,Myrrhinidae,12,8,11,8,5.4
Electra posidoniae,Stenopus spinosus,Electridae,Stenopodidae,12,8,12,8,5.4
Pecten jacobaeus,Pentapora fascialis,Pectinidae,Bitectiporidae,12,8,11,6,5.4
Caranx crysos,Pelagia noctiluca,Carangidae,Pelagiidae,12,10,12,9,5.4
Marionia blainvillea,Stenopus spinosus,Tritoniidae,Stenopodidae,11,9,11,6,5.4
Clanculus jussieui,Inachus phalangium,Trochidae,Inachidae,11,7,11,5,5.4
Bispira volutacornis,Prostheceraeus roseus,Sabellidae,Euryleptidae,11,9,11,9,5.4
Berthellina edwardsii,Lipophrys trigloides,Pleurobranchidae,Blenniidae,11,5,9,5,5.4
Echinolittorina punctata,Eriphia verrucosa,Littorinidae,Eriphiidae,11,8,11,6,5.4
Mesophyllum alternans,Parablennius gattorugine,Lithophyllaceae,Blenniidae,10,8,10,7,5.4
Chrysymenia ventricosa,Halimeda tuna,Rhodymeniaceae,Halimedaceae,10,7,8,7,5.4
Alicia mirabilis,Stenopus spinosus,Aliciidae,Stenopodidae,9,5,9,5,5.4
Conger conger,Pycnoclavella nana,Congridae,Pycnoclavellidae,9,7,9,5,5.4
Electra posidoniae,Prostheceraeus moseleyi,Electridae,Euryleptidae,9,7,8,5,5.4
Cestum veneris,Tylodina perversa,Cestidae,Tylodinidae,8,5,8,5,5.4
Parablennius pilicornis,Serpula vermicularis,Blenniidae,Serpulidae,45,31,39,30,5.3
Chelon auratus,Serpula vermicularis,Mugilidae,Serpulidae,42,24,39,17,5.3
Coscinasterias tenuispina,Serpula vermicularis,Asteriidae,Serpulidae,42,30,36,25,5.3
Acetabularia acetabulum,Coscinasterias tenuispina,Polyphysaceae,Asteriidae,38,22,30,26,5.3
Agelas oroides,Parablennius gattorugine,Agelasidae,Blenniidae,37,23,33,16,5.3
Actinia mediterranea,Lepadogaster candolii,Actiniidae,Gobiesocidae,36,14,32,15,5.3
Arbacia lixula,Dicentrarchus labrax,Arbaciidae,Moronidae,36,26,34,16,5.3
Oblada melanurus,Petrosia ficiformis,Sparidae,Petrosiidae,35,24,31,12,5.3
Oblada melanurus,Sphaerococcus coronopifolius,Sparidae,Sphaerococcaceae,35,16,33,20,5.3
Gobius incognitus,Myriapora truncata,Gobiidae,Myriaporidae,34,18,33,12,5.3
Halocynthia papillosa,Oculina patagonica,Pyuridae,Oculinidae,33,18,28,18,5.3
Pycnoclavella communis,Sarcotragus fasciculatus,Pycnoclavellidae,Irciniidae,33,23,31,12,5.3
Gobius paganellus,Mesophyllum expansum,Gobiidae,Lithophyllaceae,33,15,32,13,5.3
Boops boops,Eriphia verrucosa,Sparidae,Eriphiidae,33,24,31,18,5.3
Chondrosia reniformis,Pycnoclavella communis,Chondrillidae,Pycnoclavellidae,32,25,29,13,5.3
Agelas oroides,Oblada melanurus,Agelasidae,Sparidae,32,18,28,16,5.3
Labrus merula,Maja crispata,Labridae,Majidae,31,24,28,16,5.3
Echinaster sepositus,Oblada melanurus,Echinasteridae,Sparidae,31,24,25,14,5.3
Parablennius pilicornis,Prostheceraeus roseus,Blenniidae,Euryleptidae,31,23,28,26,5.3
Sarcotragus fasciculatus,Sciaena umbra,Irciniidae,Sciaenidae,30,16,30,14,5.3
Boops boops,Synodus saurus,Sparidae,Synodontidae,30,20,29,17,5.3
Diplodus puntazzo,Pelagia noctiluca,Sparidae,Pelagiidae,30,24,24,20,5.3
Bolma rugosa,Serpula vermicularis,Turbinidae,Serpulidae,29,23,28,17,5.3
Holothuria forskali,Maja crispata,Holothuriidae,Majidae,28,20,27,15,5.3
Caloria quatrefagesi,Halimeda tuna,Facelinidae,Halimedaceae,28,17,25,12,5.3
Actinia mediterranea,Pseudodistoma crucigaster,Actiniidae,Pseudodistomidae,28,9,28,7,5.3
Cliona viridis,Pelagia noctiluca,Clionaidae,Pelagiidae,28,21,28,15,5.3
Dicentrarchus labrax,Serranus scriba,Moronidae,Serranidae,28,16,26,12,5.3
Bolma rugosa,Petrosia ficiformis,Turbinidae,Petrosiidae,25,17,25,10,5.3
Gobius cruentatus,Microlipophrys nigriceps,Gobiidae,Blenniidae,25,7,17,10,5.3
Schizoporella errata,Symphodus tinca,Schizoporellidae,Labridae,25,13,23,14,5.3
Labrus merula,Microlipophrys nigriceps,Labridae,Blenniidae,24,11,22,8,5.3
Chelon auratus,Pagellus acarne,Mugilidae,Sparidae,24,18,23,12,5.3
Leptogorgia sarmentosa,Sarcotragus fasciculatus,Gorgoniidae,Irciniidae,23,13,21,10,5.3
Arbacia lixula,Seriola dumerili,Arbaciidae,Carangidae,23,21,22,17,5.3
Hexaplex trunculus,Lithophyllum stictiforme,Muricidae,Lithophyllaceae,22,13,21,11,5.3
Diplodus vulgaris,Hemimycale columella,Sparidae,Hymedesmiidae,22,11,20,6,5.3
Actinia mediterranea,Paradoris indecora,Actiniidae,Discodorididae,21,9,19,7,5.3
Boops boops,Percnon gibbesi,Sparidae,Percnidae,21,17,21,12,5.3
Anthias anthias,Luisella babai,Anthiadidae,Samlidae,20,15,16,13,5.3
Epinephelus costae,Symphodus mediterraneus,Epinephelidae,Labridae,20,13,18,10,5.3
Chondrosia reniformis,Seriola dumerili,Chondrillidae,Carangidae,20,13,19,14,5.3
Nemesignis banyulensis,Palinurus elephas,Myrrhinidae,Palinuridae,19,10,15,9,5.3
Phorbas tenacior,Seriola dumerili,Hymedesmiidae,Carangidae,19,13,15,12,5.3
Echinaster sepositus,Prostheceraeus moseleyi,Echinasteridae,Euryleptidae,19,14,16,9,5.3
Reteporella grimaldii,Rugulopteryx okamurae,Phidoloporidae,Dictyotaceae,17,9,14,8,5.3
Marionia blainvillea,Serpula vermicularis,Tritoniidae,Serpulidae,17,9,16,11,5.3
Gobius cruentatus,Myxicola infundibulum,Gobiidae,Sabellidae,15,7,15,7,5.3
Gari depressa,Perforatus perforatus,Psammobiidae,Balanidae,14,10,13,8,5.3
Parablennius zvonimiri,Phoronis hippocrepia,Blenniidae,Phoronidae,14,7,14,9,5.3
Lissoclinum weigelei,Padina pavonica,Didemnidae,Dictyotaceae,14,5,13,8,5.3
Hexaplex trunculus,Polititapes aureus,Muricidae,Veneridae,14,9,14,9,5.3
Mesophyllum expansum,Parazoanthus brevitentacularis,Lithophyllaceae,Parazoanthidae,13,10,13,8,5.3
Ascidia mentula,Holothuria tubulosa,Ascidiidae,Holothuriidae,13,6,13,5,5.3
Lissoclinum weigelei,Thalassoma pavo,Didemnidae,Labridae,13,8,13,8,5.3
Eudendrium racemosum,Gobius cruentatus,Eudendriidae,Gobiidae,13,13,13,6,5.3
Chelidonichthys lastoviza,Cribrinopsis crassa,Triglidae,Actiniidae,12,5,11,6,5.3
Holothuria forskali,Pagurus cuanensis,Holothuriidae,Paguridae,12,10,12,5,5.3
Lipophrys trigloides,Pagurus cuanensis,Blenniidae,Paguridae,12,9,11,5,5.3
Bispira volutacornis,Thericium vulgatum,Sabellidae,Cerithiidae,12,7,11,7,5.3
Elysia timida,Inachus phalangium,Plakobranchidae,Inachidae,11,7,11,7,5.3
Alicia mirabilis,Phycis phycis,Aliciidae,Phycidae,11,8,11,10,5.3
Bolma rugosa,Thylacodes arenarius,Turbinidae,Vermetidae,11,10,11,7,5.3
Hermodice carunculata,Luria lurida,Amphinomidae,Cypraeidae,11,11,10,7,5.3
Bispira volutacornis,Serranus cabrilla,Sabellidae,Serranidae,11,8,11,6,5.3
Caloria quatrefagesi,Periclimenes amethysteus,Facelinidae,Palaemonidae,11,5,11,5,5.3
Sparisoma cretense,Sphyraena viridensis,Labridae,Sphyraenidae,11,10,10,8,5.3
Luisella babai,Marionia blainvillea,Samlidae,Tritoniidae,10,7,10,7,5.3
Alicia mirabilis,Conger conger,Aliciidae,Congridae,10,5,10,5,5.3
Chrysymenia ventricosa,Gobius cruentatus,Rhodymeniaceae,Gobiidae,10,10,10,6,5.3
Loripes orbiculatus,Tritia mutabilis,Lucinidae,Nassariidae,9,7,9,6,5.3
Pycnoclavella communis,Tenellia ocellata,Pycnoclavellidae,Tergipedidae,9,8,9,6,5.3
Eriphia verrucosa,Mesophyllum alternans,Eriphiidae,Lithophyllaceae,9,5,9,5,5.3
Labrus viridis,Mesophyllum expansum,Labridae,Lithophyllaceae,9,7,9,6,5.3
Labrus viridis,Oblada melanurus,Labridae,Sparidae,9,8,9,7,5.3
Bonellia viridis,Derbesia tenuissima,Bonelliidae,Derbesiaceae,9,5,8,6,5.3
Jania rubens,Pinna rudis,Lithophyllaceae,Pinnidae,9,6,9,7,5.3
Bolma rugosa,Candiella striata,Turbinidae,Tritoniidae,8,8,8,5,5.3
Myxicola infundibulum,Rugulopteryx okamurae,Sabellidae,Dictyotaceae,8,6,7,5,5.3
Parazoanthus brevitentacularis,Prostheceraeus moseleyi,Parazoanthidae,Euryleptidae,8,7,8,5,5.3
Ellisolandia elongata,Sycon raphanus,Lithophyllaceae,Sycettidae,8,7,8,6,5.3
Limaria hians,Pomadasys incisus,Limidae,Haemulidae,8,4,8,5,5.3
Prostheceraeus roseus,Tenellia ocellata,Euryleptidae,Tergipedidae,8,7,7,6,5.3
Gobius paganellus,Jania virgata,Gobiidae,Lithophyllaceae,8,7,8,6,5.3
Dictyota cyanoloma,Polititapes aureus,Dictyotaceae,Veneridae,8,3,8,6,5.3
Mycteroperca rubra,Symphodus mediterraneus,Epinephelidae,Labridae,8,6,7,7,5.3
Dardanus calidus,Posidonia oceanica,Diogenidae,Posidoniaceae,65,31,58,23,5.2
Parablennius gattorugine,Petrosia ficiformis,Blenniidae,Petrosiidae,40,27,38,18,5.2
Palinurus elephas,Serpula vermicularis,Palinuridae,Serpulidae,38,19,32,23,5.2
Aiptasia mutabilis,Pycnoclavella communis,Aiptasiidae,Pycnoclavellidae,38,24,33,16,5.2
Crambe crambe,Pycnoclavella communis,Crambeidae,Pycnoclavellidae,35,27,31,17,5.2
Coscinasterias tenuispina,Sarcotragus fasciculatus,Asteriidae,Irciniidae,34,21,33,20,5.2
Aidablennius sphynx,Holothuria tubulosa,Blenniidae,Holothuriidae,34,16,29,20,5.2
Bonellia viridis,Sciaena umbra,Bonelliidae,Sciaenidae,33,16,31,15,5.2
Diplodus puntazzo,Maja crispata,Sparidae,Majidae,32,23,31,20,5.2
Gobius cruentatus,Sciaena umbra,Gobiidae,Sciaenidae,32,19,29,18,5.2
Diplodus sargus,Eriphia verrucosa,Sparidae,Eriphiidae,30,21,30,23,5.2
Sciaena umbra,Scorpaena maderensis,Sciaenidae,Scorpaenidae,29,16,26,14,5.2
Chondrosia reniformis,Lepadogaster candolii,Chondrillidae,Gobiesocidae,28,11,27,9,5.2
Lipophrys trigloides,Sciaena umbra,Blenniidae,Sciaenidae,28,15,25,8,5.2
Padina pavonica,Parablennius sanguinolentus,Dictyotaceae,Blenniidae,28,18,28,19,5.2
Pycnoclavella communis,Sphyraena viridensis,Pycnoclavellidae,Sphyraenidae,28,19,24,12,5.2
Cribrinopsis crassa,Tylodina perversa,Actiniidae,Tylodinidae,27,17,24,18,5.2
Caloria quatrefagesi,Petrosia ficiformis,Facelinidae,Petrosiidae,27,18,27,12,5.2
Chondrosia reniformis,Diplodus cervinus,Chondrillidae,Sparidae,27,17,26,12,5.2
Codium bursa,Pelagia noctiluca,Codiaceae,Pelagiidae,26,21,23,19,5.2
Sciaena umbra,Serranus cabrilla,Sciaenidae,Serranidae,25,18,22,9,5.2
Pagellus acarne,Phycis phycis,Sparidae,Phycidae,23,10,19,8,5.2
Bolma rugosa,Codium bursa,Turbinidae,Codiaceae,23,20,23,15,5.2
Bolma rugosa,Chondrosia reniformis,Turbinidae,Chondrillidae,23,15,22,18,5.2
Perforatus perforatus,Pseudodistoma crucigaster,Balanidae,Pseudodistomidae,23,18,20,12,5.2
Cribrinopsis crassa,Luria lurida,Actiniidae,Cypraeidae,22,13,22,15,5.2
Cribrinopsis crassa,Pseudodistoma crucigaster,Actiniidae,Pseudodistomidae,22,17,19,17,5.2
Microlipophrys nigriceps,Scorpaena maderensis,Blenniidae,Scorpaenidae,22,11,19,11,5.2
Parablennius zvonimiri,Seriola dumerili,Blenniidae,Carangidae,22,16,19,13,5.2
Pagellus acarne,Parablennius sanguinolentus,Sparidae,Blenniidae,22,15,15,11,5.2
Bolma rugosa,Dardanus calidus,Turbinidae,Diogenidae,21,17,21,13,5.2
Dictyota cyanoloma,Labrus merula,Dictyotaceae,Labridae,21,9,16,17,5.2
Dicentrarchus labrax,Microlipophrys nigriceps,Moronidae,Blenniidae,21,14,19,10,5.2
Epinephelus costae,Parablennius zvonimiri,Epinephelidae,Blenniidae,21,12,18,7,5.2
Cribrinopsis crassa,Rugulopteryx okamurae,Actiniidae,Dictyotaceae,20,9,16,7,5.2
Coscinasterias tenuispina,Telmatactis forskalii,Asteriidae,Isophelliidae,20,16,19,9,5.2
Balanophyllia europaea,Lissoclinum weigelei,Dendrophylliidae,Didemnidae,17,6,14,12,5.2
Felimare fontandraui,Yungia aurantiaca,Chromodorididae,Pseudocerotidae,16,11,16,12,5.2
Dictyota cyanoloma,Eunicella gazella,Dictyotaceae,Gorgoniidae,16,9,14,10,5.2
Gobius cruentatus,Hamigera hamigera,Gobiidae,Hymedesmiidae,16,7,14,9,5.2
Pomadasys incisus,Serranus cabrilla,Haemulidae,Serranidae,16,7,14,9,5.2
Acetabularia acetabulum,Centrolabrus melanocercus,Polyphysaceae,Labridae,16,13,14,9,5.2
Electra posidoniae,Holothuria tubulosa,Electridae,Holothuriidae,16,15,16,13,5.2
Naticarius hebraeus,Pagellus acarne,Naticidae,Sparidae,15,13,11,13,5.2
Aiptasia couchii,Hamigera hamigera,Aiptasiidae,Hymedesmiidae,15,13,15,7,5.2
Limaria hians,Myriapora truncata,Limidae,Myriaporidae,15,12,15,7,5.2
Facelina rubrovittata,Luisella babai,Facelinidae,Samlidae,14,11,14,6,5.2
Cribrinopsis crassa,Limaria hians,Actiniidae,Limidae,14,12,13,7,5.2
Asparagopsis taxiformis,Pomadasys incisus,Bonnemaisoniaceae,Haemulidae,14,5,11,9,5.2
Felimare fontandraui,Simnia spelta,Chromodorididae,Ovulidae,13,10,13,10,5.2
Agelas oroides,Gari depressa,Agelasidae,Psammobiidae,13,7,13,6,5.2
Caranx crysos,Diplodus sargus,Carangidae,Sparidae,13,10,13,11,5.2
Acinetospora crinita,Sabella spallanzanii,Acinetosporaceae,Sabellidae,13,11,12,9,5.2
Caranx crysos,Serranus scriba,Carangidae,Serranidae,13,10,9,7,5.2
Pagurus cuanensis,Phycis phycis,Paguridae,Phycidae,12,7,12,7,5.2
Alcyonium acaule,Lepadogaster candolii,Alcyoniidae,Gobiesocidae,12,8,11,7,5.2
Jania rubens,Palinurus elephas,Lithophyllaceae,Palinuridae,12,5,10,7,5.2
Amphiroa beauvoisii,Gobius cruentatus,Lithophyllaceae,Gobiidae,12,3,9,9,5.2
Acetabularia acetabulum,Sycon raphanus,Polyphysaceae,Sycettidae,12,8,11,7,5.2
Inachus phalangium,Marionia blainvillea,Inachidae,Tritoniidae,11,8,11,9,5.2
Hermodice carunculata,Pinna rudis,Amphinomidae,Pinnidae,11,11,11,9,5.2
Calmella cavolini,Muricopsis cristata,Flabellinidae,Muricidae,11,9,11,5,5.2
Chelidonichthys lastoviza,Synodus saurus,Triglidae,Synodontidae,11,10,10,10,5.2
Eudendrium racemosum,Sabella spallanzanii,Eudendriidae,Sabellidae,11,10,11,6,5.2
Bugula neritina,Schizoporella errata,Bugulidae,Schizoporellidae,11,7,9,5,5.2
Periclimenes amethysteus,Pomatoschistus bathi,Palaemonidae,Gobiidae,10,5,9,5,5.2
Electra posidoniae,Pinnoctopus macropus,Electridae,Octopodidae,10,7,9,7,5.2
Dactylopterus volitans,Seriola dumerili,Dactylopteridae,Carangidae,10,6,10,7,5.2
Caloria quatrefagesi,Gari depressa,Facelinidae,Psammobiidae,10,8,10,8,5.2
Facelina rubrovittata,Simnia spelta,Facelinidae,Ovulidae,10,8,10,5,5.2
Bolma rugosa,Centrolabrus melanocercus,Turbinidae,Labridae,10,9,10,6,5.2
Gnathophyllum elegans,Thylacodes arenarius,Gnathophyllidae,Vermetidae,9,6,9,6,5.2
Bosellia mimetica,Lepadogaster candolii,Plakobranchidae,Gobiesocidae,9,6,8,5,5.2
Aplysia depilans,Scartella cristata,Aplysiidae,Blenniidae,9,8,8,7,5.2
Actinia mediterranea,Haminoea orteai,Actiniidae,Haminoeidae,9,3,8,7,5.2
Aeolidiella alderi,Caloria quatrefagesi,Aeolidiidae,Facelinidae,8,4,8,5,5.2
Branchiomma moebii,Ircinia oros,Sabellidae,Irciniidae,8,8,8,6,5.2
Diplodus puntazzo,Hemimycale mediterranea,Sparidae,Hymedesmiidae,8,6,8,5,5.2
Labrus viridis,Sphyraena viridensis,Labridae,Sphyraenidae,8,7,8,7,5.2
Actinia mediterranea,Parablennius pilicornis,Actiniidae,Blenniidae,44,24,40,31,5.1
Bothus podas,Serpula vermicularis,Bothidae,Serpulidae,42,20,37,22,5.1
Aiptasia mutabilis,Chelon auratus,Aiptasiidae,Mugilidae,39,23,35,24,5.1
Myriapora truncata,Parablennius pilicornis,Myriaporidae,Blenniidae,38,22,30,25,5.1
Chelon auratus,Ircinia oros,Mugilidae,Irciniidae,37,20,35,21,5.1
Eriphia verrucosa,Holothuria tubulosa,Eriphiidae,Holothuriidae,36,17,32,18,5.1
Flabellia petiolata,Parablennius pilicornis,Codiaceae,Blenniidae,36,25,32,22,5.1
Gobius cruentatus,Oblada melanurus,Gobiidae,Sparidae,35,18,28,19,5.1
Acetabularia acetabulum,Pennaria disticha,Polyphysaceae,Pennariidae,35,14,30,20,5.1
Aiptasia couchii,Bothus podas,Aiptasiidae,Bothidae,35,18,35,22,5.1
Gobius cruentatus,Lipophrys trigloides,Gobiidae,Blenniidae,35,13,27,10,5.1
Aidablennius sphynx,Balanophyllia europaea,Blenniidae,Dendrophylliidae,34,14,30,11,5.1
Hacelia attenuata,Petrosia ficiformis,Ophidiasteridae,Petrosiidae,33,22,33,13,5.1
Hemimycale columella,Petrosia ficiformis,Hymedesmiidae,Petrosiidae,33,27,33,17,5.1
Hemimycale columella,Protula tubularia,Hymedesmiidae,Serpulidae,33,23,27,25,5.1
Balanophyllia europaea,Oculina patagonica,Dendrophylliidae,Oculinidae,33,20,31,15,5.1
Coscinasterias tenuispina,Mesophyllum expansum,Asteriidae,Lithophyllaceae,32,21,29,17,5.1
Diplodus sargus,Parablennius rouxi,Sparidae,Blenniidae,32,21,28,24,5.1
Maja crispata,Parablennius rouxi,Majidae,Blenniidae,31,27,27,14,5.1
Gobius cruentatus,Lepadogaster candolii,Gobiidae,Gobiesocidae,31,12,25,11,5.1
Chelon auratus,Thericium vulgatum,Mugilidae,Cerithiidae,31,15,27,25,5.1
Conger conger,Symphodus mediterraneus,Congridae,Labridae,30,16,24,13,5.1
Palinurus elephas,Scorpaena maderensis,Palinuridae,Scorpaenidae,30,17,27,18,5.1
Bothus podas,Chromis chromis,Bothidae,Pomacentridae,30,17,29,19,5.1
Dardanus calidus,Phycis phycis,Diogenidae,Phycidae,29,16,28,20,5.1
Bonellia viridis,Muraena helena,Bonelliidae,Muraenidae,29,13,23,16,5.1
Ircinia oros,Muraena helena,Irciniidae,Muraenidae,29,17,24,8,5.1
Inachus phalangium,Protula tubularia,Inachidae,Serpulidae,29,18,25,16,5.1
Holothuria tubulosa,Pelagia noctiluca,Holothuriidae,Pelagiidae,28,20,25,18,5.1
Caloria quatrefagesi,Ircinia oros,Facelinidae,Irciniidae,28,18,28,12,5.1
Holothuria forskali,Padina pavonica,Holothuriidae,Dictyotaceae,28,17,25,14,5.1
Maja crispata,Pycnoclavella communis,Majidae,Pycnoclavellidae,27,19,26,13,5.1
Eriphia verrucosa,Schizoporella errata,Eriphiidae,Schizoporellidae,27,19,25,18,5.1
Oblada melanurus,Sciaena umbra,Sparidae,Sciaenidae,27,15,25,13,5.1
Phycis phycis,Tylodina perversa,Phycidae,Tylodinidae,26,15,24,7,5.1
Dardanus calidus,Sciaena umbra,Diogenidae,Sciaenidae,26,17,26,15,5.1
Diplodus cervinus,Mesophyllum expansum,Sparidae,Lithophyllaceae,26,17,26,12,5.1
Gobius paganellus,Stenopus spinosus,Gobiidae,Stenopodidae,26,14,23,9,5.1
Chelon auratus,Pelagia noctiluca,Mugilidae,Pelagiidae,26,17,22,20,5.1
Caloria quatrefagesi,Chelon auratus,Facelinidae,Mugilidae,25,15,23,9,5.1
Chromis chromis,Diplodus cervinus,Pomacentridae,Sparidae,24,14,23,19,5.1
Caulerpa cylindracea,Phycis phycis,Caulerpaceae,Phycidae,23,14,22,7,5.1
Diaphorodoris alba,Pentapora fascialis,Calycidorididae,Bitectiporidae,23,17,20,8,5.1
Schizoporella errata,Sphyraena viridensis,Schizoporellidae,Sphyraenidae,23,17,22,17,5.1
Asparagopsis taxiformis,Sabella spallanzanii,Bonnemaisoniaceae,Sabellidae,23,17,21,16,5.1
Pelagia noctiluca,Prostheceraeus roseus,Pelagiidae,Euryleptidae,22,13,20,13,5.1
Holothuria forskali,Pinna rudis,Holothuriidae,Pinnidae,21,14,21,12,5.1
Pinna rudis,Pycnoclavella communis,Pinnidae,Pycnoclavellidae,21,16,20,11,5.1
Myriapora truncata,Seriola dumerili,Myriaporidae,Carangidae,21,13,16,13,5.1
Bolma rugosa,Conger conger,Turbinidae,Congridae,20,15,18,12,5.1
Holothuria forskali,Nemesignis banyulensis,Holothuriidae,Myrrhinidae,19,12,18,10,5.1
Pagellus erythrinus,Telmatactis forskalii,Sparidae,Isophelliidae,18,10,18,6,5.1
Reteporella grimaldii,Yungia aurantiaca,Phidoloporidae,Pseudocerotidae,18,12,15,11,5.1
Aiptasia mutabilis,Lissoclinum weigelei,Aiptasiidae,Didemnidae,18,9,17,12,5.1
Dictyota cyanoloma,Serranus cabrilla,Dictyotaceae,Serranidae,17,9,16,11,5.1
Aiptasia mutabilis,Electra posidoniae,Aiptasiidae,Electridae,17,12,16,10,5.1
Diplodus puntazzo,Lissoclinum weigelei,Sparidae,Didemnidae,17,8,15,10,5.1
Inachus phalangium,Rugulopteryx okamurae,Inachidae,Dictyotaceae,16,11,15,5,5.1
Dendrodoris limbata,Lepadogaster candolii,Dendrodorididae,Gobiesocidae,16,14,15,9,5.1
Luisella babai,Pseudodistoma crucigaster,Samlidae,Pseudodistomidae,16,13,14,8,5.1
Pinna rudis,Torpedo marmorata,Pinnidae,Torpedinidae,16,5,13,8,5.1
Pinnoctopus macropus,Torpedo marmorata,Octopodidae,Torpedinidae,16,10,16,6,5.1
Amphiroa rigida,Pinna rudis,Lithophyllaceae,Pinnidae,16,9,14,7,5.1
Aplysia depilans,Chelon auratus,Aplysiidae,Mugilidae,16,9,14,10,5.1
Acetabularia acetabulum,Dasyatis pastinaca,Polyphysaceae,Dasyatidae,16,5,15,5,5.1
Ellisolandia elongata,Leptogorgia sarmentosa,Lithophyllaceae,Gorgoniidae,16,10,15,12,5.1
Chelon auratus,Lissoclinum weigelei,Mugilidae,Didemnidae,15,7,15,6,5.1
Electra posidoniae,Perforatus perforatus,Electridae,Balanidae,15,13,15,9,5.1
Gari depressa,Myriapora truncata,Psammobiidae,Myriaporidae,14,9,14,7,5.1
Gari depressa,Protula tubularia,Psammobiidae,Serpulidae,14,6,14,7,5.1
Mesophyllum expansum,Semicassis undulata,Lithophyllaceae,Cassidae,14,12,14,12,5.1
Dactylopterus volitans,Pachycerianthus solitarius,Dactylopteridae,Cerianthidae,13,9,11,10,5.1
Limaria hians,Thericium vulgatum,Limidae,Cerithiidae,13,10,13,6,5.1
Ascidia mentula,Ircinia oros,Ascidiidae,Irciniidae,13,5,13,5,5.1
Amphiroa beauvoisii,Serpula vermicularis,Lithophyllaceae,Serpulidae,13,6,12,9,5.1
Hamigera hamigera,Lepadogaster candolii,Hymedesmiidae,Gobiesocidae,12,10,12,7,5.1
Caulerpa cylindracea,Goniodoridella picoensis,Caulerpaceae,Goniodorididae,12,10,12,7,5.1
Electra posidoniae,Ophisurus serpens,Electridae,Ophichthidae,12,5,10,6,5.1
Actinia mediterranea,Aplus dorbignyi,Actiniidae,Pisaniidae,12,9,12,5,5.1
Echinaster sepositus,Jania rubens,Echinasteridae,Lithophyllaceae,12,8,12,7,5.1
Dicentrarchus labrax,Jania rubens,Moronidae,Lithophyllaceae,12,11,12,6,5.1
Felimare villafranca,Platydoris argo,Chromodorididae,Discodorididae,11,8,11,5,5.1
Berthellina edwardsii,Diaphorodoris papillata,Pleurobranchidae,Calycidorididae,11,9,9,5,5.1
Caloria quatrefagesi,Caranx crysos,Facelinidae,Carangidae,11,9,11,5,5.1
Bispira volutacornis,Symphodus tinca,Sabellidae,Labridae,11,10,11,9,5.1
Echinocardium cordatum,Pennaria disticha,Loveniidae,Pennariidae,11,7,11,6,5.1
Jania rubens,Serranus cabrilla,Lithophyllaceae,Serranidae,11,8,11,6,5.1
Caloria quatrefagesi,Semicassis undulata,Facelinidae,Cassidae,11,10,10,6,5.1
Luria lurida,Thylacodes arenarius,Cypraeidae,Vermetidae,10,8,10,5,5.1
Alicia mirabilis,Pagellus erythrinus,Aliciidae,Sparidae,10,7,9,6,5.1
Labrus viridis,Parablennius zvonimiri,Labridae,Blenniidae,10,8,10,7,5.1
Bispira volutacornis,Luisella babai,Sabellidae,Samlidae,9,7,9,5,5.1
Bolma rugosa,Polititapes aureus,Turbinidae,Veneridae,9,9,9,7,5.1
Chrysymenia ventricosa,Symphodus mediterraneus,Rhodymeniaceae,Labridae,9,8,9,8,5.1
Phorbas tenacior,Pycnoclavella nana,Hymedesmiidae,Pycnoclavellidae,9,7,9,7,5.1
Aiptasia couchii,Mesophyllum alternans,Aiptasiidae,Lithophyllaceae,9,8,8,7,5.1
Ascandra contorta,Holothuria forskali,Leucaltidae,Holothuriidae,8,6,8,7,5.1
Ascandra contorta,Pycnoclavella communis,Leucaltidae,Pycnoclavellidae,8,8,8,6,5.1
Parablennius pilicornis,Posidonia oceanica,Blenniidae,Posidoniaceae,73,40,57,42,5.0
Bonellia viridis,Gobius cobitis,Bonelliidae,Gobiidae,38,12,34,15,5.0
Bonellia viridis,Cribrinopsis crassa,Bonelliidae,Actiniidae,36,16,34,15,5.0
Acetabularia acetabulum,Mesophyllum expansum,Polyphysaceae,Lithophyllaceae,35,25,32,17,5.0
Bothus podas,Protula tubularia,Bothidae,Serpulidae,35,16,30,24,5.0
Acetabularia acetabulum,Pentapora fascialis,Polyphysaceae,Bitectiporidae,35,20,31,16,5.0
Holothuria forskali,Protula tubularia,Holothuriidae,Serpulidae,33,20,30,15,5.0
Bonellia viridis,Diplodus sargus,Bonelliidae,Sparidae,32,16,30,20,5.0
Eriphia verrucosa,Mesophyllum expansum,Eriphiidae,Lithophyllaceae,32,18,31,15,5.0
Gobius cobitis,Stramonita haemastoma,Gobiidae,Muricidae,32,17,28,21,5.0
Hemimycale columella,Symphodus mediterraneus,Hymedesmiidae,Labridae,31,25,29,10,5.0
Gobius cobitis,Synodus saurus,Gobiidae,Synodontidae,31,15,28,12,5.0
Inachus phalangium,Ircinia oros,Inachidae,Irciniidae,30,18,29,14,5.0
Echinaster sepositus,Holothuria forskali,Echinasteridae,Holothuriidae,29,16,27,8,5.0
Holothuria forskali,Sabella spallanzanii,Holothuriidae,Sabellidae,29,24,27,19,5.0
Palinurus elephas,Phycis phycis,Palinuridae,Phycidae,29,15,28,16,5.0
Perforatus perforatus,Sciaena umbra,Balanidae,Sciaenidae,29,17,27,16,5.0
Bothus podas,Serranus scriba,Bothidae,Serranidae,29,19,27,21,5.0
Diplodus cervinus,Parablennius zvonimiri,Sparidae,Blenniidae,29,13,25,15,5.0
Hemimycale columella,Palinurus elephas,Hymedesmiidae,Palinuridae,28,19,24,13,5.0
Anthias anthias,Halimeda tuna,Anthiadidae,Halimedaceae,28,14,24,16,5.0
Mesophyllum expansum,Sphyraena viridensis,Lithophyllaceae,Sphyraenidae,27,19,26,10,5.0
Acetabularia acetabulum,Microlipophrys dalmatinus,Polyphysaceae,Blenniidae,27,15,25,12,5.0
Chromis chromis,Dicentrarchus labrax,Pomacentridae,Moronidae,27,18,24,15,5.0
Parablennius pilicornis,Pelagia noctiluca,Blenniidae,Pelagiidae,27,21,25,24,5.0
Aidablennius sphynx,Chromis chromis,Blenniidae,Pomacentridae,27,14,20,16,5.0
Acetabularia acetabulum,Asparagopsis taxiformis,Polyphysaceae,Bonnemaisoniaceae,27,11,24,15,5.0
Maja crispata,Pennaria disticha,Majidae,Pennariidae,26,21,26,15,5.0
Maja crispata,Sabella spallanzanii,Majidae,Sabellidae,26,17,25,18,5.0
Chondrosia reniformis,Schizoporella errata,Chondrillidae,Schizoporellidae,26,11,22,12,5.0
Eunicella singularis,Hexaplex trunculus,Gorgoniidae,Muricidae,25,16,25,19,5.0
Inachus phalangium,Thericium vulgatum,Inachidae,Cerithiidae,25,19,21,14,5.0
Aiptasia couchii,Microlipophrys dalmatinus,Aiptasiidae,Blenniidae,25,12,24,16,5.0
Diplodus cervinus,Oculina patagonica,Sparidae,Oculinidae,24,13,24,11,5.0
Pelagia noctiluca,Pennaria disticha,Pelagiidae,Pennariidae,24,16,21,15,5.0
Palinurus elephas,Tylodina perversa,Palinuridae,Tylodinidae,24,10,22,11,5.0
Muraena helena,Scorpaena scrofa,Muraenidae,Scorpaenidae,23,14,21,10,5.0
Prostheceraeus roseus,Thalassoma pavo,Euryleptidae,Labridae,23,14,20,16,5.0
Caulerpa cylindracea,Coscinasterias tenuispina,Caulerpaceae,Asteriidae,23,16,22,9,5.0
Sciaena umbra,Thalassoma pavo,Sciaenidae,Labridae,23,16,22,16,5.0
Aidablennius sphynx,Epinephelus marginatus,Blenniidae,Epinephelidae,22,16,21,13,5.0
Epinephelus marginatus,Hacelia attenuata,Epinephelidae,Ophidiasteridae,22,12,18,12,5.0
Pagellus erythrinus,Torpedo marmorata,Sparidae,Torpedinidae,21,15,20,10,5.0
Dardanus calidus,Torpedo marmorata,Diogenidae,Torpedinidae,21,12,20,12,5.0
Luisella babai,Reteporella grimaldii,Samlidae,Phidoloporidae,20,19,19,16,5.0
Scorpaena maderensis,Seriola dumerili,Scorpaenidae,Carangidae,19,15,16,13,5.0
Coscinasterias tenuispina,Dictyota cyanoloma,Asteriidae,Dictyotaceae,19,11,15,10,5.0
Eunicella singularis,Pelagia noctiluca,Gorgoniidae,Pelagiidae,19,11,13,14,5.0
Hemimycale columella,Rugulopteryx okamurae,Hymedesmiidae,Dictyotaceae,18,8,17,9,5.0
Lithophyllum stictiforme,Symphodus tinca,Lithophyllaceae,Labridae,18,12,18,10,5.0
Coscinasterias tenuispina,Pomadasys incisus,Asteriidae,Haemulidae,18,13,17,12,5.0
Dictyota cyanoloma,Diplodus sargus,Dictyotaceae,Sparidae,17,4,14,13,5.0
Boops boops,Scartella cristata,Sparidae,Blenniidae,17,10,15,12,5.0
Goniodoridella picoensis,Phycis phycis,Goniodorididae,Phycidae,16,10,15,6,5.0
Petrosia ficiformis,Polysyncraton lacazei,Petrosiidae,Didemnidae,16,12,16,6,5.0
Gobius paganellus,Paradoris indecora,Gobiidae,Discodorididae,16,7,13,7,5.0
Lipophrys trigloides,Pinctada radiata,Blenniidae,Pteriidae,16,11,15,6,5.0
Caulerpa cylindracea,Diplodus vulgaris,Caulerpaceae,Sparidae,16,12,14,5,5.0
Mullus surmuletus,Seriola dumerili,Mullidae,Carangidae,16,14,15,12,5.0
Diaphorodoris alba,Yungia aurantiaca,Calycidorididae,Pseudocerotidae,15,13,12,11,5.0
Serranus cabrilla,Steromphala varia,Serranidae,Trochidae,15,8,15,5,5.0
Aidablennius sphynx,Paradoris indecora,Blenniidae,Discodorididae,15,4,14,6,5.0
Pelagia noctiluca,Seriola dumerili,Pelagiidae,Carangidae,15,11,15,13,5.0
Phallusia mammillata,Pomatoschistus bathi,Ascidiidae,Gobiidae,14,11,14,7,5.0
Gari depressa,Parablennius rouxi,Psammobiidae,Blenniidae,14,12,14,5,5.0
Bonellia viridis,Clanculus jussieui,Bonelliidae,Trochidae,14,8,13,8,5.0
Microlipophrys nigriceps,Yungia aurantiaca,Blenniidae,Pseudocerotidae,14,7,12,8,5.0
Coscinasterias tenuispina,Electra posidoniae,Asteriidae,Electridae,14,10,13,8,5.0
Hamigera hamigera,Stramonita haemastoma,Hymedesmiidae,Muricidae,13,11,13,8,5.0
Bispira volutacornis,Halimeda tuna,Sabellidae,Halimedaceae,13,8,13,8,5.0
Aplysina cavernicola,Ircinia oros,Aplysinidae,Irciniidae,13,11,12,7,5.0
Bothus podas,Myxicola infundibulum,Bothidae,Sabellidae,13,8,10,7,5.0
Caranx crysos,Synodus saurus,Carangidae,Synodontidae,13,9,10,6,5.0
Caranx crysos,Symphodus tinca,Carangidae,Labridae,13,11,13,10,5.0
Phallusia mammillata,Rugulopteryx okamurae,Ascidiidae,Dictyotaceae,12,6,11,6,5.0
Electra posidoniae,Rudmania krohni,Electridae,Chromodorididae,12,9,12,8,5.0
Caranx crysos,Mullus surmuletus,Carangidae,Mullidae,12,11,11,9,5.0
Conger conger,Platydoris argo,Congridae,Discodorididae,11,10,10,8,5.0
Ascidia mentula,Mesophyllum expansum,Ascidiidae,Lithophyllaceae,11,10,10,5,5.0
Petrosia ficiformis,Sycon raphanus,Petrosiidae,Sycettidae,11,6,11,5,5.0
Gari depressa,Pachycerianthus solitarius,Psammobiidae,Cerianthidae,10,5,9,6,5.0
Polysyncraton lacazei,Pseudodistoma crucigaster,Didemnidae,Pseudodistomidae,10,7,10,7,5.0
Parazoanthus brevitentacularis,Stenopus spinosus,Parazoanthidae,Stenopodidae,10,9,10,7,5.0
Loripes orbiculatus,Maja crispata,Lucinidae,Majidae,10,4,10,7,5.0
Labrus viridis,Parablennius gattorugine,Labridae,Blenniidae,10,9,9,8,5.0
Ellisolandia elongata,Hamigera hamigera,Lithophyllaceae,Hymedesmiidae,10,9,9,5,5.0
Polysyncraton lacazei,Prostheceraeus moseleyi,Didemnidae,Euryleptidae,9,8,9,6,5.0
Muricopsis cristata,Reteporella grimaldii,Muricidae,Phidoloporidae,9,7,9,5,5.0
Coscinasterias tenuispina,Tenellia ocellata,Asteriidae,Tergipedidae,9,5,5,8,5.0
Eudendrium racemosum,Tylodina perversa,Eudendriidae,Tylodinidae,9,5,9,7,5.0
Aiptasia mutabilis,Derbesia tenuissima,Aiptasiidae,Derbesiaceae,9,6,9,8,5.0
Gari depressa,Phallusia mammillata,Psammobiidae,Ascidiidae,8,5,8,6,5.0
Limaria hians,Prostheceraeus moseleyi,Limidae,Euryleptidae,8,7,8,5,5.0
Felimare fontandraui,Muricopsis cristata,Chromodorididae,Muricidae,8,7,8,6,5.0
Halopteris filicina,Parablennius pilicornis,Stypocaulaceae,Blenniidae,8,6,8,6,5.0
Callionymus pusillus,Caranx crysos,Callionymidae,Carangidae,8,8,7,5,5.0
Pinna rudis,Sparisoma cretense,Pinnidae,Labridae,8,8,8,6,5.0
Caranx crysos,Pomadasys incisus,Carangidae,Haemulidae,8,7,8,7,5.0
Actinia mediterranea,Diplodus puntazzo,Actiniidae,Sparidae,44,32,40,24,4.9
Actinia mediterranea,Balanophyllia europaea,Actiniidae,Dendrophylliidae,43,20,39,15,4.9
Arbacia lixula,Gobius cobitis,Arbaciidae,Gobiidae,37,23,34,22,4.9
Actinia mediterranea,Symphodus tinca,Actiniidae,Labridae,36,22,34,26,4.9
Aiptasia mutabilis,Echinaster sepositus,Aiptasiidae,Echinasteridae,35,21,28,17,4.9
Aiptasia couchii,Halocynthia papillosa,Aiptasiidae,Pyuridae,35,20,35,19,4.9
Bothus podas,Halimeda tuna,Bothidae,Halimedaceae,35,14,33,19,4.9
Bonellia viridis,Pennaria disticha,Bonelliidae,Pennariidae,34,20,32,12,4.9
Gobius cobitis,Symphodus mediterraneus,Gobiidae,Labridae,34,14,23,12,4.9
Parablennius gattorugine,Sabella spallanzanii,Blenniidae,Sabellidae,33,26,31,21,4.9
Coscinasterias tenuispina,Gobius cobitis,Asteriidae,Gobiidae,33,15,33,15,4.9
Lepadogaster candolii,Serpula vermicularis,Gobiesocidae,Serpulidae,33,14,33,12,4.9
Acetabularia acetabulum,Dardanus calidus,Polyphysaceae,Diogenidae,32,17,26,22,4.9
Hemimycale columella,Holothuria tubulosa,Hymedesmiidae,Holothuriidae,32,24,28,17,4.9
Gobius cruentatus,Pagellus erythrinus,Gobiidae,Sparidae,32,16,27,17,4.9
Codium bursa,Cribrinopsis crassa,Codiaceae,Actiniidae,31,18,30,18,4.9
Holothuria forskali,Sarcotragus fasciculatus,Holothuriidae,Irciniidae,31,24,29,15,4.9
Oculina patagonica,Petrosia ficiformis,Oculinidae,Petrosiidae,31,18,30,15,4.9
Bothus podas,Stramonita haemastoma,Bothidae,Muricidae,31,20,28,25,4.9
Chelon auratus,Chondrosia reniformis,Mugilidae,Chondrillidae,31,14,25,21,4.9
Gobius paganellus,Thericium vulgatum,Gobiidae,Cerithiidae,30,18,28,18,4.9
Calmella cavolini,Palinurus elephas,Flabellinidae,Palinuridae,29,13,26,13,4.9
Chondrosia reniformis,Parablennius sanguinolentus,Chondrillidae,Blenniidae,29,18,28,10,4.9
Ircinia oros,Schizoporella errata,Irciniidae,Schizoporellidae,29,15,27,17,4.9
Diplodus cervinus,Parablennius gattorugine,Sparidae,Blenniidae,29,20,23,17,4.9
Aiptasia mutabilis,Asparagopsis taxiformis,Aiptasiidae,Bonnemaisoniaceae,28,11,22,17,4.9
Echinaster sepositus,Pennaria disticha,Echinasteridae,Pennariidae,28,17,22,14,4.9
Conger conger,Gobius paganellus,Congridae,Gobiidae,28,9,21,9,4.9
Aidablennius sphynx,Thericium vulgatum,Blenniidae,Cerithiidae,28,15,22,19,4.9
Dardanus calidus,Hemimycale columella,Diogenidae,Hymedesmiidae,27,20,23,17,4.9
Hexaplex trunculus,Inachus phalangium,Muricidae,Inachidae,27,15,25,14,4.9
Eunicella gazella,Parablennius pilicornis,Gorgoniidae,Blenniidae,27,17,22,19,4.9
Labrus merula,Schizoporella errata,Labridae,Schizoporellidae,27,17,22,20,4.9
Bothus podas,Thalassoma pavo,Bothidae,Labridae,27,22,25,25,4.9
Dardanus calidus,Oculina patagonica,Diogenidae,Oculinidae,26,12,23,15,4.9
Hacelia attenuata,Sphyraena viridensis,Ophidiasteridae,Sphyraenidae,26,11,22,12,4.9
Flabellia petiolata,Schizoporella errata,Codiaceae,Schizoporellidae,26,16,25,16,4.9
Sphyraena viridensis,Stramonita haemastoma,Sphyraenidae,Muricidae,26,17,24,16,4.9
Balanophyllia europaea,Caloria quatrefagesi,Dendrophylliidae,Facelinidae,26,14,24,15,4.9
Hemimycale columella,Rudmania krohni,Hymedesmiidae,Chromodorididae,25,19,23,11,4.9
Mesophyllum expansum,Schizoporella errata,Lithophyllaceae,Schizoporellidae,25,12,21,12,4.9
Mullus surmuletus,Palinurus elephas,Mullidae,Palinuridae,25,12,20,17,4.9
Bolma rugosa,Ircinia oros,Turbinidae,Irciniidae,25,20,24,13,4.9
Dardanus calidus,Serranus scriba,Diogenidae,Serranidae,25,14,23,19,4.9
Hemimycale columella,Trinchesia morrowae,Hymedesmiidae,Trinchesiidae,24,18,24,9,4.9
Lepadogaster candolii,Maja crispata,Gobiesocidae,Majidae,23,12,22,10,4.9
Maja crispata,Prostheceraeus roseus,Majidae,Euryleptidae,23,16,22,14,4.9
Dicentrarchus labrax,Pelagia noctiluca,Moronidae,Pelagiidae,23,17,21,14,4.9
Eunicella gazella,Symphodus tinca,Gorgoniidae,Labridae,23,14,22,13,4.9
Gobius incognitus,Pelagia noctiluca,Gobiidae,Pelagiidae,23,14,17,20,4.9
Bolma rugosa,Cribrinopsis crassa,Turbinidae,Actiniidae,22,14,22,13,4.9
Aiptasia mutabilis,Dictyota cyanoloma,Aiptasiidae,Dictyotaceae,22,13,19,16,4.9
Epinephelus marginatus,Pycnoclavella communis,Epinephelidae,Pycnoclavellidae,22,17,19,12,4.9
Microlipophrys nigriceps,Perforatus perforatus,Blenniidae,Balanidae,22,6,20,7,4.9
Nemesignis banyulensis,Parablennius rouxi,Myrrhinidae,Blenniidae,21,10,19,10,4.9
Amphiroa rigida,Synodus saurus,Lithophyllaceae,Synodontidae,21,8,20,6,4.9
Parablennius gattorugine,Telmatactis forskalii,Blenniidae,Isophelliidae,21,9,19,11,4.9
Microlipophrys nigriceps,Phorbas tenacior,Blenniidae,Hymedesmiidae,20,11,20,8,4.9
Dictyota cyanoloma,Gobius paganellus,Dictyotaceae,Gobiidae,19,5,16,16,4.9
Hacelia attenuata,Nemesignis banyulensis,Ophidiasteridae,Myrrhinidae,18,12,18,13,4.9
Holothuria forskali,Prostheceraeus moseleyi,Holothuriidae,Euryleptidae,18,17,17,10,4.9
Calmella cavolini,Gnathophyllum elegans,Flabellinidae,Gnathophyllidae,18,11,17,8,4.9
Astrospartus mediterraneus,Pentapora fascialis,Gorgonocephalidae,Bitectiporidae,18,13,16,8,4.9
Maja crispata,Microlipophrys nigriceps,Majidae,Blenniidae,18,11,18,7,4.9
Aplysia depilans,Parablennius zvonimiri,Aplysiidae,Blenniidae,17,10,15,14,4.9
Seriola dumerili,Symphodus tinca,Carangidae,Labridae,17,14,15,12,4.9
Phycis phycis,Simnia spelta,Phycidae,Ovulidae,16,11,16,8,4.9
Actinia mediterranea,Bugula neritina,Actiniidae,Bugulidae,16,8,15,5,4.9
Dictyota cyanoloma,Maja crispata,Dictyotaceae,Majidae,16,5,15,8,4.9
Epinephelus costae,Thalassoma pavo,Epinephelidae,Labridae,15,11,15,10,4.9
Electra posidoniae,Halimeda tuna,Electridae,Halimedaceae,15,12,15,10,4.9
Callista chione,Xyrichtys novacula,Veneridae,Labridae,15,10,15,8,4.9
Crambe crambe,Hamigera hamigera,Crambeidae,Hymedesmiidae,15,12,14,8,4.9
Cribrinopsis crassa,Felimida binza,Actiniidae,Chromodorididae,14,9,12,11,4.9
Bonellia viridis,Clathria jolicoeuri,Bonelliidae,Microcionidae,14,8,14,8,4.9
Lipophrys trigloides,Lissoclinum weigelei,Blenniidae,Didemnidae,14,9,14,5,4.9
Centrolabrus melanocercus,Perforatus perforatus,Labridae,Balanidae,14,12,13,11,4.9
Aplysia depilans,Ophisurus serpens,Aplysiidae,Ophichthidae,13,10,11,6,4.9
Astropecten platyacanthus,Lepadogaster candolii,Astropectinidae,Gobiesocidae,13,8,13,5,4.9
Bolma rugosa,Telmatactis forskalii,Turbinidae,Isophelliidae,13,7,12,8,4.9
Pachycerianthus solitarius,Simnia spelta,Cerianthidae,Ovulidae,13,3,11,6,4.9
Periclimenes amethysteus,Phycis phycis,Palaemonidae,Phycidae,13,8,13,5,4.9
Goniodoridella picoensis,Tylodina perversa,Goniodorididae,Tylodinidae,13,10,12,8,4.9
Centrolabrus melanocercus,Pycnoclavella communis,Labridae,Pycnoclavellidae,13,12,13,9,4.9
Boops boops,Dasyatis pastinaca,Sparidae,Dasyatidae,13,6,12,8,4.9
Echinaster sepositus,Electra posidoniae,Echinasteridae,Electridae,13,12,13,7,4.9
Dasyatis pastinaca,Pennaria disticha,Dasyatidae,Pennariidae,13,5,13,6,4.9
Electra posidoniae,Pennaria disticha,Electridae,Pennariidae,13,9,11,7,4.9
Hermodice carunculata,Muraena helena,Amphinomidae,Muraenidae,12,10,11,9,4.9
Inachus phalangium,Thylacodes arenarius,Inachidae,Vermetidae,12,8,11,7,4.9
Facelina rubrovittata,Pinnoctopus macropus,Facelinidae,Octopodidae,12,7,10,5,4.9
Limaria hians,Synodus saurus,Limidae,Synodontidae,12,12,12,7,4.9
Eunicella singularis,Goniodoridella picoensis,Gorgoniidae,Goniodorididae,12,11,11,6,4.9
Aplysina cavernicola,Cliona viridis,Aplysinidae,Clionaidae,12,10,12,7,4.9
Felimare villafranca,Myxicola infundibulum,Chromodorididae,Sabellidae,11,3,10,5,4.9
Pinctada radiata,Pinna rudis,Pteriidae,Pinnidae,11,9,10,8,4.9
Felimare fontandraui,Polysyncraton lacazei,Chromodorididae,Didemnidae,11,9,10,9,4.9
Ariosoma balearicum,Electra posidoniae,Congridae,Electridae,11,6,11,5,4.9
Parablennius rouxi,Sycon raphanus,Blenniidae,Sycettidae,11,11,11,6,4.9
Boops boops,Sparisoma cretense,Sparidae,Labridae,11,11,11,8,4.9
Clanculus jussieui,Oculina patagonica,Trochidae,Oculinidae,11,4,10,6,4.9
Elysia timida,Trinchesia morrowae,Plakobranchidae,Trinchesiidae,10,6,8,6,4.9
Myriapora truncata,Pycnoclavella nana,Myriaporidae,Pycnoclavellidae,10,8,9,9,4.9
Caloria quatrefagesi,Haminoea hydatis,Facelinidae,Haminoeidae,10,5,9,6,4.9
Astropecten platyacanthus,Yungia aurantiaca,Astropectinidae,Pseudocerotidae,10,5,10,6,4.9
Dasyatis pastinaca,Torpedo marmorata,Dasyatidae,Torpedinidae,10,4,9,5,4.9
Berghia coerulescens,Luisella babai,Aeolidiidae,Samlidae,9,8,8,7,4.9
Clathria jolicoeuri,Ellisolandia elongata,Microcionidae,Lithophyllaceae,9,6,9,7,4.9
Acetabularia acetabulum,Ascandra contorta,Polyphysaceae,Leucaltidae,9,9,9,6,4.9
Echinocardium cordatum,Schizoporella errata,Loveniidae,Schizoporellidae,9,8,8,7,4.9
Hermodice carunculata,Pinctada radiata,Amphinomidae,Pteriidae,8,6,8,6,4.9
Bugula neritina,Naticarius hebraeus,Bugulidae,Naticidae,8,5,7,5,4.9
Jania rubens,Percnon gibbesi,Lithophyllaceae,Percnidae,8,6,8,5,4.9
Gobius incognitus,Labrus viridis,Gobiidae,Labridae,8,8,7,8,4.9
Actinia mediterranea,Cliona viridis,Actiniidae,Clionaidae,41,24,41,13,4.8
Gobius cobitis,Holothuria tubulosa,Gobiidae,Holothuriidae,35,16,32,19,4.8
Aiptasia mutabilis,Hemimycale columella,Aiptasiidae,Hymedesmiidae,34,22,32,20,4.8
Bonellia viridis,Phycis phycis,Bonelliidae,Phycidae,34,11,34,13,4.8
Parablennius rouxi,Phycis phycis,Blenniidae,Phycidae,33,19,29,20,4.8
Agelas oroides,Parablennius zvonimiri,Agelasidae,Blenniidae,33,21,29,18,4.8
Dardanus calidus,Diplodus puntazzo,Diogenidae,Sparidae,31,20,29,17,4.8
Labrus merula,Sabella spallanzanii,Labridae,Sabellidae,31,21,29,20,4.8
Hemimycale columella,Sphaerococcus coronopifolius,Hymedesmiidae,Sphaerococcaceae,31,18,31,14,4.8
Gobius cobitis,Thericium vulgatum,Gobiidae,Cerithiidae,30,13,24,24,4.8
Cliona viridis,Scorpaena scrofa,Clionaidae,Scorpaenidae,30,22,28,14,4.8
Bothus podas,Sabella spallanzanii,Bothidae,Sabellidae,30,19,25,20,4.8
Lipophrys trigloides,Phycis phycis,Blenniidae,Phycidae,29,15,25,8,4.8
Apogon imberbis,Conger conger,Apogonidae,Congridae,28,17,22,14,4.8
Reteporella grimaldii,Sphaerococcus coronopifolius,Phidoloporidae,Sphaerococcaceae,28,16,27,13,4.8
Aiptasia couchii,Sphyraena viridensis,Aiptasiidae,Sphyraenidae,28,18,25,13,4.8
Holothuria tubulosa,Schizoporella errata,Holothuriidae,Schizoporellidae,27,18,26,19,4.8
Sabella spallanzanii,Symphodus roissali,Sabellidae,Labridae,27,18,24,20,4.8
Diplodus cervinus,Symphodus mediterraneus,Sparidae,Labridae,26,15,25,13,4.8
Phycis phycis,Sciaena umbra,Phycidae,Sciaenidae,26,15,24,10,4.8
Ophisurus serpens,Phycis phycis,Ophichthidae,Phycidae,25,9,23,9,4.8
Palinurus elephas,Serranus scriba,Palinuridae,Serranidae,25,12,24,17,4.8
Asparagopsis taxiformis,Myriapora truncata,Bonnemaisoniaceae,Myriaporidae,25,9,20,11,4.8
Sabella spallanzanii,Sphyraena viridensis,Sabellidae,Sphyraenidae,25,19,23,14,4.8
Dardanus calidus,Padina pavonica,Diogenidae,Dictyotaceae,25,18,24,16,4.8
Caloria quatrefagesi,Diaphorodoris papillata,Facelinidae,Calycidorididae,24,18,20,14,4.8
Pelagia noctiluca,Scorpaena maderensis,Pelagiidae,Scorpaenidae,24,16,24,11,4.8
Microlipophrys dalmatinus,Perforatus perforatus,Blenniidae,Balanidae,24,15,22,13,4.8
Caulerpa cylindracea,Hexaplex trunculus,Caulerpaceae,Muricidae,23,6,17,15,4.8
Asparagopsis taxiformis,Codium bursa,Bonnemaisoniaceae,Codiaceae,23,5,21,12,4.8
Microlipophrys nigriceps,Myriapora truncata,Blenniidae,Myriaporidae,22,12,21,8,4.8
Caloria quatrefagesi,Phorbas tenacior,Facelinidae,Hymedesmiidae,22,16,21,10,4.8
Oculina patagonica,Pelagia noctiluca,Oculinidae,Pelagiidae,22,16,21,12,4.8
Pomatoschistus bathi,Symphodus mediterraneus,Gobiidae,Labridae,22,9,13,8,4.8
Reteporella grimaldii,Trinchesia morrowae,Phidoloporidae,Trinchesiidae,21,12,21,10,4.8
Diplodus puntazzo,Nemesignis banyulensis,Sparidae,Myrrhinidae,21,8,19,9,4.8
Epinephelus marginatus,Palinurus elephas,Epinephelidae,Palinuridae,21,11,18,12,4.8
Holothuria tubulosa,Phallusia mammillata,Holothuriidae,Ascidiidae,21,4,19,14,4.8
Dicentrarchus labrax,Epinephelus marginatus,Moronidae,Epinephelidae,21,19,20,16,4.8
Nemesignis banyulensis,Symphodus mediterraneus,Myrrhinidae,Labridae,19,8,18,7,4.8
Sarcotragus fasciculatus,Telmatactis forskalii,Irciniidae,Isophelliidae,19,9,18,8,4.8
Callionymus pusillus,Parablennius zvonimiri,Callionymidae,Blenniidae,19,14,16,9,4.8
Gobius incognitus,Microlipophrys nigriceps,Gobiidae,Blenniidae,19,8,16,6,4.8
Perforatus perforatus,Seriola dumerili,Balanidae,Carangidae,19,15,19,13,4.8
Ariosoma balearicum,Tritia mutabilis,Congridae,Nassariidae,18,12,15,6,4.8
Phycis phycis,Telmatactis forskalii,Phycidae,Isophelliidae,18,12,17,7,4.8
Bolma rugosa,Lepadogaster candolii,Turbinidae,Gobiesocidae,18,10,17,10,4.8
Gnathophyllum elegans,Gobius paganellus,Gnathophyllidae,Gobiidae,18,8,16,11,4.8
Schizoporella errata,Tricleocarpa fragilis,Schizoporellidae,Galaxauraceae,18,6,14,7,4.8
Lepadogaster candolii,Yungia aurantiaca,Gobiesocidae,Pseudocerotidae,17,10,15,9,4.8
Prostheceraeus roseus,Yungia aurantiaca,Euryleptidae,Pseudocerotidae,17,15,14,14,4.8
Ellisolandia elongata,Microlipophrys dalmatinus,Lithophyllaceae,Blenniidae,17,9,16,11,4.8
Diplodus cervinus,Pinna rudis,Sparidae,Pinnidae,17,12,16,13,4.8
Seriola dumerili,Symphodus roissali,Carangidae,Labridae,17,12,17,11,4.8
Dictyota cyanoloma,Parablennius sanguinolentus,Dictyotaceae,Blenniidae,17,5,16,9,4.8
Felimare villafranca,Rugulopteryx okamurae,Chromodorididae,Dictyotaceae,16,14,16,10,4.8
Inachus phalangium,Phallusia mammillata,Inachidae,Ascidiidae,16,12,13,9,4.8
Lithophyllum stictiforme,Mullus surmuletus,Lithophyllaceae,Mullidae,16,11,13,9,4.8
Seriola dumerili,Sphyraena viridensis,Carangidae,Sphyraenidae,16,11,16,12,4.8
Bothus podas,Dactylopterus volitans,Bothidae,Dactylopteridae,16,15,14,12,4.8
Arbacia lixula,Centrolabrus melanocercus,Arbaciidae,Labridae,15,14,13,10,4.8
Caulerpa cylindracea,Pinna rudis,Caulerpaceae,Pinnidae,15,8,14,7,4.8
Pennaria disticha,Pinctada radiata,Pennariidae,Pteriidae,15,13,13,9,4.8
Coscinasterias tenuispina,Hermodice carunculata,Asteriidae,Amphinomidae,15,10,13,8,4.8
Ellisolandia elongata,Pseudodistoma crucigaster,Lithophyllaceae,Pseudodistomidae,15,9,15,7,4.8
Bolma rugosa,Pseudodistoma crucigaster,Turbinidae,Pseudodistomidae,14,12,14,11,4.8
Aiptasia mutabilis,Clanculus jussieui,Aiptasiidae,Trochidae,14,5,14,5,4.8
Oculina patagonica,Paradoris indecora,Oculinidae,Discodorididae,14,7,13,6,4.8
Anthias anthias,Ophidiaster ophidianus,Anthiadidae,Ophidiasteridae,13,10,12,6,4.8
Pagellus acarne,Telmatactis forskalii,Sparidae,Isophelliidae,13,10,13,5,4.8
Electra posidoniae,Holothuria forskali,Electridae,Holothuriidae,13,12,12,7,4.8
Coscinasterias tenuispina,Limaria hians,Asteriidae,Limidae,13,9,13,5,4.8
Dardanus calidus,Periclimenes amethysteus,Diogenidae,Palaemonidae,12,9,12,9,4.8
Parazoanthus brevitentacularis,Phycis phycis,Parazoanthidae,Phycidae,12,11,12,7,4.8
Caloria quatrefagesi,Pinctada radiata,Facelinidae,Pteriidae,12,10,12,6,4.8
Acinetospora crinita,Hacelia attenuata,Acinetosporaceae,Ophidiasteridae,12,11,11,7,4.8
Percnon gibbesi,Seriola dumerili,Percnidae,Carangidae,12,10,10,7,4.8
Eudendrium racemosum,Parablennius gattorugine,Eudendriidae,Blenniidae,12,11,9,9,4.8
Clanculus jussieui,Gobius paganellus,Trochidae,Gobiidae,12,5,12,6,4.8
Chondrosia reniformis,Clathria jolicoeuri,Chondrillidae,Microcionidae,12,10,12,8,4.8
Clanculus jussieui,Eriphia verrucosa,Trochidae,Eriphiidae,12,6,11,6,4.8
Prostheceraeus moseleyi,Rugulopteryx okamurae,Euryleptidae,Dictyotaceae,11,6,11,6,4.8
Clathria jolicoeuri,Oculina patagonica,Microcionidae,Oculinidae,11,5,11,6,4.8
Palinurus elephas,Platydoris argo,Palinuridae,Discodorididae,11,10,11,7,4.8
Centrolabrus melanocercus,Inachus phalangium,Labridae,Inachidae,11,9,11,7,4.8
Phoronis hippocrepia,Thericium vulgatum,Phoronidae,Cerithiidae,11,3,10,7,4.8
Symphodus mediterraneus,Zebrus zebrus,Labridae,Gobiidae,11,6,8,6,4.8
Boops boops,Phoronis hippocrepia,Sparidae,Phoronidae,11,4,9,10,4.8
Electra posidoniae,Schizoporella errata,Electridae,Schizoporellidae,11,4,9,5,4.8
Bothus podas,Zebrus zebrus,Bothidae,Gobiidae,11,8,10,5,4.8
Diaphorodoris papillata,Sycon raphanus,Calycidorididae,Sycettidae,10,9,10,5,4.8
Astropecten platyacanthus,Luria lurida,Astropectinidae,Cypraeidae,10,7,10,7,4.8
Lithophyllum stictiforme,Ophidiaster ophidianus,Lithophyllaceae,Ophidiasteridae,10,8,8,5,4.8
Actinia mediterranea,Mesophyllum alternans,Actiniidae,Lithophyllaceae,10,9,10,7,4.8
Gari depressa,Schizoporella errata,Psammobiidae,Schizoporellidae,10,6,9,8,4.8
Aplysia depilans,Luria lurida,Aplysiidae,Cypraeidae,10,4,9,5,4.8
Jania rubens,Thalassoma pavo,Lithophyllaceae,Labridae,10,9,10,8,4.8
Hamigera hamigera,Xyrichtys novacula,Hymedesmiidae,Labridae,10,5,8,8,4.8
Acetabularia acetabulum,Aplus dorbignyi,Polyphysaceae,Pisaniidae,10,7,10,7,4.8
Echinolittorina punctata,Perforatus perforatus,Littorinidae,Balanidae,10,6,9,6,4.8
Echinolittorina punctata,Hexaplex trunculus,Littorinidae,Muricidae,10,4,10,5,4.8
Caranx crysos,Ellisolandia elongata,Carangidae,Lithophyllaceae,10,9,8,5,4.8
Berghia coerulescens,Microlipophrys dalmatinus,Aeolidiidae,Blenniidae,9,8,9,6,4.8
Forskalia edwardsii,Posidonia oceanica,Forskaliidae,Posidoniaceae,9,8,8,7,4.8
Labrus viridis,Sphaerococcus coronopifolius,Labridae,Sphaerococcaceae,9,6,9,7,4.8
Holothuria tubulosa,Velella velella,Holothuriidae,Porpitidae,9,4,5,9,4.8
Pinctada radiata,Pomadasys incisus,Pteriidae,Haemulidae,9,6,9,5,4.8
Chrysymenia ventricosa,Crambe crambe,Rhodymeniaceae,Crambeidae,9,8,9,5,4.8
Actinia mediterranea,Jania virgata,Actiniidae,Lithophyllaceae,9,6,8,6,4.8
Centrolabrus melanocercus,Pinna rudis,Labridae,Pinnidae,9,7,9,7,4.8
Eudendrium racemosum,Luisella babai,Eudendriidae,Samlidae,8,8,8,5,4.8
Palinurus elephas,Tenellia ocellata,Palinuridae,Tergipedidae,8,8,7,6,4.8
Coscinasterias tenuispina,Mesophyllum alternans,Asteriidae,Lithophyllaceae,8,8,7,7,4.8
Derbesia tenuissima,Halimeda tuna,Derbesiaceae,Halimedaceae,8,7,7,6,4.8
Actinia mediterranea,Posidonia oceanica,Actiniidae,Posidoniaceae,81,34,75,25,4.7
Holothuria forskali,Posidonia oceanica,Holothuriidae,Posidoniaceae,62,31,56,20,4.7
Aidablennius sphynx,Posidonia oceanica,Blenniidae,Posidoniaceae,60,29,51,22,4.7
Actinia mediterranea,Crambe crambe,Actiniidae,Crambeidae,42,27,40,13,4.7
Bothus podas,Ircinia oros,Bothidae,Irciniidae,35,18,31,20,4.7
Aiptasia mutabilis,Holothuria forskali,Aiptasiidae,Holothuriidae,34,20,33,17,4.7
Bonellia viridis,Lipophrys trigloides,Bonelliidae,Blenniidae,33,15,31,13,4.7
Chelon auratus,Holothuria tubulosa,Mugilidae,Holothuriidae,33,19,31,24,4.7
Diplodus puntazzo,Pycnoclavella communis,Sparidae,Pycnoclavellidae,32,17,30,14,4.7
Aidablennius sphynx,Ircinia oros,Blenniidae,Irciniidae,32,14,30,13,4.7
Actinia mediterranea,Inachus phalangium,Actiniidae,Inachidae,31,15,28,11,4.7
Chelon auratus,Sarcotragus fasciculatus,Mugilidae,Irciniidae,31,16,30,16,4.7
Dicentrarchus labrax,Halimeda tuna,Moronidae,Halimedaceae,31,21,28,13,4.7
Phycis phycis,Sarcotragus fasciculatus,Phycidae,Irciniidae,30,12,30,14,4.7
Lipophrys trigloides,Sarcotragus fasciculatus,Blenniidae,Irciniidae,30,17,27,11,4.7
Codium bursa,Gobius paganellus,Codiaceae,Gobiidae,30,17,27,14,4.7
Flabellia petiolata,Parablennius sanguinolentus,Codiaceae,Blenniidae,29,21,28,14,4.7
Cribrinopsis crassa,Pagellus erythrinus,Actiniidae,Sparidae,28,9,27,13,4.7
Mesophyllum expansum,Stramonita haemastoma,Lithophyllaceae,Muricidae,28,18,25,15,4.7
Codium bursa,Hacelia attenuata,Codiaceae,Ophidiasteridae,28,22,25,20,4.7
Echinaster sepositus,Hemimycale columella,Echinasteridae,Hymedesmiidae,27,19,26,12,4.7
Holothuria forskali,Thericium vulgatum,Holothuriidae,Cerithiidae,27,12,26,10,4.7
Inachus phalangium,Myriapora truncata,Inachidae,Myriaporidae,27,21,24,11,4.7
Chromis chromis,Coscinasterias tenuispina,Pomacentridae,Asteriidae,27,18,23,18,4.7
Gobius cruentatus,Schizoporella errata,Gobiidae,Schizoporellidae,27,13,25,15,4.7
Chelon auratus,Serranus scriba,Mugilidae,Serranidae,27,18,24,21,4.7
Diplodus cervinus,Halocynthia papillosa,Sparidae,Pyuridae,26,16,24,14,4.7
Cribrinopsis crassa,Prostheceraeus roseus,Actiniidae,Euryleptidae,26,19,23,19,4.7
Chelon auratus,Sciaena umbra,Mugilidae,Sciaenidae,26,9,25,12,4.7
Dardanus calidus,Pagellus erythrinus,Diogenidae,Sparidae,25,15,25,15,4.7
Aidablennius sphynx,Serranus scriba,Blenniidae,Serranidae,25,15,19,9,4.7
Actinia mediterranea,Luria lurida,Actiniidae,Cypraeidae,25,9,22,10,4.7
Luria lurida,Serpula vermicularis,Cypraeidae,Serpulidae,25,12,23,13,4.7
Asparagopsis taxiformis,Parablennius zvonimiri,Bonnemaisoniaceae,Blenniidae,25,12,21,16,4.7
Asparagopsis taxiformis,Crambe crambe,Bonnemaisoniaceae,Crambeidae,25,15,19,14,4.7
Balanophyllia europaea,Caulerpa cylindracea,Dendrophylliidae,Caulerpaceae,24,7,17,15,4.7
Dicentrarchus labrax,Lepadogaster candolii,Moronidae,Gobiesocidae,24,11,20,9,4.7
Echinaster sepositus,Reteporella grimaldii,Echinasteridae,Phidoloporidae,24,16,21,7,4.7
Maja crispata,Synodus saurus,Majidae,Synodontidae,24,12,22,11,4.7
Dardanus calidus,Reteporella grimaldii,Diogenidae,Phidoloporidae,23,19,21,16,4.7
Diplodus sargus,Sciaena umbra,Sparidae,Sciaenidae,23,14,22,19,4.7
Mesophyllum expansum,Muraena helena,Lithophyllaceae,Muraenidae,23,16,17,13,4.7
Gobius incognitus,Inachus phalangium,Gobiidae,Inachidae,23,12,20,14,4.7
Mesophyllum expansum,Pelagia noctiluca,Lithophyllaceae,Pelagiidae,23,19,22,12,4.7
Branchiomma luctuosum,Thalassoma pavo,Sabellidae,Labridae,23,10,19,20,4.7
Chromis chromis,Prostheceraeus roseus,Pomacentridae,Euryleptidae,23,16,21,16,4.7
Anthias anthias,Boops boops,Anthiadidae,Sparidae,23,14,22,12,4.7
Cribrinopsis crassa,Diaphorodoris alba,Actiniidae,Calycidorididae,22,17,21,15,4.7
Anthias anthias,Dardanus calidus,Anthiadidae,Diogenidae,22,17,20,12,4.7
Microlipophrys dalmatinus,Phycis phycis,Blenniidae,Phycidae,22,11,20,6,4.7
Diplodus puntazzo,Percnon gibbesi,Sparidae,Percnidae,22,15,22,12,4.7
Asparagopsis taxiformis,Mesophyllum expansum,Bonnemaisoniaceae,Lithophyllaceae,22,6,21,9,4.7
Felimare fontandraui,Hemimycale columella,Chromodorididae,Hymedesmiidae,21,21,21,18,4.7
Dardanus calidus,Epinephelus marginatus,Diogenidae,Epinephelidae,20,11,19,12,4.7
Scorpaena scrofa,Tricleocarpa fragilis,Scorpaenidae,Galaxauraceae,20,10,19,9,4.7
Gobius paganellus,Pseudodistoma crucigaster,Gobiidae,Pseudodistomidae,20,7,19,7,4.7
Asparagopsis taxiformis,Serranus scriba,Bonnemaisoniaceae,Serranidae,20,15,16,14,4.7
Callionymus pusillus,Gobius cruentatus,Callionymidae,Gobiidae,19,7,17,9,4.7
Calmella cavolini,Nemesignis banyulensis,Flabellinidae,Myrrhinidae,18,13,14,14,4.7
Conger conger,Pinna rudis,Congridae,Pinnidae,18,11,17,10,4.7
Parablennius pilicornis,Pomadasys incisus,Blenniidae,Haemulidae,18,10,16,17,4.7
Percnon gibbesi,Symphodus tinca,Percnidae,Labridae,18,11,18,11,4.7
Pelagia noctiluca,Xyrichtys novacula,Pelagiidae,Labridae,18,9,17,5,4.7
Epinephelus costae,Perforatus perforatus,Epinephelidae,Balanidae,18,11,18,7,4.7
Cribrinopsis crassa,Facelina rubrovittata,Actiniidae,Facelinidae,17,13,17,7,4.7
Petrosia ficiformis,Simnia spelta,Petrosiidae,Ovulidae,17,9,16,8,4.7
Dictyota cyanoloma,Sabella spallanzanii,Dictyotaceae,Sabellidae,17,14,16,13,4.7
Ophidiaster ophidianus,Protula tubularia,Ophidiasteridae,Serpulidae,17,12,14,7,4.7
Callionymus pusillus,Coscinasterias tenuispina,Callionymidae,Asteriidae,17,8,14,8,4.7
Pomatoschistus bathi,Xyrichtys novacula,Gobiidae,Labridae,16,9,15,8,4.7
Callionymus pusillus,Parablennius sanguinolentus,Callionymidae,Blenniidae,16,9,11,10,4.7
Padina pavonica,Seriola dumerili,Dictyotaceae,Carangidae,16,11,15,10,4.7
Boops boops,Ophidiaster ophidianus,Sparidae,Ophidiasteridae,15,9,13,6,4.7
Bonellia viridis,Dasyatis pastinaca,Bonelliidae,Dasyatidae,15,3,14,6,4.7
Parazoanthus brevitentacularis,Serpula vermicularis,Parazoanthidae,Serpulidae,15,10,15,11,4.7
Bonellia viridis,Electra posidoniae,Bonelliidae,Electridae,15,13,14,11,4.7
Ellisolandia elongata,Pinna rudis,Lithophyllaceae,Pinnidae,15,12,14,7,4.7
Felimare villafranca,Simnia spelta,Chromodorididae,Ovulidae,14,12,14,11,4.7
Muraena helena,Seriola dumerili,Muraenidae,Carangidae,14,12,14,12,4.7
Astrospartus mediterraneus,Muraena helena,Gorgonocephalidae,Muraenidae,14,12,14,10,4.7
Maja crispata,Steromphala varia,Majidae,Trochidae,14,6,14,7,4.7
Calmella cavolini,Polysyncraton lacazei,Flabellinidae,Didemnidae,14,8,14,5,4.7
Bolma rugosa,Pinna rudis,Turbinidae,Pinnidae,14,11,14,9,4.7
Dactylopterus volitans,Dardanus calidus,Dactylopteridae,Diogenidae,14,4,14,9,4.7
Halimeda tuna,Hamigera hamigera,Halimedaceae,Hymedesmiidae,14,13,14,10,4.7
Aiptasia couchii,Electra posidoniae,Aiptasiidae,Electridae,14,9,14,8,4.7
Ophidiaster ophidianus,Serranus scriba,Ophidiasteridae,Serranidae,14,11,11,6,4.7
Asparagopsis taxiformis,Epinephelus costae,Bonnemaisoniaceae,Epinephelidae,13,9,13,5,4.7
Jania rubens,Parablennius rouxi,Lithophyllaceae,Blenniidae,13,11,13,8,4.7
Gobius cruentatus,Jania rubens,Gobiidae,Lithophyllaceae,13,10,13,6,4.7
Balanophyllia europaea,Clathria jolicoeuri,Dendrophylliidae,Microcionidae,13,8,12,5,4.7
Aplysia depilans,Trinchesia morrowae,Aplysiidae,Trinchesiidae,12,5,11,5,4.7
Parazoanthus brevitentacularis,Scorpaena maderensis,Parazoanthidae,Scorpaenidae,12,9,11,11,4.7
Callista chione,Neverita josephinia,Veneridae,Naticidae,11,10,11,10,4.7
Caranx crysos,Diplodus cervinus,Carangidae,Sparidae,11,8,10,9,4.7
Lissoclinum weigelei,Pelagia noctiluca,Didemnidae,Pelagiidae,11,7,11,7,4.7
Amphiroa beauvoisii,Diplodus puntazzo,Lithophyllaceae,Sparidae,11,8,11,9,4.7
Elysia timida,Rudmania krohni,Plakobranchidae,Chromodorididae,10,8,9,8,4.7
Electra posidoniae,Eunicella singularis,Electridae,Gorgoniidae,10,8,9,9,4.7
Caloria quatrefagesi,Electra posidoniae,Facelinidae,Electridae,10,8,8,10,4.7
Aplus dorbignyi,Ircinia oros,Pisaniidae,Irciniidae,10,7,10,5,4.7
Jania rubens,Lepadogaster candolii,Lithophyllaceae,Gobiesocidae,10,6,10,6,4.7
Eudendrium racemosum,Oblada melanurus,Eudendriidae,Sparidae,10,8,10,5,4.7
Bispira volutacornis,Conger conger,Sabellidae,Congridae,10,8,10,7,4.7
Margaretta cereoides,Posidonia oceanica,Margarettidae,Posidoniaceae,10,7,10,6,4.7
Lissoclinum weigelei,Yungia aurantiaca,Didemnidae,Pseudocerotidae,9,9,9,6,4.7
Pinnoctopus macropus,Semicassis undulata,Octopodidae,Cassidae,9,8,9,8,4.7
Bosellia mimetica,Hemimycale columella,Plakobranchidae,Hymedesmiidae,9,8,9,5,4.7
Bolma rugosa,Periclimenes amethysteus,Turbinidae,Palaemonidae,9,6,9,7,4.7
Caloria quatrefagesi,Elysia timida,Facelinidae,Plakobranchidae,9,8,7,6,4.7
Ariosoma balearicum,Torpedo torpedo,Congridae,Torpedinidae,9,8,9,8,4.7
Hamigera hamigera,Pomatoschistus bathi,Hymedesmiidae,Gobiidae,9,6,9,5,4.7
Pancratium maritimum,Pistacia lentiscus,Amaryllidaceae,Anacardiaceae,9,8,9,9,4.7
Eudendrium racemosum,Maja crispata,Eudendriidae,Majidae,9,9,8,6,4.7
Pycnoclavella nana,Symphodus mediterraneus,Pycnoclavellidae,Labridae,9,5,7,7,4.7
Arbacia lixula,Chrysymenia ventricosa,Arbaciidae,Rhodymeniaceae,9,7,8,7,4.7
Parablennius sanguinolentus,Sycon raphanus,Blenniidae,Sycettidae,9,7,9,5,4.7
Microlipophrys nigriceps,Parazoanthus brevitentacularis,Blenniidae,Parazoanthidae,8,7,8,5,4.7
Aplysina cavernicola,Felimare fontandraui,Aplysinidae,Chromodorididae,8,5,7,7,4.7
Leptogorgia sarmentosa,Parazoanthus brevitentacularis,Gorgoniidae,Parazoanthidae,8,7,7,6,4.7
Pagurus cuanensis,Torpedo marmorata,Paguridae,Torpedinidae,8,7,7,6,4.7
Conger conger,Petalifera petalifera,Congridae,Aplysiidae,8,4,6,6,4.7
Aplus dorbignyi,Oculina patagonica,Pisaniidae,Oculinidae,8,5,8,5,4.7
Arbacia lixula,Jania virgata,Arbaciidae,Lithophyllaceae,8,7,8,6,4.7
Posidonia oceanica,Pseudochlorodesmis furcellata,Posidoniaceae,Udoteaceae,8,7,7,7,4.7
Chrysymenia ventricosa,Scorpaena maderensis,Rhodymeniaceae,Scorpaenidae,8,7,8,6,4.7
Echinaster sepositus,Posidonia oceanica,Echinasteridae,Posidoniaceae,59,30,46,26,4.6
Actinia mediterranea,Apogon imberbis,Actiniidae,Apogonidae,38,22,32,12,4.6
Gobius cruentatus,Perforatus perforatus,Gobiidae,Balanidae,34,17,28,18,4.6
Diplodus puntazzo,Eriphia verrucosa,Sparidae,Eriphiidae,34,27,30,20,4.6
Gobius cobitis,Parablennius pilicornis,Gobiidae,Blenniidae,33,14,30,26,4.6
Bonellia viridis,Stramonita haemastoma,Bonelliidae,Muricidae,32,17,29,16,4.6
Cliona viridis,Eriphia verrucosa,Clionaidae,Eriphiidae,32,22,32,14,4.6
Gobius cruentatus,Pycnoclavella communis,Gobiidae,Pycnoclavellidae,31,20,28,16,4.6
Cliona viridis,Cribrinopsis crassa,Clionaidae,Actiniidae,31,22,29,16,4.6
Branchiomma luctuosum,Ircinia oros,Sabellidae,Irciniidae,31,4,30,13,4.6
Bothus podas,Chondrosia reniformis,Bothidae,Chondrillidae,30,17,28,18,4.6
Cribrinopsis crassa,Symphodus mediterraneus,Actiniidae,Labridae,30,18,30,17,4.6
Hexaplex trunculus,Pentapora fascialis,Muricidae,Bitectiporidae,30,22,30,15,4.6
Labrus merula,Scorpaena scrofa,Labridae,Scorpaenidae,29,16,28,17,4.6
Apogon imberbis,Lipophrys trigloides,Apogonidae,Blenniidae,29,14,25,14,4.6
Acetabularia acetabulum,Sciaena umbra,Polyphysaceae,Sciaenidae,29,14,28,12,4.6
Balanophyllia europaea,Sciaena umbra,Dendrophylliidae,Sciaenidae,28,14,27,11,4.6
Coscinasterias tenuispina,Thericium vulgatum,Asteriidae,Cerithiidae,28,22,26,22,4.6
Pagellus erythrinus,Symphodus mediterraneus,Sparidae,Labridae,28,9,26,10,4.6
Balanophyllia europaea,Diplodus cervinus,Dendrophylliidae,Sparidae,27,9,26,11,4.6
Labrus merula,Serranus cabrilla,Labridae,Serranidae,27,18,20,14,4.6
Branchiomma luctuosum,Lipophrys trigloides,Sabellidae,Blenniidae,26,12,22,15,4.6
Diplodus cervinus,Protula tubularia,Sparidae,Serpulidae,26,10,23,15,4.6
Holothuria tubulosa,Muraena helena,Holothuriidae,Muraenidae,25,16,23,10,4.6
Parablennius zvonimiri,Xyrichtys novacula,Blenniidae,Labridae,25,17,18,13,4.6
Anthias anthias,Diaphorodoris papillata,Anthiadidae,Calycidorididae,24,15,21,9,4.6
Actinia mediterranea,Yungia aurantiaca,Actiniidae,Pseudocerotidae,24,12,23,7,4.6
Echinaster sepositus,Sphyraena viridensis,Echinasteridae,Sphyraenidae,24,16,20,15,4.6
Chromis chromis,Dardanus calidus,Pomacentridae,Diogenidae,24,15,18,20,4.6
Lipophrys trigloides,Mullus surmuletus,Blenniidae,Mullidae,24,15,19,13,4.6
Asparagopsis taxiformis,Halimeda tuna,Bonnemaisoniaceae,Halimedaceae,24,10,21,12,4.6
Pycnoclavella communis,Trinchesia morrowae,Pycnoclavellidae,Trinchesiidae,23,18,22,10,4.6
Phycis phycis,Trinchesia morrowae,Phycidae,Trinchesiidae,23,10,21,5,4.6
Hemimycale columella,Inachus phalangium,Hymedesmiidae,Inachidae,23,17,22,14,4.6
Holothuria forskali,Trinchesia morrowae,Holothuriidae,Trinchesiidae,23,16,22,6,4.6
Lepadogaster candolii,Synodus saurus,Gobiesocidae,Synodontidae,23,12,22,7,4.6
Caloria quatrefagesi,Symphodus mediterraneus,Facelinidae,Labridae,23,14,20,10,4.6
Inachus phalangium,Sabella spallanzanii,Inachidae,Sabellidae,23,16,21,16,4.6
Reteporella grimaldii,Scorpaena scrofa,Phidoloporidae,Scorpaenidae,23,18,22,14,4.6
Coscinasterias tenuispina,Pelagia noctiluca,Asteriidae,Pelagiidae,23,14,17,20,4.6
Lipophrys trigloides,Schizoporella errata,Blenniidae,Schizoporellidae,23,16,20,12,4.6
Muraena helena,Oblada melanurus,Muraenidae,Sparidae,22,17,16,9,4.6
Prostheceraeus moseleyi,Serpula vermicularis,Euryleptidae,Serpulidae,22,16,19,12,4.6
Parablennius zvonimiri,Pinna rudis,Blenniidae,Pinnidae,22,14,22,16,4.6
Microlipophrys nigriceps,Petrosia ficiformis,Blenniidae,Petrosiidae,21,8,19,7,4.6
Bolma rugosa,Symphodus mediterraneus,Turbinidae,Labridae,21,14,20,9,4.6
Anthias anthias,Chromis chromis,Anthiadidae,Pomacentridae,21,11,16,16,4.6
Reteporella grimaldii,Tylodina perversa,Phidoloporidae,Tylodinidae,20,15,19,14,4.6
Maja crispata,Stenopus spinosus,Majidae,Stenopodidae,20,11,18,9,4.6
Agelas oroides,Bolma rugosa,Agelasidae,Turbinidae,20,14,20,10,4.6
Luria lurida,Phycis phycis,Cypraeidae,Phycidae,19,11,18,7,4.6
Cliona viridis,Nemesignis banyulensis,Clionaidae,Myrrhinidae,19,11,17,11,4.6
Parablennius rouxi,Pomadasys incisus,Blenniidae,Haemulidae,18,11,15,14,4.6
Pinna rudis,Symphodus tinca,Pinnidae,Labridae,18,10,16,12,4.6
Chromis chromis,Pinna rudis,Pomacentridae,Pinnidae,18,14,17,13,4.6
Diplodus cervinus,Ellisolandia elongata,Sparidae,Lithophyllaceae,18,16,17,13,4.6
Phycis phycis,Rugulopteryx okamurae,Phycidae,Dictyotaceae,17,8,17,5,4.6
Inachus phalangium,Pomatoschistus bathi,Inachidae,Gobiidae,17,11,15,9,4.6
Prostheceraeus moseleyi,Pycnoclavella communis,Euryleptidae,Pycnoclavellidae,17,14,15,14,4.6
Mesophyllum expansum,Prostheceraeus moseleyi,Lithophyllaceae,Euryleptidae,17,17,15,9,4.6
Percnon gibbesi,Serranus scriba,Percnidae,Serranidae,17,11,15,7,4.6
Pseudodistoma crucigaster,Sphyraena viridensis,Pseudodistomidae,Sphyraenidae,17,11,15,12,4.6
Dardanus calidus,Seriola dumerili,Diogenidae,Carangidae,16,14,14,12,4.6
Pagellus erythrinus,Seriola dumerili,Sparidae,Carangidae,16,14,15,13,4.6
Caloria quatrefagesi,Tricleocarpa fragilis,Facelinidae,Galaxauraceae,16,11,16,7,4.6
Dictyota cyanoloma,Symphodus tinca,Dictyotaceae,Labridae,16,3,13,13,4.6
Epinephelus costae,Pennaria disticha,Epinephelidae,Pennariidae,16,8,16,7,4.6
Caloria quatrefagesi,Leptogorgia sarmentosa,Facelinidae,Gorgoniidae,15,8,13,6,4.6
Agelas oroides,Simnia spelta,Agelasidae,Ovulidae,15,9,14,8,4.6
Aiptasia mutabilis,Centrolabrus melanocercus,Aiptasiidae,Labridae,15,12,13,12,4.6
Amphiroa rigida,Pagellus acarne,Lithophyllaceae,Sparidae,15,12,14,6,4.6
Microlipophrys dalmatinus,Phallusia mammillata,Blenniidae,Ascidiidae,14,5,14,11,4.6
Rugulopteryx okamurae,Stenopus spinosus,Dictyotaceae,Stenopodidae,14,4,13,6,4.6
Bonellia viridis,Limaria hians,Bonelliidae,Limidae,14,11,14,7,4.6
Electra posidoniae,Sphaerococcus coronopifolius,Electridae,Sphaerococcaceae,14,13,12,7,4.6
Percnon gibbesi,Tricleocarpa fragilis,Percnidae,Galaxauraceae,14,12,13,6,4.6
Amphiroa rigida,Percnon gibbesi,Lithophyllaceae,Percnidae,14,13,14,8,4.6
Lissoclinum weigelei,Symphodus mediterraneus,Didemnidae,Labridae,14,5,13,6,4.6
Electra posidoniae,Protula tubularia,Electridae,Serpulidae,14,10,13,9,4.6
Flabellia petiolata,Lissoclinum weigelei,Codiaceae,Didemnidae,14,7,13,9,4.6
Periclimenes amethysteus,Sarcotragus fasciculatus,Palaemonidae,Irciniidae,13,9,12,9,4.6
Ophidiaster ophidianus,Thalassoma pavo,Ophidiasteridae,Labridae,13,10,12,8,4.6
Acetabularia acetabulum,Clathria jolicoeuri,Polyphysaceae,Microcionidae,13,8,13,5,4.6
Lissoclinum weigelei,Oblada melanurus,Didemnidae,Sparidae,13,7,11,9,4.6
Aidablennius sphynx,Hamigera hamigera,Blenniidae,Hymedesmiidae,12,8,10,8,4.6
Centrolabrus melanocercus,Hemimycale columella,Labridae,Hymedesmiidae,12,11,12,7,4.6
Branchiomma luctuosum,Caranx crysos,Sabellidae,Carangidae,12,4,9,11,4.6
Bispira volutacornis,Holothuria tubulosa,Sabellidae,Holothuriidae,12,8,12,9,4.6
Phycis phycis,Platydoris argo,Phycidae,Discodorididae,11,10,11,8,4.6
Bispira volutacornis,Chelon auratus,Sabellidae,Mugilidae,11,6,11,5,4.6
Naticarius hebraeus,Steromphala varia,Naticidae,Trochidae,10,10,10,9,4.6
Facelina rubrovittata,Rugulopteryx okamurae,Facelinidae,Dictyotaceae,10,7,10,8,4.6
Actinia mediterranea,Velella velella,Actiniidae,Porpitidae,10,5,8,8,4.6
Jania rubens,Sciaena umbra,Lithophyllaceae,Sciaenidae,10,6,10,5,4.6
Halocynthia papillosa,Sycon raphanus,Pyuridae,Sycettidae,10,8,10,7,4.6
Centrolabrus melanocercus,Pelagia noctiluca,Labridae,Pelagiidae,10,10,9,8,4.6
Acinetospora crinita,Felimare fontandraui,Acinetosporaceae,Chromodorididae,9,7,8,6,4.6
Caloria quatrefagesi,Marionia blainvillea,Facelinidae,Tritoniidae,9,6,8,7,4.6
Bolma rugosa,Semicassis undulata,Turbinidae,Cassidae,9,9,9,8,4.6
Diplodus puntazzo,Labrus viridis,Sparidae,Labridae,9,8,9,8,4.6
Gobius cruentatus,Labrus viridis,Gobiidae,Labridae,9,5,9,7,4.6
Periclimenes amethysteus,Phallusia mammillata,Palaemonidae,Ascidiidae,8,4,6,5,4.6
Electra posidoniae,Lithophyllum stictiforme,Electridae,Lithophyllaceae,8,8,8,5,4.6
Acinetospora crinita,Luria lurida,Acinetosporaceae,Cypraeidae,8,6,8,5,4.6
Ascandra contorta,Cliona viridis,Leucaltidae,Clionaidae,8,8,8,5,4.6
Codium bursa,Labrus viridis,Codiaceae,Labridae,8,6,8,8,4.6
Ascandra contorta,Sphaerococcus coronopifolius,Leucaltidae,Sphaerococcaceae,8,7,8,6,4.6
Aiptasia couchii,Gobius cruentatus,Aiptasiidae,Gobiidae,34,12,30,17,4.5
Arbacia lixula,Chelon auratus,Arbaciidae,Mugilidae,33,21,29,21,4.5
Cribrinopsis crassa,Parablennius rouxi,Actiniidae,Blenniidae,32,26,30,23,4.5
Cribrinopsis crassa,Gobius cruentatus,Actiniidae,Gobiidae,32,13,31,17,4.5
Hacelia attenuata,Ircinia oros,Ophidiasteridae,Irciniidae,31,18,27,16,4.5
Ircinia oros,Parablennius sanguinolentus,Irciniidae,Blenniidae,31,17,30,16,4.5
Coscinasterias tenuispina,Hexaplex trunculus,Asteriidae,Muricidae,30,22,30,19,4.5
Dicentrarchus labrax,Gobius cruentatus,Moronidae,Gobiidae,30,12,22,15,4.5
Eriphia verrucosa,Flabellia petiolata,Eriphiidae,Codiaceae,30,24,29,17,4.5
Petrosia ficiformis,Symphodus roissali,Petrosiidae,Labridae,29,17,26,17,4.5
Pennaria disticha,Petrosia ficiformis,Pennariidae,Petrosiidae,29,15,29,10,4.5
Branchiomma luctuosum,Parablennius zvonimiri,Sabellidae,Blenniidae,29,11,24,18,4.5
Aiptasia couchii,Boops boops,Aiptasiidae,Sparidae,29,20,25,16,4.5
Conger conger,Parablennius rouxi,Congridae,Blenniidae,28,18,24,16,4.5
Aiptasia mutabilis,Diplodus cervinus,Aiptasiidae,Sparidae,28,19,26,16,4.5
Crambe crambe,Sciaena umbra,Crambeidae,Sciaenidae,28,18,24,19,4.5
Agelas oroides,Cribrinopsis crassa,Agelasidae,Actiniidae,28,20,24,20,4.5
Hemimycale columella,Perforatus perforatus,Hymedesmiidae,Balanidae,28,19,25,15,4.5
Crambe crambe,Reteporella grimaldii,Crambeidae,Phidoloporidae,27,24,23,22,4.5
Oculina patagonica,Sarcotragus fasciculatus,Oculinidae,Irciniidae,27,18,23,16,4.5
Codium bursa,Parablennius sanguinolentus,Codiaceae,Blenniidae,27,18,26,12,4.5
Arbacia lixula,Muraena helena,Arbaciidae,Muraenidae,26,14,19,15,4.5
Diplodus cervinus,Holothuria tubulosa,Sparidae,Holothuriidae,26,19,25,14,4.5
Agelas oroides,Pagellus erythrinus,Agelasidae,Sparidae,26,4,26,5,4.5
Palinurus elephas,Thericium vulgatum,Palinuridae,Cerithiidae,25,13,23,11,4.5
Conger conger,Mesophyllum expansum,Congridae,Lithophyllaceae,25,19,24,16,4.5
Coscinasterias tenuispina,Sciaena umbra,Asteriidae,Sciaenidae,25,13,23,16,4.5
Lepadogaster candolii,Symphodus mediterraneus,Gobiesocidae,Labridae,25,12,18,11,4.5
Eriphia verrucosa,Mullus surmuletus,Eriphiidae,Mullidae,25,20,25,19,4.5
Padina pavonica,Palinurus elephas,Dictyotaceae,Palinuridae,24,15,20,18,4.5
Dicentrarchus labrax,Padina pavonica,Moronidae,Dictyotaceae,24,17,24,12,4.5
Maja crispata,Oblada melanurus,Majidae,Sparidae,24,14,21,13,4.5
Apogon imberbis,Schizoporella errata,Apogonidae,Schizoporellidae,24,17,21,16,4.5
Gobius paganellus,Thalassoma pavo,Gobiidae,Labridae,24,16,22,13,4.5
Inachus phalangium,Phycis phycis,Inachidae,Phycidae,23,15,23,14,4.5
Flabellia petiolata,Muraena helena,Codiaceae,Muraenidae,23,14,17,14,4.5
Bispira volutacornis,Posidonia oceanica,Sabellidae,Posidoniaceae,23,11,23,14,4.5
Muraena helena,Phycis phycis,Muraenidae,Phycidae,22,18,20,13,4.5
Ircinia oros,Microlipophrys nigriceps,Irciniidae,Blenniidae,22,12,21,8,4.5
Calmella cavolini,Felimare fontandraui,Flabellinidae,Chromodorididae,21,19,21,12,4.5
Conger conger,Tylodina perversa,Congridae,Tylodinidae,21,11,19,10,4.5
Lipophrys trigloides,Xyrichtys novacula,Blenniidae,Labridae,21,12,17,8,4.5
Maja crispata,Tylodina perversa,Majidae,Tylodinidae,20,10,19,8,4.5
Luisella babai,Sabella spallanzanii,Samlidae,Sabellidae,20,15,17,13,4.5
Acetabularia acetabulum,Lithophyllum stictiforme,Polyphysaceae,Lithophyllaceae,20,18,18,10,4.5
Chelon auratus,Luria lurida,Mugilidae,Cypraeidae,19,12,18,10,4.5
Bolma rugosa,Phorbas tenacior,Turbinidae,Hymedesmiidae,19,15,19,6,4.5
Oculina patagonica,Tricleocarpa fragilis,Oculinidae,Galaxauraceae,19,10,19,10,4.5
Leptogorgia sarmentosa,Symphodus roissali,Gorgoniidae,Labridae,18,13,17,12,4.5
Aiptasia mutabilis,Ophidiaster ophidianus,Aiptasiidae,Ophidiasteridae,18,14,14,5,4.5
Eunicella singularis,Inachus phalangium,Gorgoniidae,Inachidae,18,12,16,10,4.5
Nemesignis banyulensis,Pentapora fascialis,Myrrhinidae,Bitectiporidae,17,13,15,8,4.5
Mullus surmuletus,Pomatoschistus bathi,Mullidae,Gobiidae,17,10,14,8,4.5
Labrus viridis,Posidonia oceanica,Labridae,Posidoniaceae,17,12,17,13,4.5
Diplodus cervinus,Tricleocarpa fragilis,Sparidae,Galaxauraceae,17,9,17,7,4.5
Ellisolandia elongata,Eunicella gazella,Lithophyllaceae,Gorgoniidae,17,5,15,12,4.5
Bothus podas,Epinephelus costae,Bothidae,Epinephelidae,17,12,14,10,4.5
Luria lurida,Ophisurus serpens,Cypraeidae,Ophichthidae,16,5,15,9,4.5
Oculina patagonica,Telmatactis forskalii,Oculinidae,Isophelliidae,16,9,16,8,4.5
Caulerpa cylindracea,Tricleocarpa fragilis,Caulerpaceae,Galaxauraceae,15,11,15,10,4.5
Epinephelus costae,Oculina patagonica,Epinephelidae,Oculinidae,15,9,14,6,4.5
Scorpaena scrofa,Simnia spelta,Scorpaenidae,Ovulidae,14,8,14,5,4.5
Microlipophrys dalmatinus,Percnon gibbesi,Blenniidae,Percnidae,14,9,13,5,4.5
Balanophyllia europaea,Electra posidoniae,Dendrophylliidae,Electridae,14,11,14,8,4.5
Diplodus sargus,Scartella cristata,Sparidae,Blenniidae,14,10,12,12,4.5
Halocynthia papillosa,Lissoclinum weigelei,Pyuridae,Didemnidae,14,8,13,7,4.5
Electra posidoniae,Gobius cruentatus,Electridae,Gobiidae,14,10,12,8,4.5
Hamigera hamigera,Hexaplex trunculus,Hymedesmiidae,Muricidae,13,11,12,8,4.5
Pomadasys incisus,Schizoporella errata,Haemulidae,Schizoporellidae,13,8,11,13,4.5
Arbacia lixula,Parazoanthus brevitentacularis,Arbaciidae,Parazoanthidae,13,9,13,7,4.5
Halimeda tuna,Limaria hians,Halimedaceae,Limidae,13,11,13,5,4.5
Felimida binza,Hacelia attenuata,Chromodorididae,Ophidiasteridae,12,8,12,6,4.5
Aplysia depilans,Rudmania krohni,Aplysiidae,Chromodorididae,12,8,11,6,4.5
Acinetospora crinita,Chelon auratus,Acinetosporaceae,Mugilidae,12,8,12,6,4.5
Facelina rubrovittata,Microlipophrys nigriceps,Facelinidae,Blenniidae,11,7,10,6,4.5
Holothuria forskali,Marionia blainvillea,Holothuriidae,Tritoniidae,11,9,11,8,4.5
Amphiroa rigida,Steromphala varia,Lithophyllaceae,Trochidae,11,9,11,6,4.5
Pinctada radiata,Tritia mutabilis,Pteriidae,Nassariidae,11,9,11,8,4.5
Limaria hians,Symphodus tinca,Limidae,Labridae,11,5,11,5,4.5
Bonellia viridis,Muricopsis cristata,Bonelliidae,Muricidae,11,9,11,5,4.5
Gobius paganellus,Phoronis hippocrepia,Gobiidae,Phoronidae,11,4,10,7,4.5
Hamigera hamigera,Padina pavonica,Hymedesmiidae,Dictyotaceae,11,9,11,8,4.5
Chamelea gallina,Conus ventricosus,Veneridae,Conidae,10,8,10,7,4.5
Alcyonium acaule,Inachus phalangium,Alcyoniidae,Inachidae,10,8,10,6,4.5
Acinetospora crinita,Lepadogaster candolii,Acinetosporaceae,Gobiesocidae,10,8,10,5,4.5
Ophidiaster ophidianus,Percnon gibbesi,Ophidiasteridae,Percnidae,10,9,10,7,4.5
Aplysina cavernicola,Pentapora fascialis,Aplysinidae,Bitectiporidae,10,8,10,5,4.5
Myriapora truncata,Sycon raphanus,Myriaporidae,Sycettidae,10,9,10,6,4.5
Halimeda tuna,Sycon raphanus,Halimedaceae,Sycettidae,10,10,10,6,4.5
Bispira volutacornis,Reteporella grimaldii,Sabellidae,Phidoloporidae,9,7,9,7,4.5
Cribrinopsis crassa,Tenellia ocellata,Actiniidae,Tergipedidae,8,8,8,7,4.5
Corynactis viridis,Mesophyllum expansum,Corallimorphidae,Lithophyllaceae,8,8,8,5,4.5
Lissoclinum weigelei,Prostheceraeus moseleyi,Didemnidae,Euryleptidae,8,6,8,5,4.5
Naticarius hebraeus,Semicassis undulata,Naticidae,Cassidae,8,4,7,7,4.5
Labrus merula,Mesophyllum alternans,Labridae,Lithophyllaceae,8,8,8,6,4.5
Chrysymenia ventricosa,Perforatus perforatus,Rhodymeniaceae,Balanidae,8,8,7,7,4.5
Acinetospora crinita,Pinna rudis,Acinetosporaceae,Pinnidae,8,8,8,8,4.5
Eriphia verrucosa,Posidonia oceanica,Eriphiidae,Posidoniaceae,61,31,54,29,4.4
Posidonia oceanica,Schizoporella errata,Posidoniaceae,Schizoporellidae,49,25,43,23,4.4
Actinia mediterranea,Boops boops,Actiniidae,Sparidae,34,22,30,17,4.4
Aiptasia mutabilis,Scorpaena scrofa,Aiptasiidae,Scorpaenidae,31,17,30,15,4.4
Arbacia lixula,Holothuria forskali,Arbaciidae,Holothuriidae,31,25,29,14,4.4
Conger conger,Serpula vermicularis,Congridae,Serpulidae,31,22,26,17,4.4
Cribrinopsis crassa,Petrosia ficiformis,Actiniidae,Petrosiidae,30,17,30,15,4.4
Bonellia viridis,Echinaster sepositus,Bonelliidae,Echinasteridae,30,17,25,9,4.4
Bonellia viridis,Symphodus roissali,Bonelliidae,Labridae,30,19,25,21,4.4
Balanophyllia europaea,Phycis phycis,Dendrophylliidae,Phycidae,30,11,29,13,4.4
Lipophrys trigloides,Sphaerococcus coronopifolius,Blenniidae,Sphaerococcaceae,29,15,28,14,4.4
Petrosia ficiformis,Stramonita haemastoma,Petrosiidae,Muricidae,29,14,27,14,4.4
Boops boops,Parablennius pilicornis,Sparidae,Blenniidae,29,22,26,21,4.4
Labrus merula,Lipophrys trigloides,Labridae,Blenniidae,29,20,26,14,4.4
Aiptasia couchii,Sabella spallanzanii,Aiptasiidae,Sabellidae,28,17,23,20,4.4
Gobius incognitus,Petrosia ficiformis,Gobiidae,Petrosiidae,28,12,28,13,4.4
Lipophrys trigloides,Symphodus mediterraneus,Blenniidae,Labridae,28,13,20,11,4.4
Dardanus calidus,Labrus merula,Diogenidae,Labridae,27,17,25,21,4.4
Aidablennius sphynx,Sarcotragus fasciculatus,Blenniidae,Irciniidae,27,13,24,12,4.4
Chromis chromis,Petrosia ficiformis,Pomacentridae,Petrosiidae,27,16,24,15,4.4
Gobius paganellus,Sabella spallanzanii,Gobiidae,Sabellidae,27,17,24,17,4.4
Codium bursa,Pycnoclavella communis,Codiaceae,Pycnoclavellidae,27,22,26,14,4.4
Coscinasterias tenuispina,Gobius incognitus,Asteriidae,Gobiidae,26,18,25,18,4.4
Gobius cobitis,Serranus scriba,Gobiidae,Serranidae,26,18,21,16,4.4
Sciaena umbra,Sphaerococcus coronopifolius,Sciaenidae,Sphaerococcaceae,26,16,25,12,4.4
Hacelia attenuata,Phorbas tenacior,Ophidiasteridae,Hymedesmiidae,25,13,22,11,4.4
Muraena helena,Parablennius gattorugine,Muraenidae,Blenniidae,25,17,22,14,4.4
Caulerpa cylindracea,Serpula vermicularis,Caulerpaceae,Serpulidae,25,8,21,13,4.4
Branchiomma luctuosum,Mesophyllum expansum,Sabellidae,Lithophyllaceae,25,3,23,12,4.4
Conger conger,Holothuria forskali,Congridae,Holothuriidae,24,18,23,12,4.4
Maja crispata,Parablennius sanguinolentus,Majidae,Blenniidae,23,17,23,15,4.4
Diplodus sargus,Palinurus elephas,Sparidae,Palinuridae,23,13,19,15,4.4
Ellisolandia elongata,Parablennius rouxi,Lithophyllaceae,Blenniidae,23,18,22,15,4.4
Maja crispata,Stramonita haemastoma,Majidae,Muricidae,23,12,23,14,4.4
Oculina patagonica,Serranus scriba,Oculinidae,Serranidae,23,18,23,14,4.4
Holothuria forskali,Tylodina perversa,Holothuriidae,Tylodinidae,22,17,22,14,4.4
Muraena helena,Scorpaena maderensis,Muraenidae,Scorpaenidae,22,19,19,17,4.4
Bolma rugosa,Bonellia viridis,Turbinidae,Bonelliidae,22,14,22,15,4.4
Conger conger,Sciaena umbra,Congridae,Sciaenidae,22,18,20,9,4.4
Inachus phalangium,Phorbas tenacior,Inachidae,Hymedesmiidae,22,15,21,13,4.4
Caloria quatrefagesi,Pentapora fascialis,Facelinidae,Bitectiporidae,21,16,21,10,4.4
Bonellia viridis,Luria lurida,Bonelliidae,Cypraeidae,21,9,17,11,4.4
Caloria quatrefagesi,Chondrosia reniformis,Facelinidae,Chondrillidae,21,14,19,11,4.4
Pelagia noctiluca,Pycnoclavella communis,Pelagiidae,Pycnoclavellidae,21,13,21,11,4.4
Prostheceraeus roseus,Sciaena umbra,Euryleptidae,Sciaenidae,21,6,19,11,4.4
Nemesignis banyulensis,Serpula vermicularis,Myrrhinidae,Serpulidae,21,9,19,11,4.4
Pagellus acarne,Perforatus perforatus,Sparidae,Balanidae,21,14,20,13,4.4
Diplodus cervinus,Symphodus tinca,Sparidae,Labridae,21,13,19,19,4.4
Microlipophrys nigriceps,Sphaerococcus coronopifolius,Blenniidae,Sphaerococcaceae,20,11,18,7,4.4
Ellisolandia elongata,Pentapora fascialis,Lithophyllaceae,Bitectiporidae,20,14,16,9,4.4
Inachus phalangium,Tylodina perversa,Inachidae,Tylodinidae,19,11,17,11,4.4
Bonellia viridis,Dictyota cyanoloma,Bonelliidae,Dictyotaceae,19,9,15,11,4.4
Eriphia verrucosa,Microlipophrys nigriceps,Eriphiidae,Blenniidae,19,9,19,9,4.4
Amphiroa rigida,Dicentrarchus labrax,Lithophyllaceae,Moronidae,19,14,19,11,4.4
Coscinasterias tenuispina,Microlipophrys nigriceps,Asteriidae,Blenniidae,19,9,18,10,4.4
Maja crispata,Microlipophrys dalmatinus,Majidae,Blenniidae,18,14,17,9,4.4
Diplodus vulgaris,Scorpaena scrofa,Sparidae,Scorpaenidae,18,15,18,7,4.4
Caulerpa cylindracea,Rudmania krohni,Caulerpaceae,Chromodorididae,17,14,17,7,4.4
Eunicella gazella,Luisella babai,Gorgoniidae,Samlidae,17,9,17,7,4.4
Sarcotragus fasciculatus,Seriola dumerili,Irciniidae,Carangidae,17,14,16,14,4.4
Caloria quatrefagesi,Microlipophrys dalmatinus,Facelinidae,Blenniidae,16,12,16,6,4.4
Aidablennius sphynx,Telmatactis forskalii,Blenniidae,Isophelliidae,16,10,15,9,4.4
Dictyota cyanoloma,Echinaster sepositus,Dictyotaceae,Echinasteridae,16,10,12,9,4.4
Amphiroa rigida,Pachycerianthus solitarius,Lithophyllaceae,Cerianthidae,16,9,15,5,4.4
Percnon gibbesi,Sphyraena viridensis,Percnidae,Sphyraenidae,16,13,13,11,4.4
Aiptasia couchii,Steromphala varia,Aiptasiidae,Trochidae,16,3,14,9,4.4
Anthias anthias,Pseudodistoma crucigaster,Anthiadidae,Pseudodistomidae,15,10,14,7,4.4
Luria lurida,Trinchesia morrowae,Cypraeidae,Trinchesiidae,15,5,13,5,4.4
Anthias anthias,Leptogorgia sarmentosa,Anthiadidae,Gorgoniidae,15,11,15,9,4.4
Nemesignis banyulensis,Sphyraena viridensis,Myrrhinidae,Sphyraenidae,15,6,14,6,4.4
Chromis chromis,Dictyota cyanoloma,Pomacentridae,Dictyotaceae,15,6,13,13,4.4
Nemesignis banyulensis,Tylodina perversa,Myrrhinidae,Tylodinidae,14,11,12,10,4.4
Echinaster sepositus,Simnia spelta,Echinasteridae,Ovulidae,14,9,14,6,4.4
Gobius incognitus,Steromphala varia,Gobiidae,Trochidae,14,4,13,10,4.4
Ophidiaster ophidianus,Phorbas tenacior,Ophidiasteridae,Hymedesmiidae,14,13,11,6,4.4
Epinephelus costae,Sciaena umbra,Epinephelidae,Sciaenidae,14,6,14,6,4.4
Diplodus cervinus,Scartella cristata,Sparidae,Blenniidae,13,9,11,7,4.4
Cliona viridis,Electra posidoniae,Clionaidae,Electridae,13,11,13,7,4.4
Pachycerianthus solitarius,Peronaea planata,Cerianthidae,Tellinidae,12,7,11,5,4.4
Astrospartus mediterraneus,Caulerpa cylindracea,Gorgonocephalidae,Caulerpaceae,12,8,12,8,4.4
Lissoclinum weigelei,Pagellus erythrinus,Didemnidae,Sparidae,12,9,12,7,4.4
Acanthonyx lunulatus,Serpula vermicularis,Epialtidae,Serpulidae,12,9,11,8,4.4
Arbacia lixula,Bispira volutacornis,Arbaciidae,Sabellidae,12,6,12,7,4.4
Callista chione,Pinna rudis,Veneridae,Pinnidae,12,7,12,6,4.4
Electra posidoniae,Pentapora fascialis,Electridae,Bitectiporidae,12,10,10,7,4.4
Arbacia lixula,Phoronis hippocrepia,Arbaciidae,Phoronidae,12,9,12,10,4.4
Centrolabrus melanocercus,Scorpaena maderensis,Labridae,Scorpaenidae,12,8,10,8,4.4
Aplysia depilans,Stenopus spinosus,Aplysiidae,Stenopodidae,11,6,9,6,4.4
Calmella cavolini,Parazoanthus brevitentacularis,Flabellinidae,Parazoanthidae,11,6,10,5,4.4
Lepadogaster candolii,Lissoclinum weigelei,Gobiesocidae,Didemnidae,11,4,11,5,4.4
Marionia blainvillea,Pentapora fascialis,Tritoniidae,Bitectiporidae,11,10,10,6,4.4
Lissoclinum weigelei,Rudmania krohni,Didemnidae,Chromodorididae,11,9,10,8,4.4
Clanculus jussieui,Sarcotragus fasciculatus,Trochidae,Irciniidae,11,7,11,5,4.4
Electra posidoniae,Padina pavonica,Electridae,Dictyotaceae,11,9,10,8,4.4
Ariosoma balearicum,Semicassis undulata,Congridae,Cassidae,10,7,7,7,4.4
Rugulopteryx okamurae,Telmatactis forskalii,Dictyotaceae,Isophelliidae,10,6,8,5,4.4
Agelas oroides,Aplysina cavernicola,Agelasidae,Aplysinidae,10,8,9,6,4.4
Echinaster sepositus,Torpedo torpedo,Echinasteridae,Torpedinidae,10,6,10,7,4.4
Anthias anthias,Marionia blainvillea,Anthiadidae,Tritoniidae,9,8,9,6,4.4
Muricopsis cristata,Pycnoclavella communis,Muricidae,Pycnoclavellidae,9,8,9,5,4.4
Manupecten pesfelis,Posidonia oceanica,Pectinidae,Posidoniaceae,9,8,9,7,4.4
Berghia coerulescens,Tylodina perversa,Aeolidiidae,Tylodinidae,9,8,8,8,4.4
Clanculus jussieui,Ophisurus serpens,Trochidae,Ophichthidae,9,3,8,7,4.4
Chelidonichthys lastoviza,Dardanus calidus,Triglidae,Diogenidae,9,4,8,6,4.4
Dasyatis pastinaca,Epinephelus marginatus,Dasyatidae,Epinephelidae,9,7,9,6,4.4
Diplodus cervinus,Jania rubens,Sparidae,Lithophyllaceae,9,6,9,7,4.4
Balanophyllia europaea,Pycnoclavella nana,Dendrophylliidae,Pycnoclavellidae,9,6,7,7,4.4
Chondrosia reniformis,Sycon raphanus,Chondrillidae,Sycettidae,9,7,9,6,4.4
Felimare villafranca,Sycon raphanus,Chromodorididae,Sycettidae,8,8,8,5,4.4
Eudendrium racemosum,Inachus phalangium,Eudendriidae,Inachidae,8,8,8,5,4.4
Flabellia petiolata,Labrus viridis,Codiaceae,Labridae,8,6,8,8,4.4
Chrysymenia ventricosa,Labrus merula,Rhodymeniaceae,Labridae,8,7,7,7,4.4
Holothuria forskali,Serpula vermicularis,Holothuriidae,Serpulidae,33,28,31,18,4.3
Bonellia viridis,Eriphia verrucosa,Bonelliidae,Eriphiidae,32,18,32,16,4.3
Gobius paganellus,Protula tubularia,Gobiidae,Serpulidae,30,18,29,15,4.3
Coscinasterias tenuispina,Halimeda tuna,Asteriidae,Halimedaceae,30,18,28,18,4.3
Gobius cruentatus,Stramonita haemastoma,Gobiidae,Muricidae,29,12,24,18,4.3
Oblada melanurus,Parablennius rouxi,Sparidae,Blenniidae,29,19,22,16,4.3
Coscinasterias tenuispina,Halocynthia papillosa,Asteriidae,Pyuridae,29,21,24,20,4.3
Chondrosia reniformis,Eriphia verrucosa,Chondrillidae,Eriphiidae,28,16,26,15,4.3
Aidablennius sphynx,Halimeda tuna,Blenniidae,Halimedaceae,28,17,26,13,4.3
Pycnoclavella communis,Scorpaena maderensis,Pycnoclavellidae,Scorpaenidae,26,18,23,18,4.3
Arbacia lixula,Inachus phalangium,Arbaciidae,Inachidae,26,15,22,12,4.3
Coscinasterias tenuispina,Symphodus roissali,Asteriidae,Labridae,26,19,26,18,4.3
Parablennius zvonimiri,Prostheceraeus roseus,Blenniidae,Euryleptidae,26,18,24,14,4.3
Apogon imberbis,Oculina patagonica,Apogonidae,Oculinidae,26,20,25,16,4.3
Arbacia lixula,Diplodus cervinus,Arbaciidae,Sparidae,26,18,23,20,4.3
Mullus surmuletus,Petrosia ficiformis,Mullidae,Petrosiidae,25,10,24,12,4.3
Halimeda tuna,Reteporella grimaldii,Halimedaceae,Phidoloporidae,25,20,22,17,4.3
Dicentrarchus labrax,Synodus saurus,Moronidae,Synodontidae,24,14,19,11,4.3
Gobius cobitis,Thalassoma pavo,Gobiidae,Labridae,24,16,19,18,4.3
Calmella cavolini,Reteporella grimaldii,Flabellinidae,Phidoloporidae,23,16,20,11,4.3
Calmella cavolini,Lepadogaster candolii,Flabellinidae,Gobiesocidae,23,13,22,9,4.3
Conger conger,Sabella spallanzanii,Congridae,Sabellidae,23,18,20,11,4.3
Dardanus calidus,Symphodus tinca,Diogenidae,Labridae,23,13,22,21,4.3
Coscinasterias tenuispina,Diplodus cervinus,Asteriidae,Sparidae,23,12,22,14,4.3
Caloria quatrefagesi,Parablennius zvonimiri,Facelinidae,Blenniidae,23,15,22,14,4.3
Diplodus puntazzo,Microlipophrys dalmatinus,Sparidae,Blenniidae,23,15,21,12,4.3
Holothuria forskali,Inachus phalangium,Holothuriidae,Inachidae,22,16,21,12,4.3
Anthias anthias,Chondrosia reniformis,Anthiadidae,Chondrillidae,22,14,22,13,4.3
Diplodus cervinus,Pentapora fascialis,Sparidae,Bitectiporidae,22,19,22,10,4.3
Diplodus cervinus,Lipophrys trigloides,Sparidae,Blenniidae,22,14,19,7,4.3
Pagellus acarne,Parablennius gattorugine,Sparidae,Blenniidae,22,14,15,13,4.3
Lipophrys trigloides,Pelagia noctiluca,Blenniidae,Pelagiidae,21,15,21,13,4.3
Bolma rugosa,Gobius cruentatus,Turbinidae,Gobiidae,21,15,20,11,4.3
Diplodus sargus,Maja crispata,Sparidae,Majidae,21,14,21,13,4.3
Caulerpa cylindracea,Sphaerococcus coronopifolius,Caulerpaceae,Sphaerococcaceae,21,5,15,12,4.3
Parablennius zvonimiri,Pomatoschistus bathi,Blenniidae,Gobiidae,21,14,19,10,4.3
Prostheceraeus roseus,Rudmania krohni,Euryleptidae,Chromodorididae,20,16,18,15,4.3
Holothuria forskali,Tricleocarpa fragilis,Holothuriidae,Galaxauraceae,19,14,16,10,4.3
Sciaena umbra,Stenopus spinosus,Sciaenidae,Stenopodidae,19,15,19,11,4.3
Diaphorodoris alba,Sabella spallanzanii,Calycidorididae,Sabellidae,19,15,15,14,4.3
Parablennius rouxi,Prostheceraeus moseleyi,Blenniidae,Euryleptidae,18,16,18,13,4.3
Ariosoma balearicum,Inachus phalangium,Congridae,Inachidae,18,9,17,11,4.3
Myriapora truncata,Nemesignis banyulensis,Myriaporidae,Myrrhinidae,18,9,15,12,4.3
Pelagia noctiluca,Thalassoma pavo,Pelagiidae,Labridae,18,16,16,11,4.3
Diplodus cervinus,Muraena helena,Sparidae,Muraenidae,18,10,14,10,4.3
Holothuria forskali,Yungia aurantiaca,Holothuriidae,Pseudocerotidae,17,14,17,11,4.3
Maja crispata,Pagellus acarne,Majidae,Sparidae,17,13,14,10,4.3
Callista chione,Pentapora fascialis,Veneridae,Bitectiporidae,17,9,16,6,4.3
Gobius cruentatus,Simnia spelta,Gobiidae,Ovulidae,16,11,13,7,4.3
Amphiroa rigida,Tylodina perversa,Lithophyllaceae,Tylodinidae,16,8,16,6,4.3
Gobius cobitis,Scartella cristata,Gobiidae,Blenniidae,16,12,13,10,4.3
Perforatus perforatus,Pomadasys incisus,Balanidae,Haemulidae,16,11,15,10,4.3
Dictyota cyanoloma,Lipophrys trigloides,Dictyotaceae,Blenniidae,16,12,16,9,4.3
Ellisolandia elongata,Pelagia noctiluca,Lithophyllaceae,Pelagiidae,16,16,16,11,4.3
Simnia spelta,Symphodus mediterraneus,Ovulidae,Labridae,15,8,13,5,4.3
Electra posidoniae,Serpula vermicularis,Electridae,Serpulidae,15,12,15,11,4.3
Diplodus cervinus,Pseudodistoma crucigaster,Sparidae,Pseudodistomidae,15,9,14,9,4.3
Amphiroa rigida,Eunicella singularis,Lithophyllaceae,Gorgoniidae,15,11,15,8,4.3
Chromis chromis,Nemesignis banyulensis,Pomacentridae,Myrrhinidae,15,7,11,6,4.3
Caloria quatrefagesi,Pinna rudis,Facelinidae,Pinnidae,14,13,14,8,4.3
Reteporella grimaldii,Telmatactis forskalii,Phidoloporidae,Isophelliidae,14,9,13,8,4.3
Mesophyllum expansum,Simnia spelta,Lithophyllaceae,Ovulidae,14,8,14,5,4.3
Polysyncraton lacazei,Sphaerococcus coronopifolius,Didemnidae,Sphaerococcaceae,14,11,14,7,4.3
Callista chione,Schizoporella errata,Veneridae,Schizoporellidae,14,9,12,9,4.3
Gobius cruentatus,Lissoclinum weigelei,Gobiidae,Didemnidae,14,5,11,9,4.3
Dendrodoris limbata,Inachus phalangium,Dendrodorididae,Inachidae,13,8,9,7,4.3
Caulerpa cylindracea,Yungia aurantiaca,Caulerpaceae,Pseudocerotidae,13,8,13,5,4.3
Balanophyllia europaea,Periclimenes amethysteus,Dendrophylliidae,Palaemonidae,13,9,13,9,4.3
Phoronis hippocrepia,Serpula vermicularis,Phoronidae,Serpulidae,13,8,13,6,4.3
Bolma rugosa,Naticarius hebraeus,Turbinidae,Naticidae,12,11,12,12,4.3
Centrolabrus melanocercus,Chelon auratus,Labridae,Mugilidae,12,7,10,6,4.3
Microlipophrys nigriceps,Percnon gibbesi,Blenniidae,Percnidae,12,10,12,8,4.3
Codium bursa,Electra posidoniae,Codiaceae,Electridae,12,11,12,9,4.3
Clathria jolicoeuri,Parablennius zvonimiri,Microcionidae,Blenniidae,12,9,12,6,4.3
Luria lurida,Prostheceraeus moseleyi,Cypraeidae,Euryleptidae,11,9,10,7,4.3
Palinurus elephas,Periclimenes amethysteus,Palinuridae,Palaemonidae,11,7,10,5,4.3
Aplysia depilans,Schizoporella errata,Aplysiidae,Schizoporellidae,11,10,10,7,4.3
Electra posidoniae,Oculina patagonica,Electridae,Oculinidae,11,7,10,7,4.3
Echinocardium cordatum,Gobius cruentatus,Loveniidae,Gobiidae,11,8,9,6,4.3
Stenopus spinosus,Thylacodes arenarius,Stenopodidae,Vermetidae,10,8,10,7,4.3
Elysia timida,Synodus saurus,Plakobranchidae,Synodontidae,10,7,9,6,4.3
Dactylopterus volitans,Pagellus acarne,Dactylopteridae,Sparidae,10,8,10,5,4.3
Acanthonyx lunulatus,Aiptasia couchii,Epialtidae,Aiptasiidae,10,7,9,7,4.3
Aplus dorbignyi,Serpula vermicularis,Pisaniidae,Serpulidae,10,8,9,6,4.3
Limaria hians,Stenopus spinosus,Limidae,Stenopodidae,9,7,8,6,4.3
Limaria hians,Pachycerianthus solitarius,Limidae,Cerianthidae,9,7,9,5,4.3
Callionymus pusillus,Neverita josephinia,Callionymidae,Naticidae,9,7,8,5,4.3
Agelas oroides,Alicia mirabilis,Agelasidae,Aliciidae,9,8,8,9,4.3
Chelidonichthys lastoviza,Palinurus elephas,Triglidae,Palinuridae,9,5,9,6,4.3
Caranx crysos,Epinephelus marginatus,Carangidae,Epinephelidae,9,8,9,8,4.3
Elysia timida,Felimare fontandraui,Plakobranchidae,Chromodorididae,8,8,7,6,4.3
Aplysina cavernicola,Tylodina perversa,Aplysinidae,Tylodinidae,8,5,7,7,4.3
Lithophyllum stictiforme,Polysyncraton lacazei,Lithophyllaceae,Didemnidae,8,8,8,5,4.3
Electra posidoniae,Pseudodistoma crucigaster,Electridae,Pseudodistomidae,8,6,8,5,4.3
Epinephelus marginatus,Parazoanthus brevitentacularis,Epinephelidae,Parazoanthidae,8,6,8,6,4.3
Jania rubens,Microlipophrys dalmatinus,Lithophyllaceae,Blenniidae,8,7,8,5,4.3
Chondrosia reniformis,Pycnoclavella nana,Chondrillidae,Pycnoclavellidae,8,5,7,6,4.3
Amphiroa beauvoisii,Padina pavonica,Lithophyllaceae,Dictyotaceae,8,7,7,6,4.3
Actinia mediterranea,Codium bursa,Actiniidae,Codiaceae,34,19,32,11,4.2
Actinia mediterranea,Pennaria disticha,Actiniidae,Pennariidae,32,15,30,14,4.2
Aiptasia mutabilis,Dicentrarchus labrax,Aiptasiidae,Moronidae,30,16,28,20,4.2
Bonellia viridis,Conger conger,Bonelliidae,Congridae,27,16,26,16,4.2
Cliona viridis,Hacelia attenuata,Clionaidae,Ophidiasteridae,27,14,24,14,4.2
Coscinasterias tenuispina,Scorpaena maderensis,Asteriidae,Scorpaenidae,27,21,25,18,4.2
Apogon imberbis,Phycis phycis,Apogonidae,Phycidae,27,13,24,13,4.2
Phycis phycis,Symphodus mediterraneus,Phycidae,Labridae,27,9,23,12,4.2
Diaphorodoris papillata,Echinaster sepositus,Calycidorididae,Echinasteridae,26,16,24,10,4.2
Hacelia attenuata,Sarcotragus fasciculatus,Ophidiasteridae,Irciniidae,26,16,23,12,4.2
Petrosia ficiformis,Symphodus tinca,Petrosiidae,Labridae,26,15,24,11,4.2
Pennaria disticha,Pentapora fascialis,Pennariidae,Bitectiporidae,25,18,21,11,4.2
Chelon auratus,Synodus saurus,Mugilidae,Synodontidae,25,16,24,10,4.2
Actinia mediterranea,Microlipophrys dalmatinus,Actiniidae,Blenniidae,25,15,25,13,4.2
Echinaster sepositus,Pentapora fascialis,Echinasteridae,Bitectiporidae,25,18,22,10,4.2
Holothuria tubulosa,Inachus phalangium,Holothuriidae,Inachidae,24,18,23,12,4.2
Hemimycale columella,Sabella spallanzanii,Hymedesmiidae,Sabellidae,24,20,19,15,4.2
Phorbas tenacior,Stramonita haemastoma,Hymedesmiidae,Muricidae,24,17,21,13,4.2
Pycnoclavella communis,Scorpaena scrofa,Pycnoclavellidae,Scorpaenidae,24,14,22,10,4.2
Chelon auratus,Padina pavonica,Mugilidae,Dictyotaceae,24,16,20,17,4.2
Balanophyllia europaea,Muraena helena,Dendrophylliidae,Muraenidae,23,12,16,14,4.2
Dardanus calidus,Thericium vulgatum,Diogenidae,Cerithiidae,23,13,21,14,4.2
Boops boops,Conger conger,Sparidae,Congridae,23,17,22,13,4.2
Coscinasterias tenuispina,Prostheceraeus roseus,Asteriidae,Euryleptidae,23,15,19,17,4.2
Diplodus sargus,Pentapora fascialis,Sparidae,Bitectiporidae,23,15,21,16,4.2
Diplodus sargus,Lipophrys trigloides,Sparidae,Blenniidae,23,13,21,15,4.2
Apogon imberbis,Reteporella grimaldii,Apogonidae,Phidoloporidae,23,19,20,10,4.2
Holothuria forskali,Rudmania krohni,Holothuriidae,Chromodorididae,22,19,20,12,4.2
Parablennius gattorugine,Tricleocarpa fragilis,Blenniidae,Galaxauraceae,22,11,22,12,4.2
Sphyraena viridensis,Thericium vulgatum,Sphyraenidae,Cerithiidae,22,20,18,19,4.2
Dicentrarchus labrax,Sciaena umbra,Moronidae,Sciaenidae,22,15,20,11,4.2
Caloria quatrefagesi,Flabellia petiolata,Facelinidae,Codiaceae,21,17,21,13,4.2
Boops boops,Inachus phalangium,Sparidae,Inachidae,21,13,18,15,4.2
Inachus phalangium,Symphodus roissali,Inachidae,Labridae,21,14,17,12,4.2
Lepadogaster candolii,Palinurus elephas,Gobiesocidae,Palinuridae,21,10,20,5,4.2
Diplodus cervinus,Stramonita haemastoma,Sparidae,Muricidae,21,14,17,14,4.2
Asparagopsis taxiformis,Halocynthia papillosa,Bonnemaisoniaceae,Pyuridae,21,7,18,12,4.2
Aidablennius sphynx,Diplodus cervinus,Blenniidae,Sparidae,21,15,19,15,4.2
Bolma rugosa,Myriapora truncata,Turbinidae,Myriaporidae,20,15,20,12,4.2
Dardanus calidus,Inachus phalangium,Diogenidae,Inachidae,20,12,19,15,4.2
Diplodus puntazzo,Pseudodistoma crucigaster,Sparidae,Pseudodistomidae,20,14,16,15,4.2
Mullus surmuletus,Sciaena umbra,Mullidae,Sciaenidae,20,12,19,16,4.2
Coscinasterias tenuispina,Ellisolandia elongata,Asteriidae,Lithophyllaceae,20,18,19,17,4.2
Ircinia oros,Percnon gibbesi,Irciniidae,Percnidae,20,14,19,10,4.2
Felimare fontandraui,Hacelia attenuata,Chromodorididae,Ophidiasteridae,19,10,19,10,4.2
Reteporella grimaldii,Rudmania krohni,Phidoloporidae,Chromodorididae,19,14,18,10,4.2
Coscinasterias tenuispina,Pagellus acarne,Asteriidae,Sparidae,19,17,19,11,4.2
Diaphorodoris papillata,Yungia aurantiaca,Calycidorididae,Pseudocerotidae,18,14,17,11,4.2
Inachus phalangium,Trinchesia morrowae,Inachidae,Trinchesiidae,18,8,18,6,4.2
Scorpaena scrofa,Torpedo marmorata,Scorpaenidae,Torpedinidae,18,11,17,9,4.2
Conger conger,Microlipophrys dalmatinus,Congridae,Blenniidae,18,10,15,5,4.2
Amphiroa rigida,Palinurus elephas,Lithophyllaceae,Palinuridae,18,7,17,10,4.2
Coscinasterias tenuispina,Pinna rudis,Asteriidae,Pinnidae,18,15,17,15,4.2
Eriphia verrucosa,Luria lurida,Eriphiidae,Cypraeidae,18,8,16,9,4.2
Ircinia oros,Seriola dumerili,Irciniidae,Carangidae,18,14,17,11,4.2
Pinna rudis,Symphodus roissali,Pinnidae,Labridae,17,14,16,13,4.2
Sphyraena viridensis,Tricleocarpa fragilis,Sphyraenidae,Galaxauraceae,17,11,16,10,4.2
Epinephelus marginatus,Prostheceraeus roseus,Epinephelidae,Euryleptidae,17,14,15,15,4.2
Dardanus calidus,Luria lurida,Diogenidae,Cypraeidae,16,12,15,9,4.2
Bolma rugosa,Maja crispata,Turbinidae,Majidae,16,11,16,8,4.2
Bolma rugosa,Prostheceraeus roseus,Turbinidae,Euryleptidae,16,11,13,10,4.2
Chondrosia reniformis,Telmatactis forskalii,Chondrillidae,Isophelliidae,16,10,14,9,4.2
Gobius paganellus,Scartella cristata,Gobiidae,Blenniidae,15,11,12,9,4.2
Coscinasterias tenuispina,Scartella cristata,Asteriidae,Blenniidae,15,11,15,9,4.2
Asparagopsis taxiformis,Microlipophrys dalmatinus,Bonnemaisoniaceae,Blenniidae,15,6,12,13,4.2
Aidablennius sphynx,Seriola dumerili,Blenniidae,Carangidae,15,11,14,9,4.2
Diplodus sargus,Seriola dumerili,Sparidae,Carangidae,14,12,13,11,4.2
Coscinasterias tenuispina,Pinctada radiata,Asteriidae,Pteriidae,14,11,13,8,4.2
Arbacia lixula,Lissoclinum weigelei,Arbaciidae,Didemnidae,14,7,14,8,4.2
Aplysia depilans,Parablennius pilicornis,Aplysiidae,Blenniidae,14,7,10,13,4.2
Seriola dumerili,Serranus scriba,Carangidae,Serranidae,14,11,12,8,4.2
Aiptasia mutabilis,Caranx crysos,Aiptasiidae,Carangidae,14,11,14,10,4.2
Bonellia viridis,Hamigera hamigera,Bonelliidae,Hymedesmiidae,13,11,13,8,4.2
Pinctada radiata,Synodus saurus,Pteriidae,Synodontidae,13,5,12,5,4.2
Boops boops,Dactylopterus volitans,Sparidae,Dactylopteridae,13,8,12,10,4.2
Pinnoctopus macropus,Yungia aurantiaca,Octopodidae,Pseudocerotidae,12,4,12,5,4.2
Halocynthia papillosa,Periclimenes amethysteus,Pyuridae,Palaemonidae,12,8,12,8,4.2
Facelina rubrovittata,Pachycerianthus solitarius,Facelinidae,Cerianthidae,12,9,12,6,4.2
Acetabularia acetabulum,Gari depressa,Polyphysaceae,Psammobiidae,12,6,12,7,4.2
Caranx crysos,Coscinasterias tenuispina,Carangidae,Asteriidae,12,9,12,7,4.2
Dactylopterus volitans,Sciaena umbra,Dactylopteridae,Sciaenidae,12,8,12,7,4.2
Felimare villafranca,Thylacodes arenarius,Chromodorididae,Vermetidae,11,10,11,9,4.2
Aidablennius sphynx,Periclimenes amethysteus,Blenniidae,Palaemonidae,11,6,11,6,4.2
Clanculus jussieui,Sphaerococcus coronopifolius,Trochidae,Sphaerococcaceae,11,9,9,5,4.2
Lissoclinum weigelei,Serranus scriba,Didemnidae,Serranidae,11,5,10,6,4.2
Apogon imberbis,Gari depressa,Apogonidae,Psammobiidae,11,7,11,7,4.2
Bispira volutacornis,Crambe crambe,Sabellidae,Crambeidae,11,7,11,8,4.2
Epinephelus marginatus,Pomadasys incisus,Epinephelidae,Haemulidae,11,9,10,10,4.2
Felimida binza,Reteporella grimaldii,Chromodorididae,Phidoloporidae,10,10,10,6,4.2
Ophisurus serpens,Semicassis undulata,Ophichthidae,Cassidae,10,9,10,7,4.2
Astropecten platyacanthus,Caloria quatrefagesi,Astropectinidae,Facelinidae,10,5,8,7,4.2
Echinaster sepositus,Parazoanthus brevitentacularis,Echinasteridae,Parazoanthidae,10,8,9,6,4.2
Pachycerianthus solitarius,Polysyncraton lacazei,Cerianthidae,Didemnidae,10,4,10,6,4.2
Bolma rugosa,Steromphala varia,Turbinidae,Trochidae,10,8,9,6,4.2
Eudendrium racemosum,Labrus merula,Eudendriidae,Labridae,10,10,10,6,4.2
Eudendrium racemosum,Protula tubularia,Eudendriidae,Serpulidae,10,9,10,5,4.2
Caranx crysos,Thalassoma pavo,Carangidae,Labridae,10,8,9,7,4.2
Berthellina edwardsii,Cribrinopsis crassa,Pleurobranchidae,Actiniidae,9,6,9,5,4.2
Elysia timida,Maja crispata,Plakobranchidae,Majidae,9,7,9,5,4.2
Callista chione,Steromphala varia,Veneridae,Trochidae,9,7,9,8,4.2
Parazoanthus brevitentacularis,Rudmania krohni,Parazoanthidae,Chromodorididae,9,9,9,5,4.2
Marionia blainvillea,Reteporella grimaldii,Tritoniidae,Phidoloporidae,9,8,9,7,4.2
Serranus scriba,Torpedo torpedo,Serranidae,Torpedinidae,9,6,8,7,4.2
Scartella cristata,Telmatactis forskalii,Blenniidae,Isophelliidae,9,9,8,8,4.2
Hexaplex trunculus,Sycon raphanus,Muricidae,Sycettidae,9,8,9,6,4.2
Bonellia viridis,Pycnoclavella nana,Bonelliidae,Pycnoclavellidae,9,7,8,8,4.2
Goniodoridella picoensis,Pseudodistoma crucigaster,Goniodorididae,Pseudodistomidae,9,4,9,5,4.2
Caloria quatrefagesi,Felimida binza,Facelinidae,Chromodorididae,9,7,9,8,4.2
Perforatus perforatus,Sycon raphanus,Balanidae,Sycettidae,9,8,9,5,4.2
Callionymus pusillus,Seriola dumerili,Callionymidae,Carangidae,9,6,9,6,4.2
Bugula neritina,Tritia mutabilis,Bugulidae,Nassariidae,8,5,8,5,4.2
Eudendrium racemosum,Rudmania krohni,Eudendriidae,Chromodorididae,8,6,7,5,4.2
Pinna rudis,Semicassis undulata,Pinnidae,Cassidae,8,6,8,6,4.2
Acinetospora crinita,Caulerpa cylindracea,Acinetosporaceae,Caulerpaceae,8,6,7,6,4.2
Asparagopsis taxiformis,Parazoanthus brevitentacularis,Bonnemaisoniaceae,Parazoanthidae,8,3,8,6,4.2
Asparagopsis taxiformis,Posidonia oceanica,Bonnemaisoniaceae,Posidoniaceae,42,13,40,18,4.1
Actinia mediterranea,Bothus podas,Actiniidae,Bothidae,34,23,32,21,4.1
Actinia mediterranea,Sphyraena viridensis,Actiniidae,Sphyraenidae,29,18,26,18,4.1
Gobius cruentatus,Pennaria disticha,Gobiidae,Pennariidae,28,19,27,14,4.1
Cliona viridis,Coscinasterias tenuispina,Clionaidae,Asteriidae,28,15,28,16,4.1
Holothuria forskali,Labrus merula,Holothuriidae,Labridae,27,16,27,14,4.1
Chelon auratus,Symphodus mediterraneus,Mugilidae,Labridae,27,11,27,9,4.1
Pagellus erythrinus,Petrosia ficiformis,Sparidae,Petrosiidae,26,8,26,8,4.1
Conger conger,Gobius cruentatus,Congridae,Gobiidae,26,11,20,12,4.1
Chelon auratus,Scorpaena maderensis,Mugilidae,Scorpaenidae,26,17,25,18,4.1
Diaphorodoris papillata,Palinurus elephas,Calycidorididae,Palinuridae,25,16,23,10,4.1
Pentapora fascialis,Phycis phycis,Bitectiporidae,Phycidae,25,11,24,15,4.1
Aiptasia mutabilis,Tylodina perversa,Aiptasiidae,Tylodinidae,25,18,24,8,4.1
Protula tubularia,Reteporella grimaldii,Serpulidae,Phidoloporidae,24,21,20,16,4.1
Actinia mediterranea,Bolma rugosa,Actiniidae,Turbinidae,23,15,23,7,4.1
Dardanus calidus,Pycnoclavella communis,Diogenidae,Pycnoclavellidae,23,13,23,13,4.1
Diaphorodoris papillata,Prostheceraeus roseus,Calycidorididae,Euryleptidae,23,11,18,13,4.1
Echinaster sepositus,Oculina patagonica,Echinasteridae,Oculinidae,23,11,15,15,4.1
Coscinasterias tenuispina,Serranus cabrilla,Asteriidae,Serranidae,23,12,17,13,4.1
Palinurus elephas,Symphodus tinca,Palinuridae,Labridae,22,10,19,15,4.1
Caloria quatrefagesi,Gobius cruentatus,Facelinidae,Gobiidae,22,17,21,13,4.1
Oblada melanurus,Serranus cabrilla,Sparidae,Serranidae,22,15,18,12,4.1
Acetabularia acetabulum,Eunicella singularis,Polyphysaceae,Gorgoniidae,22,19,18,12,4.1
Anthias anthias,Perforatus perforatus,Anthiadidae,Balanidae,22,15,18,14,4.1
Aidablennius sphynx,Padina pavonica,Blenniidae,Dictyotaceae,22,16,21,13,4.1
Gobius cruentatus,Torpedo marmorata,Gobiidae,Torpedinidae,21,12,18,11,4.1
Caloria quatrefagesi,Halocynthia papillosa,Facelinidae,Pyuridae,21,14,19,12,4.1
Aiptasia mutabilis,Microlipophrys nigriceps,Aiptasiidae,Blenniidae,21,11,21,5,4.1
Reteporella grimaldii,Sabella spallanzanii,Phidoloporidae,Sabellidae,21,14,16,11,4.1
Eunicella singularis,Parablennius pilicornis,Gorgoniidae,Blenniidae,21,16,17,18,4.1
Pentapora fascialis,Schizoporella errata,Bitectiporidae,Schizoporellidae,21,15,20,11,4.1
Asparagopsis taxiformis,Protula tubularia,Bonnemaisoniaceae,Serpulidae,21,16,16,12,4.1
Caulerpa cylindracea,Petrosia ficiformis,Caulerpaceae,Petrosiidae,20,9,19,8,4.1
Dardanus calidus,Ophisurus serpens,Diogenidae,Ophichthidae,20,11,20,11,4.1
Hemimycale columella,Tylodina perversa,Hymedesmiidae,Tylodinidae,20,16,18,11,4.1
Bothus podas,Microlipophrys dalmatinus,Bothidae,Blenniidae,20,14,18,11,4.1
Sciaena umbra,Serranus scriba,Sciaenidae,Serranidae,20,15,17,14,4.1
Diplodus sargus,Prostheceraeus roseus,Sparidae,Euryleptidae,20,12,18,13,4.1
Amphiroa rigida,Coscinasterias tenuispina,Lithophyllaceae,Asteriidae,19,12,18,10,4.1
Pagellus acarne,Symphodus mediterraneus,Sparidae,Labridae,19,10,14,8,4.1
Luisella babai,Scorpaena scrofa,Samlidae,Scorpaenidae,18,12,17,11,4.1
Gobius cobitis,Yungia aurantiaca,Gobiidae,Pseudocerotidae,18,10,15,6,4.1
Caulerpa cylindracea,Echinaster sepositus,Caulerpaceae,Echinasteridae,18,11,18,7,4.1
Boops boops,Torpedo marmorata,Sparidae,Torpedinidae,18,15,18,8,4.1
Caulerpa cylindracea,Lipophrys trigloides,Caulerpaceae,Blenniidae,18,9,17,8,4.1
Diplodus sargus,Muraena helena,Sparidae,Muraenidae,18,11,13,14,4.1
Eunicella singularis,Maja crispata,Gorgoniidae,Majidae,17,15,17,15,4.1
Dictyota cyanoloma,Parablennius rouxi,Dictyotaceae,Blenniidae,17,9,16,9,4.1
Coscinasterias tenuispina,Yungia aurantiaca,Asteriidae,Pseudocerotidae,17,13,16,9,4.1
Eriphia verrucosa,Naticarius hebraeus,Eriphiidae,Naticidae,17,9,15,11,4.1
Sphaerococcus coronopifolius,Telmatactis forskalii,Sphaerococcaceae,Isophelliidae,17,9,16,10,4.1
Epinephelus costae,Parablennius gattorugine,Epinephelidae,Blenniidae,17,9,14,7,4.1
Diplodus cervinus,Microlipophrys dalmatinus,Sparidae,Blenniidae,16,13,15,8,4.1
Holothuria forskali,Telmatactis forskalii,Holothuriidae,Isophelliidae,15,11,14,5,4.1
Phorbas tenacior,Prostheceraeus moseleyi,Hymedesmiidae,Euryleptidae,15,14,11,8,4.1
Pelagia noctiluca,Torpedo marmorata,Pelagiidae,Torpedinidae,15,6,11,7,4.1
Percnon gibbesi,Sciaena umbra,Percnidae,Sciaenidae,15,11,15,8,4.1
Mesophyllum expansum,Seriola dumerili,Lithophyllaceae,Carangidae,15,14,15,13,4.1
Microlipophrys nigriceps,Mullus surmuletus,Blenniidae,Mullidae,15,9,11,8,4.1
Oblada melanurus,Pomadasys incisus,Sparidae,Haemulidae,14,9,11,12,4.1
Periclimenes amethysteus,Serpula vermicularis,Palaemonidae,Serpulidae,14,8,14,9,4.1
Actinia mediterranea,Haminoea hydatis,Actiniidae,Haminoeidae,14,6,13,5,4.1
Pomadasys incisus,Stramonita haemastoma,Haemulidae,Muricidae,14,9,12,13,4.1
Asparagopsis taxiformis,Leptogorgia sarmentosa,Bonnemaisoniaceae,Gorgoniidae,13,10,10,6,4.1
Caulerpa cylindracea,Pomatoschistus bathi,Caulerpaceae,Gobiidae,13,8,11,6,4.1
Lissoclinum weigelei,Sphaerococcus coronopifolius,Didemnidae,Sphaerococcaceae,13,4,11,9,4.1
Aiptasia mutabilis,Limaria hians,Aiptasiidae,Limidae,13,9,12,7,4.1
Epinephelus marginatus,Microlipophrys nigriceps,Epinephelidae,Blenniidae,13,6,13,9,4.1
Bolma rugosa,Yungia aurantiaca,Turbinidae,Pseudocerotidae,12,6,10,7,4.1
Apogon imberbis,Felimida binza,Apogonidae,Chromodorididae,12,10,12,10,4.1
Electra posidoniae,Hexaplex trunculus,Electridae,Muricidae,12,11,12,7,4.1
Caranx crysos,Flabellia petiolata,Carangidae,Codiaceae,12,9,11,6,4.1
Goniodoridella picoensis,Inachus phalangium,Goniodorididae,Inachidae,11,9,10,7,4.1
Microlipophrys dalmatinus,Pomadasys incisus,Blenniidae,Haemulidae,11,8,11,5,4.1
Electra posidoniae,Thericium vulgatum,Electridae,Cerithiidae,11,10,11,8,4.1
Conus ventricosus,Luria lurida,Conidae,Cypraeidae,10,7,10,6,4.1
Inachus phalangium,Lissoclinum weigelei,Inachidae,Didemnidae,10,6,7,5,4.1
Diplodus vulgaris,Pomadasys incisus,Sparidae,Haemulidae,10,6,9,6,4.1
Gari depressa,Oblada melanurus,Psammobiidae,Sparidae,10,5,10,6,4.1
Limaria hians,Oculina patagonica,Limidae,Oculinidae,10,9,10,5,4.1
Crambe crambe,Eudendrium racemosum,Crambeidae,Eudendriidae,10,8,10,6,4.1
Aidablennius sphynx,Bugula neritina,Blenniidae,Bugulidae,10,5,10,5,4.1
Actinia mediterranea,Petalifera petalifera,Actiniidae,Aplysiidae,10,4,8,6,4.1
Prostheceraeus roseus,Semicassis undulata,Euryleptidae,Cassidae,10,9,8,8,4.1
Elysia timida,Felimare villafranca,Plakobranchidae,Chromodorididae,9,8,8,7,4.1
Limaria hians,Tylodina perversa,Limidae,Tylodinidae,9,7,9,6,4.1
Parazoanthus brevitentacularis,Serranus cabrilla,Parazoanthidae,Serranidae,9,9,9,6,4.1
Parazoanthus brevitentacularis,Sciaena umbra,Parazoanthidae,Sciaenidae,9,3,9,6,4.1
Goniodoridella picoensis,Microlipophrys nigriceps,Goniodorididae,Blenniidae,9,8,9,5,4.1
Simnia spelta,Yungia aurantiaca,Ovulidae,Pseudocerotidae,9,7,9,5,4.1
Actinia mediterranea,Labrus viridis,Actiniidae,Labridae,9,8,8,7,4.1
Aiptasia mutabilis,Aplus dorbignyi,Aiptasiidae,Pisaniidae,9,6,9,5,4.1
Labrus merula,Sycon raphanus,Labridae,Sycettidae,9,9,9,8,4.1
Jania rubens,Sphyraena viridensis,Lithophyllaceae,Sphyraenidae,9,9,8,8,4.1
Diplodus sargus,Jania rubens,Sparidae,Lithophyllaceae,9,9,9,7,4.1
Thylacodes arenarius,Yungia aurantiaca,Vermetidae,Pseudocerotidae,8,6,8,6,4.1
Lissoclinum weigelei,Luria lurida,Didemnidae,Cypraeidae,8,5,8,6,4.1
Sabella spallanzanii,Sycon raphanus,Sabellidae,Sycettidae,8,8,6,5,4.1
Aplus dorbignyi,Cliona viridis,Pisaniidae,Clionaidae,8,8,7,6,4.1
Schizoporella errata,Torpedo torpedo,Schizoporellidae,Torpedinidae,8,5,8,6,4.1
Actinia mediterranea,Petrosia ficiformis,Actiniidae,Petrosiidae,34,15,32,10,4.0
Actinia mediterranea,Symphodus mediterraneus,Actiniidae,Labridae,33,15,27,13,4.0
Aiptasia mutabilis,Eriphia verrucosa,Aiptasiidae,Eriphiidae,31,18,31,19,4.0
Arbacia lixula,Bothus podas,Arbaciidae,Bothidae,30,23,29,22,4.0
Bonellia viridis,Chelon auratus,Bonelliidae,Mugilidae,29,16,28,13,4.0
Arbacia lixula,Coscinasterias tenuispina,Arbaciidae,Asteriidae,29,24,28,20,4.0
Bonellia viridis,Coscinasterias tenuispina,Bonelliidae,Asteriidae,29,24,27,22,4.0
Actinia mediterranea,Padina pavonica,Actiniidae,Dictyotaceae,29,20,27,13,4.0
Aiptasia mutabilis,Lipophrys trigloides,Aiptasiidae,Blenniidae,29,17,27,9,4.0
Gobius cobitis,Perforatus perforatus,Gobiidae,Balanidae,28,20,28,14,4.0
Halimeda tuna,Pycnoclavella communis,Halimedaceae,Pycnoclavellidae,27,21,24,11,4.0
Pagellus erythrinus,Parablennius rouxi,Sparidae,Blenniidae,26,16,25,8,4.0
Hacelia attenuata,Myriapora truncata,Ophidiasteridae,Myriaporidae,26,17,23,20,4.0
Myriapora truncata,Stramonita haemastoma,Myriaporidae,Muricidae,26,19,25,15,4.0
Parablennius pilicornis,Phorbas tenacior,Blenniidae,Hymedesmiidae,26,24,24,18,4.0
Aidablennius sphynx,Apogon imberbis,Blenniidae,Apogonidae,25,16,22,14,4.0
Cribrinopsis crassa,Sabella spallanzanii,Actiniidae,Sabellidae,24,17,22,14,4.0
Acetabularia acetabulum,Inachus phalangium,Polyphysaceae,Inachidae,24,17,22,14,4.0
Pagellus erythrinus,Sarcotragus fasciculatus,Sparidae,Irciniidae,24,5,23,7,4.0
Inachus phalangium,Parablennius gattorugine,Inachidae,Blenniidae,24,12,22,9,4.0
Inachus phalangium,Parablennius rouxi,Inachidae,Blenniidae,23,17,23,13,4.0
Apogon imberbis,Serranus cabrilla,Apogonidae,Serranidae,23,16,15,14,4.0
Echinaster sepositus,Sabella spallanzanii,Echinasteridae,Sabellidae,23,13,20,9,4.0
Limaria hians,Posidonia oceanica,Limidae,Posidoniaceae,23,17,22,8,4.0
Gobius cobitis,Serranus cabrilla,Gobiidae,Serranidae,23,14,23,13,4.0
Gobius paganellus,Padina pavonica,Gobiidae,Dictyotaceae,23,19,23,17,4.0
Anthias anthias,Gobius cruentatus,Anthiadidae,Gobiidae,23,7,18,17,4.0
Cribrinopsis crassa,Lepadogaster candolii,Actiniidae,Gobiesocidae,22,13,22,8,4.0
Aiptasia mutabilis,Bolma rugosa,Aiptasiidae,Turbinidae,21,14,21,11,4.0
Lepadogaster candolii,Mesophyllum expansum,Gobiesocidae,Lithophyllaceae,21,9,20,7,4.0
Gobius cobitis,Stenopus spinosus,Gobiidae,Stenopodidae,21,12,17,7,4.0
Inachus phalangium,Pycnoclavella communis,Inachidae,Pycnoclavellidae,20,18,20,13,4.0
Apogon imberbis,Caloria quatrefagesi,Apogonidae,Facelinidae,20,15,17,15,4.0
Caloria quatrefagesi,Perforatus perforatus,Facelinidae,Balanidae,20,15,20,14,4.0
Diplodus puntazzo,Pomatoschistus bathi,Sparidae,Gobiidae,20,11,14,7,4.0
Hemimycale columella,Muraena helena,Hymedesmiidae,Muraenidae,19,18,18,10,4.0
Dardanus calidus,Schizoporella errata,Diogenidae,Schizoporellidae,19,10,14,15,4.0
Chelon auratus,Epinephelus marginatus,Mugilidae,Epinephelidae,19,16,19,11,4.0
Leptogorgia sarmentosa,Parablennius zvonimiri,Gorgoniidae,Blenniidae,19,16,18,17,4.0
Balanophyllia europaea,Microlipophrys nigriceps,Dendrophylliidae,Blenniidae,19,8,19,6,4.0
Inachus phalangium,Reteporella grimaldii,Inachidae,Phidoloporidae,18,15,17,9,4.0
Phycis phycis,Torpedo marmorata,Phycidae,Torpedinidae,18,11,17,8,4.0
Bolma rugosa,Sarcotragus fasciculatus,Turbinidae,Irciniidae,18,15,18,10,4.0
Luria lurida,Petrosia ficiformis,Cypraeidae,Petrosiidae,18,8,17,10,4.0
Labrus merula,Pseudodistoma crucigaster,Labridae,Pseudodistomidae,18,15,16,15,4.0
Boops boops,Microlipophrys dalmatinus,Sparidae,Blenniidae,18,13,18,11,4.0
Microlipophrys dalmatinus,Symphodus roissali,Blenniidae,Labridae,18,10,15,12,4.0
Muraena helena,Reteporella grimaldii,Muraenidae,Phidoloporidae,17,15,17,12,4.0
Hemimycale columella,Pomatoschistus bathi,Hymedesmiidae,Gobiidae,17,14,17,8,4.0
Holothuria tubulosa,Nemesignis banyulensis,Holothuriidae,Myrrhinidae,17,8,16,10,4.0
Callista chione,Hexaplex trunculus,Veneridae,Muricidae,17,12,16,11,4.0
Chondrosia reniformis,Luria lurida,Chondrillidae,Cypraeidae,17,9,17,12,4.0
Bolma rugosa,Boops boops,Turbinidae,Sparidae,17,9,16,11,4.0
Amphiroa rigida,Pagellus erythrinus,Lithophyllaceae,Sparidae,17,6,14,13,4.0
Caulerpa cylindracea,Palinurus elephas,Caulerpaceae,Palinuridae,17,9,17,7,4.0
Pinnoctopus macropus,Scorpaena scrofa,Octopodidae,Scorpaenidae,16,9,16,7,4.0
Mesophyllum expansum,Yungia aurantiaca,Lithophyllaceae,Pseudocerotidae,16,15,16,9,4.0
Pseudodistoma crucigaster,Symphodus roissali,Pseudodistomidae,Labridae,16,11,16,14,4.0
Caulerpa cylindracea,Maja crispata,Caulerpaceae,Majidae,16,5,16,8,4.0
Hacelia attenuata,Pseudodistoma crucigaster,Ophidiasteridae,Pseudodistomidae,16,10,12,7,4.0
Pagellus acarne,Sphyraena viridensis,Sparidae,Sphyraenidae,16,10,12,14,4.0
Inachus phalangium,Pagellus acarne,Inachidae,Sparidae,15,9,15,7,4.0
Agelas oroides,Seriola dumerili,Agelasidae,Carangidae,15,10,15,11,4.0
Conger conger,Leptogorgia sarmentosa,Congridae,Gorgoniidae,15,9,15,9,4.0
Caulerpa cylindracea,Diplodus cervinus,Caulerpaceae,Sparidae,15,7,15,5,4.0
Labrus merula,Scartella cristata,Labridae,Blenniidae,15,10,13,12,4.0
Pomatoschistus bathi,Stenopus spinosus,Gobiidae,Stenopodidae,14,9,14,5,4.0
Goniodoridella picoensis,Petrosia ficiformis,Goniodorididae,Petrosiidae,14,10,14,7,4.0
Bolma rugosa,Pachycerianthus solitarius,Turbinidae,Cerianthidae,14,8,14,7,4.0
Inachus phalangium,Pseudodistoma crucigaster,Inachidae,Pseudodistomidae,14,11,14,13,4.0
Goniodoridella picoensis,Myriapora truncata,Goniodorididae,Myriaporidae,14,13,13,6,4.0
Diplodus sargus,Lithophyllum stictiforme,Sparidae,Lithophyllaceae,14,11,12,10,4.0
Prostheceraeus moseleyi,Scorpaena scrofa,Euryleptidae,Scorpaenidae,14,13,12,10,4.0
Epinephelus costae,Lipophrys trigloides,Epinephelidae,Blenniidae,14,8,10,6,4.0
Maja crispata,Seriola dumerili,Majidae,Carangidae,13,12,13,9,4.0
Dictyota cyanoloma,Rudmania krohni,Dictyotaceae,Chromodorididae,13,8,13,8,4.0
Coscinasterias tenuispina,Goniodoridella picoensis,Asteriidae,Goniodorididae,13,11,13,7,4.0
Arbacia lixula,Caranx crysos,Arbaciidae,Carangidae,13,11,12,8,4.0
Lepas pectinata,Posidonia oceanica,Lepadidae,Posidoniaceae,13,12,13,6,4.0
Scartella cristata,Symphodus tinca,Blenniidae,Labridae,13,9,11,9,4.0
Pachycerianthus solitarius,Prostheceraeus moseleyi,Cerianthidae,Euryleptidae,12,7,10,10,4.0
Luria lurida,Pagellus acarne,Cypraeidae,Sparidae,12,7,11,7,4.0
Facelina rubrovittata,Inachus phalangium,Facelinidae,Inachidae,12,7,12,6,4.0
Petrosia ficiformis,Semicassis undulata,Petrosiidae,Cassidae,12,9,12,7,4.0
Mullus surmuletus,Scartella cristata,Mullidae,Blenniidae,12,8,11,9,4.0
Epinephelus costae,Schizoporella errata,Epinephelidae,Schizoporellidae,12,5,11,7,4.0
Centrolabrus melanocercus,Cribrinopsis crassa,Labridae,Actiniidae,11,10,11,10,4.0
Amphiroa rigida,Prostheceraeus moseleyi,Lithophyllaceae,Euryleptidae,11,8,11,6,4.0
Pseudodistoma crucigaster,Yungia aurantiaca,Pseudodistomidae,Pseudocerotidae,11,8,11,5,4.0
Electra posidoniae,Mesophyllum expansum,Electridae,Lithophyllaceae,11,11,11,9,4.0
Naticarius hebraeus,Striarca lactea,Naticidae,Noetiidae,10,10,10,5,4.0
Berghia coerulescens,Cribrinopsis crassa,Aeolidiidae,Actiniidae,10,10,9,8,4.0
Holothuria tubulosa,Pecten jacobaeus,Holothuriidae,Pectinidae,10,8,10,8,4.0
Eunicella singularis,Simnia spelta,Gorgoniidae,Ovulidae,10,6,9,8,4.0
Centrolabrus melanocercus,Padina pavonica,Labridae,Dictyotaceae,10,10,10,8,4.0
Leptogorgia sarmentosa,Seriola dumerili,Gorgoniidae,Carangidae,10,8,8,5,4.0
Parablennius rouxi,Pecten jacobaeus,Blenniidae,Pectinidae,10,8,10,6,4.0
Hamigera hamigera,Symphodus tinca,Hymedesmiidae,Labridae,10,7,10,6,4.0
Calmella cavolini,Jania rubens,Flabellinidae,Lithophyllaceae,10,6,9,5,4.0
Hamigera hamigera,Synodus saurus,Hymedesmiidae,Synodontidae,10,5,9,5,4.0
Gobius paganellus,Platydoris argo,Gobiidae,Discodorididae,10,4,7,6,4.0
Lissoclinum weigelei,Mullus surmuletus,Didemnidae,Mullidae,10,7,10,6,4.0
Centrolabrus melanocercus,Chromis chromis,Labridae,Pomacentridae,10,9,10,10,4.0
Limaria hians,Rudmania krohni,Limidae,Chromodorididae,9,9,9,7,4.0
Conger conger,Myxicola infundibulum,Congridae,Sabellidae,9,7,7,6,4.0
Diaphorodoris papillata,Eudendrium racemosum,Calycidorididae,Eudendriidae,9,9,9,6,4.0
Haminoea hydatis,Inachus phalangium,Haminoeidae,Inachidae,9,7,9,5,4.0
Pseudodistoma crucigaster,Simnia spelta,Pseudodistomidae,Ovulidae,9,6,9,5,4.0
Acinetospora crinita,Maja crispata,Acinetosporaceae,Majidae,9,8,9,6,4.0
Bosellia mimetica,Parablennius gattorugine,Plakobranchidae,Blenniidae,9,8,8,5,4.0
Pennaria disticha,Sparisoma cretense,Pennariidae,Labridae,9,8,9,7,4.0
Chromis chromis,Jania rubens,Pomacentridae,Lithophyllaceae,9,8,9,9,4.0
Aplysina cavernicola,Felimare villafranca,Aplysinidae,Chromodorididae,8,7,7,6,4.0
Neverita josephinia,Steromphala varia,Naticidae,Trochidae,8,7,8,8,4.0
Gnathophyllum elegans,Steromphala varia,Gnathophyllidae,Trochidae,8,5,8,5,4.0
Limaria hians,Microlipophrys dalmatinus,Limidae,Blenniidae,8,6,8,5,4.0
Diplodus cervinus,Torpedo torpedo,Sparidae,Torpedinidae,8,7,8,6,4.0
Aiptasia mutabilis,Diplosoma listerianum,Aiptasiidae,Didemnidae,8,8,8,7,4.0
Aiptasia mutabilis,Chrysymenia ventricosa,Aiptasiidae,Rhodymeniaceae,8,7,8,6,4.0
Pycnoclavella nana,Sphaerococcus coronopifolius,Pycnoclavellidae,Sphaerococcaceae,8,6,6,5,4.0
Callionymus pusillus,Scartella cristata,Callionymidae,Blenniidae,8,6,7,7,4.0
Inachus phalangium,Posidonia oceanica,Inachidae,Posidoniaceae,44,22,36,15,3.9
Bolma rugosa,Posidonia oceanica,Turbinidae,Posidoniaceae,37,24,35,18,3.9
Bonellia viridis,Parablennius pilicornis,Bonelliidae,Blenniidae,30,19,27,22,3.9
Actinia mediterranea,Pycnoclavella communis,Actiniidae,Pycnoclavellidae,30,16,30,7,3.9
Balanophyllia europaea,Eriphia verrucosa,Dendrophylliidae,Eriphiidae,28,14,27,15,3.9
Arbacia lixula,Hemimycale columella,Arbaciidae,Hymedesmiidae,27,22,24,18,3.9
Apogon imberbis,Gobius cobitis,Apogonidae,Gobiidae,27,15,24,13,3.9
Actinia mediterranea,Mullus surmuletus,Actiniidae,Mullidae,27,18,26,17,3.9
Gobius paganellus,Myriapora truncata,Gobiidae,Myriaporidae,27,13,23,12,3.9
Echinaster sepositus,Gobius cruentatus,Echinasteridae,Gobiidae,26,15,22,13,3.9
Apogon imberbis,Cribrinopsis crassa,Apogonidae,Actiniidae,26,14,22,20,3.9
Aiptasia couchii,Scorpaena maderensis,Aiptasiidae,Scorpaenidae,26,16,26,14,3.9
Ircinia oros,Pagellus erythrinus,Irciniidae,Sparidae,26,6,26,10,3.9
Cliona viridis,Dicentrarchus labrax,Clionaidae,Moronidae,25,22,23,10,3.9
Echinaster sepositus,Parablennius pilicornis,Echinasteridae,Blenniidae,25,17,21,20,3.9
Conger conger,Petrosia ficiformis,Congridae,Petrosiidae,24,14,20,13,3.9
Cribrinopsis crassa,Pycnoclavella communis,Actiniidae,Pycnoclavellidae,24,17,22,16,3.9
Apogon imberbis,Hemimycale columella,Apogonidae,Hymedesmiidae,24,17,23,11,3.9
Hexaplex trunculus,Palinurus elephas,Muricidae,Palinuridae,24,15,21,12,3.9
Agelas oroides,Stramonita haemastoma,Agelasidae,Muricidae,23,14,22,14,3.9
Hexaplex trunculus,Sphyraena viridensis,Muricidae,Sphyraenidae,23,16,21,18,3.9
Boops boops,Pycnoclavella communis,Sparidae,Pycnoclavellidae,23,10,22,10,3.9
Eriphia verrucosa,Padina pavonica,Eriphiidae,Dictyotaceae,23,18,22,15,3.9
Lipophrys trigloides,Pennaria disticha,Blenniidae,Pennariidae,23,16,22,13,3.9
Chondrosia reniformis,Dicentrarchus labrax,Chondrillidae,Moronidae,23,15,23,6,3.9
Holothuria forskali,Symphodus tinca,Holothuriidae,Labridae,22,15,21,11,3.9
Palinurus elephas,Pycnoclavella communis,Palinuridae,Pycnoclavellidae,22,15,19,10,3.9
Echinaster sepositus,Symphodus roissali,Echinasteridae,Labridae,22,14,21,15,3.9
Boops boops,Branchiomma luctuosum,Sparidae,Sabellidae,22,10,18,19,3.9
Gobius paganellus,Sciaena umbra,Gobiidae,Sciaenidae,22,13,19,11,3.9
Lepadogaster candolii,Scorpaena maderensis,Gobiesocidae,Scorpaenidae,21,13,20,11,3.9
Pelagia noctiluca,Protula tubularia,Pelagiidae,Serpulidae,21,14,21,17,3.9
Hacelia attenuata,Rudmania krohni,Ophidiasteridae,Chromodorididae,20,14,18,8,3.9
Palinurus elephas,Sphyraena viridensis,Palinuridae,Sphyraenidae,20,15,19,11,3.9
Codium bursa,Schizoporella errata,Codiaceae,Schizoporellidae,20,17,19,16,3.9
Echinaster sepositus,Mullus surmuletus,Echinasteridae,Mullidae,20,15,16,17,3.9
Pagellus erythrinus,Sciaena umbra,Sparidae,Sciaenidae,20,11,20,7,3.9
Asparagopsis taxiformis,Sphaerococcus coronopifolius,Bonnemaisoniaceae,Sphaerococcaceae,20,7,19,12,3.9
Parablennius rouxi,Pomatoschistus bathi,Blenniidae,Gobiidae,19,12,15,9,3.9
Conger conger,Maja crispata,Congridae,Majidae,19,16,19,9,3.9
Caulerpa cylindracea,Gobius cobitis,Caulerpaceae,Gobiidae,19,11,18,10,3.9
Dardanus calidus,Thalassoma pavo,Diogenidae,Labridae,19,14,17,13,3.9
Dardanus calidus,Stenopus spinosus,Diogenidae,Stenopodidae,18,15,18,15,3.9
Pagellus acarne,Sarcotragus fasciculatus,Sparidae,Irciniidae,18,11,17,9,3.9
Asparagopsis taxiformis,Oblada melanurus,Bonnemaisoniaceae,Sparidae,18,11,15,14,3.9
Asparagopsis taxiformis,Lipophrys trigloides,Bonnemaisoniaceae,Blenniidae,18,12,15,10,3.9
Bothus podas,Pagellus acarne,Bothidae,Sparidae,18,14,16,12,3.9
Schizoporella errata,Serranus scriba,Schizoporellidae,Serranidae,18,15,15,10,3.9
Rudmania krohni,Tylodina perversa,Chromodorididae,Tylodinidae,17,12,16,9,3.9
Bonellia viridis,Prostheceraeus moseleyi,Bonelliidae,Euryleptidae,17,15,13,11,3.9
Muraena helena,Sphyraena viridensis,Muraenidae,Sphyraenidae,17,16,16,13,3.9
Caulerpa cylindracea,Thericium vulgatum,Caulerpaceae,Cerithiidae,17,9,15,11,3.9
Microlipophrys dalmatinus,Oculina patagonica,Blenniidae,Oculinidae,17,14,17,13,3.9
Bothus podas,Percnon gibbesi,Bothidae,Percnidae,17,14,17,13,3.9
Halocynthia papillosa,Nemesignis banyulensis,Pyuridae,Myrrhinidae,16,9,15,6,3.9
Leptogorgia sarmentosa,Stramonita haemastoma,Gorgoniidae,Muricidae,16,11,13,12,3.9
Petrosia ficiformis,Telmatactis forskalii,Petrosiidae,Isophelliidae,16,5,14,8,3.9
Pinna rudis,Stramonita haemastoma,Pinnidae,Muricidae,16,13,15,10,3.9
Bonellia viridis,Simnia spelta,Bonelliidae,Ovulidae,15,8,15,5,3.9
Gnathophyllum elegans,Gobius cobitis,Gnathophyllidae,Gobiidae,15,8,13,5,3.9
Pomatoschistus bathi,Sciaena umbra,Gobiidae,Sciaenidae,15,9,12,5,3.9
Holothuria tubulosa,Pomadasys incisus,Holothuriidae,Haemulidae,15,5,13,8,3.9
Mullus surmuletus,Pagellus acarne,Mullidae,Sparidae,15,15,14,11,3.9
Pachycerianthus solitarius,Torpedo marmorata,Cerianthidae,Torpedinidae,14,10,12,5,3.9
Prostheceraeus moseleyi,Sabella spallanzanii,Euryleptidae,Sabellidae,14,12,13,10,3.9
Ircinia oros,Paradoris indecora,Irciniidae,Discodorididae,14,7,13,6,3.9
Seriola dumerili,Stramonita haemastoma,Carangidae,Muricidae,14,12,12,9,3.9
Mullus surmuletus,Pseudodistoma crucigaster,Mullidae,Pseudodistomidae,14,9,13,10,3.9
Inachus phalangium,Naticarius hebraeus,Inachidae,Naticidae,13,9,13,7,3.9
Ophidiaster ophidianus,Scorpaena maderensis,Ophidiasteridae,Scorpaenidae,13,13,13,12,3.9
Prostheceraeus moseleyi,Serranus cabrilla,Euryleptidae,Serranidae,13,12,12,7,3.9
Gobius paganellus,Pinctada radiata,Gobiidae,Pteriidae,13,9,13,6,3.9
Anthias anthias,Prostheceraeus moseleyi,Anthiadidae,Euryleptidae,12,8,10,9,3.9
Diaphorodoris papillata,Polysyncraton lacazei,Calycidorididae,Didemnidae,12,9,12,7,3.9
Tritia mutabilis,Yungia aurantiaca,Nassariidae,Pseudocerotidae,12,3,10,6,3.9
Anthias anthias,Nemesignis banyulensis,Anthiadidae,Myrrhinidae,12,10,12,8,3.9
Acinetospora crinita,Aiptasia mutabilis,Acinetosporaceae,Aiptasiidae,12,12,11,12,3.9
Branchiomma luctuosum,Pinctada radiata,Sabellidae,Pteriidae,12,4,12,6,3.9
Goniodoridella picoensis,Sabella spallanzanii,Goniodorididae,Sabellidae,12,11,12,9,3.9
Electra posidoniae,Parablennius zvonimiri,Electridae,Blenniidae,12,10,12,8,3.9
Luria lurida,Percnon gibbesi,Cypraeidae,Percnidae,11,9,10,7,3.9
Diaphorodoris alba,Rugulopteryx okamurae,Calycidorididae,Dictyotaceae,11,5,11,5,3.9
Luisella babai,Rugulopteryx okamurae,Samlidae,Dictyotaceae,11,7,11,6,3.9
Epinephelus marginatus,Nemesignis banyulensis,Epinephelidae,Myrrhinidae,11,9,10,8,3.9
Crambe crambe,Gari depressa,Crambeidae,Psammobiidae,11,5,10,5,3.9
Cribrinopsis crassa,Electra posidoniae,Actiniidae,Electridae,11,5,9,6,3.9
Luria lurida,Microlipophrys nigriceps,Cypraeidae,Blenniidae,11,8,11,5,3.9
Gobius cobitis,Limaria hians,Gobiidae,Limidae,11,8,11,5,3.9
Asparagopsis taxiformis,Seriola dumerili,Bonnemaisoniaceae,Carangidae,11,9,10,9,3.9
Parablennius rouxi,Parazoanthus brevitentacularis,Blenniidae,Parazoanthidae,11,7,11,8,3.9
Crambe crambe,Parazoanthus brevitentacularis,Crambeidae,Parazoanthidae,11,9,10,8,3.9
Chondrosia reniformis,Electra posidoniae,Chondrillidae,Electridae,11,8,9,9,3.9
Ellisolandia elongata,Seriola dumerili,Lithophyllaceae,Carangidae,11,8,11,8,3.9
Diaphorodoris papillata,Elysia timida,Calycidorididae,Plakobranchidae,10,9,10,7,3.9
Gobius cruentatus,Pecten jacobaeus,Gobiidae,Pectinidae,10,7,10,6,3.9
Leptogorgia sarmentosa,Prostheceraeus moseleyi,Gorgoniidae,Euryleptidae,10,8,10,7,3.9
Hemimycale columella,Periclimenes amethysteus,Hymedesmiidae,Palaemonidae,10,6,10,5,3.9
Periclimenes amethysteus,Scorpaena scrofa,Palaemonidae,Scorpaenidae,10,7,10,5,3.9
Chelon auratus,Gari depressa,Mugilidae,Psammobiidae,10,6,10,6,3.9
Clanculus jussieui,Perforatus perforatus,Trochidae,Balanidae,10,7,10,5,3.9
Eriphia verrucosa,Polititapes aureus,Eriphiidae,Veneridae,10,6,10,6,3.9
Diplodus cervinus,Hermodice carunculata,Sparidae,Amphinomidae,10,8,9,7,3.9
Aiptasia couchii,Phoronis hippocrepia,Aiptasiidae,Phoronidae,10,3,10,8,3.9
Arbacia lixula,Eudendrium racemosum,Arbaciidae,Eudendriidae,10,9,10,6,3.9
Hamigera hamigera,Parablennius sanguinolentus,Hymedesmiidae,Blenniidae,10,6,9,6,3.9
Bothus podas,Jania rubens,Bothidae,Lithophyllaceae,10,9,10,6,3.9
Dardanus calidus,Marionia blainvillea,Diogenidae,Tritoniidae,9,5,9,5,3.9
Calmella cavolini,Pagurus cuanensis,Flabellinidae,Paguridae,9,4,9,5,3.9
Acinetospora crinita,Serranus cabrilla,Acinetosporaceae,Serranidae,9,8,8,5,3.9
Pennaria disticha,Phoronis hippocrepia,Pennariidae,Phoronidae,9,6,9,6,3.9
Gari depressa,Symphodus tinca,Psammobiidae,Labridae,9,8,9,7,3.9
Phoronis hippocrepia,Stramonita haemastoma,Phoronidae,Muricidae,9,6,8,7,3.9
Candiella striata,Holothuria forskali,Tritoniidae,Holothuriidae,8,8,8,6,3.9
Conger conger,Pecten jacobaeus,Congridae,Pectinidae,8,5,8,5,3.9
Semicassis undulata,Tricleocarpa fragilis,Cassidae,Galaxauraceae,8,7,8,8,3.9
Aplysia depilans,Percnon gibbesi,Aplysiidae,Percnidae,8,6,8,6,3.9
Microlipophrys dalmatinus,Periclimenes amethysteus,Blenniidae,Palaemonidae,8,4,7,5,3.9
Scorpaena maderensis,Sycon raphanus,Scorpaenidae,Sycettidae,8,6,8,6,3.9
Actinia mediterranea,Protula tubularia,Actiniidae,Serpulidae,33,21,27,13,3.8
Pagellus erythrinus,Serpula vermicularis,Sparidae,Serpulidae,28,10,28,14,3.8
Diplodus puntazzo,Holothuria forskali,Sparidae,Holothuriidae,26,19,25,17,3.8
Bothus podas,Hexaplex trunculus,Bothidae,Muricidae,26,16,25,21,3.8
Cribrinopsis crassa,Sphaerococcus coronopifolius,Actiniidae,Sphaerococcaceae,26,20,23,17,3.8
Crambe crambe,Scorpaena scrofa,Crambeidae,Scorpaenidae,25,16,25,12,3.8
Parablennius rouxi,Symphodus roissali,Blenniidae,Labridae,25,18,23,15,3.8
Coscinasterias tenuispina,Flabellia petiolata,Asteriidae,Codiaceae,25,18,23,17,3.8
Gobius cobitis,Mesophyllum expansum,Gobiidae,Lithophyllaceae,25,16,23,9,3.8
Cribrinopsis crassa,Flabellia petiolata,Actiniidae,Codiaceae,25,18,23,15,3.8
Mesophyllum expansum,Parablennius pilicornis,Lithophyllaceae,Blenniidae,25,16,23,16,3.8
Acetabularia acetabulum,Pagellus erythrinus,Polyphysaceae,Sparidae,25,10,23,11,3.8
Conger conger,Parablennius zvonimiri,Congridae,Blenniidae,24,12,21,9,3.8
Holothuria tubulosa,Pagellus erythrinus,Holothuriidae,Sparidae,24,7,22,12,3.8
Codium bursa,Pennaria disticha,Codiaceae,Pennariidae,23,14,21,11,3.8
Bothus podas,Oculina patagonica,Bothidae,Oculinidae,23,15,22,17,3.8
Chondrosia reniformis,Lipophrys trigloides,Chondrillidae,Blenniidae,23,12,23,9,3.8
Dasyatis pastinaca,Posidonia oceanica,Dasyatidae,Posidoniaceae,23,8,23,9,3.8
Hacelia attenuata,Holothuria forskali,Ophidiasteridae,Holothuriidae,22,18,22,14,3.8
Labrus merula,Prostheceraeus roseus,Labridae,Euryleptidae,22,17,21,17,3.8
Echinaster sepositus,Pycnoclavella communis,Echinasteridae,Pycnoclavellidae,22,15,17,6,3.8
Codium bursa,Pagellus erythrinus,Codiaceae,Sparidae,22,7,20,10,3.8
Petrosia ficiformis,Tylodina perversa,Petrosiidae,Tylodinidae,21,13,19,8,3.8
Dardanus calidus,Pennaria disticha,Diogenidae,Pennariidae,21,11,21,12,3.8
Aiptasia couchii,Inachus phalangium,Aiptasiidae,Inachidae,21,10,18,12,3.8
Lepadogaster candolii,Sarcotragus fasciculatus,Gobiesocidae,Irciniidae,21,10,20,9,3.8
Diplodus cervinus,Gobius cobitis,Sparidae,Gobiidae,21,12,15,12,3.8
Phycis phycis,Rudmania krohni,Phycidae,Chromodorididae,20,15,20,9,3.8
Conger conger,Palinurus elephas,Congridae,Palinuridae,20,14,20,9,3.8
Hexaplex trunculus,Pelagia noctiluca,Muricidae,Pelagiidae,20,14,19,14,3.8
Caloria quatrefagesi,Myriapora truncata,Facelinidae,Myriaporidae,20,12,20,11,3.8
Boops boops,Prostheceraeus roseus,Sparidae,Euryleptidae,20,16,19,10,3.8
Chromis chromis,Palinurus elephas,Pomacentridae,Palinuridae,20,13,19,14,3.8
Eunicella singularis,Parablennius zvonimiri,Gorgoniidae,Blenniidae,20,13,18,17,3.8
Gobius cruentatus,Microlipophrys dalmatinus,Gobiidae,Blenniidae,20,11,15,8,3.8
Percnon gibbesi,Serpula vermicularis,Percnidae,Serpulidae,20,11,20,9,3.8
Pagellus acarne,Parablennius zvonimiri,Sparidae,Blenniidae,19,13,16,9,3.8
Gobius cruentatus,Pagellus acarne,Gobiidae,Sparidae,19,10,15,9,3.8
Bolma rugosa,Protula tubularia,Turbinidae,Serpulidae,18,14,18,12,3.8
Anthias anthias,Palinurus elephas,Anthiadidae,Palinuridae,18,13,16,9,3.8
Maja crispata,Sciaena umbra,Majidae,Sciaenidae,18,13,16,11,3.8
Seriola dumerili,Serpula vermicularis,Carangidae,Serpulidae,18,14,16,13,3.8
Pachycerianthus solitarius,Sabella spallanzanii,Cerianthidae,Sabellidae,18,14,13,12,3.8
Asparagopsis taxiformis,Pentapora fascialis,Bonnemaisoniaceae,Bitectiporidae,18,6,15,10,3.8
Actinia mediterranea,Seriola dumerili,Actiniidae,Carangidae,18,12,16,13,3.8
Asparagopsis taxiformis,Hacelia attenuata,Bonnemaisoniaceae,Ophidiasteridae,17,8,15,6,3.8
Epinephelus marginatus,Holothuria forskali,Epinephelidae,Holothuriidae,17,13,17,10,3.8
Amphiroa rigida,Holothuria forskali,Lithophyllaceae,Holothuriidae,17,12,16,8,3.8
Hexaplex trunculus,Pinna rudis,Muricidae,Pinnidae,17,10,16,10,3.8
Hexaplex trunculus,Pseudodistoma crucigaster,Muricidae,Pseudodistomidae,17,11,17,11,3.8
Luria lurida,Scorpaena maderensis,Cypraeidae,Scorpaenidae,16,11,15,12,3.8
Caulerpa cylindracea,Pagellus erythrinus,Caulerpaceae,Sparidae,16,13,15,7,3.8
Nemesignis banyulensis,Protula tubularia,Myrrhinidae,Serpulidae,16,8,15,10,3.8
Actinia mediterranea,Pinctada radiata,Actiniidae,Pteriidae,16,11,16,9,3.8
Muraena helena,Thalassoma pavo,Muraenidae,Labridae,16,10,11,15,3.8
Gobius incognitus,Pagellus acarne,Gobiidae,Sparidae,16,13,14,11,3.8
Boops boops,Pomatoschistus bathi,Sparidae,Gobiidae,16,10,14,7,3.8
Diaphorodoris papillata,Rugulopteryx okamurae,Calycidorididae,Dictyotaceae,15,10,15,8,3.8
Microlipophrys nigriceps,Synodus saurus,Blenniidae,Synodontidae,15,9,9,7,3.8
Epinephelus marginatus,Reteporella grimaldii,Epinephelidae,Phidoloporidae,15,13,14,9,3.8
Pinna rudis,Synodus saurus,Pinnidae,Synodontidae,15,14,15,10,3.8
Aplysia depilans,Serpula vermicularis,Aplysiidae,Serpulidae,15,9,13,10,3.8
Hexaplex trunculus,Seriola dumerili,Muricidae,Carangidae,15,13,13,13,3.8
Schizoporella errata,Xyrichtys novacula,Schizoporellidae,Labridae,15,9,12,9,3.8
Percnon gibbesi,Thericium vulgatum,Percnidae,Cerithiidae,15,11,15,8,3.8
Gobius incognitus,Pseudodistoma crucigaster,Gobiidae,Pseudodistomidae,15,8,14,7,3.8
Diplodus puntazzo,Scartella cristata,Sparidae,Blenniidae,15,12,14,12,3.8
Hemimycale columella,Nemesignis banyulensis,Hymedesmiidae,Myrrhinidae,14,10,12,10,3.8
Naticarius hebraeus,Pagellus erythrinus,Naticidae,Sparidae,14,13,12,9,3.8
Pycnoclavella communis,Rugulopteryx okamurae,Pycnoclavellidae,Dictyotaceae,14,10,13,8,3.8
Eriphia verrucosa,Pomadasys incisus,Eriphiidae,Haemulidae,14,8,14,5,3.8
Chelon auratus,Epinephelus costae,Mugilidae,Epinephelidae,14,6,14,6,3.8
Microlipophrys nigriceps,Stenopus spinosus,Blenniidae,Stenopodidae,13,10,13,8,3.8
Asparagopsis taxiformis,Pagellus acarne,Bonnemaisoniaceae,Sparidae,13,7,12,8,3.8
Gnathophyllum elegans,Maja crispata,Gnathophyllidae,Majidae,12,6,11,5,3.8
Crambe crambe,Felimida binza,Crambeidae,Chromodorididae,12,12,12,12,3.8
Gobius cruentatus,Semicassis undulata,Gobiidae,Cassidae,12,10,11,9,3.8
Aplysia depilans,Coscinasterias tenuispina,Aplysiidae,Asteriidae,12,8,11,5,3.8
Diplodus sargus,Pomadasys incisus,Sparidae,Haemulidae,12,8,11,12,3.8
Pomadasys incisus,Sphyraena viridensis,Haemulidae,Sphyraenidae,12,11,12,9,3.8
Eunicella singularis,Yungia aurantiaca,Gorgoniidae,Pseudocerotidae,12,8,9,8,3.8
Dicentrarchus labrax,Pinctada radiata,Moronidae,Pteriidae,12,8,12,6,3.8
Lissoclinum weigelei,Protula tubularia,Didemnidae,Serpulidae,12,6,10,8,3.8
Asparagopsis taxiformis,Pseudodistoma crucigaster,Bonnemaisoniaceae,Pseudodistomidae,12,6,11,6,3.8
Caranx crysos,Diplodus puntazzo,Carangidae,Sparidae,12,11,11,8,3.8
Anthias anthias,Facelina rubrovittata,Anthiadidae,Facelinidae,11,9,11,6,3.8
Naticarius hebraeus,Torpedo marmorata,Naticidae,Torpedinidae,11,6,9,7,3.8
Epinephelus costae,Muraena helena,Epinephelidae,Muraenidae,11,11,11,11,3.8
Anthias anthias,Epinephelus costae,Anthiadidae,Epinephelidae,11,10,10,6,3.8
Ariosoma balearicum,Callionymus pusillus,Congridae,Callionymidae,11,10,11,6,3.8
Calmella cavolini,Lissoclinum weigelei,Flabellinidae,Didemnidae,11,8,11,5,3.8
Halocynthia papillosa,Hamigera hamigera,Pyuridae,Hymedesmiidae,11,9,11,9,3.8
Arbacia lixula,Gari depressa,Arbaciidae,Psammobiidae,11,5,9,7,3.8
Bonellia viridis,Marionia blainvillea,Bonelliidae,Tritoniidae,11,7,9,7,3.8
Felimida binza,Pagellus erythrinus,Chromodorididae,Sparidae,10,8,9,7,3.8
Conger conger,Thylacodes arenarius,Congridae,Vermetidae,10,9,10,5,3.8
Bolma rugosa,Neverita josephinia,Turbinidae,Naticidae,10,10,10,9,3.8
Balanophyllia europaea,Sparisoma cretense,Dendrophylliidae,Labridae,10,9,9,8,3.8
Amphiroa rigida,Callionymus pusillus,Lithophyllaceae,Callionymidae,10,7,10,6,3.8
Aiptasia couchii,Berghia coerulescens,Aiptasiidae,Aeolidiidae,10,7,9,9,3.8
Apogon imberbis,Parazoanthus brevitentacularis,Apogonidae,Parazoanthidae,10,6,10,7,3.8
Chromis chromis,Lissoclinum weigelei,Pomacentridae,Didemnidae,10,8,10,5,3.8
Pagellus acarne,Simnia spelta,Sparidae,Ovulidae,9,3,8,5,3.8
Bispira volutacornis,Cribrinopsis crassa,Sabellidae,Actiniidae,9,7,9,7,3.8
Berghia coerulescens,Hemimycale columella,Aeolidiidae,Hymedesmiidae,9,8,9,6,3.8
Inachus phalangium,Semicassis undulata,Inachidae,Cassidae,9,9,8,6,3.8
Marionia blainvillea,Scorpaena scrofa,Tritoniidae,Scorpaenidae,9,9,9,5,3.8
Aidablennius sphynx,Berghia coerulescens,Blenniidae,Aeolidiidae,9,6,9,5,3.8
Pagellus acarne,Pinctada radiata,Sparidae,Pteriidae,9,8,9,6,3.8
Mesophyllum expansum,Phoronis hippocrepia,Lithophyllaceae,Phoronidae,9,5,9,5,3.8
Gobius paganellus,Pagurus cuanensis,Gobiidae,Paguridae,9,8,9,8,3.8
Hamigera hamigera,Sphyraena viridensis,Hymedesmiidae,Sphyraenidae,9,6,9,6,3.8
Oculina patagonica,Polititapes aureus,Oculinidae,Veneridae,9,8,8,7,3.8
Dactylopterus volitans,Epinephelus marginatus,Dactylopteridae,Epinephelidae,9,6,9,7,3.8
Platydoris argo,Rudmania krohni,Discodorididae,Chromodorididae,8,6,6,6,3.8
Maja crispata,Platydoris argo,Majidae,Discodorididae,8,7,7,8,3.8
Lepadogaster candolii,Platydoris argo,Gobiesocidae,Discodorididae,8,7,8,5,3.8
Diplodus cervinus,Parazoanthus brevitentacularis,Sparidae,Parazoanthidae,8,5,8,5,3.8
Caloria quatrefagesi,Centrolabrus melanocercus,Facelinidae,Labridae,8,8,8,6,3.8
Hemimycale columella,Posidonia oceanica,Hymedesmiidae,Posidoniaceae,48,27,45,21,3.7
Gobius cobitis,Ircinia oros,Gobiidae,Irciniidae,28,15,27,13,3.7
Parablennius pilicornis,Sphaerococcus coronopifolius,Blenniidae,Sphaerococcaceae,27,15,26,18,3.7
Arbacia lixula,Lipophrys trigloides,Arbaciidae,Blenniidae,26,21,26,12,3.7
Coscinasterias tenuispina,Crambe crambe,Asteriidae,Crambeidae,26,20,23,20,3.7
Diplodus puntazzo,Hemimycale columella,Sparidae,Hymedesmiidae,25,19,23,16,3.7
Bothus podas,Eriphia verrucosa,Bothidae,Eriphiidae,25,20,22,17,3.7
Bothus podas,Codium bursa,Bothidae,Codiaceae,24,12,22,13,3.7
Palinurus elephas,Parablennius zvonimiri,Palinuridae,Blenniidae,24,13,23,12,3.7
Aidablennius sphynx,Protula tubularia,Blenniidae,Serpulidae,24,19,23,11,3.7
Aidablennius sphynx,Flabellia petiolata,Blenniidae,Codiaceae,23,17,21,10,3.7
Pennaria disticha,Sarcotragus fasciculatus,Pennariidae,Irciniidae,23,12,20,11,3.7
Serpula vermicularis,Stenopus spinosus,Serpulidae,Stenopodidae,23,13,22,12,3.7
Coscinasterias tenuispina,Oblada melanurus,Asteriidae,Sparidae,23,20,23,16,3.7
Dicentrarchus labrax,Flabellia petiolata,Moronidae,Codiaceae,23,19,23,10,3.7
Calmella cavolini,Echinaster sepositus,Flabellinidae,Echinasteridae,22,11,21,7,3.7
Diplodus puntazzo,Inachus phalangium,Sparidae,Inachidae,22,15,21,16,3.7
Aidablennius sphynx,Chondrosia reniformis,Blenniidae,Chondrillidae,22,15,21,8,3.7
Coscinasterias tenuispina,Diplodus sargus,Asteriidae,Sparidae,21,15,20,18,3.7
Inachus phalangium,Labrus merula,Inachidae,Labridae,21,13,18,11,3.7
Conger conger,Pycnoclavella communis,Congridae,Pycnoclavellidae,20,16,18,11,3.7
Bonellia viridis,Luisella babai,Bonelliidae,Samlidae,20,10,19,7,3.7
Hexaplex trunculus,Tylodina perversa,Muricidae,Tylodinidae,20,13,20,6,3.7
Pelagia noctiluca,Petrosia ficiformis,Pelagiidae,Petrosiidae,20,14,20,14,3.7
Eriphia verrucosa,Thalassoma pavo,Eriphiidae,Labridae,20,14,20,12,3.7
Asparagopsis taxiformis,Parablennius gattorugine,Bonnemaisoniaceae,Blenniidae,20,5,16,17,3.7
Hemimycale columella,Padina pavonica,Hymedesmiidae,Dictyotaceae,20,17,20,14,3.7
Chondrosia reniformis,Tylodina perversa,Chondrillidae,Tylodinidae,19,10,16,12,3.7
Inachus phalangium,Lipophrys trigloides,Inachidae,Blenniidae,19,11,19,8,3.7
Pagellus erythrinus,Serranus cabrilla,Sparidae,Serranidae,19,13,18,5,3.7
Eriphia verrucosa,Pelagia noctiluca,Eriphiidae,Pelagiidae,19,17,19,13,3.7
Lepadogaster candolii,Symphodus roissali,Gobiesocidae,Labridae,19,10,16,8,3.7
Bolma rugosa,Parablennius rouxi,Turbinidae,Blenniidae,18,15,18,11,3.7
Diaphorodoris papillata,Eunicella singularis,Calycidorididae,Gorgoniidae,18,11,15,10,3.7
Pelagia noctiluca,Pentapora fascialis,Pelagiidae,Bitectiporidae,18,17,16,11,3.7
Bolma rugosa,Crambe crambe,Turbinidae,Crambeidae,18,13,16,13,3.7
Inachus phalangium,Symphodus tinca,Inachidae,Labridae,18,15,18,10,3.7
Aiptasia mutabilis,Nemesignis banyulensis,Aiptasiidae,Myrrhinidae,17,12,16,13,3.7
Mesophyllum expansum,Microlipophrys dalmatinus,Lithophyllaceae,Blenniidae,17,10,17,6,3.7
Caulerpa cylindracea,Codium bursa,Caulerpaceae,Codiaceae,17,6,14,11,3.7
Crambe crambe,Percnon gibbesi,Crambeidae,Percnidae,17,13,17,10,3.7
Anthias anthias,Rudmania krohni,Anthiadidae,Chromodorididae,16,11,16,7,3.7
Diaphorodoris papillata,Luria lurida,Calycidorididae,Cypraeidae,16,14,15,11,3.7
Anthias anthias,Thalassoma pavo,Anthiadidae,Labridae,16,8,13,12,3.7
Chelon auratus,Pinna rudis,Mugilidae,Pinnidae,16,11,15,11,3.7
Ircinia oros,Telmatactis forskalii,Irciniidae,Isophelliidae,16,10,16,9,3.7
Pelagia noctiluca,Sciaena umbra,Pelagiidae,Sciaenidae,16,11,15,12,3.7
Eunicella gazella,Muraena helena,Gorgoniidae,Muraenidae,15,8,15,5,3.7
Hemimycale columella,Microlipophrys nigriceps,Hymedesmiidae,Blenniidae,15,12,14,7,3.7
Pachycerianthus solitarius,Trinchesia morrowae,Cerianthidae,Trinchesiidae,15,5,14,5,3.7
Callista chione,Coscinasterias tenuispina,Veneridae,Asteriidae,15,9,14,6,3.7
Caloria quatrefagesi,Thalassoma pavo,Facelinidae,Labridae,15,13,13,12,3.7
Cliona viridis,Prostheceraeus moseleyi,Clionaidae,Euryleptidae,15,14,14,6,3.7
Diplodus vulgaris,Palinurus elephas,Sparidae,Palinuridae,15,14,15,5,3.7
Epinephelus marginatus,Serranus cabrilla,Epinephelidae,Serranidae,15,10,11,7,3.7
Microlipophrys dalmatinus,Mullus surmuletus,Blenniidae,Mullidae,15,8,12,7,3.7
Oblada melanurus,Pseudodistoma crucigaster,Sparidae,Pseudodistomidae,15,13,14,12,3.7
Cliona viridis,Seriola dumerili,Clionaidae,Carangidae,15,11,15,9,3.7
Amphiroa rigida,Sphyraena viridensis,Lithophyllaceae,Sphyraenidae,15,12,15,12,3.7
Pagellus acarne,Serranus scriba,Sparidae,Serranidae,15,13,12,11,3.7
Astrospartus mediterraneus,Cribrinopsis crassa,Gorgonocephalidae,Actiniidae,14,11,14,12,3.7
Caloria quatrefagesi,Pachycerianthus solitarius,Facelinidae,Cerianthidae,14,9,14,10,3.7
Crambe crambe,Ophidiaster ophidianus,Crambeidae,Ophidiasteridae,14,13,13,10,3.7
Apogon imberbis,Epinephelus costae,Apogonidae,Epinephelidae,14,10,14,8,3.7
Chelon auratus,Dictyota cyanoloma,Mugilidae,Dictyotaceae,14,6,14,8,3.7
Aiptasia couchii,Pomadasys incisus,Aiptasiidae,Haemulidae,14,5,14,7,3.7
Gobius paganellus,Seriola dumerili,Gobiidae,Carangidae,14,9,13,6,3.7
Caloria quatrefagesi,Pelagia noctiluca,Facelinidae,Pelagiidae,14,8,14,5,3.7
Dardanus calidus,Nemesignis banyulensis,Diogenidae,Myrrhinidae,13,7,13,10,3.7
Electra posidoniae,Ircinia oros,Electridae,Irciniidae,12,10,12,12,3.7
Microlipophrys nigriceps,Xyrichtys novacula,Blenniidae,Labridae,12,9,11,6,3.7
Aiptasia mutabilis,Periclimenes amethysteus,Aiptasiidae,Palaemonidae,12,10,12,11,3.7
Amphiroa rigida,Pomatoschistus bathi,Lithophyllaceae,Gobiidae,12,8,11,6,3.7
Gobius incognitus,Scartella cristata,Gobiidae,Blenniidae,12,9,11,8,3.7
Bolma rugosa,Pinnoctopus macropus,Turbinidae,Octopodidae,11,5,11,7,3.7
Chamelea gallina,Pachycerianthus solitarius,Veneridae,Cerianthidae,11,10,11,6,3.7
Pachycerianthus solitarius,Rugulopteryx okamurae,Cerianthidae,Dictyotaceae,11,8,11,5,3.7
Pagellus acarne,Yungia aurantiaca,Sparidae,Pseudocerotidae,11,9,11,5,3.7
Dasyatis pastinaca,Perforatus perforatus,Dasyatidae,Balanidae,11,5,11,5,3.7
Aplysia depilans,Thericium vulgatum,Aplysiidae,Cerithiidae,11,4,11,7,3.7
Caranx crysos,Gobius cobitis,Carangidae,Gobiidae,11,8,10,5,3.7
Ariosoma balearicum,Simnia spelta,Congridae,Ovulidae,10,5,9,8,3.7
Gobius cruentatus,Torpedo torpedo,Gobiidae,Torpedinidae,10,8,9,7,3.7
Lissoclinum weigelei,Symphodus tinca,Didemnidae,Labridae,10,6,10,8,3.7
Labrus merula,Parazoanthus brevitentacularis,Labridae,Parazoanthidae,10,8,10,9,3.7
Amphiroa rigida,Seriola dumerili,Lithophyllaceae,Carangidae,10,9,10,8,3.7
Boops boops,Electra posidoniae,Sparidae,Electridae,10,9,10,6,3.7
Felimare villafranca,Periclimenes amethysteus,Chromodorididae,Palaemonidae,9,6,7,6,3.7
Aplysina cavernicola,Petrosia ficiformis,Aplysinidae,Petrosiidae,9,8,9,5,3.7
Caulerpa cylindracea,Ophidiaster ophidianus,Caulerpaceae,Ophidiasteridae,9,8,7,6,3.7
Marionia blainvillea,Pycnoclavella communis,Tritoniidae,Pycnoclavellidae,9,8,9,7,3.7
Lithophyllum stictiforme,Nemesignis banyulensis,Lithophyllaceae,Myrrhinidae,9,7,9,6,3.7
Facelina rubrovittata,Luria lurida,Facelinidae,Cypraeidae,9,6,8,5,3.7
Thylacodes arenarius,Tylodina perversa,Vermetidae,Tylodinidae,9,7,9,7,3.7
Hemimycale columella,Marionia blainvillea,Hymedesmiidae,Tritoniidae,9,5,9,5,3.7
Caranx crysos,Maja crispata,Carangidae,Majidae,9,8,9,7,3.7
Ophidiaster ophidianus,Tricleocarpa fragilis,Ophidiasteridae,Galaxauraceae,9,9,8,6,3.7
Alicia mirabilis,Bonellia viridis,Aliciidae,Bonelliidae,9,4,9,5,3.7
Aiptasia mutabilis,Sycon raphanus,Aiptasiidae,Sycettidae,9,9,9,6,3.7
Gari depressa,Sabella spallanzanii,Psammobiidae,Sabellidae,9,7,8,6,3.7
Ellisolandia elongata,Pinctada radiata,Lithophyllaceae,Pteriidae,9,8,9,7,3.7
Alicia mirabilis,Diaphorodoris papillata,Aliciidae,Calycidorididae,8,7,7,8,3.7
Ascidia mentula,Holothuria forskali,Ascidiidae,Holothuriidae,8,8,8,5,3.7
Hamigera hamigera,Pelagia noctiluca,Hymedesmiidae,Pelagiidae,8,6,8,7,3.7
Hemimycale columella,Pecten jacobaeus,Hymedesmiidae,Pectinidae,8,6,7,7,3.7
Dactylopterus volitans,Luria lurida,Dactylopteridae,Cypraeidae,8,3,5,5,3.7
Hamigera hamigera,Pachycerianthus solitarius,Hymedesmiidae,Cerianthidae,8,4,8,5,3.7
Lissoclinum weigelei,Tricleocarpa fragilis,Didemnidae,Galaxauraceae,8,4,8,5,3.7
Hamigera hamigera,Stenopus spinosus,Hymedesmiidae,Stenopodidae,8,7,7,5,3.7
Limaria hians,Schizoporella errata,Limidae,Schizoporellidae,8,7,8,6,3.7
Coscinasterias tenuispina,Posidonia oceanica,Asteriidae,Posidoniaceae,49,19,41,26,3.6
Microlipophrys nigriceps,Posidonia oceanica,Blenniidae,Posidoniaceae,33,14,31,11,3.6
Actinia mediterranea,Myriapora truncata,Actiniidae,Myriaporidae,31,16,30,10,3.6
Gobius cobitis,Sphaerococcus coronopifolius,Gobiidae,Sphaerococcaceae,26,15,24,11,3.6
Bothus podas,Parablennius rouxi,Bothidae,Blenniidae,26,12,22,14,3.6
Gobius paganellus,Petrosia ficiformis,Gobiidae,Petrosiidae,25,10,24,9,3.6
Ircinia oros,Lipophrys trigloides,Irciniidae,Blenniidae,25,16,25,13,3.6
Gobius cruentatus,Phycis phycis,Gobiidae,Phycidae,25,10,23,14,3.6
Coscinasterias tenuispina,Holothuria tubulosa,Asteriidae,Holothuriidae,25,21,24,21,3.6
Aiptasia couchii,Symphodus mediterraneus,Aiptasiidae,Labridae,25,13,25,12,3.6
Coscinasterias tenuispina,Protula tubularia,Asteriidae,Serpulidae,25,16,20,19,3.6
Chelon auratus,Protula tubularia,Mugilidae,Serpulidae,25,16,20,17,3.6
Balanophyllia europaea,Echinaster sepositus,Dendrophylliidae,Echinasteridae,24,16,19,12,3.6
Myriapora truncata,Phycis phycis,Myriaporidae,Phycidae,24,8,23,14,3.6
Bonellia viridis,Synodus saurus,Bonelliidae,Synodontidae,24,12,24,14,3.6
Chelon auratus,Flabellia petiolata,Mugilidae,Codiaceae,24,16,23,16,3.6
Crambe crambe,Dicentrarchus labrax,Crambeidae,Moronidae,24,17,24,8,3.6
Diaphorodoris papillata,Phycis phycis,Calycidorididae,Phycidae,23,13,22,6,3.6
Hexaplex trunculus,Holothuria forskali,Muricidae,Holothuriidae,23,17,22,11,3.6
Scorpaena scrofa,Sphaerococcus coronopifolius,Scorpaenidae,Sphaerococcaceae,23,15,22,10,3.6
Hacelia attenuata,Halocynthia papillosa,Ophidiasteridae,Pyuridae,23,14,20,13,3.6
Aiptasia mutabilis,Reteporella grimaldii,Aiptasiidae,Phidoloporidae,23,17,20,16,3.6
Conger conger,Myriapora truncata,Congridae,Myriaporidae,22,14,22,15,3.6
Arbacia lixula,Reteporella grimaldii,Arbaciidae,Phidoloporidae,22,16,22,11,3.6
Cribrinopsis crassa,Phorbas tenacior,Actiniidae,Hymedesmiidae,22,15,22,12,3.6
Posidonia oceanica,Semicassis undulata,Posidoniaceae,Cassidae,22,18,17,17,3.6
Actinia mediterranea,Caloria quatrefagesi,Actiniidae,Facelinidae,22,11,21,8,3.6
Conger conger,Diaphorodoris papillata,Congridae,Calycidorididae,21,19,19,8,3.6
Pagellus erythrinus,Scorpaena maderensis,Sparidae,Scorpaenidae,21,11,20,14,3.6
Diplodus cervinus,Gobius cruentatus,Sparidae,Gobiidae,21,13,20,15,3.6
Hamigera hamigera,Posidonia oceanica,Hymedesmiidae,Posidoniaceae,21,15,18,15,3.6
Agelas oroides,Symphodus roissali,Agelasidae,Labridae,21,15,20,12,3.6
Actinia mediterranea,Epinephelus marginatus,Actiniidae,Epinephelidae,21,10,20,9,3.6
Cribrinopsis crassa,Felimare villafranca,Actiniidae,Chromodorididae,20,18,19,10,3.6
Codium bursa,Serranus cabrilla,Codiaceae,Serranidae,20,12,16,8,3.6
Hemimycale columella,Scorpaena scrofa,Hymedesmiidae,Scorpaenidae,20,12,20,9,3.6
Inachus phalangium,Perforatus perforatus,Inachidae,Balanidae,20,17,18,11,3.6
Boops boops,Scorpaena scrofa,Sparidae,Scorpaenidae,20,14,18,9,3.6
Gobius cobitis,Inachus phalangium,Gobiidae,Inachidae,20,11,17,10,3.6
Chelon auratus,Serranus cabrilla,Mugilidae,Serranidae,20,13,18,10,3.6
Cliona viridis,Muraena helena,Clionaidae,Muraenidae,19,14,17,10,3.6
Asparagopsis taxiformis,Parablennius rouxi,Bonnemaisoniaceae,Blenniidae,19,4,18,12,3.6
Palinurus elephas,Rudmania krohni,Palinuridae,Chromodorididae,18,14,17,9,3.6
Echinaster sepositus,Inachus phalangium,Echinasteridae,Inachidae,18,14,16,8,3.6
Acetabularia acetabulum,Pomatoschistus bathi,Polyphysaceae,Gobiidae,18,16,17,13,3.6
Caulerpa cylindracea,Halimeda tuna,Caulerpaceae,Halimedaceae,18,9,17,11,3.6
Aidablennius sphynx,Inachus phalangium,Blenniidae,Inachidae,18,10,16,6,3.6
Gobius cruentatus,Luria lurida,Gobiidae,Cypraeidae,17,12,17,9,3.6
Acetabularia acetabulum,Percnon gibbesi,Polyphysaceae,Percnidae,17,12,17,12,3.6
Inachus phalangium,Serranus scriba,Inachidae,Serranidae,17,15,15,12,3.6
Muraena helena,Symphodus roissali,Muraenidae,Labridae,17,10,14,10,3.6
Diaphorodoris alba,Pycnoclavella communis,Calycidorididae,Pycnoclavellidae,16,12,15,7,3.6
Inachus phalangium,Rudmania krohni,Inachidae,Chromodorididae,16,13,14,11,3.6
Muraena helena,Serranus scriba,Muraenidae,Serranidae,16,10,12,13,3.6
Prostheceraeus roseus,Trinchesia morrowae,Euryleptidae,Trinchesiidae,16,11,15,10,3.6
Parablennius pilicornis,Percnon gibbesi,Blenniidae,Percnidae,16,14,15,15,3.6
Pelagia noctiluca,Sphyraena viridensis,Pelagiidae,Sphyraenidae,16,14,13,13,3.6
Myriapora truncata,Prostheceraeus moseleyi,Myriaporidae,Euryleptidae,15,9,14,12,3.6
Bonellia viridis,Gnathophyllum elegans,Bonelliidae,Gnathophyllidae,15,9,15,9,3.6
Inachus phalangium,Pelagia noctiluca,Inachidae,Pelagiidae,15,10,15,8,3.6
Eunicella singularis,Serranus cabrilla,Gorgoniidae,Serranidae,15,11,11,6,3.6
Gobius cruentatus,Seriola dumerili,Gobiidae,Carangidae,15,11,15,12,3.6
Bolma rugosa,Thericium vulgatum,Turbinidae,Cerithiidae,15,9,14,11,3.6
Callista chione,Perforatus perforatus,Veneridae,Balanidae,15,14,13,10,3.6
Holothuria tubulosa,Seriola dumerili,Holothuriidae,Carangidae,15,12,12,10,3.6
Cribrinopsis crassa,Telmatactis forskalii,Actiniidae,Isophelliidae,14,5,12,7,3.6
Epinephelus marginatus,Inachus phalangium,Epinephelidae,Inachidae,14,12,14,11,3.6
Callista chione,Mesophyllum expansum,Veneridae,Lithophyllaceae,14,11,14,9,3.6
Chelon auratus,Telmatactis forskalii,Mugilidae,Isophelliidae,14,9,13,6,3.6
Epinephelus costae,Protula tubularia,Epinephelidae,Serpulidae,14,10,14,6,3.6
Maja crispata,Yungia aurantiaca,Majidae,Pseudocerotidae,13,9,10,9,3.6
Hacelia attenuata,Prostheceraeus moseleyi,Ophidiasteridae,Euryleptidae,13,11,12,8,3.6
Myriapora truncata,Simnia spelta,Myriaporidae,Ovulidae,13,7,12,7,3.6
Gobius paganellus,Pomadasys incisus,Gobiidae,Haemulidae,13,7,13,7,3.6
Stenopus spinosus,Tricleocarpa fragilis,Stenopodidae,Galaxauraceae,13,11,13,9,3.6
Chelon auratus,Pomadasys incisus,Mugilidae,Haemulidae,13,9,13,11,3.6
Phorbas tenacior,Telmatactis forskalii,Hymedesmiidae,Isophelliidae,13,7,12,7,3.6
Sabella spallanzanii,Seriola dumerili,Sabellidae,Carangidae,13,10,12,10,3.6
Chamelea gallina,Dicentrarchus labrax,Veneridae,Moronidae,13,10,13,7,3.6
Astrospartus mediterraneus,Sphyraena viridensis,Gorgonocephalidae,Sphyraenidae,12,8,9,12,3.6
Anthias anthias,Seriola dumerili,Anthiadidae,Carangidae,11,8,11,9,3.6
Astropecten platyacanthus,Phycis phycis,Astropectinidae,Phycidae,11,6,10,6,3.6
Electra posidoniae,Myriapora truncata,Electridae,Myriaporidae,11,9,9,7,3.6
Aiptasia mutabilis,Bugula neritina,Aiptasiidae,Bugulidae,11,7,9,5,3.6
Epinephelus marginatus,Percnon gibbesi,Epinephelidae,Percnidae,11,10,11,9,3.6
Scartella cristata,Sphyraena viridensis,Blenniidae,Sphyraenidae,11,9,9,10,3.6
Gobius cruentatus,Periclimenes amethysteus,Gobiidae,Palaemonidae,11,4,11,5,3.6
Luria lurida,Tricleocarpa fragilis,Cypraeidae,Galaxauraceae,11,10,11,7,3.6
Ophidiaster ophidianus,Padina pavonica,Ophidiasteridae,Dictyotaceae,11,8,10,6,3.6
Simnia spelta,Tylodina perversa,Ovulidae,Tylodinidae,10,8,8,7,3.6
Goniodoridella picoensis,Lepadogaster candolii,Goniodorididae,Gobiesocidae,10,9,10,5,3.6
Chelon auratus,Hamigera hamigera,Mugilidae,Hymedesmiidae,10,7,10,9,3.6
Coscinasterias tenuispina,Hamigera hamigera,Asteriidae,Hymedesmiidae,10,7,10,5,3.6
Eriphia verrucosa,Periclimenes amethysteus,Eriphiidae,Palaemonidae,10,5,8,6,3.6
Bispira volutacornis,Hexaplex trunculus,Sabellidae,Muricidae,9,8,9,6,3.6
Dicentrarchus labrax,Limaria hians,Moronidae,Limidae,9,6,8,5,3.6
Pseudodistoma crucigaster,Seriola dumerili,Pseudodistomidae,Carangidae,9,7,9,8,3.6
Parablennius gattorugine,Zebrus zebrus,Blenniidae,Gobiidae,9,5,8,5,3.6
Hamigera hamigera,Oculina patagonica,Hymedesmiidae,Oculinidae,9,8,8,7,3.6
Oculina patagonica,Periclimenes amethysteus,Oculinidae,Palaemonidae,9,3,8,6,3.6
Facelinopsis marioni,Nemesignis banyulensis,Facelinidae,Myrrhinidae,8,8,7,6,3.6
Conger conger,Elysia timida,Congridae,Plakobranchidae,8,7,8,6,3.6
Luisella babai,Thylacodes arenarius,Samlidae,Vermetidae,8,7,8,6,3.6
Mesophyllum expansum,Pecten jacobaeus,Lithophyllaceae,Pectinidae,8,8,8,6,3.6
Semicassis undulata,Stenopus spinosus,Cassidae,Stenopodidae,8,7,8,6,3.6
Aplysina cavernicola,Mesophyllum expansum,Aplysinidae,Lithophyllaceae,8,5,7,5,3.6
Coscinasterias tenuispina,Eudendrium racemosum,Asteriidae,Eudendriidae,8,7,8,5,3.6
Holothuria tubulosa,Sycon raphanus,Holothuriidae,Sycettidae,8,7,8,6,3.6
Alicia mirabilis,Cliona viridis,Aliciidae,Clionaidae,8,8,8,8,3.6
Parablennius sanguinolentus,Torpedo torpedo,Blenniidae,Torpedinidae,8,6,7,6,3.6
Acinetospora crinita,Thalassoma pavo,Acinetosporaceae,Labridae,8,7,8,8,3.6
Jania rubens,Serranus scriba,Lithophyllaceae,Serranidae,8,8,8,8,3.6
Gobius cobitis,Posidonia oceanica,Gobiidae,Posidoniaceae,50,22,43,18,3.5
Caulerpa cylindracea,Posidonia oceanica,Caulerpaceae,Posidoniaceae,34,15,31,14,3.5
Aiptasia mutabilis,Gobius cobitis,Aiptasiidae,Gobiidae,28,16,28,14,3.5
Parablennius pilicornis,Petrosia ficiformis,Blenniidae,Petrosiidae,26,19,25,18,3.5
Crambe crambe,Cribrinopsis crassa,Crambeidae,Actiniidae,25,18,23,17,3.5
Coscinasterias tenuispina,Gobius cruentatus,Asteriidae,Gobiidae,25,16,23,17,3.5
Bothus podas,Myriapora truncata,Bothidae,Myriaporidae,25,8,21,16,3.5
Cribrinopsis crassa,Labrus merula,Actiniidae,Labridae,24,11,21,18,3.5
Dicentrarchus labrax,Ircinia oros,Moronidae,Irciniidae,24,18,24,13,3.5
Gobius paganellus,Halocynthia papillosa,Gobiidae,Pyuridae,24,16,22,10,3.5
Echinaster sepositus,Parablennius gattorugine,Echinasteridae,Blenniidae,24,16,22,15,3.5
Sciaena umbra,Serpula vermicularis,Sciaenidae,Serpulidae,24,16,23,12,3.5
Aidablennius sphynx,Bonellia viridis,Blenniidae,Bonelliidae,24,13,21,11,3.5
Holothuria tubulosa,Pycnoclavella communis,Holothuriidae,Pycnoclavellidae,23,19,19,15,3.5
Echinaster sepositus,Sphaerococcus coronopifolius,Echinasteridae,Sphaerococcaceae,23,15,19,12,3.5
Diaphorodoris papillata,Pycnoclavella communis,Calycidorididae,Pycnoclavellidae,22,18,21,15,3.5
Cribrinopsis crassa,Mesophyllum expansum,Actiniidae,Lithophyllaceae,22,18,21,16,3.5
Arbacia lixula,Serranus cabrilla,Arbaciidae,Serranidae,22,17,20,9,3.5
Arbacia lixula,Sciaena umbra,Arbaciidae,Sciaenidae,22,16,21,14,3.5
Bothus podas,Thericium vulgatum,Bothidae,Cerithiidae,22,16,22,17,3.5
Calmella cavolini,Pycnoclavella communis,Flabellinidae,Pycnoclavellidae,21,20,20,11,3.5
Aiptasia mutabilis,Muraena helena,Aiptasiidae,Muraenidae,21,13,15,14,3.5
Microlipophrys dalmatinus,Serpula vermicularis,Blenniidae,Serpulidae,21,12,21,10,3.5
Diplodus sargus,Petrosia ficiformis,Sparidae,Petrosiidae,21,11,20,13,3.5
Coscinasterias tenuispina,Phorbas tenacior,Asteriidae,Hymedesmiidae,21,17,19,15,3.5
Apogon imberbis,Pagellus erythrinus,Apogonidae,Sparidae,21,9,19,11,3.5
Asparagopsis taxiformis,Serpula vermicularis,Bonnemaisoniaceae,Serpulidae,21,11,19,12,3.5
Phycis phycis,Synodus saurus,Phycidae,Synodontidae,20,13,15,10,3.5
Oculina patagonica,Pentapora fascialis,Oculinidae,Bitectiporidae,20,13,16,9,3.5
Gobius incognitus,Pennaria disticha,Gobiidae,Pennariidae,20,14,20,16,3.5
Labrus merula,Lepadogaster candolii,Labridae,Gobiesocidae,20,7,15,11,3.5
Balanophyllia europaea,Schizoporella errata,Dendrophylliidae,Schizoporellidae,20,11,18,12,3.5
Eriphia verrucosa,Sphyraena viridensis,Eriphiidae,Sphyraenidae,20,15,18,8,3.5
Dardanus calidus,Hacelia attenuata,Diogenidae,Ophidiasteridae,19,17,19,14,3.5
Scorpaena scrofa,Symphodus tinca,Scorpaenidae,Labridae,19,10,19,12,3.5
Phycis phycis,Sphyraena viridensis,Phycidae,Sphyraenidae,19,6,17,9,3.5
Muraena helena,Sarcotragus fasciculatus,Muraenidae,Irciniidae,18,10,14,12,3.5
Serpula vermicularis,Yungia aurantiaca,Serpulidae,Pseudocerotidae,18,13,16,13,3.5
Agelas oroides,Inachus phalangium,Agelasidae,Inachidae,18,11,18,10,3.5
Hacelia attenuata,Prostheceraeus roseus,Ophidiasteridae,Euryleptidae,18,15,16,10,3.5
Bonellia viridis,Caulerpa cylindracea,Bonelliidae,Caulerpaceae,18,11,18,11,3.5
Parablennius sanguinolentus,Serranus cabrilla,Blenniidae,Serranidae,18,11,15,10,3.5
Sciaena umbra,Symphodus tinca,Sciaenidae,Labridae,18,8,18,14,3.5
Hacelia attenuata,Tylodina perversa,Ophidiasteridae,Tylodinidae,17,13,17,11,3.5
Sabella spallanzanii,Tylodina perversa,Sabellidae,Tylodinidae,17,11,15,8,3.5
Caloria quatrefagesi,Scorpaena maderensis,Facelinidae,Scorpaenidae,17,14,17,10,3.5
Echinaster sepositus,Schizoporella errata,Echinasteridae,Schizoporellidae,17,10,10,12,3.5
Inachus phalangium,Palinurus elephas,Inachidae,Palinuridae,17,9,16,11,3.5
Coscinasterias tenuispina,Xyrichtys novacula,Asteriidae,Labridae,17,7,12,8,3.5
Coscinasterias tenuispina,Eunicella singularis,Asteriidae,Gorgoniidae,17,10,13,12,3.5
Felimare fontandraui,Pycnoclavella communis,Chromodorididae,Pycnoclavellidae,16,14,16,10,3.5
Diaphorodoris alba,Phycis phycis,Calycidorididae,Phycidae,16,10,16,5,3.5
Felimare fontandraui,Pentapora fascialis,Chromodorididae,Bitectiporidae,16,14,14,10,3.5
Inachus phalangium,Serranus cabrilla,Inachidae,Serranidae,16,12,16,7,3.5
Branchiomma luctuosum,Pelagia noctiluca,Sabellidae,Pelagiidae,16,6,10,15,3.5
Epinephelus marginatus,Lipophrys trigloides,Epinephelidae,Blenniidae,16,11,16,11,3.5
Anthias anthias,Padina pavonica,Anthiadidae,Dictyotaceae,16,10,15,12,3.5
Chromis chromis,Muraena helena,Pomacentridae,Muraenidae,16,9,13,14,3.5
Bolma rugosa,Perforatus perforatus,Turbinidae,Balanidae,16,11,16,10,3.5
Pagellus acarne,Scorpaena maderensis,Sparidae,Scorpaenidae,16,11,14,10,3.5
Diaphorodoris papillata,Pseudodistoma crucigaster,Calycidorididae,Pseudodistomidae,15,9,15,9,3.5
Reteporella grimaldii,Stenopus spinosus,Phidoloporidae,Stenopodidae,15,8,13,8,3.5
Bolma rugosa,Pycnoclavella communis,Turbinidae,Pycnoclavellidae,15,10,15,8,3.5
Diaphorodoris alba,Scorpaena scrofa,Calycidorididae,Scorpaenidae,15,12,14,7,3.5
Parablennius zvonimiri,Telmatactis forskalii,Blenniidae,Isophelliidae,15,12,15,10,3.5
Epinephelus marginatus,Scorpaena scrofa,Epinephelidae,Scorpaenidae,15,8,14,8,3.5
Mullus surmuletus,Muraena helena,Mullidae,Muraenidae,15,9,10,13,3.5
Pagellus acarne,Stramonita haemastoma,Sparidae,Muricidae,15,11,13,11,3.5
Amphiroa rigida,Oculina patagonica,Lithophyllaceae,Oculinidae,15,9,15,7,3.5
Pachycerianthus solitarius,Stenopus spinosus,Cerianthidae,Stenopodidae,14,9,14,12,3.5
Eriphia verrucosa,Lithophyllum stictiforme,Eriphiidae,Lithophyllaceae,14,13,14,7,3.5
Astrospartus mediterraneus,Cliona viridis,Gorgonocephalidae,Clionaidae,14,9,14,8,3.5
Caulerpa cylindracea,Serranus cabrilla,Caulerpaceae,Serranidae,14,8,13,6,3.5
Arbacia lixula,Scartella cristata,Arbaciidae,Blenniidae,14,9,11,11,3.5
Perforatus perforatus,Telmatactis forskalii,Balanidae,Isophelliidae,14,7,14,8,3.5
Callista chione,Pagellus erythrinus,Veneridae,Sparidae,13,13,13,6,3.5
Astrospartus mediterraneus,Calmella cavolini,Gorgonocephalidae,Flabellinidae,13,7,13,5,3.5
Conger conger,Yungia aurantiaca,Congridae,Pseudocerotidae,13,9,12,6,3.5
Amphiroa rigida,Schizoporella errata,Lithophyllaceae,Schizoporellidae,13,8,13,8,3.5
Chromis chromis,Percnon gibbesi,Pomacentridae,Percnidae,13,12,11,8,3.5
Muraena helena,Pinnoctopus macropus,Muraenidae,Octopodidae,12,10,12,10,3.5
Maja crispata,Phallusia mammillata,Majidae,Ascidiidae,12,6,12,10,3.5
Diplodus sargus,Nemesignis banyulensis,Sparidae,Myrrhinidae,12,5,9,9,3.5
Echinaster sepositus,Pomadasys incisus,Echinasteridae,Haemulidae,12,10,11,7,3.5
Pelagia noctiluca,Pinna rudis,Pelagiidae,Pinnidae,12,9,10,9,3.5
Apogon imberbis,Ophidiaster ophidianus,Apogonidae,Ophidiasteridae,12,11,9,5,3.5
Epinephelus costae,Parablennius sanguinolentus,Epinephelidae,Blenniidae,12,6,10,5,3.5
Hermodice carunculata,Scorpaena maderensis,Amphinomidae,Scorpaenidae,11,10,10,9,3.5
Microlipophrys dalmatinus,Yungia aurantiaca,Blenniidae,Pseudocerotidae,11,10,11,8,3.5
Telmatactis forskalii,Tylodina perversa,Isophelliidae,Tylodinidae,11,8,11,6,3.5
Ophidiaster ophidianus,Sabella spallanzanii,Ophidiasteridae,Sabellidae,11,8,10,5,3.5
Dasyatis pastinaca,Parablennius zvonimiri,Dasyatidae,Blenniidae,11,6,11,5,3.5
Parablennius sanguinolentus,Pinctada radiata,Blenniidae,Pteriidae,11,8,11,7,3.5
Prostheceraeus moseleyi,Schizoporella errata,Euryleptidae,Schizoporellidae,11,6,8,8,3.5
Aplysia depilans,Pagellus erythrinus,Aplysiidae,Sparidae,10,6,9,5,3.5
Cribrinopsis crassa,Semicassis undulata,Actiniidae,Cassidae,10,10,10,9,3.5
Marionia blainvillea,Parablennius rouxi,Tritoniidae,Blenniidae,10,7,10,8,3.5
Bonellia viridis,Parazoanthus brevitentacularis,Bonelliidae,Parazoanthidae,10,7,10,5,3.5
Scorpaena maderensis,Semicassis undulata,Scorpaenidae,Cassidae,10,6,10,8,3.5
Centrolabrus melanocercus,Hexaplex trunculus,Labridae,Muricidae,10,9,10,7,3.5
Aiptasia couchii,Limaria hians,Aiptasiidae,Limidae,10,4,9,7,3.5
Coscinasterias tenuispina,Dasyatis pastinaca,Asteriidae,Dasyatidae,10,6,10,6,3.5
Ellisolandia elongata,Nemesignis banyulensis,Lithophyllaceae,Myrrhinidae,10,6,10,8,3.5
Electra posidoniae,Sarcotragus fasciculatus,Electridae,Irciniidae,10,8,10,7,3.5
Diplodus puntazzo,Gari depressa,Sparidae,Psammobiidae,10,6,10,7,3.5
Caranx crysos,Gobius paganellus,Carangidae,Gobiidae,10,9,9,8,3.5
Goniodoridella picoensis,Stenopus spinosus,Goniodorididae,Stenopodidae,9,7,9,5,3.5
Dictyota cyanoloma,Leptogorgia sarmentosa,Dictyotaceae,Gorgoniidae,9,5,7,5,3.5
Labrus merula,Torpedo torpedo,Labridae,Torpedinidae,9,7,8,7,3.5
Bugula neritina,Chelon auratus,Bugulidae,Mugilidae,9,6,9,5,3.5
Centrolabrus melanocercus,Hacelia attenuata,Labridae,Ophidiasteridae,9,8,9,6,3.5
Pagellus acarne,Pomadasys incisus,Sparidae,Haemulidae,9,9,9,5,3.5
Labrus merula,Phoronis hippocrepia,Labridae,Phoronidae,9,5,9,9,3.5
Lissoclinum weigelei,Sphyraena viridensis,Didemnidae,Sphyraenidae,9,7,8,5,3.5
Centrolabrus melanocercus,Parablennius sanguinolentus,Labridae,Blenniidae,9,8,8,5,3.5
Centrolabrus melanocercus,Synodus saurus,Labridae,Synodontidae,9,3,4,6,3.5
Ascidia mentula,Diaphorodoris papillata,Ascidiidae,Calycidorididae,8,8,8,5,3.5
Pagellus erythrinus,Platydoris argo,Sparidae,Discodorididae,8,4,8,5,3.5
Dictyota cyanoloma,Prostheceraeus moseleyi,Dictyotaceae,Euryleptidae,8,6,5,6,3.5
Eunicella gazella,Semicassis undulata,Gorgoniidae,Cassidae,8,7,8,6,3.5
Mesophyllum expansum,Pagurus cuanensis,Lithophyllaceae,Paguridae,8,8,8,5,3.5
Echinocardium cordatum,Scorpaena maderensis,Loveniidae,Scorpaenidae,8,5,8,5,3.5
Parablennius sanguinolentus,Phoronis hippocrepia,Blenniidae,Phoronidae,8,4,8,5,3.5
Actinia mediterranea,Phorbas tenacior,Actiniidae,Hymedesmiidae,26,17,24,11,3.4
Balanophyllia europaea,Cribrinopsis crassa,Dendrophylliidae,Actiniidae,24,16,21,17,3.4
Bothus podas,Holothuria tubulosa,Bothidae,Holothuriidae,24,13,22,21,3.4
Balanophyllia europaea,Coscinasterias tenuispina,Dendrophylliidae,Asteriidae,24,19,23,17,3.4
Acetabularia acetabulum,Palinurus elephas,Polyphysaceae,Palinuridae,23,16,20,17,3.4
Palinurus elephas,Parablennius gattorugine,Palinuridae,Blenniidae,23,14,21,17,3.4
Diplodus puntazzo,Hacelia attenuata,Sparidae,Ophidiasteridae,23,14,21,12,3.4
Conger conger,Ircinia oros,Congridae,Irciniidae,22,15,22,12,3.4
Codium bursa,Coscinasterias tenuispina,Codiaceae,Asteriidae,22,16,21,17,3.4
Aidablennius sphynx,Sphaerococcus coronopifolius,Blenniidae,Sphaerococcaceae,22,17,22,10,3.4
Dicentrarchus labrax,Holothuria tubulosa,Moronidae,Holothuriidae,22,12,19,12,3.4
Chelon auratus,Codium bursa,Mugilidae,Codiaceae,22,14,21,15,3.4
Diplodus puntazzo,Serranus cabrilla,Sparidae,Serranidae,21,15,19,11,3.4
Muraena helena,Serpula vermicularis,Muraenidae,Serpulidae,21,11,14,11,3.4
Holothuria forskali,Scorpaena maderensis,Holothuriidae,Scorpaenidae,21,11,20,10,3.4
Dicentrarchus labrax,Sarcotragus fasciculatus,Moronidae,Irciniidae,21,18,21,11,3.4
Labrus merula,Pagellus erythrinus,Labridae,Sparidae,21,7,21,10,3.4
Gobius cobitis,Oculina patagonica,Gobiidae,Oculinidae,21,7,17,11,3.4
Scorpaena maderensis,Synodus saurus,Scorpaenidae,Synodontidae,20,16,20,16,3.4
Conger conger,Gobius cobitis,Congridae,Gobiidae,20,12,15,11,3.4
Lepadogaster candolii,Sphaerococcus coronopifolius,Gobiesocidae,Sphaerococcaceae,20,9,19,13,3.4
Branchiomma luctuosum,Coscinasterias tenuispina,Sabellidae,Asteriidae,20,11,18,11,3.4
Pomatoschistus bathi,Serpula vermicularis,Gobiidae,Serpulidae,19,15,19,10,3.4
Gobius incognitus,Phorbas tenacior,Gobiidae,Hymedesmiidae,19,15,19,12,3.4
Crambe crambe,Pelagia noctiluca,Crambeidae,Pelagiidae,19,17,19,15,3.4
Holothuria forskali,Mullus surmuletus,Holothuriidae,Mullidae,18,13,17,11,3.4
Asparagopsis taxiformis,Balanophyllia europaea,Bonnemaisoniaceae,Dendrophylliidae,18,5,14,11,3.4
Diplodus sargus,Echinaster sepositus,Sparidae,Echinasteridae,18,14,14,16,3.4
Ariosoma balearicum,Bothus podas,Congridae,Bothidae,18,10,18,11,3.4
Inachus phalangium,Scorpaena maderensis,Inachidae,Scorpaenidae,18,13,15,12,3.4
Cribrinopsis crassa,Muraena helena,Actiniidae,Muraenidae,17,16,17,10,3.4
Pycnoclavella communis,Tylodina perversa,Pycnoclavellidae,Tylodinidae,17,15,15,13,3.4
Eunicella gazella,Stramonita haemastoma,Gorgoniidae,Muricidae,17,9,15,14,3.4
Hexaplex trunculus,Microlipophrys dalmatinus,Muricidae,Blenniidae,17,11,15,14,3.4
Chelon auratus,Pachycerianthus solitarius,Mugilidae,Cerianthidae,17,14,16,8,3.4
Gobius incognitus,Lepadogaster candolii,Gobiidae,Gobiesocidae,17,9,17,7,3.4
Gobius paganellus,Muraena helena,Gobiidae,Muraenidae,17,10,15,7,3.4
Caulerpa cylindracea,Diaphorodoris papillata,Caulerpaceae,Calycidorididae,16,10,15,7,3.4
Palinurus elephas,Stenopus spinosus,Palinuridae,Stenopodidae,16,12,16,9,3.4
Lepadogaster candolii,Sciaena umbra,Gobiesocidae,Sciaenidae,16,9,15,7,3.4
Reteporella grimaldii,Serranus cabrilla,Phidoloporidae,Serranidae,16,14,15,7,3.4
Inachus phalangium,Padina pavonica,Inachidae,Dictyotaceae,16,12,14,11,3.4
Luisella babai,Palinurus elephas,Samlidae,Palinuridae,15,12,13,8,3.4
Callista chione,Gobius cruentatus,Veneridae,Gobiidae,15,11,15,8,3.4
Asparagopsis taxiformis,Dardanus calidus,Bonnemaisoniaceae,Diogenidae,15,12,13,10,3.4
Lithophyllum stictiforme,Parablennius gattorugine,Lithophyllaceae,Blenniidae,15,13,15,11,3.4
Caloria quatrefagesi,Synodus saurus,Facelinidae,Synodontidae,15,9,12,9,3.4
Lipophrys trigloides,Torpedo marmorata,Blenniidae,Torpedinidae,15,9,14,5,3.4
Microlipophrys dalmatinus,Symphodus tinca,Blenniidae,Labridae,15,9,14,8,3.4
Lithophyllum stictiforme,Parablennius zvonimiri,Lithophyllaceae,Blenniidae,15,13,15,8,3.4
Posidonia oceanica,Sycon raphanus,Posidoniaceae,Sycettidae,15,10,15,8,3.4
Bothus podas,Microlipophrys nigriceps,Bothidae,Blenniidae,15,10,12,8,3.4
Cribrinopsis crassa,Yungia aurantiaca,Actiniidae,Pseudocerotidae,14,8,12,12,3.4
Callista chione,Flabellia petiolata,Veneridae,Codiaceae,14,11,13,11,3.4
Bothus podas,Callista chione,Bothidae,Veneridae,14,11,13,7,3.4
Petrosia ficiformis,Seriola dumerili,Petrosiidae,Carangidae,14,12,13,11,3.4
Prostheceraeus moseleyi,Sphaerococcus coronopifolius,Euryleptidae,Sphaerococcaceae,14,14,14,12,3.4
Luria lurida,Mesophyllum expansum,Cypraeidae,Lithophyllaceae,14,8,13,7,3.4
Diplodus puntazzo,Epinephelus costae,Sparidae,Epinephelidae,14,12,14,9,3.4
Boops boops,Microlipophrys nigriceps,Sparidae,Blenniidae,14,12,14,7,3.4
Felimare fontandraui,Tylodina perversa,Chromodorididae,Tylodinidae,13,10,11,8,3.4
Hacelia attenuata,Phallusia mammillata,Ophidiasteridae,Ascidiidae,13,11,12,6,3.4
Diplodus sargus,Pinna rudis,Sparidae,Pinnidae,13,7,12,11,3.4
Callista chione,Pennaria disticha,Veneridae,Pennariidae,13,9,11,9,3.4
Microlipophrys nigriceps,Serranus scriba,Blenniidae,Serranidae,13,8,10,8,3.4
Bolma rugosa,Stenopus spinosus,Turbinidae,Stenopodidae,12,7,11,11,3.4
Inachus phalangium,Pinna rudis,Inachidae,Pinnidae,12,9,11,8,3.4
Aplysia depilans,Parablennius gattorugine,Aplysiidae,Blenniidae,12,8,10,8,3.4
Cliona viridis,Simnia spelta,Clionaidae,Ovulidae,12,7,12,5,3.4
Bonellia viridis,Paradoris indecora,Bonelliidae,Discodorididae,12,7,10,6,3.4
Conus ventricosus,Maja crispata,Conidae,Majidae,11,7,11,6,3.4
Bolma rugosa,Caulerpa cylindracea,Turbinidae,Caulerpaceae,11,10,11,7,3.4
Acetabularia acetabulum,Felimida binza,Polyphysaceae,Chromodorididae,11,6,11,9,3.4
Conger conger,Epinephelus costae,Congridae,Epinephelidae,11,9,8,7,3.4
Lithophyllum stictiforme,Tylodina perversa,Lithophyllaceae,Tylodinidae,11,6,10,5,3.4
Caloria quatrefagesi,Microlipophrys nigriceps,Facelinidae,Blenniidae,11,7,11,5,3.4
Steromphala varia,Thericium vulgatum,Trochidae,Cerithiidae,11,3,9,6,3.4
Ircinia oros,Semicassis undulata,Irciniidae,Cassidae,11,9,11,8,3.4
Nemesignis banyulensis,Thalassoma pavo,Myrrhinidae,Labridae,11,7,9,6,3.4
Phallusia mammillata,Schizoporella errata,Ascidiidae,Schizoporellidae,11,10,10,11,3.4
Alcyonium acaule,Myriapora truncata,Alcyoniidae,Myriaporidae,10,9,6,8,3.4
Pomatoschistus bathi,Yungia aurantiaca,Gobiidae,Pseudocerotidae,10,10,10,6,3.4
Striarca lactea,Tritia mutabilis,Noetiidae,Nassariidae,10,10,10,7,3.4
Felimare fontandraui,Lithophyllum stictiforme,Chromodorididae,Lithophyllaceae,10,10,9,7,3.4
Hamigera hamigera,Holothuria tubulosa,Hymedesmiidae,Holothuriidae,10,8,8,8,3.4
Hamigera hamigera,Myriapora truncata,Hymedesmiidae,Myriaporidae,10,9,10,8,3.4
Flabellia petiolata,Semicassis undulata,Codiaceae,Cassidae,10,10,10,8,3.4
Apogon imberbis,Caranx crysos,Apogonidae,Carangidae,10,9,9,6,3.4
Aiptasia mutabilis,Clathria jolicoeuri,Aiptasiidae,Microcionidae,10,7,10,6,3.4
Codium bursa,Lissoclinum weigelei,Codiaceae,Didemnidae,10,5,10,7,3.4
Hamigera hamigera,Parablennius pilicornis,Hymedesmiidae,Blenniidae,10,8,10,8,3.4
Calmella cavolini,Penaeus kerathurus,Flabellinidae,Penaeidae,9,5,9,5,3.4
Ariosoma balearicum,Serranus atricauda,Congridae,Serranidae,9,4,9,5,3.4
Holothuria forskali,Periclimenes amethysteus,Holothuriidae,Palaemonidae,9,7,9,6,3.4
Mesophyllum expansum,Periclimenes amethysteus,Lithophyllaceae,Palaemonidae,9,6,8,6,3.4
Berghia coerulescens,Gobius cobitis,Aeolidiidae,Gobiidae,9,7,8,6,3.4
Callista chione,Pseudodistoma crucigaster,Veneridae,Pseudodistomidae,9,8,8,8,3.4
Gobius cruentatus,Phoronis hippocrepia,Gobiidae,Phoronidae,9,5,9,7,3.4
Bispira volutacornis,Diplodus puntazzo,Sabellidae,Sparidae,9,6,9,6,3.4
Bonellia viridis,Pagurus cuanensis,Bonelliidae,Paguridae,9,7,9,7,3.4
Electra posidoniae,Stramonita haemastoma,Electridae,Muricidae,9,7,8,6,3.4
Dasyatis pastinaca,Dicentrarchus labrax,Dasyatidae,Moronidae,9,4,8,6,3.4
Periclimenes amethysteus,Rudmania krohni,Palaemonidae,Chromodorididae,8,7,8,5,3.4
Luria lurida,Scartella cristata,Cypraeidae,Blenniidae,8,7,8,5,3.4
Pycnoclavella nana,Serpula vermicularis,Pycnoclavellidae,Serpulidae,8,8,8,8,3.4
Callista chione,Seriola dumerili,Veneridae,Carangidae,8,8,8,8,3.4
Scorpaena maderensis,Torpedo torpedo,Scorpaenidae,Torpedinidae,8,6,7,7,3.4
Gari depressa,Gobius incognitus,Psammobiidae,Gobiidae,8,5,8,5,3.4
Marionia blainvillea,Palinurus elephas,Tritoniidae,Palinuridae,8,6,8,6,3.4
Eudendrium racemosum,Parablennius pilicornis,Eudendriidae,Blenniidae,8,6,8,7,3.4
Marionia blainvillea,Oculina patagonica,Tritoniidae,Oculinidae,8,4,8,5,3.4
Berghia coerulescens,Thericium vulgatum,Aeolidiidae,Cerithiidae,8,6,6,6,3.4
Acetabularia acetabulum,Amphiroa beauvoisii,Polyphysaceae,Lithophyllaceae,8,7,8,6,3.4
Muraena helena,Posidonia oceanica,Muraenidae,Posidoniaceae,35,17,25,17,3.3
Eriphia verrucosa,Parablennius pilicornis,Eriphiidae,Blenniidae,23,17,22,20,3.3
Aiptasia mutabilis,Conger conger,Aiptasiidae,Congridae,22,12,21,10,3.3
Gobius cobitis,Scorpaena maderensis,Gobiidae,Scorpaenidae,22,14,18,10,3.3
Echinaster sepositus,Parablennius zvonimiri,Echinasteridae,Blenniidae,22,16,22,16,3.3
Balanophyllia europaea,Pennaria disticha,Dendrophylliidae,Pennariidae,22,13,21,13,3.3
Apogon imberbis,Chelon auratus,Apogonidae,Mugilidae,22,17,21,17,3.3
Bothus podas,Flabellia petiolata,Bothidae,Codiaceae,22,10,20,16,3.3
Agelas oroides,Parablennius pilicornis,Agelasidae,Blenniidae,22,16,20,17,3.3
Protula tubularia,Scorpaena scrofa,Serpulidae,Scorpaenidae,21,9,18,10,3.3
Stramonita haemastoma,Symphodus mediterraneus,Muricidae,Labridae,21,13,21,13,3.3
Parablennius sanguinolentus,Sphaerococcus coronopifolius,Blenniidae,Sphaerococcaceae,21,12,19,13,3.3
Gobius paganellus,Phycis phycis,Gobiidae,Phycidae,21,11,16,12,3.3
Oculina patagonica,Sphaerococcus coronopifolius,Oculinidae,Sphaerococcaceae,21,16,20,13,3.3
Conger conger,Halocynthia papillosa,Congridae,Pyuridae,20,14,19,10,3.3
Lipophrys trigloides,Mesophyllum expansum,Blenniidae,Lithophyllaceae,20,13,20,6,3.3
Chromis chromis,Gobius cobitis,Pomacentridae,Gobiidae,20,11,16,12,3.3
Gobius cruentatus,Reteporella grimaldii,Gobiidae,Phidoloporidae,20,15,18,11,3.3
Actinia mediterranea,Caulerpa cylindracea,Actiniidae,Caulerpaceae,19,10,19,8,3.3
Actinia mediterranea,Pagellus acarne,Actiniidae,Sparidae,19,13,16,12,3.3
Lipophrys trigloides,Pagellus erythrinus,Blenniidae,Sparidae,19,7,17,7,3.3
Eunicella gazella,Parablennius zvonimiri,Gorgoniidae,Blenniidae,19,16,17,14,3.3
Coscinasterias tenuispina,Padina pavonica,Asteriidae,Dictyotaceae,19,15,16,16,3.3
Eriphia verrucosa,Serranus scriba,Eriphiidae,Serranidae,19,17,18,12,3.3
Hemimycale columella,Pagellus erythrinus,Hymedesmiidae,Sparidae,18,8,18,6,3.3
Anthias anthias,Protula tubularia,Anthiadidae,Serpulidae,18,11,13,12,3.3
Halocynthia papillosa,Tylodina perversa,Pyuridae,Tylodinidae,18,11,16,9,3.3
Muraena helena,Protula tubularia,Muraenidae,Serpulidae,18,10,13,16,3.3
Eriphia verrucosa,Inachus phalangium,Eriphiidae,Inachidae,18,15,18,10,3.3
Coscinasterias tenuispina,Lepadogaster candolii,Asteriidae,Gobiesocidae,18,11,18,7,3.3
Muraena helena,Sphaerococcus coronopifolius,Muraenidae,Sphaerococcaceae,18,12,16,14,3.3
Lipophrys trigloides,Serranus scriba,Blenniidae,Serranidae,18,13,15,10,3.3
Parablennius gattorugine,Xyrichtys novacula,Blenniidae,Labridae,18,11,13,11,3.3
Eriphia verrucosa,Stenopus spinosus,Eriphiidae,Stenopodidae,17,10,14,8,3.3
Sphyraena viridensis,Synodus saurus,Sphyraenidae,Synodontidae,17,14,16,11,3.3
Pagellus erythrinus,Sphyraena viridensis,Sparidae,Sphyraenidae,17,9,17,10,3.3
Caulerpa cylindracea,Parablennius zvonimiri,Caulerpaceae,Blenniidae,17,8,16,9,3.3
Holothuria forskali,Muraena helena,Holothuriidae,Muraenidae,16,11,16,7,3.3
Holothuria forskali,Stenopus spinosus,Holothuriidae,Stenopodidae,16,14,16,10,3.3
Dardanus calidus,Diplodus cervinus,Diogenidae,Sparidae,16,10,16,12,3.3
Holothuria forskali,Pelagia noctiluca,Holothuriidae,Pelagiidae,16,13,16,11,3.3
Epinephelus marginatus,Gobius cobitis,Epinephelidae,Gobiidae,16,11,13,10,3.3
Acetabularia acetabulum,Microlipophrys nigriceps,Polyphysaceae,Blenniidae,16,10,16,8,3.3
Caloria quatrefagesi,Gobius paganellus,Facelinidae,Gobiidae,16,11,15,8,3.3
Luisella babai,Pycnoclavella communis,Samlidae,Pycnoclavellidae,15,13,13,12,3.3
Lepadogaster candolii,Rudmania krohni,Gobiesocidae,Chromodorididae,15,12,14,7,3.3
Aiptasia couchii,Microlipophrys nigriceps,Aiptasiidae,Blenniidae,15,7,14,7,3.3
Diaphorodoris alba,Mesophyllum expansum,Calycidorididae,Lithophyllaceae,15,13,14,11,3.3
Lepadogaster candolii,Pachycerianthus solitarius,Gobiesocidae,Cerianthidae,14,7,14,5,3.3
Felimare villafranca,Microlipophrys dalmatinus,Chromodorididae,Blenniidae,14,8,14,8,3.3
Callista chione,Cliona viridis,Veneridae,Clionaidae,14,11,14,7,3.3
Dictyota cyanoloma,Gobius cruentatus,Dictyotaceae,Gobiidae,14,5,8,11,3.3
Caulerpa cylindracea,Gobius incognitus,Caulerpaceae,Gobiidae,14,6,12,10,3.3
Echinaster sepositus,Pagellus acarne,Echinasteridae,Sparidae,14,10,14,6,3.3
Diplodus vulgaris,Mesophyllum expansum,Sparidae,Lithophyllaceae,14,12,13,6,3.3
Acetabularia acetabulum,Seriola dumerili,Polyphysaceae,Carangidae,14,14,14,9,3.3
Diplodus sargus,Microlipophrys dalmatinus,Sparidae,Blenniidae,14,6,10,8,3.3
Caloria quatrefagesi,Sphyraena viridensis,Facelinidae,Sphyraenidae,14,9,12,5,3.3
Caloria quatrefagesi,Tylodina perversa,Facelinidae,Tylodinidae,13,10,12,9,3.3
Amphiroa rigida,Reteporella grimaldii,Lithophyllaceae,Phidoloporidae,13,10,12,9,3.3
Pinna rudis,Scorpaena scrofa,Pinnidae,Scorpaenidae,13,4,13,5,3.3
Prostheceraeus moseleyi,Symphodus mediterraneus,Euryleptidae,Labridae,13,11,12,9,3.3
Echinaster sepositus,Yungia aurantiaca,Echinasteridae,Pseudocerotidae,13,11,12,7,3.3
Paradoris indecora,Serpula vermicularis,Discodorididae,Serpulidae,13,5,13,7,3.3
Aiptasia couchii,Seriola dumerili,Aiptasiidae,Carangidae,13,11,13,8,3.3
Halocynthia papillosa,Seriola dumerili,Pyuridae,Carangidae,13,10,12,9,3.3
Chamelea gallina,Perforatus perforatus,Veneridae,Balanidae,13,12,13,9,3.3
Parablennius zvonimiri,Pomadasys incisus,Blenniidae,Haemulidae,13,7,12,9,3.3
Pycnoclavella communis,Seriola dumerili,Pycnoclavellidae,Carangidae,12,8,11,7,3.3
Bonellia viridis,Dactylopterus volitans,Bonelliidae,Dactylopteridae,12,6,12,9,3.3
Bothus podas,Pomadasys incisus,Bothidae,Haemulidae,12,12,11,12,3.3
Lithophyllum stictiforme,Oculina patagonica,Lithophyllaceae,Oculinidae,12,10,12,7,3.3
Dicentrarchus labrax,Dictyota cyanoloma,Moronidae,Dictyotaceae,12,4,9,10,3.3
Coscinasterias tenuispina,Facelina rubrovittata,Asteriidae,Facelinidae,12,6,7,7,3.3
Dardanus calidus,Gnathophyllum elegans,Diogenidae,Gnathophyllidae,11,5,11,5,3.3
Leptogorgia sarmentosa,Pelagia noctiluca,Gorgoniidae,Pelagiidae,11,8,10,8,3.3
Dactylopterus volitans,Gobius paganellus,Dactylopteridae,Gobiidae,11,5,9,7,3.3
Dardanus calidus,Epinephelus costae,Diogenidae,Epinephelidae,11,9,11,5,3.3
Pomadasys incisus,Synodus saurus,Haemulidae,Synodontidae,11,10,11,7,3.3
Lepadogaster candolii,Lithophyllum stictiforme,Gobiesocidae,Lithophyllaceae,11,7,11,6,3.3
Conger conger,Simnia spelta,Congridae,Ovulidae,10,8,10,8,3.3
Astrospartus mediterraneus,Trinchesia morrowae,Gorgonocephalidae,Trinchesiidae,10,5,10,5,3.3
Polysyncraton lacazei,Sarcotragus fasciculatus,Didemnidae,Irciniidae,10,10,10,6,3.3
Caloria quatrefagesi,Lithophyllum stictiforme,Facelinidae,Lithophyllaceae,10,9,10,5,3.3
Platydoris argo,Serpula vermicularis,Discodorididae,Serpulidae,10,7,9,8,3.3
Dasyatis pastinaca,Labrus merula,Dasyatidae,Labridae,10,5,9,6,3.3
Aplysia depilans,Stramonita haemastoma,Aplysiidae,Muricidae,10,7,8,9,3.3
Electra posidoniae,Labrus merula,Electridae,Labridae,10,10,10,9,3.3
Diplodus puntazzo,Hamigera hamigera,Sparidae,Hymedesmiidae,10,10,10,8,3.3
Caulerpa prolifera,Posidonia oceanica,Caulerpaceae,Posidoniaceae,10,7,10,7,3.3
Mullus surmuletus,Pomadasys incisus,Mullidae,Haemulidae,10,9,10,10,3.3
Berghia coerulescens,Parablennius rouxi,Aeolidiidae,Blenniidae,9,8,9,8,3.3
Felimida binza,Holothuria forskali,Chromodorididae,Holothuriidae,9,7,8,7,3.3
Pagellus acarne,Seriola dumerili,Sparidae,Carangidae,9,8,8,9,3.3
Marionia blainvillea,Petrosia ficiformis,Tritoniidae,Petrosiidae,9,5,8,7,3.3
Aplysia depilans,Serranus cabrilla,Aplysiidae,Serranidae,9,7,5,6,3.3
Centrolabrus melanocercus,Coscinasterias tenuispina,Labridae,Asteriidae,9,7,9,8,3.3
Codium bursa,Hamigera hamigera,Codiaceae,Hymedesmiidae,9,7,9,7,3.3
Prostheceraeus moseleyi,Tricleocarpa fragilis,Euryleptidae,Galaxauraceae,9,8,9,6,3.3
Electra posidoniae,Oblada melanurus,Electridae,Sparidae,9,8,8,8,3.3
Seriola dumerili,Tricleocarpa fragilis,Carangidae,Galaxauraceae,9,8,8,8,3.3
Gobius paganellus,Haminoea hydatis,Gobiidae,Haminoeidae,9,4,8,5,3.3
Clathria jolicoeuri,Halimeda tuna,Microcionidae,Halimedaceae,9,5,9,6,3.3
Phallusia mammillata,Prostheceraeus moseleyi,Ascidiidae,Euryleptidae,8,6,8,7,3.3
Dactylopterus volitans,Tritia mutabilis,Dactylopteridae,Nassariidae,8,7,6,7,3.3
Holothuria forskali,Jania rubens,Holothuriidae,Lithophyllaceae,8,8,7,6,3.3
Sarcotragus fasciculatus,Sparisoma cretense,Irciniidae,Labridae,8,7,7,6,3.3
Bispira volutacornis,Coscinasterias tenuispina,Sabellidae,Asteriidae,8,6,8,5,3.3
Astrospartus mediterraneus,Phallusia mammillata,Gorgonocephalidae,Ascidiidae,8,6,6,6,3.3
Chelon auratus,Phoronis hippocrepia,Mugilidae,Phoronidae,8,5,8,5,3.3
Cliona viridis,Pecten jacobaeus,Clionaidae,Pectinidae,8,8,8,6,3.3
Apogon imberbis,Sparisoma cretense,Apogonidae,Labridae,8,7,8,7,3.3
Electra posidoniae,Prostheceraeus roseus,Electridae,Euryleptidae,8,8,7,6,3.3
Chelon auratus,Torpedo torpedo,Mugilidae,Torpedinidae,8,6,7,6,3.3
Actinia mediterranea,Gobius cruentatus,Actiniidae,Gobiidae,29,13,29,12,3.2
Bothus podas,Crambe crambe,Bothidae,Crambeidae,23,15,22,16,3.2
Calmella cavolini,Parablennius rouxi,Flabellinidae,Blenniidae,22,11,22,13,3.2
Arbacia lixula,Pycnoclavella communis,Arbaciidae,Pycnoclavellidae,22,19,20,12,3.2
Chelon auratus,Cliona viridis,Mugilidae,Clionaidae,22,15,22,13,3.2
Branchiomma luctuosum,Diplodus puntazzo,Sabellidae,Sparidae,21,8,16,18,3.2
Aiptasia mutabilis,Sciaena umbra,Aiptasiidae,Sciaenidae,21,14,20,13,3.2
Actinia mediterranea,Schizoporella errata,Actiniidae,Schizoporellidae,21,14,20,15,3.2
Diplodus cervinus,Serpula vermicularis,Sparidae,Serpulidae,21,9,19,11,3.2
Apogon imberbis,Coscinasterias tenuispina,Apogonidae,Asteriidae,21,13,21,15,3.2
Calmella cavolini,Phycis phycis,Flabellinidae,Phycidae,20,15,20,5,3.2
Chondrosia reniformis,Phycis phycis,Chondrillidae,Phycidae,20,9,20,13,3.2
Chelon auratus,Mesophyllum expansum,Mugilidae,Lithophyllaceae,20,13,19,15,3.2
Apogon imberbis,Dicentrarchus labrax,Apogonidae,Moronidae,20,14,19,12,3.2
Myriapora truncata,Pagellus erythrinus,Myriaporidae,Sparidae,20,6,18,7,3.2
Calmella cavolini,Hacelia attenuata,Flabellinidae,Ophidiasteridae,19,13,17,9,3.2
Petrosia ficiformis,Sciaena umbra,Petrosiidae,Sciaenidae,19,16,19,5,3.2
Maja crispata,Parablennius pilicornis,Majidae,Blenniidae,19,14,18,15,3.2
Bothus podas,Padina pavonica,Bothidae,Dictyotaceae,19,12,14,16,3.2
Diaphorodoris papillata,Serranus cabrilla,Calycidorididae,Serranidae,18,14,16,9,3.2
Holothuria forskali,Pagellus erythrinus,Holothuriidae,Sparidae,18,9,18,8,3.2
Diplodus cervinus,Petrosia ficiformis,Sparidae,Petrosiidae,18,15,18,7,3.2
Agelas oroides,Conger conger,Agelasidae,Congridae,18,12,18,11,3.2
Pagellus erythrinus,Sabella spallanzanii,Sparidae,Sabellidae,18,6,16,10,3.2
Lepadogaster candolii,Perforatus perforatus,Gobiesocidae,Balanidae,18,9,18,8,3.2
Coscinasterias tenuispina,Sphyraena viridensis,Asteriidae,Sphyraenidae,18,13,16,16,3.2
Muraena helena,Parablennius pilicornis,Muraenidae,Blenniidae,17,14,12,15,3.2
Dardanus calidus,Synodus saurus,Diogenidae,Synodontidae,17,14,17,15,3.2
Scorpaena scrofa,Serranus scriba,Scorpaenidae,Serranidae,17,7,17,9,3.2
Caloria quatrefagesi,Holothuria tubulosa,Facelinidae,Holothuriidae,17,11,17,11,3.2
Caloria quatrefagesi,Crambe crambe,Facelinidae,Crambeidae,17,15,16,13,3.2
Gobius paganellus,Schizoporella errata,Gobiidae,Schizoporellidae,17,13,17,14,3.2
Hemimycale columella,Sciaena umbra,Hymedesmiidae,Sciaenidae,17,13,17,8,3.2
Sciaena umbra,Symphodus roissali,Sciaenidae,Labridae,17,11,16,11,3.2
Callista chione,Serpula vermicularis,Veneridae,Serpulidae,16,15,11,14,3.2
Echinaster sepositus,Tylodina perversa,Echinasteridae,Tylodinidae,16,10,15,6,3.2
Labrus merula,Microlipophrys dalmatinus,Labridae,Blenniidae,16,9,12,9,3.2
Inachus phalangium,Parablennius sanguinolentus,Inachidae,Blenniidae,16,10,15,7,3.2
Caloria quatrefagesi,Holothuria forskali,Facelinidae,Holothuriidae,15,12,15,10,3.2
Felimare villafranca,Reteporella grimaldii,Chromodorididae,Phidoloporidae,15,12,14,9,3.2
Diplodus cervinus,Serranus scriba,Sparidae,Serranidae,15,10,13,11,3.2
Bonellia viridis,Yungia aurantiaca,Bonelliidae,Pseudocerotidae,15,10,14,9,3.2
Apogon imberbis,Pagellus acarne,Apogonidae,Sparidae,15,12,12,10,3.2
Bolma rugosa,Halocynthia papillosa,Turbinidae,Pyuridae,15,11,14,11,3.2
Halimeda tuna,Microlipophrys nigriceps,Halimedaceae,Blenniidae,15,8,15,7,3.2
Eriphia verrucosa,Tricleocarpa fragilis,Eriphiidae,Galaxauraceae,15,10,15,10,3.2
Bothus podas,Tricleocarpa fragilis,Bothidae,Galaxauraceae,15,6,14,9,3.2
Coscinasterias tenuispina,Epinephelus marginatus,Asteriidae,Epinephelidae,15,11,11,14,3.2
Diplodus cervinus,Padina pavonica,Sparidae,Dictyotaceae,15,10,13,14,3.2
Parablennius pilicornis,Pinna rudis,Blenniidae,Pinnidae,15,10,15,10,3.2
Callista chione,Holothuria tubulosa,Veneridae,Holothuriidae,14,12,14,10,3.2
Callista chione,Parablennius rouxi,Veneridae,Blenniidae,14,10,14,6,3.2
Arbacia lixula,Telmatactis forskalii,Arbaciidae,Isophelliidae,14,10,13,9,3.2
Aiptasia mutabilis,Epinephelus costae,Aiptasiidae,Epinephelidae,14,10,13,5,3.2
Diaphorodoris alba,Palinurus elephas,Calycidorididae,Palinuridae,14,12,13,10,3.2
Apogon imberbis,Percnon gibbesi,Apogonidae,Percnidae,14,12,13,6,3.2
Holothuria forskali,Microlipophrys nigriceps,Holothuriidae,Blenniidae,13,11,13,7,3.2
Conger conger,Tricleocarpa fragilis,Congridae,Galaxauraceae,13,11,13,10,3.2
Palinurus elephas,Pinnoctopus macropus,Palinuridae,Octopodidae,13,5,12,7,3.2
Hacelia attenuata,Leptogorgia sarmentosa,Ophidiasteridae,Gorgoniidae,13,9,12,9,3.2
Serranus cabrilla,Tricleocarpa fragilis,Serranidae,Galaxauraceae,13,11,11,8,3.2
Nemesignis banyulensis,Perforatus perforatus,Myrrhinidae,Balanidae,13,9,11,8,3.2
Callionymus pusillus,Parablennius gattorugine,Callionymidae,Blenniidae,13,9,12,5,3.2
Boops boops,Luria lurida,Sparidae,Cypraeidae,13,8,12,9,3.2
Pinctada radiata,Serpula vermicularis,Pteriidae,Serpulidae,13,9,13,9,3.2
Pachycerianthus solitarius,Schizoporella errata,Cerianthidae,Schizoporellidae,13,10,10,9,3.2
Chromis chromis,Pomatoschistus bathi,Pomacentridae,Gobiidae,13,9,11,5,3.2
Diaphorodoris alba,Tylodina perversa,Calycidorididae,Tylodinidae,12,10,12,7,3.2
Inachus phalangium,Torpedo marmorata,Inachidae,Torpedinidae,12,5,11,7,3.2
Lithophyllum stictiforme,Oblada melanurus,Lithophyllaceae,Sparidae,12,10,11,8,3.2
Epinephelus costae,Sarcotragus fasciculatus,Epinephelidae,Irciniidae,12,10,12,5,3.2
Callionymus pusillus,Perforatus perforatus,Callionymidae,Balanidae,12,9,11,7,3.2
Coscinasterias tenuispina,Gnathophyllum elegans,Asteriidae,Gnathophyllidae,12,10,12,6,3.2
Eriphia verrucosa,Gnathophyllum elegans,Eriphiidae,Gnathophyllidae,12,6,11,7,3.2
Asparagopsis taxiformis,Pelagia noctiluca,Bonnemaisoniaceae,Pelagiidae,12,8,10,9,3.2
Pseudodistoma crucigaster,Trinchesia morrowae,Pseudodistomidae,Trinchesiidae,11,10,11,9,3.2
Microlipophrys dalmatinus,Torpedo marmorata,Blenniidae,Torpedinidae,11,6,11,6,3.2
Phallusia mammillata,Rudmania krohni,Ascidiidae,Chromodorididae,11,5,10,9,3.2
Inachus phalangium,Yungia aurantiaca,Inachidae,Pseudocerotidae,11,10,11,9,3.2
Actinia mediterranea,Centrolabrus melanocercus,Actiniidae,Labridae,11,7,10,6,3.2
Aplysia depilans,Holothuria tubulosa,Aplysiidae,Holothuriidae,11,3,10,9,3.2
Hexaplex trunculus,Pinctada radiata,Muricidae,Pteriidae,11,4,11,6,3.2
Bolma rugosa,Pomatoschistus bathi,Turbinidae,Gobiidae,10,9,10,5,3.2
Astrospartus mediterraneus,Tylodina perversa,Gorgonocephalidae,Tylodinidae,10,10,10,6,3.2
Lithophyllum stictiforme,Pelagia noctiluca,Lithophyllaceae,Pelagiidae,10,7,10,8,3.2
Astropecten platyacanthus,Coscinasterias tenuispina,Astropectinidae,Asteriidae,10,3,10,5,3.2
Goniodoridella picoensis,Mesophyllum expansum,Goniodorididae,Lithophyllaceae,10,9,9,5,3.2
Lithophyllum stictiforme,Stenopus spinosus,Lithophyllaceae,Stenopodidae,10,10,10,6,3.2
Bonellia viridis,Periclimenes amethysteus,Bonelliidae,Palaemonidae,10,6,8,9,3.2
Cliona viridis,Polysyncraton lacazei,Clionaidae,Didemnidae,10,8,10,10,3.2
Ellisolandia elongata,Microlipophrys nigriceps,Lithophyllaceae,Blenniidae,10,4,10,6,3.2
Diplodus puntazzo,Electra posidoniae,Sparidae,Electridae,10,8,10,8,3.2
Caranx crysos,Halimeda tuna,Carangidae,Halimedaceae,10,8,10,6,3.2
Steromphala varia,Symphodus tinca,Trochidae,Labridae,10,3,9,6,3.2
Electra posidoniae,Parablennius gattorugine,Electridae,Blenniidae,10,8,9,6,3.2
Actinia mediterranea,Clanculus jussieui,Actiniidae,Trochidae,10,5,10,5,3.2
Boops boops,Pinctada radiata,Sparidae,Pteriidae,10,8,10,7,3.2
Scartella cristata,Serranus scriba,Blenniidae,Serranidae,10,6,8,6,3.2
Dardanus calidus,Hermodice carunculata,Diogenidae,Amphinomidae,9,9,9,9,3.2
Diaphorodoris papillata,Periclimenes amethysteus,Calycidorididae,Palaemonidae,9,7,8,5,3.2
Callista chione,Pomatoschistus bathi,Veneridae,Gobiidae,9,6,9,6,3.2
Holothuria forskali,Lissoclinum weigelei,Holothuriidae,Didemnidae,9,7,8,5,3.2
Caulerpa cylindracea,Lithophyllum stictiforme,Caulerpaceae,Lithophyllaceae,9,7,9,6,3.2
Berghia coerulescens,Parablennius gattorugine,Aeolidiidae,Blenniidae,9,8,9,9,3.2
Diplodus puntazzo,Jania rubens,Sparidae,Lithophyllaceae,9,8,8,6,3.2
Gobius cruentatus,Parazoanthus brevitentacularis,Gobiidae,Parazoanthidae,9,7,9,7,3.2
Aiptasia mutabilis,Pagurus cuanensis,Aiptasiidae,Paguridae,9,9,9,7,3.2
Hamigera hamigera,Symphodus mediterraneus,Hymedesmiidae,Labridae,9,7,9,6,3.2
Chelon auratus,Electra posidoniae,Mugilidae,Electridae,9,7,9,7,3.2
Bothus podas,Centrolabrus melanocercus,Bothidae,Labridae,9,4,7,7,3.2
Lissoclinum weigelei,Symphodus roissali,Didemnidae,Labridae,9,5,8,7,3.2
Nemesignis banyulensis,Yungia aurantiaca,Myrrhinidae,Pseudocerotidae,8,7,8,7,3.2
Alcyonium acaule,Pagellus erythrinus,Alcyoniidae,Sparidae,8,5,7,5,3.2
Clathria jolicoeuri,Scorpaena maderensis,Microcionidae,Scorpaenidae,8,7,8,6,3.2
Apogon imberbis,Torpedo torpedo,Apogonidae,Torpedinidae,8,6,8,6,3.2
Semicassis undulata,Serranus scriba,Cassidae,Serranidae,8,8,6,7,3.2
Acinetospora crinita,Dicentrarchus labrax,Acinetosporaceae,Moronidae,8,7,8,5,3.2
Gnathophyllum elegans,Microlipophrys nigriceps,Gnathophyllidae,Blenniidae,8,5,7,5,3.2
Bosellia mimetica,Serpula vermicularis,Plakobranchidae,Serpulidae,8,7,8,6,3.2
Perforatus perforatus,Siphonaria pectinata,Balanidae,Siphonariidae,8,7,7,5,3.2
Clathria jolicoeuri,Codium bursa,Microcionidae,Codiaceae,8,5,8,5,3.2
Posidonia oceanica,Reteporella grimaldii,Posidoniaceae,Phidoloporidae,36,23,33,18,3.1
Cribrinopsis crassa,Serpula vermicularis,Actiniidae,Serpulidae,25,20,24,19,3.1
Balanophyllia europaea,Gobius cobitis,Dendrophylliidae,Gobiidae,23,14,23,9,3.1
Actinia mediterranea,Conger conger,Actiniidae,Congridae,22,11,20,9,3.1
Crambe crambe,Gobius paganellus,Crambeidae,Gobiidae,22,16,21,13,3.1
Coscinasterias tenuispina,Parablennius rouxi,Asteriidae,Blenniidae,22,18,22,10,3.1
Actinia mediterranea,Serranus scriba,Actiniidae,Serranidae,22,20,22,8,3.1
Arbacia lixula,Scorpaena scrofa,Arbaciidae,Scorpaenidae,21,13,20,7,3.1
Chondrosia reniformis,Cribrinopsis crassa,Chondrillidae,Actiniidae,20,11,18,12,3.1
Serpula vermicularis,Tylodina perversa,Serpulidae,Tylodinidae,20,7,18,9,3.1
Branchiomma luctuosum,Parablennius rouxi,Sabellidae,Blenniidae,20,4,15,12,3.1
Gobius incognitus,Parablennius rouxi,Gobiidae,Blenniidae,20,13,20,14,3.1
Calmella cavolini,Holothuria forskali,Flabellinidae,Holothuriidae,19,15,19,7,3.1
Diaphorodoris papillata,Scorpaena scrofa,Calycidorididae,Scorpaenidae,19,14,18,5,3.1
Holothuria tubulosa,Sciaena umbra,Holothuriidae,Sciaenidae,19,10,18,9,3.1
Codium bursa,Phycis phycis,Codiaceae,Phycidae,19,9,19,10,3.1
Gobius paganellus,Pennaria disticha,Gobiidae,Pennariidae,19,12,19,11,3.1
Coscinasterias tenuispina,Hemimycale columella,Asteriidae,Hymedesmiidae,19,11,18,14,3.1
Gobius cobitis,Pagellus erythrinus,Gobiidae,Sparidae,19,7,15,8,3.1
Diplodus puntazzo,Reteporella grimaldii,Sparidae,Phidoloporidae,19,11,18,9,3.1
Parablennius zvonimiri,Serranus cabrilla,Blenniidae,Serranidae,19,10,13,8,3.1
Lepadogaster candolii,Petrosia ficiformis,Gobiesocidae,Petrosiidae,18,10,18,8,3.1
Bothus podas,Conger conger,Bothidae,Congridae,18,13,17,12,3.1
Boops boops,Holothuria forskali,Sparidae,Holothuriidae,18,16,18,10,3.1
Boops boops,Echinaster sepositus,Sparidae,Echinasteridae,18,14,16,7,3.1
Aidablennius sphynx,Mesophyllum expansum,Blenniidae,Lithophyllaceae,18,11,16,8,3.1
Aiptasia couchii,Lepadogaster candolii,Aiptasiidae,Gobiesocidae,18,6,16,9,3.1
Coscinasterias tenuispina,Symphodus tinca,Asteriidae,Labridae,18,13,18,14,3.1
Bonellia viridis,Schizoporella errata,Bonelliidae,Schizoporellidae,18,11,16,9,3.1
Chromis chromis,Holothuria forskali,Pomacentridae,Holothuriidae,17,12,16,9,3.1
Actinia mediterranea,Pinna rudis,Actiniidae,Pinnidae,17,10,16,10,3.1
Pycnoclavella communis,Serranus scriba,Pycnoclavellidae,Serranidae,17,13,17,11,3.1
Aiptasia mutabilis,Caulerpa cylindracea,Aiptasiidae,Caulerpaceae,17,9,16,12,3.1
Calmella cavolini,Serranus cabrilla,Flabellinidae,Serranidae,17,12,17,5,3.1
Eriphia verrucosa,Lepadogaster candolii,Eriphiidae,Gobiesocidae,17,12,17,9,3.1
Coscinasterias tenuispina,Mullus surmuletus,Asteriidae,Mullidae,17,13,15,13,3.1
Aidablennius sphynx,Synodus saurus,Blenniidae,Synodontidae,17,8,13,8,3.1
Anthias anthias,Scorpaena maderensis,Anthiadidae,Scorpaenidae,16,14,16,14,3.1
Hacelia attenuata,Lepadogaster candolii,Ophidiasteridae,Gobiesocidae,16,10,15,6,3.1
Hemimycale columella,Serranus cabrilla,Hymedesmiidae,Serranidae,16,12,16,5,3.1
Scorpaena scrofa,Sphyraena viridensis,Scorpaenidae,Sphyraenidae,16,10,16,8,3.1
Aiptasia couchii,Caloria quatrefagesi,Aiptasiidae,Facelinidae,16,8,15,9,3.1
Echinaster sepositus,Prostheceraeus roseus,Echinasteridae,Euryleptidae,16,11,13,8,3.1
Agelas oroides,Schizoporella errata,Agelasidae,Schizoporellidae,16,8,15,7,3.1
Conger conger,Prostheceraeus roseus,Congridae,Euryleptidae,15,12,15,9,3.1
Microlipophrys dalmatinus,Sarcotragus fasciculatus,Blenniidae,Irciniidae,15,11,14,9,3.1
Scorpaena maderensis,Xyrichtys novacula,Scorpaenidae,Labridae,15,10,11,9,3.1
Bolma rugosa,Holothuria tubulosa,Turbinidae,Holothuriidae,15,15,15,12,3.1
Bolma rugosa,Halimeda tuna,Turbinidae,Halimedaceae,15,11,15,8,3.1
Acetabularia acetabulum,Pinna rudis,Polyphysaceae,Pinnidae,15,11,15,8,3.1
Boops boops,Pachycerianthus solitarius,Sparidae,Cerianthidae,15,10,13,12,3.1
Caulerpa cylindracea,Perforatus perforatus,Caulerpaceae,Balanidae,15,7,14,7,3.1
Hemimycale columella,Luisella babai,Hymedesmiidae,Samlidae,14,11,14,7,3.1
Lepadogaster candolii,Reteporella grimaldii,Gobiesocidae,Phidoloporidae,14,13,14,5,3.1
Caloria quatrefagesi,Hemimycale columella,Facelinidae,Hymedesmiidae,14,11,14,7,3.1
Phycis phycis,Tricleocarpa fragilis,Phycidae,Galaxauraceae,14,8,14,9,3.1
Aidablennius sphynx,Caloria quatrefagesi,Blenniidae,Facelinidae,14,7,12,8,3.1
Ellisolandia elongata,Pycnoclavella communis,Lithophyllaceae,Pycnoclavellidae,14,8,12,8,3.1
Caloria quatrefagesi,Dicentrarchus labrax,Facelinidae,Moronidae,14,10,13,5,3.1
Inachus phalangium,Mullus surmuletus,Inachidae,Mullidae,14,9,12,10,3.1
Microlipophrys dalmatinus,Stramonita haemastoma,Blenniidae,Muricidae,14,8,13,12,3.1
Percnon gibbesi,Protula tubularia,Percnidae,Serpulidae,14,11,13,9,3.1
Caulerpa cylindracea,Chondrosia reniformis,Caulerpaceae,Chondrillidae,14,7,12,11,3.1
Apogon imberbis,Pomatoschistus bathi,Apogonidae,Gobiidae,14,7,11,9,3.1
Dicentrarchus labrax,Xyrichtys novacula,Moronidae,Labridae,14,11,14,6,3.1
Conger conger,Diaphorodoris alba,Congridae,Calycidorididae,13,12,12,7,3.1
Holothuria forskali,Pinnoctopus macropus,Holothuriidae,Octopodidae,13,9,13,7,3.1
Gobius paganellus,Yungia aurantiaca,Gobiidae,Pseudocerotidae,13,7,10,9,3.1
Astrospartus mediterraneus,Parablennius rouxi,Gorgonocephalidae,Blenniidae,13,11,13,9,3.1
Halimeda tuna,Telmatactis forskalii,Halimedaceae,Isophelliidae,13,8,12,9,3.1
Crambe crambe,Seriola dumerili,Crambeidae,Carangidae,13,13,13,11,3.1
Microlipophrys dalmatinus,Sphyraena viridensis,Blenniidae,Sphyraenidae,13,10,12,11,3.1
Arbacia lixula,Epinephelus costae,Arbaciidae,Epinephelidae,13,12,13,8,3.1
Pomatoschistus bathi,Symphodus roissali,Gobiidae,Labridae,13,9,11,8,3.1
Chondrosia reniformis,Percnon gibbesi,Chondrillidae,Percnidae,13,8,12,9,3.1
Felimare fontandraui,Inachus phalangium,Chromodorididae,Inachidae,12,10,12,9,3.1
Apogon imberbis,Prostheceraeus moseleyi,Apogonidae,Euryleptidae,12,10,12,11,3.1
Chamelea gallina,Eriphia verrucosa,Veneridae,Eriphiidae,12,10,12,9,3.1
Branchiomma luctuosum,Percnon gibbesi,Sabellidae,Percnidae,12,9,11,10,3.1
Epinephelus costae,Myriapora truncata,Epinephelidae,Myriaporidae,12,9,12,6,3.1
Microlipophrys nigriceps,Symphodus tinca,Blenniidae,Labridae,12,6,11,7,3.1
Pinnoctopus macropus,Tylodina perversa,Octopodidae,Tylodinidae,11,9,10,7,3.1
Callista chione,Conger conger,Veneridae,Congridae,11,7,10,6,3.1
Prostheceraeus moseleyi,Thericium vulgatum,Euryleptidae,Cerithiidae,11,10,11,7,3.1
Oculina patagonica,Prostheceraeus moseleyi,Oculinidae,Euryleptidae,11,7,11,7,3.1
Inachus phalangium,Leptogorgia sarmentosa,Inachidae,Gorgoniidae,11,8,11,9,3.1
Dictyota cyanoloma,Symphodus roissali,Dictyotaceae,Labridae,11,5,10,8,3.1
Aplysia depilans,Ircinia oros,Aplysiidae,Irciniidae,11,5,10,8,3.1
Goniodoridella picoensis,Sphaerococcus coronopifolius,Goniodorididae,Sphaerococcaceae,11,9,10,6,3.1
Aplysia depilans,Gobius cruentatus,Aplysiidae,Gobiidae,11,7,11,7,3.1
Aiptasia couchii,Pinctada radiata,Aiptasiidae,Pteriidae,11,6,11,9,3.1
Actinia mediterranea,Caranx crysos,Actiniidae,Carangidae,11,10,10,10,3.1
Goniodoridella picoensis,Pentapora fascialis,Goniodorididae,Bitectiporidae,10,10,10,7,3.1
Astrospartus mediterraneus,Rudmania krohni,Gorgonocephalidae,Chromodorididae,10,6,10,6,3.1
Rudmania krohni,Rugulopteryx okamurae,Chromodorididae,Dictyotaceae,10,7,9,7,3.1
Dictyota cyanoloma,Ophisurus serpens,Dictyotaceae,Ophichthidae,10,3,9,8,3.1
Branchiomma luctuosum,Peronaea planata,Sabellidae,Tellinidae,10,6,10,6,3.1
Aplysia depilans,Perforatus perforatus,Aplysiidae,Balanidae,10,8,10,7,3.1
Eunicella singularis,Pinna rudis,Gorgoniidae,Pinnidae,10,7,9,8,3.1
Astropecten platyacanthus,Bothus podas,Astropectinidae,Bothidae,10,7,9,8,3.1
Paradoris indecora,Sarcotragus fasciculatus,Discodorididae,Irciniidae,10,5,10,5,3.1
Bothus podas,Hermodice carunculata,Bothidae,Amphinomidae,10,9,10,9,3.1
Chelon auratus,Dactylopterus volitans,Mugilidae,Dactylopteridae,10,10,8,9,3.1
Bolma rugosa,Luria lurida,Turbinidae,Cypraeidae,9,6,9,6,3.1
Lithophyllum stictiforme,Luisella babai,Lithophyllaceae,Samlidae,9,7,9,5,3.1
Pentapora fascialis,Thylacodes arenarius,Bitectiporidae,Vermetidae,9,9,9,7,3.1
Diaphorodoris alba,Lithophyllum stictiforme,Calycidorididae,Lithophyllaceae,9,9,7,7,3.1
Inachus phalangium,Peronaea planata,Inachidae,Tellinidae,9,7,9,5,3.1
Amphiroa rigida,Callista chione,Lithophyllaceae,Veneridae,9,7,9,6,3.1
Callionymus pusillus,Schizoporella errata,Callionymidae,Schizoporellidae,9,5,6,5,3.1
Limaria hians,Parablennius pilicornis,Limidae,Blenniidae,9,5,9,6,3.1
Bothus podas,Semicassis undulata,Bothidae,Cassidae,9,7,8,5,3.1
Hamigera hamigera,Labrus merula,Hymedesmiidae,Labridae,9,9,9,7,3.1
Hamigera hamigera,Protula tubularia,Hymedesmiidae,Serpulidae,9,7,9,6,3.1
Chamelea gallina,Xyrichtys novacula,Veneridae,Labridae,9,9,8,7,3.1
Dactylopterus volitans,Stenopus spinosus,Dactylopteridae,Stenopodidae,8,6,8,7,3.1
Calmella cavolini,Tritia neritea,Flabellinidae,Nassariidae,8,5,8,5,3.1
Hamigera hamigera,Thericium vulgatum,Hymedesmiidae,Cerithiidae,8,7,8,7,3.1
Bonellia viridis,Chelidonichthys lastoviza,Bonelliidae,Triglidae,8,3,7,6,3.1
Acetabularia acetabulum,Echinocardium cordatum,Polyphysaceae,Loveniidae,8,5,7,6,3.1
Bispira volutacornis,Parablennius rouxi,Sabellidae,Blenniidae,8,4,8,7,3.1
Electra posidoniae,Gobius incognitus,Electridae,Gobiidae,8,7,8,5,3.1
Caloria quatrefagesi,Posidonia oceanica,Facelinidae,Posidoniaceae,31,15,29,12,3.0
Cribrinopsis crassa,Ircinia oros,Actiniidae,Irciniidae,22,15,21,12,3.0
Crambe crambe,Eriphia verrucosa,Crambeidae,Eriphiidae,22,16,21,13,3.0
Bonellia viridis,Bothus podas,Bonelliidae,Bothidae,22,10,21,15,3.0
Hacelia attenuata,Parablennius rouxi,Ophidiasteridae,Blenniidae,20,14,20,15,3.0
Parablennius rouxi,Stramonita haemastoma,Blenniidae,Muricidae,20,10,14,16,3.0
Protula tubularia,Pycnoclavella communis,Serpulidae,Pycnoclavellidae,20,17,19,13,3.0
Hacelia attenuata,Halimeda tuna,Ophidiasteridae,Halimedaceae,20,15,19,10,3.0
Halimeda tuna,Lipophrys trigloides,Halimedaceae,Blenniidae,20,13,20,11,3.0
Parablennius pilicornis,Pentapora fascialis,Blenniidae,Bitectiporidae,20,17,19,15,3.0
Cribrinopsis crassa,Scorpaena maderensis,Actiniidae,Scorpaenidae,19,14,18,15,3.0
Ircinia oros,Serranus cabrilla,Irciniidae,Serranidae,19,13,18,6,3.0
Echinaster sepositus,Hexaplex trunculus,Echinasteridae,Muricidae,19,13,17,9,3.0
Agelas oroides,Coscinasterias tenuispina,Agelasidae,Asteriidae,19,13,17,13,3.0
Calmella cavolini,Coscinasterias tenuispina,Flabellinidae,Asteriidae,19,12,19,6,3.0
Coscinasterias tenuispina,Echinaster sepositus,Asteriidae,Echinasteridae,18,12,18,13,3.0
Conger conger,Labrus merula,Congridae,Labridae,18,8,15,8,3.0
Bothus podas,Branchiomma luctuosum,Bothidae,Sabellidae,18,9,17,12,3.0
Myriapora truncata,Tylodina perversa,Myriaporidae,Tylodinidae,17,13,14,10,3.0
Serranus cabrilla,Symphodus mediterraneus,Serranidae,Labridae,17,13,12,10,3.0
Balanophyllia europaea,Tylodina perversa,Dendrophylliidae,Tylodinidae,17,12,15,8,3.0
Sphaerococcus coronopifolius,Tylodina perversa,Sphaerococcaceae,Tylodinidae,17,11,15,8,3.0
Pennaria disticha,Scorpaena scrofa,Pennariidae,Scorpaenidae,17,10,17,6,3.0
Bothus podas,Sciaena umbra,Bothidae,Sciaenidae,17,13,17,14,3.0
Calmella cavolini,Ophisurus serpens,Flabellinidae,Ophichthidae,16,9,15,8,3.0
Holothuria forskali,Sciaena umbra,Holothuriidae,Sciaenidae,16,12,16,11,3.0
Gobius cobitis,Pelagia noctiluca,Gobiidae,Pelagiidae,16,13,16,11,3.0
Eunicella singularis,Parablennius gattorugine,Gorgoniidae,Blenniidae,16,13,16,11,3.0
Mullus surmuletus,Pentapora fascialis,Mullidae,Bitectiporidae,16,12,14,12,3.0
Ariosoma balearicum,Gobius cobitis,Congridae,Gobiidae,16,5,15,7,3.0
Lipophrys trigloides,Sphyraena viridensis,Blenniidae,Sphyraenidae,16,11,12,12,3.0
Sabella spallanzanii,Sciaena umbra,Sabellidae,Sciaenidae,16,10,14,11,3.0
Aidablennius sphynx,Sciaena umbra,Blenniidae,Sciaenidae,16,10,14,8,3.0
Maja crispata,Pagellus erythrinus,Majidae,Sparidae,15,13,15,11,3.0
Halocynthia papillosa,Luisella babai,Pyuridae,Samlidae,15,6,15,5,3.0
Actinia mediterranea,Lithophyllum stictiforme,Actiniidae,Lithophyllaceae,15,12,15,8,3.0
Chondrosia reniformis,Stenopus spinosus,Chondrillidae,Stenopodidae,15,11,15,7,3.0
Coscinasterias tenuispina,Pachycerianthus solitarius,Asteriidae,Cerianthidae,15,10,15,8,3.0
Serranus cabrilla,Symphodus tinca,Serranidae,Labridae,15,9,13,10,3.0
Agelas oroides,Pelagia noctiluca,Agelasidae,Pelagiidae,15,10,15,11,3.0
Diplodus cervinus,Thericium vulgatum,Sparidae,Cerithiidae,15,9,13,12,3.0
Ariosoma balearicum,Dardanus calidus,Congridae,Diogenidae,14,12,14,11,3.0
Palinurus elephas,Pelagia noctiluca,Palinuridae,Pelagiidae,14,12,14,10,3.0
Agelas oroides,Caloria quatrefagesi,Agelasidae,Facelinidae,14,11,14,7,3.0
Ircinia oros,Yungia aurantiaca,Irciniidae,Pseudocerotidae,14,11,13,7,3.0
Chromis chromis,Inachus phalangium,Pomacentridae,Inachidae,14,13,12,10,3.0
Pelagia noctiluca,Scorpaena scrofa,Pelagiidae,Scorpaenidae,14,9,13,11,3.0
Apogon imberbis,Caulerpa cylindracea,Apogonidae,Caulerpaceae,14,9,12,12,3.0
Microlipophrys nigriceps,Protula tubularia,Blenniidae,Serpulidae,14,9,13,5,3.0
Microlipophrys dalmatinus,Oblada melanurus,Blenniidae,Sparidae,14,10,13,7,3.0
Gobius paganellus,Torpedo marmorata,Gobiidae,Torpedinidae,14,7,11,7,3.0
Bothus podas,Torpedo marmorata,Bothidae,Torpedinidae,14,9,12,5,3.0
Boops boops,Xyrichtys novacula,Sparidae,Labridae,14,11,14,6,3.0
Felimare villafranca,Pachycerianthus solitarius,Chromodorididae,Cerianthidae,13,6,12,7,3.0
Maja crispata,Muraena helena,Majidae,Muraenidae,13,11,13,10,3.0
Cribrinopsis crassa,Pinna rudis,Actiniidae,Pinnidae,13,9,13,9,3.0
Muraena helena,Serranus cabrilla,Muraenidae,Serranidae,13,9,11,7,3.0
Caloria quatrefagesi,Dardanus calidus,Facelinidae,Diogenidae,13,10,13,8,3.0
Ariosoma balearicum,Maja crispata,Congridae,Majidae,13,7,12,7,3.0
Dictyota cyanoloma,Diplodus puntazzo,Dictyotaceae,Sparidae,13,8,12,11,3.0
Maja crispata,Pelagia noctiluca,Majidae,Pelagiidae,13,11,13,10,3.0
Acetabularia acetabulum,Telmatactis forskalii,Polyphysaceae,Isophelliidae,13,9,12,6,3.0
Apogon imberbis,Luria lurida,Apogonidae,Cypraeidae,13,7,12,9,3.0
Flabellia petiolata,Percnon gibbesi,Codiaceae,Percnidae,13,10,13,6,3.0
Pagellus acarne,Symphodus roissali,Sparidae,Labridae,13,9,10,9,3.0
Astrospartus mediterraneus,Petrosia ficiformis,Gorgonocephalidae,Petrosiidae,12,10,12,9,3.0
Halocynthia papillosa,Prostheceraeus moseleyi,Pyuridae,Euryleptidae,12,11,11,9,3.0
Flabellia petiolata,Nemesignis banyulensis,Codiaceae,Myrrhinidae,12,9,12,9,3.0
Prostheceraeus roseus,Tricleocarpa fragilis,Euryleptidae,Galaxauraceae,12,12,12,9,3.0
Apogon imberbis,Telmatactis forskalii,Apogonidae,Isophelliidae,12,9,11,7,3.0
Bolma rugosa,Serranus scriba,Turbinidae,Serranidae,12,7,12,9,3.0
Bolma rugosa,Symphodus tinca,Turbinidae,Labridae,12,10,11,10,3.0
Acetabularia acetabulum,Scartella cristata,Polyphysaceae,Blenniidae,12,10,10,10,3.0
Pomatoschistus bathi,Tylodina perversa,Gobiidae,Tylodinidae,11,10,11,6,3.0
Felimare villafranca,Pseudodistoma crucigaster,Chromodorididae,Pseudodistomidae,11,7,11,5,3.0
Pinnoctopus macropus,Reteporella grimaldii,Octopodidae,Phidoloporidae,11,7,10,5,3.0
Astrospartus mediterraneus,Holothuria forskali,Gorgonocephalidae,Holothuriidae,11,11,11,8,3.0
Hacelia attenuata,Rugulopteryx okamurae,Ophidiasteridae,Dictyotaceae,11,6,11,6,3.0
Lipophrys trigloides,Seriola dumerili,Blenniidae,Carangidae,11,9,11,8,3.0
Dictyota cyanoloma,Oblada melanurus,Dictyotaceae,Sparidae,11,3,9,10,3.0
Pelagia noctiluca,Tricleocarpa fragilis,Pelagiidae,Galaxauraceae,11,10,10,7,3.0
Microlipophrys nigriceps,Sphyraena viridensis,Blenniidae,Sphyraenidae,11,7,9,7,3.0
Halimeda tuna,Ophidiaster ophidianus,Halimedaceae,Ophidiasteridae,11,9,11,5,3.0
Pseudodistoma crucigaster,Sciaena umbra,Pseudodistomidae,Sciaenidae,11,9,10,10,3.0
Acetabularia acetabulum,Pinctada radiata,Polyphysaceae,Pteriidae,11,6,11,6,3.0
Diplodus sargus,Percnon gibbesi,Sparidae,Percnidae,11,9,7,8,3.0
Bolma rugosa,Tritia mutabilis,Turbinidae,Nassariidae,10,10,10,8,3.0
Astrospartus mediterraneus,Conger conger,Gorgonocephalidae,Congridae,10,9,10,7,3.0
Hermodice carunculata,Petrosia ficiformis,Amphinomidae,Petrosiidae,10,9,10,7,3.0
Caulerpa cylindracea,Epinephelus marginatus,Caulerpaceae,Epinephelidae,10,10,9,7,3.0
Lithophyllum stictiforme,Rudmania krohni,Lithophyllaceae,Chromodorididae,10,9,10,8,3.0
Crambe crambe,Thylacodes arenarius,Crambeidae,Vermetidae,10,10,10,7,3.0
Pagellus acarne,Tricleocarpa fragilis,Sparidae,Galaxauraceae,10,5,9,6,3.0
Callionymus pusillus,Symphodus tinca,Callionymidae,Labridae,10,6,9,5,3.0
Pinna rudis,Xyrichtys novacula,Pinnidae,Labridae,10,8,9,7,3.0
Torpedo marmorata,Yungia aurantiaca,Torpedinidae,Pseudocerotidae,9,7,8,6,3.0
Astropecten platyacanthus,Holothuria forskali,Astropectinidae,Holothuriidae,9,7,9,6,3.0
Ariosoma balearicum,Seriola dumerili,Congridae,Carangidae,9,8,8,7,3.0
Pinnoctopus macropus,Pomatoschistus bathi,Octopodidae,Gobiidae,9,6,9,5,3.0
Electra posidoniae,Petrosia ficiformis,Electridae,Petrosiidae,9,8,9,7,3.0
Actinia mediterranea,Phoronis hippocrepia,Actiniidae,Phoronidae,9,3,9,6,3.0
Aiptasia mutabilis,Myxicola infundibulum,Aiptasiidae,Sabellidae,9,7,9,7,3.0
Pagellus acarne,Percnon gibbesi,Sparidae,Percnidae,9,9,9,5,3.0
Caranx crysos,Hexaplex trunculus,Carangidae,Muricidae,9,9,9,7,3.0
Bolma rugosa,Nemesignis banyulensis,Turbinidae,Myrrhinidae,8,7,7,5,3.0
Pachycerianthus solitarius,Steromphala varia,Cerianthidae,Trochidae,8,8,8,5,3.0
Dactylopterus volitans,Inachus phalangium,Dactylopteridae,Inachidae,8,7,8,7,3.0
Marionia blainvillea,Sarcotragus fasciculatus,Tritoniidae,Irciniidae,8,7,7,8,3.0
Acinetospora crinita,Cribrinopsis crassa,Acinetosporaceae,Actiniidae,8,8,8,6,3.0
Gobius cobitis,Polititapes aureus,Gobiidae,Veneridae,8,5,8,5,3.0
Hamigera hamigera,Oblada melanurus,Hymedesmiidae,Sparidae,8,6,7,8,3.0
Hermodice carunculata,Thalassoma pavo,Amphinomidae,Labridae,8,7,6,5,3.0
Phorbas tenacior,Semicassis undulata,Hymedesmiidae,Cassidae,8,7,7,5,3.0
Clathria jolicoeuri,Hexaplex trunculus,Microcionidae,Muricidae,8,6,8,6,3.0
Acinetospora crinita,Coscinasterias tenuispina,Acinetosporaceae,Asteriidae,8,7,8,6,3.0
Parablennius zvonimiri,Platydoris argo,Blenniidae,Discodorididae,8,5,7,6,3.0
Parazoanthus brevitentacularis,Perforatus perforatus,Parazoanthidae,Balanidae,8,7,8,7,3.0
Scyllarides latus,Symphodus mediterraneus,Scyllaridae,Labridae,8,6,7,5,3.0
Asparagopsis taxiformis,Scartella cristata,Bonnemaisoniaceae,Blenniidae,8,5,7,7,3.0
Boops boops,Semicassis undulata,Sparidae,Cassidae,8,7,7,7,3.0
Ellisolandia elongata,Epinephelus costae,Lithophyllaceae,Epinephelidae,8,6,7,5,3.0
Caranx crysos,Thericium vulgatum,Carangidae,Cerithiidae,8,6,8,5,3.0
Pagellus erythrinus,Posidonia oceanica,Sparidae,Posidoniaceae,37,13,33,15,2.9
Acetabularia acetabulum,Parablennius rouxi,Polyphysaceae,Blenniidae,23,15,22,16,2.9
Cribrinopsis crassa,Halimeda tuna,Actiniidae,Halimedaceae,20,14,19,11,2.9
Cliona viridis,Gobius paganellus,Clionaidae,Gobiidae,20,15,19,11,2.9
Halimeda tuna,Phycis phycis,Halimedaceae,Phycidae,20,10,20,10,2.9
Crambe crambe,Lipophrys trigloides,Crambeidae,Blenniidae,20,18,19,10,2.9
Hemimycale columella,Parablennius zvonimiri,Hymedesmiidae,Blenniidae,19,13,17,14,2.9
Codium bursa,Eriphia verrucosa,Codiaceae,Eriphiidae,19,13,18,9,2.9
Pagellus erythrinus,Parablennius zvonimiri,Sparidae,Blenniidae,19,11,19,10,2.9
Phycis phycis,Scorpaena maderensis,Phycidae,Scorpaenidae,18,10,18,11,2.9
Calmella cavolini,Mesophyllum expansum,Flabellinidae,Lithophyllaceae,18,9,17,7,2.9
Coscinasterias tenuispina,Holothuria forskali,Asteriidae,Holothuriidae,18,11,18,8,2.9
Parablennius gattorugine,Prostheceraeus roseus,Blenniidae,Euryleptidae,18,13,18,13,2.9
Balanophyllia europaea,Conger conger,Dendrophylliidae,Congridae,18,13,18,10,2.9
Parablennius gattorugine,Sciaena umbra,Blenniidae,Sciaenidae,18,13,17,13,2.9
Apogon imberbis,Pycnoclavella communis,Apogonidae,Pycnoclavellidae,18,14,16,11,2.9
Hacelia attenuata,Symphodus mediterraneus,Ophidiasteridae,Labridae,18,11,17,10,2.9
Agelas oroides,Chelon auratus,Agelasidae,Mugilidae,18,6,18,6,2.9
Dicentrarchus labrax,Symphodus mediterraneus,Moronidae,Labridae,18,10,12,10,2.9
Halimeda tuna,Lepadogaster candolii,Halimedaceae,Gobiesocidae,17,8,15,7,2.9
Lipophrys trigloides,Thericium vulgatum,Blenniidae,Cerithiidae,17,15,16,12,2.9
Mesophyllum expansum,Parablennius sanguinolentus,Lithophyllaceae,Blenniidae,17,9,17,9,2.9
Parablennius pilicornis,Sciaena umbra,Blenniidae,Sciaenidae,17,10,15,13,2.9
Crambe crambe,Muraena helena,Crambeidae,Muraenidae,16,12,15,16,2.9
Arbacia lixula,Caloria quatrefagesi,Arbaciidae,Facelinidae,16,13,15,11,2.9
Conger conger,Pentapora fascialis,Congridae,Bitectiporidae,16,9,14,10,2.9
Palinurus elephas,Symphodus roissali,Palinuridae,Labridae,16,7,15,13,2.9
Muraena helena,Parablennius zvonimiri,Muraenidae,Blenniidae,16,9,13,8,2.9
Apogon imberbis,Inachus phalangium,Apogonidae,Inachidae,16,10,15,13,2.9
Actinia mediterranea,Pomatoschistus bathi,Actiniidae,Gobiidae,16,13,16,7,2.9
Chromis chromis,Echinaster sepositus,Pomacentridae,Echinasteridae,16,15,14,13,2.9
Acetabularia acetabulum,Xyrichtys novacula,Polyphysaceae,Labridae,16,7,15,6,2.9
Lipophrys trigloides,Padina pavonica,Blenniidae,Dictyotaceae,16,13,14,11,2.9
Dicentrarchus labrax,Pagellus erythrinus,Moronidae,Sparidae,16,8,13,10,2.9
Diaphorodoris papillata,Muraena helena,Calycidorididae,Muraenidae,15,12,14,8,2.9
Calmella cavolini,Inachus phalangium,Flabellinidae,Inachidae,15,11,15,6,2.9
Diaphorodoris alba,Parablennius rouxi,Calycidorididae,Blenniidae,15,13,14,9,2.9
Caloria quatrefagesi,Parablennius pilicornis,Facelinidae,Blenniidae,15,12,12,13,2.9
Conger conger,Scorpaena scrofa,Congridae,Scorpaenidae,15,12,15,7,2.9
Sarcotragus fasciculatus,Stenopus spinosus,Irciniidae,Stenopodidae,15,9,14,8,2.9
Hemimycale columella,Maja crispata,Hymedesmiidae,Majidae,15,10,14,9,2.9
Hacelia attenuata,Sciaena umbra,Ophidiasteridae,Sciaenidae,15,10,15,7,2.9
Codium bursa,Tylodina perversa,Codiaceae,Tylodinidae,15,9,12,10,2.9
Eunicella gazella,Hemimycale columella,Gorgoniidae,Hymedesmiidae,14,12,14,8,2.9
Aiptasia mutabilis,Phallusia mammillata,Aiptasiidae,Ascidiidae,14,9,13,11,2.9
Parablennius gattorugine,Pinna rudis,Blenniidae,Pinnidae,14,9,13,10,2.9
Luisella babai,Symphodus mediterraneus,Samlidae,Labridae,14,7,13,6,2.9
Asparagopsis taxiformis,Chondrosia reniformis,Bonnemaisoniaceae,Chondrillidae,14,11,13,9,2.9
Microlipophrys dalmatinus,Scorpaena maderensis,Blenniidae,Scorpaenidae,14,10,11,8,2.9
Serranus cabrilla,Sphyraena viridensis,Serranidae,Sphyraenidae,14,11,14,7,2.9
Amphiroa rigida,Bothus podas,Lithophyllaceae,Bothidae,14,11,14,11,2.9
Diplodus puntazzo,Microlipophrys nigriceps,Sparidae,Blenniidae,14,9,10,6,2.9
Luria lurida,Parablennius gattorugine,Cypraeidae,Blenniidae,14,8,13,9,2.9
Diplodus cervinus,Gobius incognitus,Sparidae,Gobiidae,14,9,10,13,2.9
Reteporella grimaldii,Serranus scriba,Phidoloporidae,Serranidae,14,13,13,11,2.9
Bothus podas,Ellisolandia elongata,Bothidae,Lithophyllaceae,14,12,13,10,2.9
Lepadogaster candolii,Tylodina perversa,Gobiesocidae,Tylodinidae,13,8,13,7,2.9
Aiptasia mutabilis,Telmatactis forskalii,Aiptasiidae,Isophelliidae,13,9,13,10,2.9
Pycnoclavella communis,Tricleocarpa fragilis,Pycnoclavellidae,Galaxauraceae,13,10,13,8,2.9
Actinia mediterranea,Scartella cristata,Actiniidae,Blenniidae,13,9,11,12,2.9
Padina pavonica,Pelagia noctiluca,Dictyotaceae,Pelagiidae,13,12,13,11,2.9
Anthias anthias,Diplodus sargus,Anthiadidae,Sparidae,13,8,12,11,2.9
Chondrosia reniformis,Pagellus acarne,Chondrillidae,Sparidae,13,9,12,10,2.9
Felimare villafranca,Luisella babai,Chromodorididae,Samlidae,12,10,12,10,2.9
Anthias anthias,Tylodina perversa,Anthiadidae,Tylodinidae,12,7,11,6,2.9
Halimeda tuna,Prostheceraeus moseleyi,Halimedaceae,Euryleptidae,12,11,12,9,2.9
Caulerpa cylindracea,Padina pavonica,Caulerpaceae,Dictyotaceae,12,6,10,8,2.9
Pomatoschistus bathi,Symphodus tinca,Gobiidae,Labridae,12,9,12,8,2.9
Asparagopsis taxiformis,Prostheceraeus roseus,Bonnemaisoniaceae,Euryleptidae,12,8,9,7,2.9
Agelas oroides,Microlipophrys nigriceps,Agelasidae,Blenniidae,12,4,12,6,2.9
Pagellus acarne,Symphodus tinca,Sparidae,Labridae,12,12,11,10,2.9
Anthias anthias,Felimare fontandraui,Anthiadidae,Chromodorididae,11,11,11,9,2.9
Pagellus erythrinus,Yungia aurantiaca,Sparidae,Pseudocerotidae,11,7,11,5,2.9
Diplodus puntazzo,Ophidiaster ophidianus,Sparidae,Ophidiasteridae,11,9,11,7,2.9
Chondrosia reniformis,Nemesignis banyulensis,Chondrillidae,Myrrhinidae,11,8,10,7,2.9
Chondrosia reniformis,Prostheceraeus moseleyi,Chondrillidae,Euryleptidae,11,9,11,8,2.9
Arbacia lixula,Ophidiaster ophidianus,Arbaciidae,Ophidiasteridae,11,10,11,5,2.9
Torpedo marmorata,Tylodina perversa,Torpedinidae,Tylodinidae,11,7,10,5,2.9
Phallusia mammillata,Sabella spallanzanii,Ascidiidae,Sabellidae,11,9,10,7,2.9
Diplodus sargus,Pseudodistoma crucigaster,Sparidae,Pseudodistomidae,11,8,10,7,2.9
Chamelea gallina,Chelon auratus,Veneridae,Mugilidae,11,8,10,5,2.9
Coscinasterias tenuispina,Seriola dumerili,Asteriidae,Carangidae,11,7,11,5,2.9
Padina pavonica,Percnon gibbesi,Dictyotaceae,Percnidae,11,8,11,6,2.9
Facelina rubrovittata,Holothuria forskali,Facelinidae,Holothuriidae,10,8,10,5,2.9
Dactylopterus volitans,Gobius cobitis,Dactylopteridae,Gobiidae,10,8,8,6,2.9
Pennaria disticha,Pomadasys incisus,Pennariidae,Haemulidae,10,9,9,9,2.9
Amphiroa rigida,Microlipophrys dalmatinus,Lithophyllaceae,Blenniidae,10,5,10,6,2.9
Epinephelus costae,Sabella spallanzanii,Epinephelidae,Sabellidae,10,8,9,5,2.9
Callionymus pusillus,Oblada melanurus,Callionymidae,Sparidae,10,8,9,7,2.9
Inachus phalangium,Prostheceraeus moseleyi,Inachidae,Euryleptidae,9,8,9,6,2.9
Callionymus pusillus,Maja crispata,Callionymidae,Majidae,9,7,8,6,2.9
Bolma rugosa,Pagellus acarne,Turbinidae,Sparidae,9,7,9,5,2.9
Gnathophyllum elegans,Rudmania krohni,Gnathophyllidae,Chromodorididae,9,8,8,5,2.9
Diaphorodoris alba,Pseudodistoma crucigaster,Calycidorididae,Pseudodistomidae,9,8,7,6,2.9
Astrospartus mediterraneus,Inachus phalangium,Gorgonocephalidae,Inachidae,9,7,9,6,2.9
Balanophyllia europaea,Felimida binza,Dendrophylliidae,Chromodorididae,9,8,9,8,2.9
Ophidiaster ophidianus,Synodus saurus,Ophidiasteridae,Synodontidae,9,7,8,7,2.9
Maja crispata,Pomadasys incisus,Majidae,Haemulidae,9,7,7,8,2.9
Myxicola infundibulum,Serpula vermicularis,Sabellidae,Serpulidae,9,8,7,9,2.9
Paradoris indecora,Scorpaena maderensis,Discodorididae,Scorpaenidae,9,6,9,5,2.9
Chamelea gallina,Schizoporella errata,Veneridae,Schizoporellidae,9,7,9,7,2.9
Diplodus puntazzo,Periclimenes amethysteus,Sparidae,Palaemonidae,9,7,9,8,2.9
Facelina rubrovittata,Prostheceraeus roseus,Facelinidae,Euryleptidae,9,6,8,6,2.9
Amphiroa rigida,Leptogorgia sarmentosa,Lithophyllaceae,Gorgoniidae,9,6,8,7,2.9
Crambe crambe,Electra posidoniae,Crambeidae,Electridae,9,8,9,8,2.9
Caloria quatrefagesi,Epinephelus costae,Facelinidae,Epinephelidae,8,6,7,6,2.9
Gari depressa,Labrus merula,Psammobiidae,Labridae,8,5,8,5,2.9
Luria lurida,Pseudodistoma crucigaster,Cypraeidae,Pseudodistomidae,8,6,8,6,2.9
Ircinia oros,Platydoris argo,Irciniidae,Discodorididae,8,6,8,7,2.9
Hermodice carunculata,Sphyraena viridensis,Amphinomidae,Sphyraenidae,8,7,8,7,2.9
Dasyatis pastinaca,Scorpaena maderensis,Dasyatidae,Scorpaenidae,8,6,7,7,2.9
Bonellia viridis,Phoronis hippocrepia,Bonelliidae,Phoronidae,8,5,7,6,2.9
Parazoanthus brevitentacularis,Protula tubularia,Parazoanthidae,Serpulidae,8,6,6,7,2.9
Pagellus acarne,Posidonia oceanica,Sparidae,Posidoniaceae,27,17,22,14,2.8
Ircinia oros,Phycis phycis,Irciniidae,Phycidae,20,10,20,10,2.8
Bothus podas,Petrosia ficiformis,Bothidae,Petrosiidae,20,8,20,11,2.8
Actinia mediterranea,Diplodus sargus,Actiniidae,Sparidae,20,13,17,14,2.8
Coscinasterias tenuispina,Diplodus puntazzo,Asteriidae,Sparidae,20,18,19,16,2.8
Actinia mediterranea,Chromis chromis,Actiniidae,Pomacentridae,20,12,19,17,2.8
Coscinasterias tenuispina,Sphaerococcus coronopifolius,Asteriidae,Sphaerococcaceae,19,14,18,12,2.8
Coscinasterias tenuispina,Labrus merula,Asteriidae,Labridae,19,15,18,16,2.8
Apogon imberbis,Eriphia verrucosa,Apogonidae,Eriphiidae,19,13,17,10,2.8
Bothus podas,Halocynthia papillosa,Bothidae,Pyuridae,19,9,18,12,2.8
Aiptasia mutabilis,Lepadogaster candolii,Aiptasiidae,Gobiesocidae,18,11,16,11,2.8
Conger conger,Parablennius gattorugine,Congridae,Blenniidae,18,8,16,8,2.8
Actinia mediterranea,Stenopus spinosus,Actiniidae,Stenopodidae,18,12,17,8,2.8
Echinaster sepositus,Protula tubularia,Echinasteridae,Serpulidae,18,14,14,14,2.8
Parablennius sanguinolentus,Protula tubularia,Blenniidae,Serpulidae,18,16,18,8,2.8
Cribrinopsis crassa,Echinaster sepositus,Actiniidae,Echinasteridae,17,12,16,11,2.8
Halimeda tuna,Serranus cabrilla,Halimedaceae,Serranidae,17,13,12,9,2.8
Coscinasterias tenuispina,Pycnoclavella communis,Asteriidae,Pycnoclavellidae,17,12,16,12,2.8
Chelon auratus,Sabella spallanzanii,Mugilidae,Sabellidae,17,11,15,10,2.8
Boops boops,Coscinasterias tenuispina,Sparidae,Asteriidae,17,13,16,12,2.8
Pagellus erythrinus,Pentapora fascialis,Sparidae,Bitectiporidae,16,6,16,5,2.8
Hemimycale columella,Thericium vulgatum,Hymedesmiidae,Cerithiidae,16,12,14,9,2.8
Cribrinopsis crassa,Serranus scriba,Actiniidae,Serranidae,16,10,16,9,2.8
Agelas oroides,Gobius incognitus,Agelasidae,Gobiidae,16,11,16,9,2.8
Lipophrys trigloides,Symphodus tinca,Blenniidae,Labridae,16,11,15,12,2.8
Boops boops,Hemimycale columella,Sparidae,Hymedesmiidae,16,13,16,11,2.8
Conger conger,Hacelia attenuata,Congridae,Ophidiasteridae,15,13,15,8,2.8
Petrosia ficiformis,Stenopus spinosus,Petrosiidae,Stenopodidae,15,9,14,9,2.8
Ircinia oros,Luisella babai,Irciniidae,Samlidae,15,11,13,7,2.8
Holothuria forskali,Sphyraena viridensis,Holothuriidae,Sphyraenidae,15,10,15,10,2.8
Gobius cruentatus,Luisella babai,Gobiidae,Samlidae,15,11,14,8,2.8
Aidablennius sphynx,Conger conger,Blenniidae,Congridae,15,8,11,7,2.8
Hemimycale columella,Serranus scriba,Hymedesmiidae,Serranidae,15,14,14,10,2.8
Pentapora fascialis,Rudmania krohni,Bitectiporidae,Chromodorididae,15,14,15,8,2.8
Chelon auratus,Inachus phalangium,Mugilidae,Inachidae,15,10,13,7,2.8
Symphodus mediterraneus,Tylodina perversa,Labridae,Tylodinidae,15,10,12,7,2.8
Gobius cruentatus,Xyrichtys novacula,Gobiidae,Labridae,15,8,15,7,2.8
Diplodus sargus,Holothuria forskali,Sparidae,Holothuriidae,15,11,15,9,2.8
Anthias anthias,Calmella cavolini,Anthiadidae,Flabellinidae,14,8,13,5,2.8
Cribrinopsis crassa,Pachycerianthus solitarius,Actiniidae,Cerianthidae,14,6,12,11,2.8
Scorpaena maderensis,Stenopus spinosus,Scorpaenidae,Stenopodidae,14,12,14,9,2.8
Coscinasterias tenuispina,Stenopus spinosus,Asteriidae,Stenopodidae,14,11,14,8,2.8
Dicentrarchus labrax,Inachus phalangium,Moronidae,Inachidae,14,8,14,6,2.8
Caulerpa cylindracea,Holothuria tubulosa,Caulerpaceae,Holothuriidae,14,9,13,11,2.8
Echinaster sepositus,Thalassoma pavo,Echinasteridae,Labridae,14,10,12,13,2.8
Dardanus calidus,Mullus surmuletus,Diogenidae,Mullidae,14,8,13,13,2.8
Parablennius gattorugine,Pomatoschistus bathi,Blenniidae,Gobiidae,14,8,11,6,2.8
Perforatus perforatus,Xyrichtys novacula,Balanidae,Labridae,14,11,13,8,2.8
Aiptasia mutabilis,Percnon gibbesi,Aiptasiidae,Percnidae,14,7,14,8,2.8
Felimare fontandraui,Holothuria forskali,Chromodorididae,Holothuriidae,13,12,12,12,2.8
Calmella cavolini,Luisella babai,Flabellinidae,Samlidae,13,11,12,9,2.8
Eunicella singularis,Phycis phycis,Gorgoniidae,Phycidae,13,10,13,9,2.8
Felimare fontandraui,Phycis phycis,Chromodorididae,Phycidae,13,12,12,10,2.8
Eunicella singularis,Oblada melanurus,Gorgoniidae,Sparidae,13,10,10,6,2.8
Caulerpa cylindracea,Chelon auratus,Caulerpaceae,Mugilidae,13,10,13,7,2.8
Sabella spallanzanii,Xyrichtys novacula,Sabellidae,Labridae,13,8,9,11,2.8
Oculina patagonica,Stenopus spinosus,Oculinidae,Stenopodidae,13,9,12,9,2.8
Actinia mediterranea,Gnathophyllum elegans,Actiniidae,Gnathophyllidae,13,6,11,7,2.8
Caloria quatrefagesi,Stramonita haemastoma,Facelinidae,Muricidae,13,11,13,11,2.8
Diplodus sargus,Inachus phalangium,Sparidae,Inachidae,13,10,13,10,2.8
Maja crispata,Reteporella grimaldii,Majidae,Phidoloporidae,13,11,12,10,2.8
Caulerpa cylindracea,Oculina patagonica,Caulerpaceae,Oculinidae,12,8,11,7,2.8
Diplodus cervinus,Eunicella gazella,Sparidae,Gorgoniidae,12,11,12,6,2.8
Halimeda tuna,Nemesignis banyulensis,Halimedaceae,Myrrhinidae,12,8,11,7,2.8
Dardanus calidus,Luisella babai,Diogenidae,Samlidae,12,7,12,7,2.8
Bolma rugosa,Pennaria disticha,Turbinidae,Pennariidae,12,12,11,8,2.8
Gobius cobitis,Phallusia mammillata,Gobiidae,Ascidiidae,12,6,11,7,2.8
Bonellia viridis,Seriola dumerili,Bonelliidae,Carangidae,12,10,10,10,2.8
Percnon gibbesi,Sarcotragus fasciculatus,Percnidae,Irciniidae,12,10,12,10,2.8
Chelon auratus,Microlipophrys nigriceps,Mugilidae,Blenniidae,12,7,11,8,2.8
Dictyota cyanoloma,Parablennius zvonimiri,Dictyotaceae,Blenniidae,12,5,11,10,2.8
Branchiomma luctuosum,Epinephelus marginatus,Sabellidae,Epinephelidae,12,5,11,11,2.8
Epinephelus marginatus,Pagellus erythrinus,Epinephelidae,Sparidae,12,7,10,10,2.8
Aidablennius sphynx,Torpedo marmorata,Blenniidae,Torpedinidae,12,6,10,7,2.8
Muraena helena,Stenopus spinosus,Muraenidae,Stenopodidae,11,10,11,9,2.8
Coscinasterias tenuispina,Lithophyllum stictiforme,Asteriidae,Lithophyllaceae,11,8,11,7,2.8
Dicentrarchus labrax,Luria lurida,Moronidae,Cypraeidae,11,8,10,8,2.8
Bolma rugosa,Padina pavonica,Turbinidae,Dictyotaceae,11,9,10,8,2.8
Epinephelus costae,Labrus merula,Epinephelidae,Labridae,11,7,11,5,2.8
Epinephelus marginatus,Lepadogaster candolii,Epinephelidae,Gobiesocidae,11,6,10,9,2.8
Microlipophrys nigriceps,Reteporella grimaldii,Blenniidae,Phidoloporidae,10,9,8,5,2.8
Bolma rugosa,Trinchesia morrowae,Turbinidae,Trinchesiidae,10,5,9,7,2.8
Luria lurida,Rudmania krohni,Cypraeidae,Chromodorididae,10,7,8,7,2.8
Eunicella singularis,Luisella babai,Gorgoniidae,Samlidae,10,9,9,8,2.8
Scartella cristata,Scorpaena maderensis,Blenniidae,Scorpaenidae,10,6,8,7,2.8
Halocynthia papillosa,Ophidiaster ophidianus,Pyuridae,Ophidiasteridae,10,8,9,6,2.8
Simnia spelta,Sphaerococcus coronopifolius,Ovulidae,Sphaerococcaceae,10,9,9,5,2.8
Aplysia depilans,Diplodus puntazzo,Aplysiidae,Sparidae,10,6,8,8,2.8
Gobius incognitus,Telmatactis forskalii,Gobiidae,Isophelliidae,10,7,9,8,2.8
Caloria quatrefagesi,Ellisolandia elongata,Facelinidae,Lithophyllaceae,10,8,9,8,2.8
Aplysia depilans,Bonellia viridis,Aplysiidae,Bonelliidae,10,5,9,7,2.8
Microlipophrys nigriceps,Thalassoma pavo,Blenniidae,Labridae,10,7,7,6,2.8
Gobius incognitus,Seriola dumerili,Gobiidae,Carangidae,10,9,10,7,2.8
Pinna rudis,Schizoporella errata,Pinnidae,Schizoporellidae,10,8,9,9,2.8
Felimare fontandraui,Microlipophrys nigriceps,Chromodorididae,Blenniidae,9,8,9,7,2.8
Diplodus puntazzo,Felimida binza,Sparidae,Chromodorididae,9,6,9,8,2.8
Actinia mediterranea,Gari depressa,Actiniidae,Psammobiidae,9,6,9,5,2.8
Actinia mediterranea,Marionia blainvillea,Actiniidae,Tritoniidae,9,4,8,6,2.8
Pycnoclavella communis,Simnia spelta,Pycnoclavellidae,Ovulidae,9,7,9,9,2.8
Sabella spallanzanii,Simnia spelta,Sabellidae,Ovulidae,9,7,7,6,2.8
Bolma rugosa,Ellisolandia elongata,Turbinidae,Lithophyllaceae,9,5,9,6,2.8
Chelon auratus,Paradoris indecora,Mugilidae,Discodorididae,9,6,9,5,2.8
Agelas oroides,Goniodoridella picoensis,Agelasidae,Goniodorididae,9,8,8,5,2.8
Callionymus pusillus,Chromis chromis,Callionymidae,Pomacentridae,9,4,7,5,2.8
Chromis chromis,Scartella cristata,Pomacentridae,Blenniidae,9,7,9,6,2.8
Felimare fontandraui,Rugulopteryx okamurae,Chromodorididae,Dictyotaceae,8,7,8,8,2.8
Caulerpa cylindracea,Phallusia mammillata,Caulerpaceae,Ascidiidae,8,7,7,6,2.8
Caloria quatrefagesi,Gnathophyllum elegans,Facelinidae,Gnathophyllidae,8,6,7,6,2.8
Eunicella singularis,Prostheceraeus moseleyi,Gorgoniidae,Euryleptidae,8,8,7,7,2.8
Polysyncraton lacazei,Symphodus roissali,Didemnidae,Labridae,8,8,8,5,2.8
Astrospartus mediterraneus,Eunicella singularis,Gorgonocephalidae,Gorgoniidae,8,7,8,5,2.8
Ariosoma balearicum,Pomadasys incisus,Congridae,Haemulidae,8,8,8,6,2.8
Ophidiaster ophidianus,Reteporella grimaldii,Ophidiasteridae,Phidoloporidae,8,8,5,5,2.8
Electra posidoniae,Gobius paganellus,Electridae,Gobiidae,8,7,8,7,2.8
Lissoclinum weigelei,Pentapora fascialis,Didemnidae,Bitectiporidae,8,6,7,7,2.8
Flabellia petiolata,Periclimenes amethysteus,Codiaceae,Palaemonidae,8,5,7,5,2.8
Balanophyllia europaea,Marionia blainvillea,Dendrophylliidae,Tritoniidae,8,5,7,6,2.8
Posidonia oceanica,Torpedo marmorata,Posidoniaceae,Torpedinidae,27,17,24,14,2.7
Percnon gibbesi,Posidonia oceanica,Percnidae,Posidoniaceae,24,16,23,10,2.7
Actinia mediterranea,Synodus saurus,Actiniidae,Synodontidae,20,9,18,10,2.7
Dicentrarchus labrax,Serpula vermicularis,Moronidae,Serpulidae,20,15,19,13,2.7
Cribrinopsis crassa,Holothuria tubulosa,Actiniidae,Holothuriidae,19,9,19,9,2.7
Gobius cobitis,Petrosia ficiformis,Gobiidae,Petrosiidae,19,11,18,5,2.7
Acetabularia acetabulum,Phycis phycis,Polyphysaceae,Phycidae,19,5,19,9,2.7
Chelon auratus,Parablennius rouxi,Mugilidae,Blenniidae,19,15,19,13,2.7
Gobius cruentatus,Hemimycale columella,Gobiidae,Hymedesmiidae,18,14,17,15,2.7
Chondrosia reniformis,Gobius cobitis,Chondrillidae,Gobiidae,18,13,18,8,2.7
Labrus merula,Phycis phycis,Labridae,Phycidae,18,7,17,10,2.7
Aidablennius sphynx,Crambe crambe,Blenniidae,Crambeidae,18,15,18,12,2.7
Diaphorodoris papillata,Pentapora fascialis,Calycidorididae,Bitectiporidae,17,14,15,6,2.7
Hemimycale columella,Hexaplex trunculus,Hymedesmiidae,Muricidae,17,12,16,15,2.7
Aidablennius sphynx,Cliona viridis,Blenniidae,Clionaidae,17,12,16,12,2.7
Echinaster sepositus,Sarcotragus fasciculatus,Echinasteridae,Irciniidae,17,11,14,8,2.7
Palinurus elephas,Parablennius pilicornis,Palinuridae,Blenniidae,17,12,15,15,2.7
Myriapora truncata,Oculina patagonica,Myriaporidae,Oculinidae,17,14,16,11,2.7
Echinaster sepositus,Perforatus perforatus,Echinasteridae,Balanidae,17,14,16,9,2.7
Holothuria forskali,Perforatus perforatus,Holothuriidae,Balanidae,17,15,15,9,2.7
Aiptasia couchii,Phorbas tenacior,Aiptasiidae,Hymedesmiidae,17,14,16,10,2.7
Halimeda tuna,Pagellus erythrinus,Halimedaceae,Sparidae,17,6,16,8,2.7
Lepadogaster candolii,Parablennius rouxi,Gobiesocidae,Blenniidae,16,10,15,7,2.7
Phycis phycis,Pycnoclavella communis,Phycidae,Pycnoclavellidae,16,14,14,11,2.7
Conger conger,Sarcotragus fasciculatus,Congridae,Irciniidae,16,9,15,9,2.7
Ircinia oros,Tylodina perversa,Irciniidae,Tylodinidae,16,10,16,7,2.7
Dicentrarchus labrax,Scorpaena maderensis,Moronidae,Scorpaenidae,16,13,13,12,2.7
Echinaster sepositus,Scorpaena maderensis,Echinasteridae,Scorpaenidae,16,12,15,12,2.7
Aiptasia couchii,Conger conger,Aiptasiidae,Congridae,16,10,14,7,2.7
Aidablennius sphynx,Codium bursa,Blenniidae,Codiaceae,16,10,16,7,2.7
Conger conger,Scorpaena maderensis,Congridae,Scorpaenidae,15,10,14,8,2.7
Padina pavonica,Pycnoclavella communis,Dictyotaceae,Pycnoclavellidae,15,12,15,12,2.7
Scorpaena scrofa,Thericium vulgatum,Scorpaenidae,Cerithiidae,15,9,15,9,2.7
Balanophyllia europaea,Pachycerianthus solitarius,Dendrophylliidae,Cerianthidae,15,6,15,7,2.7
Parablennius rouxi,Pelagia noctiluca,Blenniidae,Pelagiidae,15,14,15,10,2.7
Labrus merula,Tylodina perversa,Labridae,Tylodinidae,15,4,12,7,2.7
Pagellus erythrinus,Thericium vulgatum,Sparidae,Cerithiidae,15,5,13,8,2.7
Echinaster sepositus,Symphodus tinca,Echinasteridae,Labridae,15,12,12,14,2.7
Cribrinopsis crassa,Eunicella gazella,Actiniidae,Gorgoniidae,14,8,14,6,2.7
Posidonia oceanica,Torpedo torpedo,Posidoniaceae,Torpedinidae,14,10,14,9,2.7
Inachus phalangium,Pentapora fascialis,Inachidae,Bitectiporidae,14,11,13,9,2.7
Caulerpa cylindracea,Gobius cruentatus,Caulerpaceae,Gobiidae,14,7,13,10,2.7
Lepadogaster candolii,Phorbas tenacior,Gobiesocidae,Hymedesmiidae,14,8,14,6,2.7
Ariosoma balearicum,Gobius paganellus,Congridae,Gobiidae,14,6,13,9,2.7
Echinaster sepositus,Lepadogaster candolii,Echinasteridae,Gobiesocidae,14,7,14,6,2.7
Echinaster sepositus,Rudmania krohni,Echinasteridae,Chromodorididae,14,10,14,7,2.7
Branchiomma luctuosum,Padina pavonica,Sabellidae,Dictyotaceae,14,9,13,13,2.7
Branchiomma luctuosum,Sphyraena viridensis,Sabellidae,Sphyraenidae,14,6,11,9,2.7
Anthias anthias,Apogon imberbis,Anthiadidae,Apogonidae,14,10,13,9,2.7
Diplodus cervinus,Phycis phycis,Sparidae,Phycidae,14,4,13,8,2.7
Gobius cobitis,Xyrichtys novacula,Gobiidae,Labridae,14,9,12,7,2.7
Leptogorgia sarmentosa,Parablennius gattorugine,Gorgoniidae,Blenniidae,13,9,13,8,2.7
Aiptasia mutabilis,Callista chione,Aiptasiidae,Veneridae,13,9,12,7,2.7
Symphodus mediterraneus,Torpedo marmorata,Labridae,Torpedinidae,13,9,12,8,2.7
Aidablennius sphynx,Stenopus spinosus,Blenniidae,Stenopodidae,13,7,11,5,2.7
Inachus phalangium,Scorpaena scrofa,Inachidae,Scorpaenidae,13,7,11,9,2.7
Boops boops,Stenopus spinosus,Sparidae,Stenopodidae,13,10,12,10,2.7
Anthias anthias,Echinaster sepositus,Anthiadidae,Echinasteridae,13,8,11,7,2.7
Parablennius gattorugine,Pseudodistoma crucigaster,Blenniidae,Pseudodistomidae,13,10,13,8,2.7
Sabella spallanzanii,Stenopus spinosus,Sabellidae,Stenopodidae,13,9,13,9,2.7
Diaphorodoris alba,Halocynthia papillosa,Calycidorididae,Pyuridae,13,9,11,9,2.7
Diplodus puntazzo,Luria lurida,Sparidae,Cypraeidae,13,11,13,10,2.7
Labrus merula,Pagellus acarne,Labridae,Sparidae,13,9,10,7,2.7
Diplodus sargus,Serranus cabrilla,Sparidae,Serranidae,13,9,12,8,2.7
Epinephelus marginatus,Eriphia verrucosa,Epinephelidae,Eriphiidae,13,9,13,10,2.7
Posidonia oceanica,Zebrus zebrus,Posidoniaceae,Gobiidae,13,7,11,5,2.7
Dictyota cyanoloma,Serpula vermicularis,Dictyotaceae,Serpulidae,13,8,13,11,2.7
Acetabularia acetabulum,Leptogorgia sarmentosa,Polyphysaceae,Gorgoniidae,13,9,11,9,2.7
Padina pavonica,Reteporella grimaldii,Dictyotaceae,Phidoloporidae,13,13,13,12,2.7
Labrus merula,Pomatoschistus bathi,Labridae,Gobiidae,13,7,9,7,2.7
Aiptasia couchii,Caulerpa cylindracea,Aiptasiidae,Caulerpaceae,13,9,12,9,2.7
Pagellus acarne,Parablennius pilicornis,Sparidae,Blenniidae,13,11,12,10,2.7
Cribrinopsis crassa,Pomatoschistus bathi,Actiniidae,Gobiidae,12,10,12,5,2.7
Felimare fontandraui,Scorpaena scrofa,Chromodorididae,Scorpaenidae,12,11,12,7,2.7
Agelas oroides,Caulerpa cylindracea,Agelasidae,Caulerpaceae,12,7,12,10,2.7
Luisella babai,Phorbas tenacior,Samlidae,Hymedesmiidae,12,9,11,6,2.7
Callionymus pusillus,Serpula vermicularis,Callionymidae,Serpulidae,12,9,11,8,2.7
Myriapora truncata,Percnon gibbesi,Myriaporidae,Percnidae,12,7,11,6,2.7
Amphiroa rigida,Pennaria disticha,Lithophyllaceae,Pennariidae,12,6,11,10,2.7
Microlipophrys dalmatinus,Thericium vulgatum,Blenniidae,Cerithiidae,12,10,12,9,2.7
Muraena helena,Padina pavonica,Muraenidae,Dictyotaceae,12,10,9,11,2.7
Bolma rugosa,Scorpaena maderensis,Turbinidae,Scorpaenidae,12,10,12,9,2.7
Ellisolandia elongata,Holothuria forskali,Lithophyllaceae,Holothuriidae,12,9,12,10,2.7
Ellisolandia elongata,Hemimycale columella,Lithophyllaceae,Hymedesmiidae,12,11,12,8,2.7
Microlipophrys dalmatinus,Synodus saurus,Blenniidae,Synodontidae,12,7,8,6,2.7
Dardanus calidus,Pomatoschistus bathi,Diogenidae,Gobiidae,11,8,11,7,2.7
Labrus merula,Nemesignis banyulensis,Labridae,Myrrhinidae,11,8,9,6,2.7
Bolma rugosa,Synodus saurus,Turbinidae,Synodontidae,11,9,11,6,2.7
Holothuria forskali,Luria lurida,Holothuriidae,Cypraeidae,11,9,11,8,2.7
Eunicella gazella,Pelagia noctiluca,Gorgoniidae,Pelagiidae,11,8,9,7,2.7
Diplodus puntazzo,Pomadasys incisus,Sparidae,Haemulidae,11,9,11,11,2.7
Epinephelus costae,Gobius cruentatus,Epinephelidae,Gobiidae,11,10,11,6,2.7
Goniodoridella picoensis,Serpula vermicularis,Goniodorididae,Serpulidae,11,9,11,8,2.7
Pseudodistoma crucigaster,Stramonita haemastoma,Pseudodistomidae,Muricidae,11,4,11,6,2.7
Seriola dumerili,Sphaerococcus coronopifolius,Carangidae,Sphaerococcaceae,11,7,11,8,2.7
Callionymus pusillus,Diplodus puntazzo,Callionymidae,Sparidae,11,8,9,6,2.7
Parablennius pilicornis,Seriola dumerili,Blenniidae,Carangidae,11,10,11,10,2.7
Anthias anthias,Tricleocarpa fragilis,Anthiadidae,Galaxauraceae,10,7,10,9,2.7
Muraena helena,Tricleocarpa fragilis,Muraenidae,Galaxauraceae,10,5,9,8,2.7
Parablennius rouxi,Simnia spelta,Blenniidae,Ovulidae,10,9,10,6,2.7
Bolma rugosa,Rudmania krohni,Turbinidae,Chromodorididae,10,9,9,8,2.7
Bolma rugosa,Reteporella grimaldii,Turbinidae,Phidoloporidae,10,9,10,9,2.7
Boops boops,Nemesignis banyulensis,Sparidae,Myrrhinidae,10,6,10,6,2.7
Callista chione,Synodus saurus,Veneridae,Synodontidae,10,8,10,6,2.7
Pinna rudis,Reteporella grimaldii,Pinnidae,Phidoloporidae,10,10,9,7,2.7
Polysyncraton lacazei,Serpula vermicularis,Didemnidae,Serpulidae,10,9,10,10,2.7
Gobius cobitis,Pomadasys incisus,Gobiidae,Haemulidae,10,4,10,5,2.7
Gobius incognitus,Lithophyllum stictiforme,Gobiidae,Lithophyllaceae,10,9,10,7,2.7
Callionymus pusillus,Gobius paganellus,Callionymidae,Gobiidae,10,6,7,7,2.7
Pagellus acarne,Schizoporella errata,Sparidae,Schizoporellidae,10,8,9,9,2.7
Muraena helena,Pinna rudis,Muraenidae,Pinnidae,9,7,7,7,2.7
Dendrodoris limbata,Pagellus erythrinus,Dendrodorididae,Sparidae,9,8,9,5,2.7
Mesophyllum expansum,Ophidiaster ophidianus,Lithophyllaceae,Ophidiasteridae,9,9,8,5,2.7
Crambe crambe,Polysyncraton lacazei,Crambeidae,Didemnidae,9,9,9,6,2.7
Acinetospora crinita,Actinia mediterranea,Acinetosporaceae,Actiniidae,9,5,9,5,2.7
Bolma rugosa,Eunicella singularis,Turbinidae,Gorgoniidae,9,8,8,8,2.7
Lissoclinum weigelei,Parablennius gattorugine,Didemnidae,Blenniidae,9,7,9,6,2.7
Ellisolandia elongata,Pagellus acarne,Lithophyllaceae,Sparidae,9,9,8,7,2.7
Eunicella singularis,Nemesignis banyulensis,Gorgoniidae,Myrrhinidae,8,5,6,7,2.7
Dictyota cyanoloma,Pachycerianthus solitarius,Dictyotaceae,Cerianthidae,8,7,8,7,2.7
Electra posidoniae,Halocynthia papillosa,Electridae,Pyuridae,8,4,8,5,2.7
Bonellia viridis,Bugula neritina,Bonelliidae,Bugulidae,8,5,5,5,2.7
Chondrosia reniformis,Lissoclinum weigelei,Chondrillidae,Didemnidae,8,3,8,5,2.7
Lissoclinum weigelei,Scorpaena maderensis,Didemnidae,Scorpaenidae,8,5,8,5,2.7
Cribrinopsis crassa,Posidonia oceanica,Actiniidae,Posidoniaceae,35,13,34,16,2.6
Posidonia oceanica,Pycnoclavella communis,Posidoniaceae,Pycnoclavellidae,34,20,29,15,2.6
Microlipophrys dalmatinus,Posidonia oceanica,Blenniidae,Posidoniaceae,27,18,25,13,2.6
Actinia mediterranea,Halocynthia papillosa,Actiniidae,Pyuridae,22,13,21,8,2.6
Posidonia oceanica,Simnia spelta,Posidoniaceae,Ovulidae,19,11,16,6,2.6
Aiptasia couchii,Myriapora truncata,Aiptasiidae,Myriaporidae,19,8,18,10,2.6
Serpula vermicularis,Synodus saurus,Serpulidae,Synodontidae,19,13,19,12,2.6
Coscinasterias tenuispina,Ircinia oros,Asteriidae,Irciniidae,19,17,19,13,2.6
Calmella cavolini,Parablennius zvonimiri,Flabellinidae,Blenniidae,18,11,15,12,2.6
Eriphia verrucosa,Myriapora truncata,Eriphiidae,Myriaporidae,18,15,17,12,2.6
Parablennius zvonimiri,Pentapora fascialis,Blenniidae,Bitectiporidae,18,11,17,14,2.6
Chelon auratus,Petrosia ficiformis,Mugilidae,Petrosiidae,18,9,18,9,2.6
Parablennius gattorugine,Scorpaena scrofa,Blenniidae,Scorpaenidae,17,13,17,11,2.6
Gobius cobitis,Phycis phycis,Gobiidae,Phycidae,17,10,15,9,2.6
Cribrinopsis crassa,Sarcotragus fasciculatus,Actiniidae,Irciniidae,17,8,17,8,2.6
Lipophrys trigloides,Petrosia ficiformis,Blenniidae,Petrosiidae,17,7,16,7,2.6
Crambe crambe,Parablennius sanguinolentus,Crambeidae,Blenniidae,17,13,17,5,2.6
Dicentrarchus labrax,Protula tubularia,Moronidae,Serpulidae,17,14,17,9,2.6
Parablennius gattorugine,Serranus cabrilla,Blenniidae,Serranidae,16,13,14,10,2.6
Conger conger,Sphaerococcus coronopifolius,Congridae,Sphaerococcaceae,16,10,16,7,2.6
Chelon auratus,Phycis phycis,Mugilidae,Phycidae,16,6,16,7,2.6
Flabellia petiolata,Hacelia attenuata,Codiaceae,Ophidiasteridae,16,11,15,12,2.6
Dardanus calidus,Perforatus perforatus,Diogenidae,Balanidae,16,12,15,10,2.6
Gobius paganellus,Phorbas tenacior,Gobiidae,Hymedesmiidae,16,9,16,6,2.6
Holothuria forskali,Synodus saurus,Holothuriidae,Synodontidae,15,14,15,8,2.6
Acetabularia acetabulum,Stenopus spinosus,Polyphysaceae,Stenopodidae,15,10,15,11,2.6
Hexaplex trunculus,Serranus cabrilla,Muricidae,Serranidae,15,8,13,8,2.6
Hemimycale columella,Lipophrys trigloides,Hymedesmiidae,Blenniidae,15,11,15,5,2.6
Aidablennius sphynx,Sabella spallanzanii,Blenniidae,Sabellidae,15,8,13,6,2.6
Bonellia viridis,Stenopus spinosus,Bonelliidae,Stenopodidae,15,8,15,10,2.6
Oblada melanurus,Palinurus elephas,Sparidae,Palinuridae,15,11,14,8,2.6
Hacelia attenuata,Sabella spallanzanii,Ophidiasteridae,Sabellidae,15,9,14,6,2.6
Parablennius gattorugine,Tylodina perversa,Blenniidae,Tylodinidae,15,5,12,9,2.6
Bothus podas,Maja crispata,Bothidae,Majidae,15,12,15,10,2.6
Chromis chromis,Eriphia verrucosa,Pomacentridae,Eriphiidae,15,11,14,13,2.6
Felimare villafranca,Holothuria forskali,Chromodorididae,Holothuriidae,14,11,14,8,2.6
Diaphorodoris papillata,Inachus phalangium,Calycidorididae,Inachidae,14,12,14,7,2.6
Gobius cobitis,Tylodina perversa,Gobiidae,Tylodinidae,14,8,13,5,2.6
Conger conger,Phorbas tenacior,Congridae,Hymedesmiidae,14,13,14,10,2.6
Eunicella gazella,Sarcotragus fasciculatus,Gorgoniidae,Irciniidae,14,11,14,10,2.6
Chelon auratus,Lepadogaster candolii,Mugilidae,Gobiesocidae,14,9,12,9,2.6
Echinaster sepositus,Padina pavonica,Echinasteridae,Dictyotaceae,14,13,13,10,2.6
Bothus podas,Inachus phalangium,Bothidae,Inachidae,14,9,13,6,2.6
Oculina patagonica,Pagellus erythrinus,Oculinidae,Sparidae,14,8,14,6,2.6
Dardanus calidus,Serranus cabrilla,Diogenidae,Serranidae,13,11,13,8,2.6
Balanophyllia europaea,Torpedo marmorata,Dendrophylliidae,Torpedinidae,13,7,11,7,2.6
Diaphorodoris alba,Sphaerococcus coronopifolius,Calycidorididae,Sphaerococcaceae,13,11,12,10,2.6
Actinia mediterranea,Callista chione,Actiniidae,Veneridae,13,8,13,5,2.6
Inachus phalangium,Oblada melanurus,Inachidae,Sparidae,13,10,12,9,2.6
Palinurus elephas,Thalassoma pavo,Palinuridae,Labridae,13,10,13,12,2.6
Diplodus cervinus,Hemimycale columella,Sparidae,Hymedesmiidae,13,9,12,9,2.6
Amphiroa rigida,Parablennius rouxi,Lithophyllaceae,Blenniidae,13,8,13,8,2.6
Chromis chromis,Serranus cabrilla,Pomacentridae,Serranidae,13,10,12,10,2.6
Diplodus cervinus,Hacelia attenuata,Sparidae,Ophidiasteridae,13,9,13,9,2.6
Pagellus acarne,Parablennius rouxi,Sparidae,Blenniidae,13,8,11,6,2.6
Diplodus cervinus,Sabella spallanzanii,Sparidae,Sabellidae,13,7,13,9,2.6
Bolma rugosa,Diplodus puntazzo,Turbinidae,Sparidae,13,11,13,11,2.6
Arbacia lixula,Bolma rugosa,Arbaciidae,Turbinidae,13,9,12,10,2.6
Padina pavonica,Sciaena umbra,Dictyotaceae,Sciaenidae,13,8,10,10,2.6
Ariosoma balearicum,Lipophrys trigloides,Congridae,Blenniidae,13,5,13,7,2.6
Cribrinopsis crassa,Pagellus acarne,Actiniidae,Sparidae,12,5,12,7,2.6
Caulerpa cylindracea,Scorpaena maderensis,Caulerpaceae,Scorpaenidae,12,11,12,9,2.6
Caulerpa cylindracea,Cribrinopsis crassa,Caulerpaceae,Actiniidae,12,11,11,9,2.6
Scorpaena scrofa,Stenopus spinosus,Scorpaenidae,Stenopodidae,12,7,12,6,2.6
Cribrinopsis crassa,Tricleocarpa fragilis,Actiniidae,Galaxauraceae,12,10,12,8,2.6
Bolma rugosa,Eriphia verrucosa,Turbinidae,Eriphiidae,12,10,12,6,2.6
Hexaplex trunculus,Pomatoschistus bathi,Muricidae,Gobiidae,12,7,12,7,2.6
Bolma rugosa,Bothus podas,Turbinidae,Bothidae,12,10,12,10,2.6
Calmella cavolini,Tricleocarpa fragilis,Flabellinidae,Galaxauraceae,12,6,11,6,2.6
Caulerpa cylindracea,Eriphia verrucosa,Caulerpaceae,Eriphiidae,12,4,11,7,2.6
Epinephelus marginatus,Phycis phycis,Epinephelidae,Phycidae,12,6,11,11,2.6
Balanophyllia europaea,Percnon gibbesi,Dendrophylliidae,Percnidae,12,7,12,7,2.6
Pagellus erythrinus,Pelagia noctiluca,Sparidae,Pelagiidae,12,10,12,7,2.6
Lepadogaster candolii,Mullus surmuletus,Gobiesocidae,Mullidae,12,10,10,7,2.6
Muraena helena,Ophisurus serpens,Muraenidae,Ophichthidae,11,7,10,7,2.6
Caloria quatrefagesi,Conger conger,Facelinidae,Congridae,11,8,10,8,2.6
Rudmania krohni,Stenopus spinosus,Chromodorididae,Stenopodidae,11,8,11,5,2.6
Holothuria tubulosa,Prostheceraeus moseleyi,Holothuriidae,Euryleptidae,11,8,11,8,2.6
Sarcotragus fasciculatus,Yungia aurantiaca,Irciniidae,Pseudocerotidae,11,7,11,6,2.6
Dictyota cyanoloma,Parablennius gattorugine,Dictyotaceae,Blenniidae,11,5,9,10,2.6
Gobius cruentatus,Prostheceraeus moseleyi,Gobiidae,Euryleptidae,11,10,11,7,2.6
Flabellia petiolata,Yungia aurantiaca,Codiaceae,Pseudocerotidae,11,10,9,9,2.6
Bolma rugosa,Sabella spallanzanii,Turbinidae,Sabellidae,11,9,11,9,2.6
Coscinasterias tenuispina,Luria lurida,Asteriidae,Cypraeidae,11,9,11,5,2.6
Caulerpa cylindracea,Parablennius sanguinolentus,Caulerpaceae,Blenniidae,11,7,10,7,2.6
Oblada melanurus,Pomatoschistus bathi,Sparidae,Gobiidae,11,9,10,6,2.6
Oculina patagonica,Pagellus acarne,Oculinidae,Sparidae,11,9,9,7,2.6
Felimare villafranca,Pomatoschistus bathi,Chromodorididae,Gobiidae,10,9,10,6,2.6
Agelas oroides,Nemesignis banyulensis,Agelasidae,Myrrhinidae,10,6,10,6,2.6
Apogon imberbis,Dictyota cyanoloma,Apogonidae,Dictyotaceae,10,9,10,5,2.6
Ellisolandia elongata,Tylodina perversa,Lithophyllaceae,Tylodinidae,10,5,9,6,2.6
Callionymus pusillus,Parablennius pilicornis,Callionymidae,Blenniidae,10,6,9,6,2.6
Labrus merula,Pomadasys incisus,Labridae,Haemulidae,10,7,8,8,2.6
Boops boops,Callista chione,Sparidae,Veneridae,10,10,10,9,2.6
Eriphia verrucosa,Seriola dumerili,Eriphiidae,Carangidae,10,9,10,7,2.6
Asparagopsis taxiformis,Eunicella gazella,Bonnemaisoniaceae,Gorgoniidae,10,9,9,9,2.6
Dardanus calidus,Prostheceraeus moseleyi,Diogenidae,Euryleptidae,9,8,9,8,2.6
Facelinopsis marioni,Hacelia attenuata,Facelinidae,Ophidiasteridae,9,8,9,5,2.6
Diplodus cervinus,Leptogorgia sarmentosa,Sparidae,Gorgoniidae,9,8,9,6,2.6
Nemesignis banyulensis,Serranus scriba,Myrrhinidae,Serranidae,9,6,9,8,2.6
Cliona viridis,Pinctada radiata,Clionaidae,Pteriidae,9,9,9,8,2.6
Parablennius zvonimiri,Paradoris indecora,Blenniidae,Discodorididae,9,7,9,6,2.6
Caloria quatrefagesi,Torpedo marmorata,Facelinidae,Torpedinidae,9,4,9,5,2.6
Semicassis undulata,Serpula vermicularis,Cassidae,Serpulidae,9,7,9,6,2.6
Dicentrarchus labrax,Epinephelus costae,Moronidae,Epinephelidae,9,6,9,7,2.6
Facelina rubrovittata,Ophisurus serpens,Facelinidae,Ophichthidae,8,6,8,5,2.6
Callista chione,Caloria quatrefagesi,Veneridae,Facelinidae,8,7,8,7,2.6
Sarcotragus fasciculatus,Thylacodes arenarius,Irciniidae,Vermetidae,8,6,7,5,2.6
Semicassis undulata,Sphaerococcus coronopifolius,Cassidae,Sphaerococcaceae,8,7,8,6,2.6
Epinephelus marginatus,Luria lurida,Epinephelidae,Cypraeidae,8,5,8,6,2.6
Echinaster sepositus,Goniodoridella picoensis,Echinasteridae,Goniodorididae,8,7,8,5,2.6
Goniodoridella picoensis,Palinurus elephas,Goniodorididae,Palinuridae,8,6,8,5,2.6
Flabellia petiolata,Polysyncraton lacazei,Codiaceae,Didemnidae,8,8,8,6,2.6
Naticarius hebraeus,Xyrichtys novacula,Naticidae,Labridae,8,5,4,5,2.6
Inachus phalangium,Seriola dumerili,Inachidae,Carangidae,8,4,7,6,2.6
Caranx crysos,Parablennius pilicornis,Carangidae,Blenniidae,8,7,7,5,2.6
Posidonia oceanica,Xyrichtys novacula,Posidoniaceae,Labridae,26,11,22,11,2.5
Gobius paganellus,Parablennius rouxi,Gobiidae,Blenniidae,18,11,14,10,2.5
Gobius cobitis,Halimeda tuna,Gobiidae,Halimedaceae,18,13,18,12,2.5
Branchiomma luctuosum,Serpula vermicularis,Sabellidae,Serpulidae,18,4,15,10,2.5
Chelon auratus,Crambe crambe,Mugilidae,Crambeidae,18,13,16,14,2.5
Acetabularia acetabulum,Holothuria forskali,Polyphysaceae,Holothuriidae,17,10,14,11,2.5
Eriphia verrucosa,Symphodus mediterraneus,Eriphiidae,Labridae,17,10,17,11,2.5
Balanophyllia europaea,Lipophrys trigloides,Dendrophylliidae,Blenniidae,17,11,17,8,2.5
Hacelia attenuata,Protula tubularia,Ophidiasteridae,Serpulidae,16,11,15,11,2.5
Hacelia attenuata,Sphaerococcus coronopifolius,Ophidiasteridae,Sphaerococcaceae,16,12,16,11,2.5
Cliona viridis,Parablennius sanguinolentus,Clionaidae,Blenniidae,16,12,14,10,2.5
Protula tubularia,Synodus saurus,Serpulidae,Synodontidae,16,12,16,13,2.5
Hemimycale columella,Scorpaena maderensis,Hymedesmiidae,Scorpaenidae,15,12,15,11,2.5
Gobius cobitis,Padina pavonica,Gobiidae,Dictyotaceae,15,14,14,14,2.5
Conger conger,Protula tubularia,Congridae,Serpulidae,15,11,13,7,2.5
Apogon imberbis,Synodus saurus,Apogonidae,Synodontidae,15,10,13,11,2.5
Cribrinopsis crassa,Maja crispata,Actiniidae,Majidae,14,10,14,7,2.5
Dicentrarchus labrax,Sabella spallanzanii,Moronidae,Sabellidae,14,13,13,10,2.5
Palinurus elephas,Pennaria disticha,Palinuridae,Pennariidae,14,12,13,9,2.5
Aiptasia mutabilis,Microlipophrys dalmatinus,Aiptasiidae,Blenniidae,14,12,14,11,2.5
Hexaplex trunculus,Reteporella grimaldii,Muricidae,Phidoloporidae,14,10,14,7,2.5
Gobius paganellus,Prostheceraeus roseus,Gobiidae,Euryleptidae,14,5,12,6,2.5
Bothus podas,Lepadogaster candolii,Bothidae,Gobiesocidae,14,8,13,9,2.5
Pycnoclavella communis,Thalassoma pavo,Pycnoclavellidae,Labridae,13,8,12,11,2.5
Caulerpa cylindracea,Diplodus puntazzo,Caulerpaceae,Sparidae,13,13,13,9,2.5
Phorbas tenacior,Serranus cabrilla,Hymedesmiidae,Serranidae,13,11,12,7,2.5
Coscinasterias tenuispina,Tylodina perversa,Asteriidae,Tylodinidae,13,7,13,9,2.5
Coscinasterias tenuispina,Eunicella gazella,Asteriidae,Gorgoniidae,13,9,12,10,2.5
Gobius incognitus,Serranus cabrilla,Gobiidae,Serranidae,13,10,11,7,2.5
Boops boops,Reteporella grimaldii,Sparidae,Phidoloporidae,13,11,12,6,2.5
Serranus cabrilla,Symphodus roissali,Serranidae,Labridae,13,8,12,5,2.5
Bonellia viridis,Diaphorodoris alba,Bonelliidae,Calycidorididae,13,9,11,8,2.5
Caloria quatrefagesi,Sphaerococcus coronopifolius,Facelinidae,Sphaerococcaceae,13,12,13,8,2.5
Parablennius pilicornis,Pomatoschistus bathi,Blenniidae,Gobiidae,12,10,12,9,2.5
Conger conger,Rudmania krohni,Congridae,Chromodorididae,12,11,10,9,2.5
Chelidonichthys lastoviza,Posidonia oceanica,Triglidae,Posidoniaceae,12,6,12,10,2.5
Diaphorodoris alba,Sarcotragus fasciculatus,Calycidorididae,Irciniidae,12,11,11,10,2.5
Flabellia petiolata,Luisella babai,Codiaceae,Samlidae,12,10,10,5,2.5
Caulerpa cylindracea,Labrus merula,Caulerpaceae,Labridae,12,5,11,9,2.5
Pagellus acarne,Sphaerococcus coronopifolius,Sparidae,Sphaerococcaceae,12,10,11,7,2.5
Eunicella gazella,Symphodus roissali,Gorgoniidae,Labridae,12,8,12,9,2.5
Caulerpa cylindracea,Halocynthia papillosa,Caulerpaceae,Pyuridae,12,5,12,8,2.5
Caulerpa cylindracea,Cliona viridis,Caulerpaceae,Clionaidae,12,7,12,9,2.5
Bothus podas,Caulerpa cylindracea,Bothidae,Caulerpaceae,12,6,12,5,2.5
Schizoporella errata,Synodus saurus,Schizoporellidae,Synodontidae,12,7,10,7,2.5
Asparagopsis taxiformis,Scorpaena maderensis,Bonnemaisoniaceae,Scorpaenidae,12,9,11,10,2.5
Calmella cavolini,Pomatoschistus bathi,Flabellinidae,Gobiidae,11,10,11,5,2.5
Anthias anthias,Maja crispata,Anthiadidae,Majidae,11,7,11,8,2.5
Holothuria forskali,Torpedo marmorata,Holothuriidae,Torpedinidae,11,8,11,5,2.5
Sphaerococcus coronopifolius,Yungia aurantiaca,Sphaerococcaceae,Pseudocerotidae,11,9,10,7,2.5
Parablennius rouxi,Phallusia mammillata,Blenniidae,Ascidiidae,11,7,10,8,2.5
Hexaplex trunculus,Luria lurida,Muricidae,Cypraeidae,11,8,10,9,2.5
Caulerpa cylindracea,Stramonita haemastoma,Caulerpaceae,Muricidae,11,6,11,5,2.5
Diaphorodoris alba,Echinaster sepositus,Calycidorididae,Echinasteridae,11,8,11,7,2.5
Parablennius pilicornis,Phallusia mammillata,Blenniidae,Ascidiidae,11,3,9,11,2.5
Diaphorodoris alba,Phorbas tenacior,Calycidorididae,Hymedesmiidae,11,9,11,7,2.5
Amphiroa rigida,Pycnoclavella communis,Lithophyllaceae,Pycnoclavellidae,11,8,11,7,2.5
Cliona viridis,Percnon gibbesi,Clionaidae,Percnidae,11,7,9,6,2.5
Anthias anthias,Stenopus spinosus,Anthiadidae,Stenopodidae,10,9,9,8,2.5
Inachus phalangium,Microlipophrys dalmatinus,Inachidae,Blenniidae,10,8,10,5,2.5
Apogon imberbis,Nemesignis banyulensis,Apogonidae,Myrrhinidae,10,6,9,7,2.5
Dictyota cyanoloma,Halocynthia papillosa,Dictyotaceae,Pyuridae,10,9,10,7,2.5
Hemimycale columella,Leptogorgia sarmentosa,Hymedesmiidae,Gorgoniidae,10,8,10,6,2.5
Nemesignis banyulensis,Sarcotragus fasciculatus,Myrrhinidae,Irciniidae,10,8,10,9,2.5
Rudmania krohni,Tricleocarpa fragilis,Chromodorididae,Galaxauraceae,10,9,10,7,2.5
Maja crispata,Torpedo marmorata,Majidae,Torpedinidae,10,8,8,6,2.5
Lipophrys trigloides,Yungia aurantiaca,Blenniidae,Pseudocerotidae,10,6,10,6,2.5
Phorbas tenacior,Yungia aurantiaca,Hymedesmiidae,Pseudocerotidae,10,10,10,8,2.5
Sabella spallanzanii,Yungia aurantiaca,Sabellidae,Pseudocerotidae,10,8,8,7,2.5
Halocynthia papillosa,Telmatactis forskalii,Pyuridae,Isophelliidae,10,8,10,9,2.5
Luria lurida,Oblada melanurus,Cypraeidae,Sparidae,10,8,10,9,2.5
Ircinia oros,Pomadasys incisus,Irciniidae,Haemulidae,10,4,10,8,2.5
Eriphia verrucosa,Striarca lactea,Eriphiidae,Noetiidae,10,4,8,5,2.5
Felimare fontandraui,Prostheceraeus roseus,Chromodorididae,Euryleptidae,10,8,9,8,2.5
Balanophyllia europaea,Epinephelus costae,Dendrophylliidae,Epinephelidae,10,9,10,7,2.5
Epinephelus costae,Halimeda tuna,Epinephelidae,Halimedaceae,10,7,10,5,2.5
Ellisolandia elongata,Lepadogaster candolii,Lithophyllaceae,Gobiesocidae,10,7,10,6,2.5
Flabellia petiolata,Telmatactis forskalii,Codiaceae,Isophelliidae,10,6,9,6,2.5
Mesophyllum expansum,Percnon gibbesi,Lithophyllaceae,Percnidae,10,10,10,7,2.5
Luria lurida,Phorbas tenacior,Cypraeidae,Hymedesmiidae,10,9,9,8,2.5
Aiptasia mutabilis,Pinctada radiata,Aiptasiidae,Pteriidae,10,6,10,8,2.5
Pomatoschistus bathi,Serranus scriba,Gobiidae,Serranidae,10,9,10,6,2.5
Luria lurida,Reteporella grimaldii,Cypraeidae,Phidoloporidae,9,7,9,6,2.5
Gobius cobitis,Steromphala varia,Gobiidae,Trochidae,9,7,9,5,2.5
Leptogorgia sarmentosa,Reteporella grimaldii,Gorgoniidae,Phidoloporidae,9,9,9,8,2.5
Felimida binza,Serpula vermicularis,Chromodorididae,Serpulidae,9,8,9,9,2.5
Labrus merula,Steromphala varia,Labridae,Trochidae,9,3,9,5,2.5
Facelina rubrovittata,Gobius paganellus,Facelinidae,Gobiidae,9,6,7,5,2.5
Telmatactis forskalii,Thericium vulgatum,Isophelliidae,Cerithiidae,9,4,8,7,2.5
Pomadasys incisus,Scorpaena maderensis,Haemulidae,Scorpaenidae,9,7,8,7,2.5
Parablennius zvonimiri,Pinctada radiata,Blenniidae,Pteriidae,9,9,9,7,2.5
Felimare fontandraui,Luria lurida,Chromodorididae,Cypraeidae,8,7,8,7,2.5
Felimare fontandraui,Pseudodistoma crucigaster,Chromodorididae,Pseudodistomidae,8,7,8,7,2.5
Ariosoma balearicum,Callista chione,Congridae,Veneridae,8,8,8,7,2.5
Ariosoma balearicum,Naticarius hebraeus,Congridae,Naticidae,8,6,8,6,2.5
Dictyota cyanoloma,Lepadogaster candolii,Dictyotaceae,Gobiesocidae,8,5,8,6,2.5
Dictyota cyanoloma,Prostheceraeus roseus,Dictyotaceae,Euryleptidae,8,8,8,6,2.5
Dactylopterus volitans,Lipophrys trigloides,Dactylopteridae,Blenniidae,8,5,6,6,2.5
Aplysia depilans,Sarcotragus fasciculatus,Aplysiidae,Irciniidae,8,5,8,7,2.5
Callista chione,Pachycerianthus solitarius,Veneridae,Cerianthidae,8,7,8,5,2.5
Percnon gibbesi,Xyrichtys novacula,Percnidae,Labridae,8,7,8,6,2.5
Astrospartus mediterraneus,Prostheceraeus roseus,Gorgonocephalidae,Euryleptidae,8,6,7,5,2.5
Bugula neritina,Serpula vermicularis,Bugulidae,Serpulidae,8,4,8,5,2.5
Chromis chromis,Pomadasys incisus,Pomacentridae,Haemulidae,8,5,8,8,2.5
Dasyatis pastinaca,Parablennius gattorugine,Dasyatidae,Blenniidae,8,4,7,5,2.5
Dictyota cyanoloma,Mullus surmuletus,Dictyotaceae,Mullidae,8,5,7,8,2.5
Halimeda tuna,Lissoclinum weigelei,Halimedaceae,Didemnidae,8,5,8,6,2.5
Caranx crysos,Ircinia oros,Carangidae,Irciniidae,8,5,7,5,2.5
Lipophrys trigloides,Posidonia oceanica,Blenniidae,Posidoniaceae,32,19,27,13,2.4
Hacelia attenuata,Serpula vermicularis,Ophidiasteridae,Serpulidae,18,15,17,13,2.4
Eriphia verrucosa,Petrosia ficiformis,Eriphiidae,Petrosiidae,17,11,16,7,2.4
Aiptasia mutabilis,Pagellus erythrinus,Aiptasiidae,Sparidae,17,7,15,14,2.4
Crambe crambe,Echinaster sepositus,Crambeidae,Echinasteridae,16,14,14,13,2.4
Phycis phycis,Protula tubularia,Phycidae,Serpulidae,16,10,16,12,2.4
Acetabularia acetabulum,Echinaster sepositus,Polyphysaceae,Echinasteridae,16,13,13,11,2.4
Halocynthia papillosa,Phycis phycis,Pyuridae,Phycidae,16,10,16,10,2.4
Aiptasia couchii,Calmella cavolini,Aiptasiidae,Flabellinidae,16,12,16,9,2.4
Balanophyllia europaea,Parablennius sanguinolentus,Dendrophylliidae,Blenniidae,16,15,14,9,2.4
Balanophyllia europaea,Hacelia attenuata,Dendrophylliidae,Ophidiasteridae,16,9,12,15,2.4
Palinurus elephas,Perforatus perforatus,Palinuridae,Balanidae,15,11,15,12,2.4
Diaphorodoris papillata,Sabella spallanzanii,Calycidorididae,Sabellidae,15,10,12,8,2.4
Cliona viridis,Pagellus erythrinus,Clionaidae,Sparidae,15,7,15,9,2.4
Hexaplex trunculus,Pagellus erythrinus,Muricidae,Sparidae,15,7,13,13,2.4
Flabellia petiolata,Lipophrys trigloides,Codiaceae,Blenniidae,15,9,15,8,2.4
Calmella cavolini,Pagellus erythrinus,Flabellinidae,Sparidae,14,8,13,6,2.4
Halocynthia papillosa,Serranus cabrilla,Pyuridae,Serranidae,14,10,12,8,2.4
Crambe crambe,Diplodus cervinus,Crambeidae,Sparidae,14,7,14,13,2.4
Ariosoma balearicum,Bonellia viridis,Congridae,Bonelliidae,14,7,14,10,2.4
Codium bursa,Oculina patagonica,Codiaceae,Oculinidae,14,13,14,11,2.4
Lepadogaster candolii,Myriapora truncata,Gobiesocidae,Myriaporidae,14,11,13,7,2.4
Echinaster sepositus,Lipophrys trigloides,Echinasteridae,Blenniidae,14,8,13,6,2.4
Coscinasterias tenuispina,Synodus saurus,Asteriidae,Synodontidae,14,12,14,9,2.4
Diaphorodoris alba,Serpula vermicularis,Calycidorididae,Serpulidae,14,13,12,10,2.4
Labrus merula,Reteporella grimaldii,Labridae,Phidoloporidae,14,10,14,10,2.4
Lepadogaster candolii,Protula tubularia,Gobiesocidae,Serpulidae,14,10,13,7,2.4
Gobius paganellus,Pagellus erythrinus,Gobiidae,Sparidae,14,10,14,7,2.4
Holothuria forskali,Serranus cabrilla,Holothuriidae,Serranidae,13,12,13,6,2.4
Dardanus calidus,Symphodus roissali,Diogenidae,Labridae,13,10,13,11,2.4
Cliona viridis,Tylodina perversa,Clionaidae,Tylodinidae,13,12,13,7,2.4
Aiptasia mutabilis,Torpedo marmorata,Aiptasiidae,Torpedinidae,13,8,12,8,2.4
Gobius incognitus,Synodus saurus,Gobiidae,Synodontidae,13,8,13,11,2.4
Conger conger,Dicentrarchus labrax,Congridae,Moronidae,13,9,11,6,2.4
Caloria quatrefagesi,Diplodus puntazzo,Facelinidae,Sparidae,13,11,12,8,2.4
Echinaster sepositus,Serranus scriba,Echinasteridae,Serranidae,13,12,12,11,2.4
Diplodus cervinus,Eriphia verrucosa,Sparidae,Eriphiidae,13,11,11,8,2.4
Hemimycale columella,Oculina patagonica,Hymedesmiidae,Oculinidae,13,7,12,6,2.4
Anthias anthias,Labrus merula,Anthiadidae,Labridae,13,8,11,9,2.4
Oculina patagonica,Synodus saurus,Oculinidae,Synodontidae,13,9,11,6,2.4
Diplodus cervinus,Gobius paganellus,Sparidae,Gobiidae,13,8,9,8,2.4
Muraena helena,Pentapora fascialis,Muraenidae,Bitectiporidae,12,11,11,6,2.4
Caulerpa cylindracea,Parablennius rouxi,Caulerpaceae,Blenniidae,12,10,11,7,2.4
Diaphorodoris alba,Petrosia ficiformis,Calycidorididae,Petrosiidae,12,11,12,7,2.4
Pagellus erythrinus,Reteporella grimaldii,Sparidae,Phidoloporidae,12,9,11,6,2.4
Rudmania krohni,Scorpaena scrofa,Chromodorididae,Scorpaenidae,12,10,12,5,2.4
Caloria quatrefagesi,Hexaplex trunculus,Facelinidae,Muricidae,12,11,12,9,2.4
Aiptasia mutabilis,Yungia aurantiaca,Aiptasiidae,Pseudocerotidae,12,11,12,11,2.4
Mesophyllum expansum,Stenopus spinosus,Lithophyllaceae,Stenopodidae,12,9,12,6,2.4
Bothus podas,Caloria quatrefagesi,Bothidae,Facelinidae,12,9,12,8,2.4
Microlipophrys dalmatinus,Symphodus mediterraneus,Blenniidae,Labridae,12,7,9,7,2.4
Synodus saurus,Thalassoma pavo,Synodontidae,Labridae,12,12,12,12,2.4
Muraena helena,Synodus saurus,Muraenidae,Synodontidae,11,9,11,8,2.4
Microlipophrys dalmatinus,Pycnoclavella communis,Blenniidae,Pycnoclavellidae,11,8,10,6,2.4
Anthias anthias,Conger conger,Anthiadidae,Congridae,11,11,10,7,2.4
Eunicella gazella,Serranus cabrilla,Gorgoniidae,Serranidae,11,7,7,6,2.4
Luisella babai,Mesophyllum expansum,Samlidae,Lithophyllaceae,11,10,11,9,2.4
Mullus surmuletus,Prostheceraeus roseus,Mullidae,Euryleptidae,11,10,11,8,2.4
Bolma rugosa,Hexaplex trunculus,Turbinidae,Muricidae,11,9,11,8,2.4
Gobius incognitus,Stenopus spinosus,Gobiidae,Stenopodidae,11,9,11,8,2.4
Chondrosia reniformis,Diaphorodoris alba,Chondrillidae,Calycidorididae,11,9,9,9,2.4
Cliona viridis,Microlipophrys nigriceps,Clionaidae,Blenniidae,11,9,11,7,2.4
Codium bursa,Pagellus acarne,Codiaceae,Sparidae,11,8,10,7,2.4
Coscinasterias tenuispina,Diaphorodoris alba,Asteriidae,Calycidorididae,11,8,9,8,2.4
Ariosoma balearicum,Oculina patagonica,Congridae,Oculinidae,11,5,10,6,2.4
Parablennius sanguinolentus,Xyrichtys novacula,Blenniidae,Labridae,11,9,10,6,2.4
Inachus phalangium,Muraena helena,Inachidae,Muraenidae,10,8,10,8,2.4
Calmella cavolini,Luria lurida,Flabellinidae,Cypraeidae,10,7,10,6,2.4
Callista chione,Halocynthia papillosa,Veneridae,Pyuridae,10,8,10,6,2.4
Petrosia ficiformis,Prostheceraeus moseleyi,Petrosiidae,Euryleptidae,10,9,10,6,2.4
Pelagia noctiluca,Tylodina perversa,Pelagiidae,Tylodinidae,10,8,8,6,2.4
Serranus scriba,Torpedo marmorata,Serranidae,Torpedinidae,10,7,8,5,2.4
Amphiroa rigida,Conger conger,Lithophyllaceae,Congridae,10,8,10,6,2.4
Boops boops,Pinnoctopus macropus,Sparidae,Octopodidae,10,6,9,7,2.4
Conger conger,Epinephelus marginatus,Congridae,Epinephelidae,10,8,10,5,2.4
Bolma rugosa,Symphodus roissali,Turbinidae,Labridae,10,8,10,10,2.4
Callista chione,Eriphia verrucosa,Veneridae,Eriphiidae,10,10,9,6,2.4
Aiptasia mutabilis,Pomadasys incisus,Aiptasiidae,Haemulidae,10,7,9,7,2.4
Microlipophrys nigriceps,Oblada melanurus,Blenniidae,Sparidae,10,8,9,6,2.4
Microlipophrys dalmatinus,Serranus scriba,Blenniidae,Serranidae,10,5,7,5,2.4
Caloria quatrefagesi,Sciaena umbra,Facelinidae,Sciaenidae,10,6,9,6,2.4
Balanophyllia europaea,Telmatactis forskalii,Dendrophylliidae,Isophelliidae,10,6,10,7,2.4
Maja crispata,Pinnoctopus macropus,Majidae,Octopodidae,9,6,9,7,2.4
Pagellus erythrinus,Phallusia mammillata,Sparidae,Ascidiidae,9,6,8,7,2.4
Codium bursa,Dictyota cyanoloma,Codiaceae,Dictyotaceae,9,8,9,7,2.4
Dictyota cyanoloma,Pentapora fascialis,Dictyotaceae,Bitectiporidae,9,9,9,6,2.4
Dictyota cyanoloma,Scorpaena maderensis,Dictyotaceae,Scorpaenidae,9,9,9,8,2.4
Nemesignis banyulensis,Phycis phycis,Myrrhinidae,Phycidae,9,5,9,5,2.4
Hemimycale columella,Phallusia mammillata,Hymedesmiidae,Ascidiidae,9,7,9,5,2.4
Mesophyllum expansum,Nemesignis banyulensis,Lithophyllaceae,Myrrhinidae,9,8,8,6,2.4
Lithophyllum stictiforme,Symphodus roissali,Lithophyllaceae,Labridae,9,7,8,7,2.4
Caloria quatrefagesi,Stenopus spinosus,Facelinidae,Stenopodidae,9,7,9,6,2.4
Luria lurida,Serranus scriba,Cypraeidae,Serranidae,9,9,9,9,2.4
Conger conger,Pseudodistoma crucigaster,Congridae,Pseudodistomidae,9,7,8,7,2.4
Astrospartus mediterraneus,Codium bursa,Gorgonocephalidae,Codiaceae,9,8,9,6,2.4
Tricleocarpa fragilis,Tylodina perversa,Galaxauraceae,Tylodinidae,9,4,6,6,2.4
Nemesignis banyulensis,Oblada melanurus,Myrrhinidae,Sparidae,9,5,7,5,2.4
Phallusia mammillata,Thericium vulgatum,Ascidiidae,Cerithiidae,9,3,8,8,2.4
Gobius cruentatus,Pinctada radiata,Gobiidae,Pteriidae,9,6,8,6,2.4
Callista chione,Sabella spallanzanii,Veneridae,Sabellidae,9,7,8,7,2.4
Gnathophyllum elegans,Sarcotragus fasciculatus,Gnathophyllidae,Irciniidae,9,3,8,5,2.4
Bonellia viridis,Pinctada radiata,Bonelliidae,Pteriidae,9,6,9,7,2.4
Ircinia oros,Pinctada radiata,Irciniidae,Pteriidae,9,7,9,5,2.4
Bolma rugosa,Thalassoma pavo,Turbinidae,Labridae,9,5,9,7,2.4
Arbacia lixula,Pinctada radiata,Arbaciidae,Pteriidae,9,9,9,7,2.4
Mullus surmuletus,Pinna rudis,Mullidae,Pinnidae,9,9,9,7,2.4
Parablennius rouxi,Polysyncraton lacazei,Blenniidae,Didemnidae,8,8,8,6,2.4
Bolma rugosa,Microlipophrys dalmatinus,Turbinidae,Blenniidae,8,8,8,5,2.4
Coscinasterias tenuispina,Ophidiaster ophidianus,Asteriidae,Ophidiasteridae,8,6,7,5,2.4
Maja crispata,Nemesignis banyulensis,Majidae,Myrrhinidae,8,6,8,7,2.4
Actinia mediterranea,Limaria hians,Actiniidae,Limidae,8,7,8,6,2.4
Scorpaena maderensis,Serranus atricauda,Scorpaenidae,Serranidae,8,8,8,8,2.4
Epinephelus costae,Synodus saurus,Epinephelidae,Synodontidae,8,7,7,7,2.4
Pagellus erythrinus,Pomadasys incisus,Sparidae,Haemulidae,8,7,8,6,2.4
Epinephelus costae,Pagellus erythrinus,Epinephelidae,Sparidae,8,6,7,7,2.4
Muraena helena,Pseudodistoma crucigaster,Muraenidae,Pseudodistomidae,8,6,7,6,2.4
Codium bursa,Ophidiaster ophidianus,Codiaceae,Ophidiasteridae,8,8,6,5,2.4
Pomadasys incisus,Thericium vulgatum,Haemulidae,Cerithiidae,8,3,8,7,2.4
Flabellia petiolata,Goniodoridella picoensis,Codiaceae,Goniodorididae,8,8,8,5,2.4
Epinephelus marginatus,Pagellus acarne,Epinephelidae,Sparidae,8,6,7,6,2.4
Epinephelus costae,Symphodus tinca,Epinephelidae,Labridae,8,7,8,6,2.4
Epinephelus costae,Padina pavonica,Epinephelidae,Dictyotaceae,8,6,8,5,2.4
Phycis phycis,Posidonia oceanica,Phycidae,Posidoniaceae,30,7,27,11,2.3
Conger conger,Posidonia oceanica,Congridae,Posidoniaceae,28,17,26,13,2.3
Gobius cobitis,Parablennius rouxi,Gobiidae,Blenniidae,17,12,14,5,2.3
Eriphia verrucosa,Gobius cruentatus,Eriphiidae,Gobiidae,17,9,17,12,2.3
Cribrinopsis crassa,Protula tubularia,Actiniidae,Serpulidae,16,10,15,13,2.3
Coscinasterias tenuispina,Myriapora truncata,Asteriidae,Myriaporidae,16,13,15,13,2.3
Chelon auratus,Sphaerococcus coronopifolius,Mugilidae,Sphaerococcaceae,16,9,15,11,2.3
Eriphia verrucosa,Protula tubularia,Eriphiidae,Serpulidae,16,12,16,11,2.3
Petrosia ficiformis,Phycis phycis,Petrosiidae,Phycidae,15,11,14,11,2.3
Flabellia petiolata,Phycis phycis,Codiaceae,Phycidae,15,7,15,10,2.3
Lipophrys trigloides,Protula tubularia,Blenniidae,Serpulidae,15,10,15,7,2.3
Eriphia verrucosa,Scorpaena maderensis,Eriphiidae,Scorpaenidae,15,11,15,11,2.3
Parablennius gattorugine,Synodus saurus,Blenniidae,Synodontidae,15,11,15,8,2.3
Myriapora truncata,Serranus cabrilla,Myriaporidae,Serranidae,14,12,11,10,2.3
Conger conger,Hexaplex trunculus,Congridae,Muricidae,14,10,14,7,2.3
Mesophyllum expansum,Phycis phycis,Lithophyllaceae,Phycidae,14,11,14,8,2.3
Holothuria tubulosa,Serranus cabrilla,Holothuriidae,Serranidae,14,10,13,5,2.3
Boops boops,Cribrinopsis crassa,Sparidae,Actiniidae,14,10,14,7,2.3
Acetabularia acetabulum,Lepadogaster candolii,Polyphysaceae,Gobiesocidae,14,7,12,10,2.3
Hexaplex trunculus,Scorpaena scrofa,Muricidae,Scorpaenidae,14,9,13,10,2.3
Eriphia verrucosa,Phorbas tenacior,Eriphiidae,Hymedesmiidae,14,12,14,12,2.3
Eriphia verrucosa,Synodus saurus,Eriphiidae,Synodontidae,14,7,11,7,2.3
Coscinasterias tenuispina,Palinurus elephas,Asteriidae,Palinuridae,14,7,12,11,2.3
Acetabularia acetabulum,Reteporella grimaldii,Polyphysaceae,Phidoloporidae,14,10,11,8,2.3
Ircinia oros,Lepadogaster candolii,Irciniidae,Gobiesocidae,14,9,13,8,2.3
Gobius paganellus,Pycnoclavella communis,Gobiidae,Pycnoclavellidae,14,8,13,8,2.3
Parablennius rouxi,Tylodina perversa,Blenniidae,Tylodinidae,13,11,13,9,2.3
Chondrosia reniformis,Conger conger,Chondrillidae,Congridae,13,9,11,8,2.3
Conger conger,Coscinasterias tenuispina,Congridae,Asteriidae,13,9,11,7,2.3
Apogon imberbis,Lepadogaster candolii,Apogonidae,Gobiesocidae,13,7,13,10,2.3
Boops boops,Palinurus elephas,Sparidae,Palinuridae,13,11,12,7,2.3
Aidablennius sphynx,Pagellus erythrinus,Blenniidae,Sparidae,13,7,12,6,2.3
Parablennius zvonimiri,Stenopus spinosus,Blenniidae,Stenopodidae,13,10,13,9,2.3
Perforatus perforatus,Reteporella grimaldii,Balanidae,Phidoloporidae,13,9,11,7,2.3
Boops boops,Hacelia attenuata,Sparidae,Ophidiasteridae,13,5,11,6,2.3
Parablennius gattorugine,Stenopus spinosus,Blenniidae,Stenopodidae,13,10,13,9,2.3
Inachus phalangium,Parablennius pilicornis,Inachidae,Blenniidae,13,11,13,10,2.3
Luisella babai,Myriapora truncata,Samlidae,Myriaporidae,12,8,12,6,2.3
Felimare villafranca,Hemimycale columella,Chromodorididae,Hymedesmiidae,12,10,11,10,2.3
Apogon imberbis,Stenopus spinosus,Apogonidae,Stenopodidae,12,8,12,8,2.3
Hexaplex trunculus,Muraena helena,Muricidae,Muraenidae,12,8,10,7,2.3
Lepadogaster candolii,Pycnoclavella communis,Gobiesocidae,Pycnoclavellidae,12,8,11,9,2.3
Mesophyllum expansum,Rudmania krohni,Lithophyllaceae,Chromodorididae,12,10,12,8,2.3
Bonellia viridis,Torpedo marmorata,Bonelliidae,Torpedinidae,12,6,11,8,2.3
Lipophrys trigloides,Thalassoma pavo,Blenniidae,Labridae,12,10,11,6,2.3
Maja crispata,Palinurus elephas,Majidae,Palinuridae,12,10,11,10,2.3
Oblada melanurus,Prostheceraeus roseus,Sparidae,Euryleptidae,12,9,10,11,2.3
Holothuria tubulosa,Microlipophrys dalmatinus,Holothuriidae,Blenniidae,12,8,11,9,2.3
Rudmania krohni,Sabella spallanzanii,Chromodorididae,Sabellidae,12,11,12,8,2.3
Bothus podas,Muraena helena,Bothidae,Muraenidae,12,4,9,10,2.3
Padina pavonica,Pagellus erythrinus,Dictyotaceae,Sparidae,12,3,9,12,2.3
Parablennius sanguinolentus,Sciaena umbra,Blenniidae,Sciaenidae,12,8,12,6,2.3
Dardanus calidus,Trinchesia morrowae,Diogenidae,Trinchesiidae,11,7,11,6,2.3
Bolma rugosa,Labrus merula,Turbinidae,Labridae,11,9,11,10,2.3
Caulerpa cylindracea,Flabellia petiolata,Caulerpaceae,Codiaceae,11,4,9,7,2.3
Reteporella grimaldii,Sciaena umbra,Phidoloporidae,Sciaenidae,11,7,11,5,2.3
Diplodus vulgaris,Parablennius rouxi,Sparidae,Blenniidae,11,10,11,6,2.3
Luria lurida,Parablennius zvonimiri,Cypraeidae,Blenniidae,11,9,11,6,2.3
Bonellia viridis,Percnon gibbesi,Bonelliidae,Percnidae,11,8,11,6,2.3
Palinurus elephas,Torpedo marmorata,Palinuridae,Torpedinidae,10,7,10,7,2.3
Muraena helena,Sciaena umbra,Muraenidae,Sciaenidae,10,8,9,6,2.3
Bonellia viridis,Nemesignis banyulensis,Bonelliidae,Myrrhinidae,10,7,10,7,2.3
Gobius cruentatus,Nemesignis banyulensis,Gobiidae,Myrrhinidae,10,9,10,7,2.3
Arbacia lixula,Astrospartus mediterraneus,Arbaciidae,Gorgonocephalidae,10,6,10,6,2.3
Astrospartus mediterraneus,Ircinia oros,Gorgonocephalidae,Irciniidae,10,8,9,5,2.3
Caloria quatrefagesi,Serranus scriba,Facelinidae,Serranidae,10,8,10,7,2.3
Actinia mediterranea,Steromphala varia,Actiniidae,Trochidae,10,6,10,5,2.3
Callista chione,Sphaerococcus coronopifolius,Veneridae,Sphaerococcaceae,10,8,10,5,2.3
Lepadogaster candolii,Pelagia noctiluca,Gobiesocidae,Pelagiidae,10,6,8,7,2.3
Chromis chromis,Xyrichtys novacula,Pomacentridae,Labridae,10,6,9,8,2.3
Caloria quatrefagesi,Chromis chromis,Facelinidae,Pomacentridae,10,10,10,8,2.3
Epinephelus marginatus,Synodus saurus,Epinephelidae,Synodontidae,10,8,10,9,2.3
Scartella cristata,Serpula vermicularis,Blenniidae,Serpulidae,10,9,9,5,2.3
Hemimycale columella,Luria lurida,Hymedesmiidae,Cypraeidae,9,9,9,6,2.3
Inachus phalangium,Luisella babai,Inachidae,Samlidae,9,7,9,8,2.3
Codium bursa,Nemesignis banyulensis,Codiaceae,Myrrhinidae,9,6,8,5,2.3
Coscinasterias tenuispina,Nemesignis banyulensis,Asteriidae,Myrrhinidae,9,7,9,5,2.3
Pentapora fascialis,Phallusia mammillata,Bitectiporidae,Ascidiidae,9,9,7,8,2.3
Ircinia oros,Simnia spelta,Irciniidae,Ovulidae,9,7,9,5,2.3
Aidablennius sphynx,Yungia aurantiaca,Blenniidae,Pseudocerotidae,9,4,8,9,2.3
Pycnoclavella communis,Yungia aurantiaca,Pycnoclavellidae,Pseudocerotidae,9,9,9,6,2.3
Astrospartus mediterraneus,Sarcotragus fasciculatus,Gorgonocephalidae,Irciniidae,9,7,9,6,2.3
Pachycerianthus solitarius,Pelagia noctiluca,Cerianthidae,Pelagiidae,9,9,9,5,2.3
Maja crispata,Pomatoschistus bathi,Majidae,Gobiidae,9,8,8,6,2.3
Palinurus elephas,Yungia aurantiaca,Palinuridae,Pseudocerotidae,9,7,8,5,2.3
Flabellia petiolata,Prostheceraeus moseleyi,Codiaceae,Euryleptidae,9,9,9,6,2.3
Diplodus sargus,Pomatoschistus bathi,Sparidae,Gobiidae,9,7,9,5,2.3
Aplus dorbignyi,Posidonia oceanica,Pisaniidae,Posidoniaceae,9,9,9,5,2.3
Pinna rudis,Stenopus spinosus,Pinnidae,Stenopodidae,8,6,7,7,2.3
Caloria quatrefagesi,Pagellus acarne,Facelinidae,Sparidae,8,6,7,6,2.3
Hexaplex trunculus,Simnia spelta,Muricidae,Ovulidae,8,8,8,6,2.3
Facelina rubrovittata,Lipophrys trigloides,Facelinidae,Blenniidae,8,5,7,5,2.3
Pagellus acarne,Xyrichtys novacula,Sparidae,Labridae,8,8,8,5,2.3
Hexaplex trunculus,Ophidiaster ophidianus,Muricidae,Ophidiasteridae,8,8,7,5,2.3
Actinia mediterranea,Electra posidoniae,Actiniidae,Electridae,8,6,8,5,2.3
Eriphia verrucosa,Peronaea planata,Eriphiidae,Tellinidae,8,6,8,7,2.3
Coscinasterias tenuispina,Steromphala varia,Asteriidae,Trochidae,8,6,8,5,2.3
Branchiomma luctuosum,Gnathophyllum elegans,Sabellidae,Gnathophyllidae,8,4,7,5,2.3
Caranx crysos,Serpula vermicularis,Carangidae,Serpulidae,8,7,7,7,2.3
Ascandra contorta,Posidonia oceanica,Leucaltidae,Posidoniaceae,8,8,8,6,2.3
Padina pavonica,Telmatactis forskalii,Dictyotaceae,Isophelliidae,8,8,8,6,2.3
Aiptasia mutabilis,Cribrinopsis crassa,Aiptasiidae,Actiniidae,17,7,14,12,2.2
Scorpaena scrofa,Serpula vermicularis,Scorpaenidae,Serpulidae,16,9,16,7,2.2
Cribrinopsis crassa,Diplodus puntazzo,Actiniidae,Sparidae,16,10,15,15,2.2
Calmella cavolini,Parablennius gattorugine,Flabellinidae,Blenniidae,16,9,13,9,2.2
Aiptasia mutabilis,Phycis phycis,Aiptasiidae,Phycidae,16,7,15,11,2.2
Phycis phycis,Sphaerococcus coronopifolius,Phycidae,Sphaerococcaceae,15,12,15,11,2.2
Bonellia viridis,Hacelia attenuata,Bonelliidae,Ophidiasteridae,15,13,15,11,2.2
Eriphia verrucosa,Halocynthia papillosa,Eriphiidae,Pyuridae,15,12,15,10,2.2
Myriapora truncata,Parablennius sanguinolentus,Myriaporidae,Blenniidae,14,12,13,8,2.2
Dardanus calidus,Parablennius zvonimiri,Diogenidae,Blenniidae,14,12,12,11,2.2
Agelas oroides,Bothus podas,Agelasidae,Bothidae,14,3,12,8,2.2
Dardanus calidus,Diaphorodoris papillata,Diogenidae,Calycidorididae,13,8,13,9,2.2
Hacelia attenuata,Scorpaena maderensis,Ophidiasteridae,Scorpaenidae,13,12,13,12,2.2
Parablennius rouxi,Rudmania krohni,Blenniidae,Chromodorididae,13,9,13,10,2.2
Conger conger,Flabellia petiolata,Congridae,Codiaceae,13,11,13,10,2.2
Cliona viridis,Conger conger,Clionaidae,Congridae,13,12,13,10,2.2
Hacelia attenuata,Mesophyllum expansum,Ophidiasteridae,Lithophyllaceae,13,10,13,7,2.2
Oblada melanurus,Pentapora fascialis,Sparidae,Bitectiporidae,13,12,13,7,2.2
Chondrosia reniformis,Synodus saurus,Chondrillidae,Synodontidae,13,11,12,9,2.2
Phycis phycis,Thericium vulgatum,Phycidae,Cerithiidae,13,7,13,10,2.2
Flabellia petiolata,Pagellus erythrinus,Codiaceae,Sparidae,13,5,10,8,2.2
Gobius cobitis,Sciaena umbra,Gobiidae,Sciaenidae,13,8,11,5,2.2
Conger conger,Echinaster sepositus,Congridae,Echinasteridae,12,12,12,9,2.2
Myriapora truncata,Stenopus spinosus,Myriaporidae,Stenopodidae,12,10,12,11,2.2
Diplodus cervinus,Hexaplex trunculus,Sparidae,Muricidae,12,12,12,10,2.2
Crambe crambe,Pachycerianthus solitarius,Crambeidae,Cerianthidae,12,10,11,11,2.2
Reteporella grimaldii,Scorpaena maderensis,Phidoloporidae,Scorpaenidae,12,11,11,11,2.2
Sphaerococcus coronopifolius,Stenopus spinosus,Sphaerococcaceae,Stenopodidae,12,12,12,10,2.2
Dardanus calidus,Oblada melanurus,Diogenidae,Sparidae,12,6,11,8,2.2
Halimeda tuna,Stenopus spinosus,Halimedaceae,Stenopodidae,12,7,12,8,2.2
Pachycerianthus solitarius,Parablennius zvonimiri,Cerianthidae,Blenniidae,12,10,12,9,2.2
Anthias anthias,Parablennius pilicornis,Anthiadidae,Blenniidae,12,10,12,12,2.2
Parablennius sanguinolentus,Synodus saurus,Blenniidae,Synodontidae,12,9,10,8,2.2
Pagellus erythrinus,Symphodus tinca,Sparidae,Labridae,12,4,10,10,2.2
Conger conger,Parablennius sanguinolentus,Congridae,Blenniidae,12,7,10,6,2.2
Luisella babai,Petrosia ficiformis,Samlidae,Petrosiidae,11,7,10,6,2.2
Calmella cavolini,Muraena helena,Flabellinidae,Muraenidae,11,10,9,8,2.2
Hacelia attenuata,Inachus phalangium,Ophidiasteridae,Inachidae,11,8,9,5,2.2
Parablennius rouxi,Torpedo marmorata,Blenniidae,Torpedinidae,11,9,11,7,2.2
Rudmania krohni,Synodus saurus,Chromodorididae,Synodontidae,11,6,10,6,2.2
Balanophyllia europaea,Diaphorodoris alba,Dendrophylliidae,Calycidorididae,11,11,8,9,2.2
Phorbas tenacior,Tylodina perversa,Hymedesmiidae,Tylodinidae,11,9,10,8,2.2
Bonellia viridis,Pinnoctopus macropus,Bonelliidae,Octopodidae,11,5,10,7,2.2
Felimare fontandraui,Petrosia ficiformis,Chromodorididae,Petrosiidae,11,10,10,6,2.2
Reteporella grimaldii,Thericium vulgatum,Phidoloporidae,Cerithiidae,11,9,11,10,2.2
Conger conger,Sphyraena viridensis,Congridae,Sphyraenidae,11,8,9,8,2.2
Inachus phalangium,Stramonita haemastoma,Inachidae,Muricidae,11,9,10,7,2.2
Cliona viridis,Diaphorodoris alba,Clionaidae,Calycidorididae,11,10,10,10,2.2
Caloria quatrefagesi,Sarcotragus fasciculatus,Facelinidae,Irciniidae,11,8,11,9,2.2
Caloria quatrefagesi,Eriphia verrucosa,Facelinidae,Eriphiidae,11,10,10,7,2.2
Diaphorodoris alba,Protula tubularia,Calycidorididae,Serpulidae,11,11,8,9,2.2
Apogon imberbis,Asparagopsis taxiformis,Apogonidae,Bonnemaisoniaceae,11,9,10,9,2.2
Balanophyllia europaea,Pomatoschistus bathi,Dendrophylliidae,Gobiidae,11,8,11,7,2.2
Gobius paganellus,Xyrichtys novacula,Gobiidae,Labridae,11,8,10,7,2.2
Parablennius zvonimiri,Torpedo marmorata,Blenniidae,Torpedinidae,11,8,9,7,2.2
Acetabularia acetabulum,Bolma rugosa,Polyphysaceae,Turbinidae,11,10,11,10,2.2
Bolma rugosa,Diaphorodoris papillata,Turbinidae,Calycidorididae,10,10,9,7,2.2
Conger conger,Pachycerianthus solitarius,Congridae,Cerianthidae,10,6,9,6,2.2
Ircinia oros,Phallusia mammillata,Irciniidae,Ascidiidae,10,3,10,6,2.2
Balanophyllia europaea,Yungia aurantiaca,Dendrophylliidae,Pseudocerotidae,10,8,8,9,2.2
Aiptasia mutabilis,Prostheceraeus moseleyi,Aiptasiidae,Euryleptidae,10,7,10,9,2.2
Caloria quatrefagesi,Palinurus elephas,Facelinidae,Palinuridae,10,8,10,7,2.2
Conger conger,Eunicella gazella,Congridae,Gorgoniidae,10,7,10,5,2.2
Conger conger,Pelagia noctiluca,Congridae,Pelagiidae,10,7,7,6,2.2
Pelagia noctiluca,Synodus saurus,Pelagiidae,Synodontidae,10,8,10,6,2.2
Callista chione,Ircinia oros,Veneridae,Irciniidae,10,10,10,8,2.2
Gobius cobitis,Pinna rudis,Gobiidae,Pinnidae,10,9,9,10,2.2
Actinia mediterranea,Facelina rubrovittata,Actiniidae,Facelinidae,10,6,8,5,2.2
Maja crispata,Schizoporella errata,Majidae,Schizoporellidae,10,7,9,10,2.2
Coscinasterias tenuispina,Pomatoschistus bathi,Asteriidae,Gobiidae,10,6,10,5,2.2
Caloria quatrefagesi,Echinaster sepositus,Facelinidae,Echinasteridae,10,9,10,9,2.2
Eriphia verrucosa,Pagellus acarne,Eriphiidae,Sparidae,10,9,10,7,2.2
Felimare fontandraui,Phorbas tenacior,Chromodorididae,Hymedesmiidae,10,9,9,6,2.2
Aiptasia couchii,Luria lurida,Aiptasiidae,Cypraeidae,10,5,8,6,2.2
Eunicella singularis,Rudmania krohni,Gorgoniidae,Chromodorididae,9,8,9,6,2.2
Calmella cavolini,Naticarius hebraeus,Flabellinidae,Naticidae,9,4,8,8,2.2
Hacelia attenuata,Luria lurida,Ophidiasteridae,Cypraeidae,9,9,9,5,2.2
Caulerpa cylindracea,Dardanus calidus,Caulerpaceae,Diogenidae,9,6,9,5,2.2
Stenopus spinosus,Tylodina perversa,Stenopodidae,Tylodinidae,9,7,9,6,2.2
Hexaplex trunculus,Prostheceraeus moseleyi,Muricidae,Euryleptidae,9,8,9,5,2.2
Astrospartus mediterraneus,Myriapora truncata,Gorgonocephalidae,Myriaporidae,9,7,8,9,2.2
Bolma rugosa,Hemimycale columella,Turbinidae,Hymedesmiidae,9,8,9,8,2.2
Echinaster sepositus,Pinna rudis,Echinasteridae,Pinnidae,9,9,9,8,2.2
Leptogorgia sarmentosa,Phycis phycis,Gorgoniidae,Phycidae,9,4,9,9,2.2
Pentapora fascialis,Yungia aurantiaca,Bitectiporidae,Pseudocerotidae,9,8,9,5,2.2
Ophidiaster ophidianus,Serpula vermicularis,Ophidiasteridae,Serpulidae,9,9,9,6,2.2
Aidablennius sphynx,Pinna rudis,Blenniidae,Pinnidae,9,7,9,5,2.2
Nemesignis banyulensis,Parablennius pilicornis,Myrrhinidae,Blenniidae,9,5,8,9,2.2
Bolma rugosa,Palinurus elephas,Turbinidae,Palinuridae,9,9,9,9,2.2
Bonellia viridis,Facelina rubrovittata,Bonelliidae,Facelinidae,9,5,8,5,2.2
Chromis chromis,Pagellus acarne,Pomacentridae,Sparidae,9,8,8,7,2.2
Phycis phycis,Seriola dumerili,Phycidae,Carangidae,8,6,7,8,2.2
Calmella cavolini,Epinephelus costae,Flabellinidae,Epinephelidae,8,5,8,5,2.2
Pseudodistoma crucigaster,Rudmania krohni,Pseudodistomidae,Chromodorididae,8,5,8,6,2.2
Nemesignis banyulensis,Scorpaena scrofa,Myrrhinidae,Scorpaenidae,8,8,8,5,2.2
Hacelia attenuata,Seriola dumerili,Ophidiasteridae,Carangidae,8,7,8,7,2.2
Pagellus acarne,Tylodina perversa,Sparidae,Tylodinidae,8,6,8,5,2.2
Nemesignis banyulensis,Thericium vulgatum,Myrrhinidae,Cerithiidae,8,6,8,5,2.2
Callista chione,Gobius incognitus,Veneridae,Gobiidae,8,8,8,7,2.2
Callista chione,Oculina patagonica,Veneridae,Oculinidae,8,8,8,6,2.2
Rugulopteryx okamurae,Sabella spallanzanii,Dictyotaceae,Sabellidae,8,7,7,7,2.2
Protula tubularia,Simnia spelta,Serpulidae,Ovulidae,8,5,8,5,2.2
Pomatoschistus bathi,Schizoporella errata,Gobiidae,Schizoporellidae,8,6,8,7,2.2
Dicentrarchus labrax,Telmatactis forskalii,Moronidae,Isophelliidae,8,7,8,5,2.2
Luria lurida,Mullus surmuletus,Cypraeidae,Mullidae,8,7,8,7,2.2
Pseudodistoma crucigaster,Serranus cabrilla,Pseudodistomidae,Serranidae,8,5,8,6,2.2
Hemimycale columella,Seriola dumerili,Hymedesmiidae,Carangidae,8,5,7,6,2.2
Oculina patagonica,Phallusia mammillata,Oculinidae,Ascidiidae,8,4,6,8,2.2
Balanophyllia europaea,Pinctada radiata,Dendrophylliidae,Pteriidae,8,4,8,5,2.2
Tritia mutabilis,Xyrichtys novacula,Nassariidae,Labridae,8,6,5,5,2.2
Halimeda tuna,Pinctada radiata,Halimedaceae,Pteriidae,8,6,8,7,2.2
Posidonia oceanica,Tylodina perversa,Posidoniaceae,Tylodinidae,23,12,19,12,2.1
Echinaster sepositus,Serpula vermicularis,Echinasteridae,Serpulidae,16,10,14,9,2.1
Phycis phycis,Serpula vermicularis,Phycidae,Serpulidae,16,9,16,9,2.1
Actinia mediterranea,Hemimycale columella,Actiniidae,Hymedesmiidae,16,12,16,7,2.1
Epinephelus costae,Posidonia oceanica,Epinephelidae,Posidoniaceae,16,12,15,10,2.1
Diaphorodoris papillata,Petrosia ficiformis,Calycidorididae,Petrosiidae,15,14,15,9,2.1
Arbacia lixula,Cribrinopsis crassa,Arbaciidae,Actiniidae,15,10,14,9,2.1
Cliona viridis,Gobius cobitis,Clionaidae,Gobiidae,15,12,14,9,2.1
Aiptasia couchii,Petrosia ficiformis,Aiptasiidae,Petrosiidae,15,9,15,9,2.1
Acetabularia acetabulum,Scorpaena scrofa,Polyphysaceae,Scorpaenidae,14,7,14,8,2.1
Arbacia lixula,Pagellus erythrinus,Arbaciidae,Sparidae,14,6,13,11,2.1
Codium bursa,Gobius cobitis,Codiaceae,Gobiidae,14,7,14,7,2.1
Hacelia attenuata,Holothuria tubulosa,Ophidiasteridae,Holothuriidae,14,11,12,8,2.1
Parablennius zvonimiri,Scorpaena scrofa,Blenniidae,Scorpaenidae,14,10,11,9,2.1
Chelon auratus,Halocynthia papillosa,Mugilidae,Pyuridae,14,10,14,10,2.1
Diplodus puntazzo,Synodus saurus,Sparidae,Synodontidae,14,10,11,9,2.1
Acetabularia acetabulum,Serranus cabrilla,Polyphysaceae,Serranidae,13,10,8,8,2.1
Aiptasia mutabilis,Anthias anthias,Aiptasiidae,Anthiadidae,13,9,11,10,2.1
Actinia mediterranea,Pachycerianthus solitarius,Actiniidae,Cerianthidae,13,6,13,5,2.1
Perforatus perforatus,Scorpaena scrofa,Balanidae,Scorpaenidae,13,11,13,9,2.1
Halocynthia papillosa,Pagellus erythrinus,Pyuridae,Sparidae,13,5,10,10,2.1
Bothus podas,Scorpaena scrofa,Bothidae,Scorpaenidae,13,6,12,10,2.1
Ariosoma balearicum,Serpula vermicularis,Congridae,Serpulidae,13,5,13,6,2.1
Codium bursa,Lipophrys trigloides,Codiaceae,Blenniidae,13,9,13,7,2.1
Symphodus mediterraneus,Synodus saurus,Labridae,Synodontidae,13,6,8,9,2.1
Pagellus erythrinus,Protula tubularia,Sparidae,Serpulidae,13,4,12,8,2.1
Parablennius rouxi,Trinchesia morrowae,Blenniidae,Trinchesiidae,12,11,12,10,2.1
Agelas oroides,Oculina patagonica,Agelasidae,Oculinidae,12,8,12,10,2.1
Bothus podas,Serranus cabrilla,Bothidae,Serranidae,12,7,9,7,2.1
Diplodus cervinus,Sphaerococcus coronopifolius,Sparidae,Sphaerococcaceae,12,10,12,8,2.1
Eunicella gazella,Parablennius gattorugine,Gorgoniidae,Blenniidae,12,9,12,7,2.1
Acetabularia acetabulum,Tylodina perversa,Polyphysaceae,Tylodinidae,12,9,10,10,2.1
Hemimycale columella,Pennaria disticha,Hymedesmiidae,Pennariidae,12,6,12,8,2.1
Hemimycale columella,Oblada melanurus,Hymedesmiidae,Sparidae,12,8,12,7,2.1
Actinia mediterranea,Torpedo marmorata,Actiniidae,Torpedinidae,12,8,12,5,2.1
Lipophrys trigloides,Phorbas tenacior,Blenniidae,Hymedesmiidae,12,6,12,6,2.1
Luisella babai,Parablennius rouxi,Samlidae,Blenniidae,11,11,11,7,2.1
Felimare fontandraui,Parablennius rouxi,Chromodorididae,Blenniidae,11,10,11,9,2.1
Diaphorodoris papillata,Stenopus spinosus,Calycidorididae,Stenopodidae,11,9,11,6,2.1
Dardanus calidus,Diplodus sargus,Diogenidae,Sparidae,11,7,11,10,2.1
Holothuria forskali,Thalassoma pavo,Holothuriidae,Labridae,11,8,11,6,2.1
Gobius paganellus,Tylodina perversa,Gobiidae,Tylodinidae,11,10,10,9,2.1
Hemimycale columella,Mullus surmuletus,Hymedesmiidae,Mullidae,11,11,11,11,2.1
Ircinia oros,Torpedo marmorata,Irciniidae,Torpedinidae,11,10,11,7,2.1
Apogon imberbis,Tylodina perversa,Apogonidae,Tylodinidae,11,7,8,7,2.1
Sciaena umbra,Stramonita haemastoma,Sciaenidae,Muricidae,11,7,11,6,2.1
Mullus surmuletus,Pycnoclavella communis,Mullidae,Pycnoclavellidae,11,10,11,8,2.1
Aiptasia couchii,Xyrichtys novacula,Aiptasiidae,Labridae,11,6,11,8,2.1
Balanophyllia europaea,Xyrichtys novacula,Dendrophylliidae,Labridae,11,7,10,6,2.1
Lepadogaster candolii,Thericium vulgatum,Gobiesocidae,Cerithiidae,11,7,10,6,2.1
Sciaena umbra,Thericium vulgatum,Sciaenidae,Cerithiidae,11,9,10,8,2.1
Chromis chromis,Pagellus erythrinus,Pomacentridae,Sparidae,11,5,10,9,2.1
Pagellus erythrinus,Serranus scriba,Sparidae,Serranidae,11,4,8,11,2.1
Muraena helena,Pycnoclavella communis,Muraenidae,Pycnoclavellidae,10,10,10,7,2.1
Maja crispata,Rudmania krohni,Majidae,Chromodorididae,10,9,10,5,2.1
Apogon imberbis,Torpedo marmorata,Apogonidae,Torpedinidae,10,8,9,8,2.1
Ircinia oros,Luria lurida,Irciniidae,Cypraeidae,10,8,10,8,2.1
Sarcotragus fasciculatus,Torpedo marmorata,Irciniidae,Torpedinidae,10,6,10,5,2.1
Astrospartus mediterraneus,Serpula vermicularis,Gorgonocephalidae,Serpulidae,10,8,9,6,2.1
Lipophrys trigloides,Muraena helena,Blenniidae,Muraenidae,10,7,10,8,2.1
Perforatus perforatus,Pomatoschistus bathi,Balanidae,Gobiidae,10,8,10,6,2.1
Oblada melanurus,Xyrichtys novacula,Sparidae,Labridae,10,8,10,8,2.1
Diaphorodoris alba,Symphodus mediterraneus,Calycidorididae,Labridae,10,10,10,8,2.1
Arbacia lixula,Microlipophrys nigriceps,Arbaciidae,Blenniidae,10,5,10,5,2.1
Dardanus calidus,Felimare fontandraui,Diogenidae,Chromodorididae,9,9,9,8,2.1
Conger conger,Felimare fontandraui,Congridae,Chromodorididae,9,9,8,6,2.1
Lepadogaster candolii,Muraena helena,Gobiesocidae,Muraenidae,9,8,8,5,2.1
Echinaster sepositus,Torpedo marmorata,Echinasteridae,Torpedinidae,9,7,8,5,2.1
Crambe crambe,Prostheceraeus moseleyi,Crambeidae,Euryleptidae,9,9,9,8,2.1
Callista chione,Myriapora truncata,Veneridae,Myriaporidae,9,6,9,7,2.1
Callista chione,Petrosia ficiformis,Veneridae,Petrosiidae,9,7,9,5,2.1
Synodus saurus,Tricleocarpa fragilis,Synodontidae,Galaxauraceae,9,5,9,8,2.1
Crambe crambe,Telmatactis forskalii,Crambeidae,Isophelliidae,9,8,9,8,2.1
Flabellia petiolata,Luria lurida,Codiaceae,Cypraeidae,9,7,9,6,2.1
Luria lurida,Sarcotragus fasciculatus,Cypraeidae,Irciniidae,9,6,8,5,2.1
Caloria quatrefagesi,Padina pavonica,Facelinidae,Dictyotaceae,9,8,8,8,2.1
Pagellus acarne,Phorbas tenacior,Sparidae,Hymedesmiidae,9,7,9,7,2.1
Coscinasterias tenuispina,Pseudodistoma crucigaster,Asteriidae,Pseudodistomidae,9,8,8,7,2.1
Sabella spallanzanii,Torpedo marmorata,Sabellidae,Torpedinidae,9,8,8,7,2.1
Luria lurida,Symphodus mediterraneus,Cypraeidae,Labridae,9,6,9,8,2.1
Balanophyllia europaea,Prostheceraeus moseleyi,Dendrophylliidae,Euryleptidae,9,8,7,7,2.1
Dardanus calidus,Ellisolandia elongata,Diogenidae,Lithophyllaceae,9,6,8,6,2.1
Bolma rugosa,Felimare villafranca,Turbinidae,Chromodorididae,8,8,7,5,2.1
Callista chione,Holothuria forskali,Veneridae,Holothuriidae,8,7,7,5,2.1
Caulerpa cylindracea,Tylodina perversa,Caulerpaceae,Tylodinidae,8,8,8,6,2.1
Luisella babai,Tylodina perversa,Samlidae,Tylodinidae,8,8,8,8,2.1
Lithophyllum stictiforme,Stramonita haemastoma,Lithophyllaceae,Muricidae,8,8,8,6,2.1
Facelina rubrovittata,Sphaerococcus coronopifolius,Facelinidae,Sphaerococcaceae,8,6,7,6,2.1
Prostheceraeus moseleyi,Scorpaena maderensis,Euryleptidae,Scorpaenidae,8,7,7,7,2.1
Callista chione,Stramonita haemastoma,Veneridae,Muricidae,8,6,7,6,2.1
Chromis chromis,Microlipophrys nigriceps,Pomacentridae,Blenniidae,8,4,7,6,2.1
Bolma rugosa,Mullus surmuletus,Turbinidae,Mullidae,8,6,7,7,2.1
Aiptasia mutabilis,Goniodoridella picoensis,Aiptasiidae,Goniodorididae,8,6,8,5,2.1
Codium bursa,Telmatactis forskalii,Codiaceae,Isophelliidae,8,6,8,5,2.1
Microlipophrys dalmatinus,Schizoporella errata,Blenniidae,Schizoporellidae,8,8,8,6,2.1
Parablennius gattorugine,Pinctada radiata,Blenniidae,Pteriidae,8,6,8,6,2.1
Callista chione,Parablennius sanguinolentus,Veneridae,Blenniidae,8,5,6,6,2.1
Dicentrarchus labrax,Phallusia mammillata,Moronidae,Ascidiidae,8,6,7,5,2.1
Aiptasia couchii,Scartella cristata,Aiptasiidae,Blenniidae,8,7,8,7,2.1
Pachycerianthus solitarius,Posidonia oceanica,Cerianthidae,Posidoniaceae,21,9,19,12,2.0
Callista chione,Posidonia oceanica,Veneridae,Posidoniaceae,17,11,15,11,2.0
Actinia mediterranea,Sabella spallanzanii,Actiniidae,Sabellidae,15,10,15,8,2.0
Crambe crambe,Phycis phycis,Crambeidae,Phycidae,14,10,14,12,2.0
Bothus podas,Cliona viridis,Bothidae,Clionaidae,14,8,13,10,2.0
Diaphorodoris papillata,Myriapora truncata,Calycidorididae,Myriaporidae,14,11,14,8,2.0
Arbacia lixula,Hacelia attenuata,Arbaciidae,Ophidiasteridae,14,7,14,7,2.0
Coscinasterias tenuispina,Petrosia ficiformis,Asteriidae,Petrosiidae,14,13,14,11,2.0
Bothus podas,Sphaerococcus coronopifolius,Bothidae,Sphaerococcaceae,14,8,11,11,2.0
Diplodus puntazzo,Phycis phycis,Sparidae,Phycidae,14,7,12,9,2.0
Calmella cavolini,Cribrinopsis crassa,Flabellinidae,Actiniidae,13,12,13,6,2.0
Holothuria forskali,Parablennius pilicornis,Holothuriidae,Blenniidae,13,12,13,12,2.0
Aiptasia couchii,Hemimycale columella,Aiptasiidae,Hymedesmiidae,13,8,12,10,2.0
Balanophyllia europaea,Synodus saurus,Dendrophylliidae,Synodontidae,13,6,13,9,2.0
Gobius cobitis,Pennaria disticha,Gobiidae,Pennariidae,13,9,13,10,2.0
Pennaria disticha,Sphaerococcus coronopifolius,Pennariidae,Sphaerococcaceae,13,12,13,7,2.0
Hexaplex trunculus,Pycnoclavella communis,Muricidae,Pycnoclavellidae,13,10,11,11,2.0
Acetabularia acetabulum,Synodus saurus,Polyphysaceae,Synodontidae,13,10,13,12,2.0
Aidablennius sphynx,Petrosia ficiformis,Blenniidae,Petrosiidae,13,9,13,7,2.0
Aiptasia mutabilis,Serranus cabrilla,Aiptasiidae,Serranidae,13,12,11,8,2.0
Agelas oroides,Aiptasia couchii,Agelasidae,Aiptasiidae,13,6,12,8,2.0
Crambe crambe,Lepadogaster candolii,Crambeidae,Gobiesocidae,12,8,12,7,2.0
Balanophyllia europaea,Lepadogaster candolii,Dendrophylliidae,Gobiesocidae,12,8,11,7,2.0
Bothus podas,Dardanus calidus,Bothidae,Diogenidae,12,8,12,8,2.0
Holothuria tubulosa,Lepadogaster candolii,Holothuriidae,Gobiesocidae,12,9,12,8,2.0
Lipophrys trigloides,Pycnoclavella communis,Blenniidae,Pycnoclavellidae,12,8,11,5,2.0
Aiptasia mutabilis,Stenopus spinosus,Aiptasiidae,Stenopodidae,12,9,11,8,2.0
Conger conger,Perforatus perforatus,Congridae,Balanidae,12,7,12,6,2.0
Serpula vermicularis,Xyrichtys novacula,Serpulidae,Labridae,12,6,12,5,2.0
Codium bursa,Dicentrarchus labrax,Codiaceae,Moronidae,12,11,12,9,2.0
Caranx crysos,Posidonia oceanica,Carangidae,Posidoniaceae,12,10,12,5,2.0
Petrosia ficiformis,Trinchesia morrowae,Petrosiidae,Trinchesiidae,11,10,11,9,2.0
Maja crispata,Phycis phycis,Majidae,Phycidae,11,9,10,8,2.0
Agelas oroides,Serranus cabrilla,Agelasidae,Serranidae,11,10,10,5,2.0
Aiptasia couchii,Tylodina perversa,Aiptasiidae,Tylodinidae,11,5,11,7,2.0
Felimare villafranca,Pycnoclavella communis,Chromodorididae,Pycnoclavellidae,11,7,11,8,2.0
Ircinia oros,Microlipophrys dalmatinus,Irciniidae,Blenniidae,11,7,11,8,2.0
Hacelia attenuata,Scorpaena scrofa,Ophidiasteridae,Scorpaenidae,11,9,11,6,2.0
Scorpaena maderensis,Serranus cabrilla,Scorpaenidae,Serranidae,11,8,9,8,2.0
Hemimycale columella,Symphodus tinca,Hymedesmiidae,Labridae,11,8,11,9,2.0
Hacelia attenuata,Palinurus elephas,Ophidiasteridae,Palinuridae,11,10,10,9,2.0
Gobius incognitus,Palinurus elephas,Gobiidae,Palinuridae,11,5,10,7,2.0
Cribrinopsis crassa,Sphyraena viridensis,Actiniidae,Sphyraenidae,11,8,9,9,2.0
Coscinasterias tenuispina,Rudmania krohni,Asteriidae,Chromodorididae,11,8,11,7,2.0
Branchiomma luctuosum,Pagellus erythrinus,Sabellidae,Sparidae,11,3,11,7,2.0
Protula tubularia,Tylodina perversa,Serpulidae,Tylodinidae,11,7,9,7,2.0
Chromis chromis,Lipophrys trigloides,Pomacentridae,Blenniidae,11,8,9,6,2.0
Myriapora truncata,Schizoporella errata,Myriaporidae,Schizoporellidae,11,7,10,7,2.0
Symphodus tinca,Synodus saurus,Labridae,Synodontidae,11,7,11,9,2.0
Chromis chromis,Hemimycale columella,Pomacentridae,Hymedesmiidae,11,11,10,8,2.0
Dardanus calidus,Lepadogaster candolii,Diogenidae,Gobiesocidae,10,9,10,8,2.0
Hemimycale columella,Lepadogaster candolii,Hymedesmiidae,Gobiesocidae,10,10,10,5,2.0
Ariosoma balearicum,Scorpaena maderensis,Congridae,Scorpaenidae,10,8,10,9,2.0
Rudmania krohni,Thericium vulgatum,Chromodorididae,Cerithiidae,10,9,10,8,2.0
Calmella cavolini,Stenopus spinosus,Flabellinidae,Stenopodidae,10,9,10,6,2.0
Symphodus roissali,Tylodina perversa,Labridae,Tylodinidae,10,6,10,6,2.0
Sabella spallanzanii,Trinchesia morrowae,Sabellidae,Trinchesiidae,10,9,9,9,2.0
Cardites antiquatus,Posidonia oceanica,Carditidae,Posidoniaceae,10,9,9,6,2.0
Inachus phalangium,Pennaria disticha,Inachidae,Pennariidae,10,8,9,10,2.0
Apogon imberbis,Microlipophrys dalmatinus,Apogonidae,Blenniidae,10,8,9,7,2.0
Ophisurus serpens,Sabella spallanzanii,Ophichthidae,Sabellidae,10,6,9,8,2.0
Asparagopsis taxiformis,Bothus podas,Bonnemaisoniaceae,Bothidae,10,7,10,9,2.0
Parablennius rouxi,Yungia aurantiaca,Blenniidae,Pseudocerotidae,9,7,9,9,2.0
Agelas oroides,Torpedo marmorata,Agelasidae,Torpedinidae,9,4,8,5,2.0
Balanophyllia europaea,Callista chione,Dendrophylliidae,Veneridae,9,8,9,7,2.0
Eunicella singularis,Symphodus roissali,Gorgoniidae,Labridae,9,7,9,6,2.0
Caloria quatrefagesi,Thericium vulgatum,Facelinidae,Cerithiidae,9,9,9,8,2.0
Anthias anthias,Serranus scriba,Anthiadidae,Serranidae,9,5,7,9,2.0
Parablennius zvonimiri,Yungia aurantiaca,Blenniidae,Pseudocerotidae,9,8,9,7,2.0
Gobius cobitis,Pinnoctopus macropus,Gobiidae,Octopodidae,9,6,9,7,2.0
Luria lurida,Myriapora truncata,Cypraeidae,Myriaporidae,9,9,9,8,2.0
Pomatoschistus bathi,Scorpaena maderensis,Gobiidae,Scorpaenidae,9,6,8,7,2.0
Anthias anthias,Serranus cabrilla,Anthiadidae,Serranidae,9,6,6,5,2.0
Alicia mirabilis,Posidonia oceanica,Aliciidae,Posidoniaceae,9,6,9,7,2.0
Chondrosia reniformis,Pomatoschistus bathi,Chondrillidae,Gobiidae,9,7,9,6,2.0
Arbacia lixula,Phallusia mammillata,Arbaciidae,Ascidiidae,9,5,7,9,2.0
Muraena helena,Symphodus tinca,Muraenidae,Labridae,9,6,6,7,2.0
Actinia mediterranea,Pomadasys incisus,Actiniidae,Haemulidae,9,4,9,6,2.0
Inachus phalangium,Sphyraena viridensis,Inachidae,Sphyraenidae,9,8,8,6,2.0
Caloria quatrefagesi,Symphodus roissali,Facelinidae,Labridae,9,8,9,7,2.0
Luria lurida,Sphaerococcus coronopifolius,Cypraeidae,Sphaerococcaceae,9,6,9,7,2.0
Bonellia viridis,Phallusia mammillata,Bonelliidae,Ascidiidae,9,4,8,9,2.0
Parablennius pilicornis,Pseudodistoma crucigaster,Blenniidae,Pseudodistomidae,9,5,9,8,2.0
Asparagopsis taxiformis,Pycnoclavella communis,Bonnemaisoniaceae,Pycnoclavellidae,9,4,7,6,2.0
Maja crispata,Tritia mutabilis,Majidae,Nassariidae,8,6,8,5,2.0
Muraena helena,Tylodina perversa,Muraenidae,Tylodinidae,8,6,7,6,2.0
Felimare fontandraui,Lepadogaster candolii,Chromodorididae,Gobiesocidae,8,8,8,5,2.0
Callista chione,Chondrosia reniformis,Veneridae,Chondrillidae,8,6,8,7,2.0
Dictyota cyanoloma,Symphodus mediterraneus,Dictyotaceae,Labridae,8,8,8,5,2.0
Hemimycale columella,Pinna rudis,Hymedesmiidae,Pinnidae,8,5,8,6,2.0
Percnon gibbesi,Pycnoclavella communis,Percnidae,Pycnoclavellidae,8,6,8,5,2.0
Luria lurida,Sabella spallanzanii,Cypraeidae,Sabellidae,8,5,8,7,2.0
Hexaplex trunculus,Telmatactis forskalii,Muricidae,Isophelliidae,8,5,7,7,2.0
Bolma rugosa,Diplodus sargus,Turbinidae,Sparidae,8,8,8,8,2.0
Luria lurida,Palinurus elephas,Cypraeidae,Palinuridae,8,6,7,6,2.0
Arbacia lixula,Pomadasys incisus,Arbaciidae,Haemulidae,8,5,8,8,2.0
Aiptasia couchii,Gnathophyllum elegans,Aiptasiidae,Gnathophyllidae,8,6,8,8,2.0
Amphiroa rigida,Prostheceraeus roseus,Lithophyllaceae,Euryleptidae,8,4,6,7,2.0
Parablennius sanguinolentus,Pinna rudis,Blenniidae,Pinnidae,8,4,7,5,2.0
Balanophyllia europaea,Callionymus pusillus,Dendrophylliidae,Callionymidae,8,5,8,5,2.0
Aidablennius sphynx,Pseudodistoma crucigaster,Blenniidae,Pseudodistomidae,8,5,8,5,2.0
Gobius incognitus,Pinna rudis,Gobiidae,Pinnidae,8,5,8,5,2.0
Pomatoschistus bathi,Posidonia oceanica,Gobiidae,Posidoniaceae,18,10,15,7,1.9
Callionymus pusillus,Posidonia oceanica,Callionymidae,Posidoniaceae,15,11,14,9,1.9
Diaphorodoris papillata,Parablennius rouxi,Calycidorididae,Blenniidae,14,14,14,8,1.9
Holothuria forskali,Parablennius gattorugine,Holothuriidae,Blenniidae,13,9,13,9,1.9
Parablennius gattorugine,Pentapora fascialis,Blenniidae,Bitectiporidae,13,12,13,10,1.9
Holothuria tubulosa,Lipophrys trigloides,Holothuriidae,Blenniidae,13,12,12,10,1.9
Actinia mediterranea,Prostheceraeus roseus,Actiniidae,Euryleptidae,13,6,13,6,1.9
Chelon auratus,Myriapora truncata,Mugilidae,Myriaporidae,13,9,13,10,1.9
Diaphorodoris papillata,Mesophyllum expansum,Calycidorididae,Lithophyllaceae,12,11,12,6,1.9
Dicentrarchus labrax,Sphaerococcus coronopifolius,Moronidae,Sphaerococcaceae,12,11,12,9,1.9
Hemimycale columella,Labrus merula,Hymedesmiidae,Labridae,12,10,11,9,1.9
Bothus podas,Phycis phycis,Bothidae,Phycidae,12,3,8,10,1.9
Hexaplex trunculus,Lipophrys trigloides,Muricidae,Blenniidae,12,10,12,8,1.9
Hemimycale columella,Parablennius pilicornis,Hymedesmiidae,Blenniidae,12,8,12,12,1.9
Parablennius sanguinolentus,Petrosia ficiformis,Blenniidae,Petrosiidae,12,9,12,7,1.9
Holothuria tubulosa,Rudmania krohni,Holothuriidae,Chromodorididae,11,8,11,8,1.9
Codium bursa,Conger conger,Codiaceae,Congridae,11,7,11,6,1.9
Parablennius zvonimiri,Tylodina perversa,Blenniidae,Tylodinidae,11,7,10,8,1.9
Perforatus perforatus,Serranus cabrilla,Balanidae,Serranidae,11,8,8,6,1.9
Boops boops,Phycis phycis,Sparidae,Phycidae,11,8,11,9,1.9
Dicentrarchus labrax,Phorbas tenacior,Moronidae,Hymedesmiidae,11,11,11,9,1.9
Dicentrarchus labrax,Mesophyllum expansum,Moronidae,Lithophyllaceae,11,7,10,7,1.9
Anthias anthias,Parablennius zvonimiri,Anthiadidae,Blenniidae,11,6,10,9,1.9
Gobius incognitus,Holothuria forskali,Gobiidae,Holothuriidae,11,8,11,7,1.9
Pentapora fascialis,Symphodus roissali,Bitectiporidae,Labridae,11,7,10,9,1.9
Pycnoclavella communis,Rudmania krohni,Pycnoclavellidae,Chromodorididae,10,9,10,8,1.9
Felimare villafranca,Hacelia attenuata,Chromodorididae,Ophidiasteridae,10,5,9,5,1.9
Flabellia petiolata,Tylodina perversa,Codiaceae,Tylodinidae,10,7,9,8,1.9
Pennaria disticha,Serranus cabrilla,Pennariidae,Serranidae,10,8,6,7,1.9
Apogon imberbis,Ariosoma balearicum,Apogonidae,Congridae,10,6,10,8,1.9
Pachycerianthus solitarius,Protula tubularia,Cerianthidae,Serpulidae,10,7,9,9,1.9
Halocynthia papillosa,Stenopus spinosus,Pyuridae,Stenopodidae,10,7,10,6,1.9
Chromis chromis,Scorpaena scrofa,Pomacentridae,Scorpaenidae,10,6,10,8,1.9
Arbacia lixula,Caulerpa cylindracea,Arbaciidae,Caulerpaceae,10,4,10,5,1.9
Arbacia lixula,Pagellus acarne,Arbaciidae,Sparidae,10,9,10,8,1.9
Cribrinopsis crassa,Diplodus cervinus,Actiniidae,Sparidae,10,7,10,9,1.9
Conger conger,Gobius incognitus,Congridae,Gobiidae,10,8,10,6,1.9
Phycis phycis,Prostheceraeus roseus,Phycidae,Euryleptidae,10,8,10,8,1.9
Agelas oroides,Lepadogaster candolii,Agelasidae,Gobiesocidae,10,5,10,5,1.9
Caulerpa cylindracea,Parablennius gattorugine,Caulerpaceae,Blenniidae,10,5,10,5,1.9
Boops boops,Lepadogaster candolii,Sparidae,Gobiesocidae,10,10,10,8,1.9
Hexaplex trunculus,Pachycerianthus solitarius,Muricidae,Cerianthidae,10,8,10,8,1.9
Hacelia attenuata,Serranus scriba,Ophidiasteridae,Serranidae,10,7,9,7,1.9
Hacelia attenuata,Stenopus spinosus,Ophidiasteridae,Stenopodidae,9,8,9,7,1.9
Synodus saurus,Tylodina perversa,Synodontidae,Tylodinidae,9,6,8,7,1.9
Flabellia petiolata,Torpedo marmorata,Codiaceae,Torpedinidae,9,6,9,6,1.9
Gobius incognitus,Tylodina perversa,Gobiidae,Tylodinidae,9,5,9,6,1.9
Arbacia lixula,Luria lurida,Arbaciidae,Cypraeidae,9,6,8,6,1.9
Parablennius sanguinolentus,Stenopus spinosus,Blenniidae,Stenopodidae,9,8,8,7,1.9
Rudmania krohni,Sciaena umbra,Chromodorididae,Sciaenidae,9,6,9,6,1.9
Balanophyllia europaea,Luria lurida,Dendrophylliidae,Cypraeidae,9,8,9,7,1.9
Chromis chromis,Reteporella grimaldii,Pomacentridae,Phidoloporidae,9,9,8,9,1.9
Ariosoma balearicum,Sabella spallanzanii,Congridae,Sabellidae,9,5,9,8,1.9
Caulerpa cylindracea,Gobius paganellus,Caulerpaceae,Gobiidae,9,4,9,6,1.9
Anthias anthias,Oculina patagonica,Anthiadidae,Oculinidae,9,7,6,6,1.9
Pachycerianthus solitarius,Parablennius sanguinolentus,Cerianthidae,Blenniidae,9,6,8,8,1.9
Bolma rugosa,Phycis phycis,Turbinidae,Phycidae,8,6,8,6,1.9
Caloria quatrefagesi,Lepadogaster candolii,Facelinidae,Gobiesocidae,8,6,8,6,1.9
Prostheceraeus moseleyi,Protula tubularia,Euryleptidae,Serpulidae,8,6,8,8,1.9
Chromis chromis,Torpedo marmorata,Pomacentridae,Torpedinidae,8,5,6,6,1.9
Nemesignis banyulensis,Sphaerococcus coronopifolius,Myrrhinidae,Sphaerococcaceae,8,8,8,6,1.9
Chondrosia reniformis,Yungia aurantiaca,Chondrillidae,Pseudocerotidae,8,7,7,8,1.9
Pomatoschistus bathi,Pycnoclavella communis,Gobiidae,Pycnoclavellidae,8,8,8,6,1.9
Hemimycale columella,Pagellus acarne,Hymedesmiidae,Sparidae,8,7,8,5,1.9
Bonellia viridis,Epinephelus costae,Bonelliidae,Epinephelidae,8,6,8,5,1.9
Callista chione,Sarcotragus fasciculatus,Veneridae,Irciniidae,8,4,7,5,1.9
Holothuria tubulosa,Telmatactis forskalii,Holothuriidae,Isophelliidae,8,4,7,6,1.9
Pelagia noctiluca,Reteporella grimaldii,Pelagiidae,Phidoloporidae,8,6,8,5,1.9
Amphiroa rigida,Dardanus calidus,Lithophyllaceae,Diogenidae,8,5,6,5,1.9
Bothus podas,Naticarius hebraeus,Bothidae,Naticidae,8,8,6,8,1.9
Parablennius sanguinolentus,Torpedo marmorata,Blenniidae,Torpedinidae,8,7,7,5,1.9
Anthias anthias,Eunicella gazella,Anthiadidae,Gorgoniidae,8,7,8,6,1.9
Caulerpa cylindracea,Dicentrarchus labrax,Caulerpaceae,Moronidae,8,7,8,5,1.9
Inachus phalangium,Schizoporella errata,Inachidae,Schizoporellidae,8,7,7,7,1.9
Actinia mediterranea,Phycis phycis,Actiniidae,Phycidae,14,11,14,9,1.8
Ophidiaster ophidianus,Posidonia oceanica,Ophidiasteridae,Posidoniaceae,13,10,11,8,1.8
Actinia mediterranea,Pagellus erythrinus,Actiniidae,Sparidae,13,10,13,7,1.8
Gobius cobitis,Protula tubularia,Gobiidae,Serpulidae,13,9,12,8,1.8
Parablennius pilicornis,Pycnoclavella communis,Blenniidae,Pycnoclavellidae,12,11,12,11,1.8
Parablennius rouxi,Synodus saurus,Blenniidae,Synodontidae,12,9,10,6,1.8
Lipophrys trigloides,Myriapora truncata,Blenniidae,Myriaporidae,12,10,12,7,1.8
Balanophyllia europaea,Dicentrarchus labrax,Dendrophylliidae,Moronidae,12,10,12,9,1.8
Dicentrarchus labrax,Parablennius rouxi,Moronidae,Blenniidae,12,8,9,6,1.8
Parablennius zvonimiri,Pycnoclavella communis,Blenniidae,Pycnoclavellidae,12,11,12,9,1.8
Rudmania krohni,Serpula vermicularis,Chromodorididae,Serpulidae,12,9,12,10,1.8
Coscinasterias tenuispina,Symphodus mediterraneus,Asteriidae,Labridae,12,12,12,10,1.8
Felimare villafranca,Parablennius rouxi,Chromodorididae,Blenniidae,11,11,11,9,1.8
Felimida binza,Posidonia oceanica,Chromodorididae,Posidoniaceae,11,9,11,7,1.8
Sarcotragus fasciculatus,Synodus saurus,Irciniidae,Synodontidae,11,6,11,8,1.8
Bonellia viridis,Rudmania krohni,Bonelliidae,Chromodorididae,11,10,11,8,1.8
Balanophyllia europaea,Serranus cabrilla,Dendrophylliidae,Serranidae,11,7,8,7,1.8
Bonellia viridis,Lepadogaster candolii,Bonelliidae,Gobiesocidae,11,8,11,7,1.8
Aiptasia couchii,Palinurus elephas,Aiptasiidae,Palinuridae,11,7,11,7,1.8
Coscinasterias tenuispina,Pentapora fascialis,Asteriidae,Bitectiporidae,11,6,10,6,1.8
Chelon auratus,Phorbas tenacior,Mugilidae,Hymedesmiidae,11,9,11,6,1.8
Flabellia petiolata,Synodus saurus,Codiaceae,Synodontidae,11,7,10,7,1.8
Felimare villafranca,Phycis phycis,Chromodorididae,Phycidae,10,8,10,6,1.8
Halimeda tuna,Tylodina perversa,Halimedaceae,Tylodinidae,10,8,9,7,1.8
Sabella spallanzanii,Synodus saurus,Sabellidae,Synodontidae,10,7,10,9,1.8
Cribrinopsis crassa,Sciaena umbra,Actiniidae,Sciaenidae,10,7,10,8,1.8
Cribrinopsis crassa,Mullus surmuletus,Actiniidae,Mullidae,10,9,9,7,1.8
Chelon auratus,Conger conger,Mugilidae,Congridae,10,9,10,7,1.8
Coscinasterias tenuispina,Reteporella grimaldii,Asteriidae,Phidoloporidae,10,6,10,7,1.8
Hexaplex trunculus,Lepadogaster candolii,Muricidae,Gobiesocidae,10,3,9,6,1.8
Aiptasia mutabilis,Diaphorodoris alba,Aiptasiidae,Calycidorididae,10,9,10,8,1.8
Flabellia petiolata,Lepadogaster candolii,Codiaceae,Gobiesocidae,10,4,10,6,1.8
Hacelia attenuata,Padina pavonica,Ophidiasteridae,Dictyotaceae,10,7,10,5,1.8
Chromis chromis,Pycnoclavella communis,Pomacentridae,Pycnoclavellidae,10,9,10,9,1.8
Diplodus puntazzo,Xyrichtys novacula,Sparidae,Labridae,10,9,10,7,1.8
Marionia blainvillea,Posidonia oceanica,Tritoniidae,Posidoniaceae,10,6,7,8,1.8
Ariosoma balearicum,Diplodus puntazzo,Congridae,Sparidae,10,4,10,7,1.8
Pagellus acarne,Serpula vermicularis,Sparidae,Serpulidae,10,8,10,5,1.8
Gobius cruentatus,Stenopus spinosus,Gobiidae,Stenopodidae,10,8,8,7,1.8
Dardanus calidus,Rudmania krohni,Diogenidae,Chromodorididae,9,6,9,6,1.8
Myriapora truncata,Torpedo marmorata,Myriaporidae,Torpedinidae,9,8,9,7,1.8
Scorpaena scrofa,Thalassoma pavo,Scorpaenidae,Labridae,9,6,9,7,1.8
Mullus surmuletus,Scorpaena scrofa,Mullidae,Scorpaenidae,9,7,9,5,1.8
Reteporella grimaldii,Synodus saurus,Phidoloporidae,Synodontidae,9,4,7,5,1.8
Diaphorodoris alba,Myriapora truncata,Calycidorididae,Myriaporidae,9,9,8,9,1.8
Diaphorodoris alba,Holothuria tubulosa,Calycidorididae,Holothuriidae,9,8,7,8,1.8
Actinia mediterranea,Phallusia mammillata,Actiniidae,Ascidiidae,9,3,9,6,1.8
Bonellia viridis,Pagellus acarne,Bonelliidae,Sparidae,9,5,9,5,1.8
Agelas oroides,Tylodina perversa,Agelasidae,Tylodinidae,9,7,9,7,1.8
Anthias anthias,Coscinasterias tenuispina,Anthiadidae,Asteriidae,9,6,9,5,1.8
Echinocardium cordatum,Posidonia oceanica,Loveniidae,Posidoniaceae,9,8,9,6,1.8
Posidonia oceanica,Sparisoma cretense,Posidoniaceae,Labridae,9,8,9,9,1.8
Diaphorodoris alba,Halimeda tuna,Calycidorididae,Halimedaceae,9,9,9,7,1.8
Mullus surmuletus,Synodus saurus,Mullidae,Synodontidae,9,7,8,7,1.8
Halimeda tuna,Pagellus acarne,Halimedaceae,Sparidae,9,7,9,7,1.8
Pagellus acarne,Protula tubularia,Sparidae,Serpulidae,9,6,9,7,1.8
Hemimycale columella,Schizoporella errata,Hymedesmiidae,Schizoporellidae,9,5,9,5,1.8
Apogon imberbis,Xyrichtys novacula,Apogonidae,Labridae,9,9,9,8,1.8
Pecten jacobaeus,Posidonia oceanica,Pectinidae,Posidoniaceae,9,8,8,8,1.8
Apogon imberbis,Pinnoctopus macropus,Apogonidae,Octopodidae,8,6,8,5,1.8
Callista chione,Halimeda tuna,Veneridae,Halimedaceae,8,7,8,7,1.8
Phorbas tenacior,Torpedo marmorata,Hymedesmiidae,Torpedinidae,8,8,8,6,1.8
Bonellia viridis,Callista chione,Bonelliidae,Veneridae,8,8,8,6,1.8
Prostheceraeus roseus,Tylodina perversa,Euryleptidae,Tylodinidae,8,6,7,8,1.8
Caulerpa cylindracea,Holothuria forskali,Caulerpaceae,Holothuriidae,8,7,8,5,1.8
Pentapora fascialis,Torpedo marmorata,Bitectiporidae,Torpedinidae,8,7,8,7,1.8
Luria lurida,Protula tubularia,Cypraeidae,Serpulidae,8,6,8,7,1.8
Epinephelus marginatus,Hemimycale columella,Epinephelidae,Hymedesmiidae,8,8,8,6,1.8
Petrosia ficiformis,Yungia aurantiaca,Petrosiidae,Pseudocerotidae,8,6,6,6,1.8
Agelas oroides,Diaphorodoris alba,Agelasidae,Calycidorididae,8,8,7,7,1.8
Flabellia petiolata,Microlipophrys nigriceps,Codiaceae,Blenniidae,8,7,8,7,1.8
Eriphia verrucosa,Pinna rudis,Eriphiidae,Pinnidae,8,6,7,7,1.8
Amphiroa rigida,Echinaster sepositus,Lithophyllaceae,Echinasteridae,8,5,7,6,1.8
Inachus phalangium,Prostheceraeus roseus,Inachidae,Euryleptidae,8,8,8,8,1.8
Protula tubularia,Yungia aurantiaca,Serpulidae,Pseudocerotidae,8,8,6,8,1.8
Caloria quatrefagesi,Symphodus tinca,Facelinidae,Labridae,8,6,8,7,1.8
Cliona viridis,Luria lurida,Clionaidae,Cypraeidae,8,7,8,7,1.8
Caulerpa cylindracea,Sabella spallanzanii,Caulerpaceae,Sabellidae,8,6,7,6,1.8
Acetabularia acetabulum,Callista chione,Polyphysaceae,Veneridae,8,6,7,7,1.8
Ellisolandia elongata,Palinurus elephas,Lithophyllaceae,Palinuridae,8,3,8,8,1.8
Facelina rubrovittata,Serpula vermicularis,Facelinidae,Serpulidae,8,5,8,5,1.8
Asparagopsis taxiformis,Synodus saurus,Bonnemaisoniaceae,Synodontidae,8,6,8,7,1.8
Eunicella gazella,Rudmania krohni,Gorgoniidae,Chromodorididae,8,7,8,5,1.8
Boops boops,Caulerpa cylindracea,Sparidae,Caulerpaceae,8,7,8,6,1.8
Amphiroa rigida,Pentapora fascialis,Lithophyllaceae,Bitectiporidae,8,7,7,5,1.8
Aidablennius sphynx,Caulerpa cylindracea,Blenniidae,Caulerpaceae,8,5,8,5,1.8
Ariosoma balearicum,Sciaena umbra,Congridae,Sciaenidae,8,7,8,5,1.8
Eunicella singularis,Gobius incognitus,Gorgoniidae,Gobiidae,8,7,7,6,1.8
Hexaplex trunculus,Percnon gibbesi,Muricidae,Percnidae,8,7,8,8,1.8
Inachus phalangium,Thalassoma pavo,Inachidae,Labridae,8,7,7,7,1.8
Callista chione,Parablennius gattorugine,Veneridae,Blenniidae,8,7,7,7,1.8
Luisella babai,Posidonia oceanica,Samlidae,Posidoniaceae,17,8,15,6,1.7
Chamelea gallina,Posidonia oceanica,Veneridae,Posidoniaceae,14,9,14,6,1.7
Arbacia lixula,Phycis phycis,Arbaciidae,Phycidae,12,6,12,10,1.7
Flabellia petiolata,Gobius cobitis,Codiaceae,Gobiidae,12,8,12,7,1.7
Aiptasia mutabilis,Synodus saurus,Aiptasiidae,Synodontidae,12,6,12,6,1.7
Aiptasia couchii,Pycnoclavella communis,Aiptasiidae,Pycnoclavellidae,11,8,10,7,1.7
Petrosia ficiformis,Synodus saurus,Petrosiidae,Synodontidae,11,4,11,7,1.7
Gobius cobitis,Sabella spallanzanii,Gobiidae,Sabellidae,11,9,11,9,1.7
Conger conger,Diplodus puntazzo,Congridae,Sparidae,11,5,9,6,1.7
Labrus merula,Pycnoclavella communis,Labridae,Pycnoclavellidae,11,10,11,7,1.7
Serpula vermicularis,Trinchesia morrowae,Serpulidae,Trinchesiidae,11,8,11,8,1.7
Apogon imberbis,Calmella cavolini,Apogonidae,Flabellinidae,11,7,10,9,1.7
Lissoclinum weigelei,Posidonia oceanica,Didemnidae,Posidoniaceae,11,5,11,8,1.7
Parablennius zvonimiri,Synodus saurus,Blenniidae,Synodontidae,11,9,10,8,1.7
Crambe crambe,Pagellus erythrinus,Crambeidae,Sparidae,11,3,6,11,1.7
Cribrinopsis crassa,Thericium vulgatum,Actiniidae,Cerithiidae,10,7,10,6,1.7
Protula tubularia,Rudmania krohni,Serpulidae,Chromodorididae,10,9,10,10,1.7
Felimare fontandraui,Serpula vermicularis,Chromodorididae,Serpulidae,10,8,10,7,1.7
Holothuria forskali,Oblada melanurus,Holothuriidae,Sparidae,10,10,10,8,1.7
Cribrinopsis crassa,Symphodus tinca,Actiniidae,Labridae,10,7,9,9,1.7
Dicentrarchus labrax,Phycis phycis,Moronidae,Phycidae,10,6,7,7,1.7
Hemimycale columella,Stramonita haemastoma,Hymedesmiidae,Muricidae,10,8,10,8,1.7
Diplodus puntazzo,Tylodina perversa,Sparidae,Tylodinidae,10,9,8,9,1.7
Echinaster sepositus,Stramonita haemastoma,Echinasteridae,Muricidae,10,6,9,10,1.7
Gobius cruentatus,Ophisurus serpens,Gobiidae,Ophichthidae,10,5,9,8,1.7
Coscinasterias tenuispina,Scorpaena scrofa,Asteriidae,Scorpaenidae,10,10,10,8,1.7
Acetabularia acetabulum,Ariosoma balearicum,Polyphysaceae,Congridae,10,5,10,7,1.7
Serpula vermicularis,Torpedo marmorata,Serpulidae,Torpedinidae,10,8,10,6,1.7
Aiptasia mutabilis,Xyrichtys novacula,Aiptasiidae,Labridae,10,5,9,8,1.7
Conger conger,Hemimycale columella,Congridae,Hymedesmiidae,9,9,9,6,1.7
Flabellia petiolata,Stenopus spinosus,Codiaceae,Stenopodidae,9,8,8,7,1.7
Crambe crambe,Luisella babai,Crambeidae,Samlidae,9,8,9,7,1.7
Prostheceraeus roseus,Stramonita haemastoma,Euryleptidae,Muricidae,9,9,8,5,1.7
Diplodus sargus,Hemimycale columella,Sparidae,Hymedesmiidae,9,5,9,7,1.7
Actinia mediterranea,Pinnoctopus macropus,Actiniidae,Octopodidae,9,4,6,8,1.7
Pachycerianthus solitarius,Sarcotragus fasciculatus,Cerianthidae,Irciniidae,9,5,8,6,1.7
Parazoanthus brevitentacularis,Posidonia oceanica,Parazoanthidae,Posidoniaceae,9,5,9,6,1.7
Parablennius pilicornis,Stenopus spinosus,Blenniidae,Stenopodidae,9,9,9,8,1.7
Aiptasia couchii,Stenopus spinosus,Aiptasiidae,Stenopodidae,9,6,9,8,1.7
Scorpaena maderensis,Tylodina perversa,Scorpaenidae,Tylodinidae,9,5,7,7,1.7
Branchiomma luctuosum,Serranus scriba,Sabellidae,Serranidae,9,4,8,9,1.7
Bothus podas,Stenopus spinosus,Bothidae,Stenopodidae,9,8,9,5,1.7
Hemimycale columella,Sphyraena viridensis,Hymedesmiidae,Sphyraenidae,9,8,9,9,1.7
Aiptasia mutabilis,Pagellus acarne,Aiptasiidae,Sparidae,9,8,9,6,1.7
Aiptasia couchii,Pachycerianthus solitarius,Aiptasiidae,Cerianthidae,9,6,9,5,1.7
Felimare villafranca,Inachus phalangium,Chromodorididae,Inachidae,8,8,8,6,1.7
Petrosia ficiformis,Pomatoschistus bathi,Petrosiidae,Gobiidae,8,8,8,7,1.7
Cribrinopsis crassa,Torpedo marmorata,Actiniidae,Torpedinidae,8,7,8,5,1.7
Dardanus calidus,Tylodina perversa,Diogenidae,Tylodinidae,8,7,7,6,1.7
Muraena helena,Pagellus erythrinus,Muraenidae,Sparidae,8,5,7,5,1.7
Hemimycale columella,Stenopus spinosus,Hymedesmiidae,Stenopodidae,8,8,8,6,1.7
Halocynthia papillosa,Torpedo marmorata,Pyuridae,Torpedinidae,8,7,8,5,1.7
Pagellus erythrinus,Tylodina perversa,Sparidae,Tylodinidae,8,4,8,5,1.7
Aiptasia couchii,Bolma rugosa,Aiptasiidae,Turbinidae,8,7,8,8,1.7
Stenopus spinosus,Stramonita haemastoma,Stenopodidae,Muricidae,8,7,8,5,1.7
Amphiroa rigida,Calmella cavolini,Lithophyllaceae,Flabellinidae,8,5,7,5,1.7
Crambe crambe,Microlipophrys nigriceps,Crambeidae,Blenniidae,8,4,8,5,1.7
Rudmania krohni,Serranus cabrilla,Chromodorididae,Serranidae,8,8,8,5,1.7
Diplodus vulgaris,Gobius cobitis,Sparidae,Gobiidae,8,6,7,7,1.7
Chelon auratus,Torpedo marmorata,Mugilidae,Torpedinidae,8,6,7,5,1.7
Felimare villafranca,Prostheceraeus roseus,Chromodorididae,Euryleptidae,8,7,8,7,1.7
Serranus scriba,Tylodina perversa,Serranidae,Tylodinidae,8,5,8,7,1.7
Reteporella grimaldii,Sphyraena viridensis,Phidoloporidae,Sphyraenidae,8,6,8,8,1.7
Parablennius gattorugine,Yungia aurantiaca,Blenniidae,Pseudocerotidae,8,5,8,7,1.7
Halimeda tuna,Luria lurida,Halimedaceae,Cypraeidae,8,6,8,5,1.7
Cliona viridis,Pagellus acarne,Clionaidae,Sparidae,8,7,7,6,1.7
Ariosoma balearicum,Phorbas tenacior,Congridae,Hymedesmiidae,8,5,8,5,1.7
Acetabularia acetabulum,Luria lurida,Polyphysaceae,Cypraeidae,8,7,8,7,1.7
Aiptasia couchii,Pagellus acarne,Aiptasiidae,Sparidae,8,6,8,7,1.7
Aidablennius sphynx,Xyrichtys novacula,Blenniidae,Labridae,8,5,6,5,1.7
Lepadogaster candolii,Posidonia oceanica,Gobiesocidae,Posidoniaceae,19,10,16,11,1.6
Anthias anthias,Posidonia oceanica,Anthiadidae,Posidoniaceae,18,8,16,8,1.6
Aiptasia couchii,Parablennius rouxi,Aiptasiidae,Blenniidae,12,9,11,9,1.6
Calmella cavolini,Petrosia ficiformis,Flabellinidae,Petrosiidae,11,9,11,10,1.6
Bonellia viridis,Dicentrarchus labrax,Bonelliidae,Moronidae,11,7,11,7,1.6
Gobius cobitis,Halocynthia papillosa,Gobiidae,Pyuridae,11,9,11,8,1.6
Holothuria forskali,Parablennius zvonimiri,Holothuriidae,Blenniidae,11,10,11,9,1.6
Holothuria tubulosa,Phycis phycis,Holothuriidae,Phycidae,11,6,11,7,1.6
Hemimycale columella,Parablennius gattorugine,Hymedesmiidae,Blenniidae,11,9,11,9,1.6
Parablennius gattorugine,Phycis phycis,Blenniidae,Phycidae,11,8,11,8,1.6
Calmella cavolini,Halimeda tuna,Flabellinidae,Halimedaceae,11,10,11,8,1.6
Bonellia viridis,Parablennius sanguinolentus,Bonelliidae,Blenniidae,11,8,11,8,1.6
Actinia mediterranea,Sciaena umbra,Actiniidae,Sciaenidae,11,8,9,6,1.6
Gobius cruentatus,Serranus cabrilla,Gobiidae,Serranidae,10,7,9,6,1.6
Ircinia oros,Rudmania krohni,Irciniidae,Chromodorididae,10,10,10,8,1.6
Gobius cobitis,Phorbas tenacior,Gobiidae,Hymedesmiidae,10,7,10,5,1.6
Bothus podas,Phorbas tenacior,Bothidae,Hymedesmiidae,10,8,10,7,1.6
Actinia mediterranea,Ariosoma balearicum,Actiniidae,Congridae,10,4,9,5,1.6
Coscinasterias tenuispina,Phycis phycis,Asteriidae,Phycidae,10,6,9,6,1.6
Hacelia attenuata,Perforatus perforatus,Ophidiasteridae,Balanidae,10,9,9,8,1.6
Arbacia lixula,Lepadogaster candolii,Arbaciidae,Gobiesocidae,10,5,10,6,1.6
Halimeda tuna,Synodus saurus,Halimedaceae,Synodontidae,10,8,9,7,1.6
Parablennius pilicornis,Tylodina perversa,Blenniidae,Tylodinidae,9,6,9,7,1.6
Acetabularia acetabulum,Muraena helena,Polyphysaceae,Muraenidae,9,7,6,6,1.6
Arbacia lixula,Stenopus spinosus,Arbaciidae,Stenopodidae,9,8,9,6,1.6
Diplodus puntazzo,Stenopus spinosus,Sparidae,Stenopodidae,9,7,9,5,1.6
Chromis chromis,Phycis phycis,Pomacentridae,Phycidae,9,6,9,8,1.6
Phycis phycis,Serranus scriba,Phycidae,Serranidae,9,5,9,9,1.6
Sarcotragus fasciculatus,Serranus cabrilla,Irciniidae,Serranidae,9,6,9,5,1.6
Ircinia oros,Stenopus spinosus,Irciniidae,Stenopodidae,9,9,9,6,1.6
Parablennius sanguinolentus,Phorbas tenacior,Blenniidae,Hymedesmiidae,9,8,8,8,1.6
Parablennius sanguinolentus,Sabella spallanzanii,Blenniidae,Sabellidae,9,9,9,6,1.6
Oblada melanurus,Synodus saurus,Sparidae,Synodontidae,9,9,9,9,1.6
Mesophyllum expansum,Synodus saurus,Lithophyllaceae,Synodontidae,9,7,8,5,1.6
Mesophyllum expansum,Pagellus erythrinus,Lithophyllaceae,Sparidae,9,6,8,7,1.6
Hexaplex trunculus,Rudmania krohni,Muricidae,Chromodorididae,9,5,9,8,1.6
Echinaster sepositus,Gobius incognitus,Echinasteridae,Gobiidae,9,7,7,6,1.6
Pycnoclavella communis,Symphodus tinca,Pycnoclavellidae,Labridae,9,8,9,9,1.6
Hemimycale columella,Symphodus roissali,Hymedesmiidae,Labridae,9,9,9,8,1.6
Petrosia ficiformis,Schizoporella errata,Petrosiidae,Schizoporellidae,9,7,9,7,1.6
Balanophyllia europaea,Stenopus spinosus,Dendrophylliidae,Stenopodidae,9,8,9,7,1.6
Aidablennius sphynx,Phorbas tenacior,Blenniidae,Hymedesmiidae,9,6,9,5,1.6
Ariosoma balearicum,Ircinia oros,Congridae,Irciniidae,9,4,9,6,1.6
Pachycerianthus solitarius,Parablennius gattorugine,Cerianthidae,Blenniidae,9,6,8,7,1.6
Schizoporella errata,Sphaerococcus coronopifolius,Schizoporellidae,Sphaerococcaceae,9,6,8,6,1.6
Symphodus roissali,Synodus saurus,Labridae,Synodontidae,9,8,8,7,1.6
Bothus podas,Ophisurus serpens,Bothidae,Ophichthidae,9,6,7,8,1.6
Caloria quatrefagesi,Cribrinopsis crassa,Facelinidae,Actiniidae,8,6,8,7,1.6
Cliona viridis,Torpedo marmorata,Clionaidae,Torpedinidae,8,7,8,7,1.6
Cliona viridis,Microlipophrys dalmatinus,Clionaidae,Blenniidae,8,7,8,5,1.6
Chelon auratus,Stenopus spinosus,Mugilidae,Stenopodidae,8,7,8,5,1.6
Actinia mediterranea,Nemesignis banyulensis,Actiniidae,Myrrhinidae,8,7,7,7,1.6
Prostheceraeus roseus,Symphodus roissali,Euryleptidae,Labridae,8,5,8,8,1.6
Microlipophrys dalmatinus,Myriapora truncata,Blenniidae,Myriaporidae,8,7,8,6,1.6
Crambe crambe,Torpedo marmorata,Crambeidae,Torpedinidae,8,7,8,7,1.6
Pagellus acarne,Petrosia ficiformis,Sparidae,Petrosiidae,8,6,8,6,1.6
Phallusia mammillata,Serpula vermicularis,Ascidiidae,Serpulidae,8,6,8,7,1.6
Microlipophrys dalmatinus,Sphaerococcus coronopifolius,Blenniidae,Sphaerococcaceae,8,7,8,6,1.6
Myriapora truncata,Pagellus acarne,Myriaporidae,Sparidae,8,6,7,6,1.6
Oculina patagonica,Rudmania krohni,Oculinidae,Chromodorididae,8,6,8,8,1.6
Aiptasia mutabilis,Luria lurida,Aiptasiidae,Cypraeidae,8,6,8,5,1.6
Aidablennius sphynx,Tylodina perversa,Blenniidae,Tylodinidae,8,5,7,6,1.6
Pentapora fascialis,Tylodina perversa,Bitectiporidae,Tylodinidae,8,8,8,5,1.6
Hemimycale columella,Thalassoma pavo,Hymedesmiidae,Labridae,8,8,8,5,1.6
Holothuria tubulosa,Pagellus acarne,Holothuriidae,Sparidae,8,6,8,6,1.6
Gobius paganellus,Pachycerianthus solitarius,Gobiidae,Cerianthidae,8,5,8,5,1.6
Gobius incognitus,Prostheceraeus roseus,Gobiidae,Euryleptidae,8,7,7,8,1.6
Phorbas tenacior,Rudmania krohni,Hymedesmiidae,Chromodorididae,8,8,6,7,1.6
Posidonia oceanica,Synodus saurus,Posidoniaceae,Synodontidae,19,13,18,12,1.5
Diaphorodoris papillata,Serpula vermicularis,Calycidorididae,Serpulidae,12,10,12,6,1.5
Gobius cobitis,Myriapora truncata,Gobiidae,Myriaporidae,11,9,10,7,1.5
Calmella cavolini,Cliona viridis,Flabellinidae,Clionaidae,10,8,9,9,1.5
Crambe crambe,Hacelia attenuata,Crambeidae,Ophidiasteridae,10,9,9,10,1.5
Cliona viridis,Phycis phycis,Clionaidae,Phycidae,10,9,10,6,1.5
Arbacia lixula,Conger conger,Arbaciidae,Congridae,10,9,10,5,1.5
Actinia mediterranea,Diplodus cervinus,Actiniidae,Sparidae,10,10,9,8,1.5
Myriapora truncata,Rudmania krohni,Myriaporidae,Chromodorididae,9,8,9,8,1.5
Chondrosia reniformis,Hacelia attenuata,Chondrillidae,Ophidiasteridae,9,9,8,6,1.5
Conger conger,Halimeda tuna,Congridae,Halimedaceae,9,7,9,5,1.5
Bonellia viridis,Tylodina perversa,Bonelliidae,Tylodinidae,9,6,8,6,1.5
Eriphia verrucosa,Hemimycale columella,Eriphiidae,Hymedesmiidae,9,8,9,9,1.5
Petrosia ficiformis,Serranus cabrilla,Petrosiidae,Serranidae,9,7,8,7,1.5
Aiptasia mutabilis,Pachycerianthus solitarius,Aiptasiidae,Cerianthidae,9,7,8,8,1.5
Chelon auratus,Echinaster sepositus,Mugilidae,Echinasteridae,9,7,8,7,1.5
Serranus cabrilla,Sphaerococcus coronopifolius,Serranidae,Sphaerococcaceae,9,6,8,8,1.5
Coscinasterias tenuispina,Dardanus calidus,Asteriidae,Diogenidae,9,9,9,8,1.5
Chelon auratus,Hemimycale columella,Mugilidae,Hymedesmiidae,9,7,9,8,1.5
Rudmania krohni,Sphaerococcus coronopifolius,Chromodorididae,Sphaerococcaceae,9,8,9,8,1.5
Gobius paganellus,Hemimycale columella,Gobiidae,Hymedesmiidae,9,5,8,6,1.5
Aiptasia couchii,Sciaena umbra,Aiptasiidae,Sciaenidae,9,7,9,7,1.5
Lipophrys trigloides,Sabella spallanzanii,Blenniidae,Sabellidae,9,8,7,6,1.5
Pagellus erythrinus,Perforatus perforatus,Sparidae,Balanidae,9,5,9,5,1.5
Branchiomma luctuosum,Scorpaena maderensis,Sabellidae,Scorpaenidae,9,6,8,8,1.5
Diaphorodoris papillata,Ophisurus serpens,Calycidorididae,Ophichthidae,8,6,8,5,1.5
Calmella cavolini,Maja crispata,Flabellinidae,Majidae,8,8,8,8,1.5
Arbacia lixula,Luisella babai,Arbaciidae,Samlidae,8,5,5,5,1.5
Felimare villafranca,Mesophyllum expansum,Chromodorididae,Lithophyllaceae,8,6,8,5,1.5
Cliona viridis,Stenopus spinosus,Clionaidae,Stenopodidae,8,7,8,7,1.5
Diplodus sargus,Scorpaena scrofa,Sparidae,Scorpaenidae,8,4,8,6,1.5
Crambe crambe,Felimare fontandraui,Crambeidae,Chromodorididae,8,8,8,7,1.5
Arbacia lixula,Torpedo marmorata,Arbaciidae,Torpedinidae,8,8,8,6,1.5
Calmella cavolini,Prostheceraeus roseus,Flabellinidae,Euryleptidae,8,5,7,6,1.5
Pachycerianthus solitarius,Petrosia ficiformis,Cerianthidae,Petrosiidae,8,6,8,7,1.5
Sarcotragus fasciculatus,Schizoporella errata,Irciniidae,Schizoporellidae,8,5,8,6,1.5
Felimare villafranca,Palinurus elephas,Chromodorididae,Palinuridae,8,7,8,5,1.5
Serranus cabrilla,Stramonita haemastoma,Serranidae,Muricidae,8,8,8,7,1.5
Aidablennius sphynx,Serranus cabrilla,Blenniidae,Serranidae,8,7,7,7,1.5
Aiptasia couchii,Muraena helena,Aiptasiidae,Muraenidae,8,6,6,6,1.5
Protula tubularia,Stenopus spinosus,Serpulidae,Stenopodidae,8,7,8,7,1.5
Ariosoma balearicum,Eriphia verrucosa,Congridae,Eriphiidae,8,4,6,5,1.5
Caloria quatrefagesi,Parablennius gattorugine,Facelinidae,Blenniidae,8,8,8,6,1.5
Diplodus sargus,Pycnoclavella communis,Sparidae,Pycnoclavellidae,8,5,8,6,1.5
Parablennius gattorugine,Torpedo marmorata,Blenniidae,Torpedinidae,8,4,6,6,1.5
Gobius paganellus,Ophisurus serpens,Gobiidae,Ophichthidae,8,4,8,7,1.5
Aiptasia mutabilis,Pomatoschistus bathi,Aiptasiidae,Gobiidae,8,6,8,5,1.5
Protula tubularia,Xyrichtys novacula,Serpulidae,Labridae,8,5,7,7,1.5
Lepadogaster candolii,Stramonita haemastoma,Gobiesocidae,Muricidae,8,4,7,5,1.5
Ariosoma balearicum,Flabellia petiolata,Congridae,Codiaceae,8,3,7,5,1.5
Halimeda tuna,Pachycerianthus solitarius,Halimedaceae,Cerianthidae,8,4,8,6,1.5
Conger conger,Symphodus roissali,Congridae,Labridae,8,7,7,5,1.5
Posidonia oceanica,Stenopus spinosus,Posidoniaceae,Stenopodidae,15,10,15,8,1.4
Luria lurida,Posidonia oceanica,Cypraeidae,Posidoniaceae,13,12,13,9,1.4
Pomadasys incisus,Posidonia oceanica,Haemulidae,Posidoniaceae,11,7,11,8,1.4
Eriphia verrucosa,Holothuria forskali,Eriphiidae,Holothuriidae,9,9,9,5,1.4
Labrus merula,Synodus saurus,Labridae,Synodontidae,9,5,6,7,1.4
Coscinasterias tenuispina,Diaphorodoris papillata,Asteriidae,Calycidorididae,9,8,9,7,1.4
Agelas oroides,Diaphorodoris papillata,Agelasidae,Calycidorididae,9,8,9,5,1.4
Aiptasia couchii,Echinaster sepositus,Aiptasiidae,Echinasteridae,9,9,9,8,1.4
Aiptasia mutabilis,Ophisurus serpens,Aiptasiidae,Ophichthidae,9,5,8,5,1.4
Pachycerianthus solitarius,Serpula vermicularis,Cerianthidae,Serpulidae,9,8,9,5,1.4
Acetabularia acetabulum,Branchiomma luctuosum,Polyphysaceae,Sabellidae,9,5,9,5,1.4
Crambe crambe,Tylodina perversa,Crambeidae,Tylodinidae,8,5,8,6,1.4
Petrosia ficiformis,Rudmania krohni,Petrosiidae,Chromodorididae,8,6,8,5,1.4
Cliona viridis,Rudmania krohni,Clionaidae,Chromodorididae,8,8,8,7,1.4
Periclimenes amethysteus,Posidonia oceanica,Palaemonidae,Posidoniaceae,8,5,8,6,1.4
Cribrinopsis crassa,Padina pavonica,Actiniidae,Dictyotaceae,8,7,7,5,1.4
Phycis phycis,Symphodus tinca,Phycidae,Labridae,8,3,8,6,1.4
Bonellia viridis,Pachycerianthus solitarius,Bonelliidae,Cerianthidae,8,5,7,5,1.4
Holothuria forskali,Oculina patagonica,Holothuriidae,Oculinidae,8,4,7,6,1.4
Pycnoclavella communis,Stramonita haemastoma,Pycnoclavellidae,Muricidae,8,8,8,7,1.4
Dardanus calidus,Gobius paganellus,Diogenidae,Gobiidae,8,6,8,7,1.4
Aiptasia couchii,Serranus cabrilla,Aiptasiidae,Serranidae,8,7,8,6,1.4
Calmella cavolini,Oculina patagonica,Flabellinidae,Oculinidae,8,7,8,5,1.4
Aiptasia couchii,Diplodus cervinus,Aiptasiidae,Sparidae,8,7,7,7,1.4
Luisella babai,Serpula vermicularis,Samlidae,Serpulidae,8,8,8,5,1.4
Phorbas tenacior,Phycis phycis,Hymedesmiidae,Phycidae,8,8,8,7,1.4
Diplodus puntazzo,Pachycerianthus solitarius,Sparidae,Cerianthidae,8,5,8,7,1.4
Aiptasia couchii,Prostheceraeus roseus,Aiptasiidae,Euryleptidae,8,7,8,7,1.4
Flabellia petiolata,Rudmania krohni,Codiaceae,Chromodorididae,8,8,8,7,1.4
Rudmania krohni,Symphodus mediterraneus,Chromodorididae,Labridae,8,8,7,7,1.4
Pycnoclavella communis,Thericium vulgatum,Pycnoclavellidae,Cerithiidae,8,6,8,7,1.4
Ariosoma balearicum,Parablennius gattorugine,Congridae,Blenniidae,8,4,8,6,1.4
Cribrinopsis crassa,Diplodus sargus,Actiniidae,Sparidae,8,6,8,8,1.4
Gobius incognitus,Pentapora fascialis,Gobiidae,Bitectiporidae,8,8,8,6,1.4
Coscinasterias tenuispina,Serranus scriba,Asteriidae,Serranidae,8,8,8,7,1.4
Actinia mediterranea,Echinaster sepositus,Actiniidae,Echinasteridae,10,7,10,9,1.3
Aiptasia mutabilis,Diaphorodoris papillata,Aiptasiidae,Calycidorididae,10,8,10,6,1.3
Actinia mediterranea,Palinurus elephas,Actiniidae,Palinuridae,10,6,10,5,1.3
Calmella cavolini,Parablennius pilicornis,Flabellinidae,Blenniidae,9,8,9,8,1.3
Calmella cavolini,Protula tubularia,Flabellinidae,Serpulidae,9,8,8,8,1.3
Parablennius gattorugine,Pycnoclavella communis,Blenniidae,Pycnoclavellidae,9,6,9,5,1.3
Calmella cavolini,Crambe crambe,Flabellinidae,Crambeidae,9,7,8,7,1.3
Eriphia verrucosa,Parablennius rouxi,Eriphiidae,Blenniidae,9,7,9,5,1.3
Arbacia lixula,Synodus saurus,Arbaciidae,Synodontidae,9,8,9,8,1.3
Diaphorodoris papillata,Halimeda tuna,Calycidorididae,Halimedaceae,9,7,6,8,1.3
Parablennius zvonimiri,Phycis phycis,Blenniidae,Phycidae,9,6,9,7,1.3
Crambe crambe,Rudmania krohni,Crambeidae,Chromodorididae,8,8,8,8,1.3
Hexaplex trunculus,Synodus saurus,Muricidae,Synodontidae,8,6,8,8,1.3
Parablennius pilicornis,Serranus cabrilla,Blenniidae,Serranidae,8,7,7,7,1.3
Bothus podas,Mesophyllum expansum,Bothidae,Lithophyllaceae,8,6,7,7,1.3
Pagellus erythrinus,Sphaerococcus coronopifolius,Sparidae,Sphaerococcaceae,8,4,8,6,1.3
Calmella cavolini,Chondrosia reniformis,Flabellinidae,Chondrillidae,8,7,8,6,1.3
Gobius cruentatus,Rudmania krohni,Gobiidae,Chromodorididae,8,8,7,5,1.3
Aiptasia couchii,Pagellus erythrinus,Aiptasiidae,Sparidae,8,5,8,7,1.3
Actinia mediterranea,Muraena helena,Actiniidae,Muraenidae,8,6,7,5,1.3
Parablennius pilicornis,Scorpaena scrofa,Blenniidae,Scorpaenidae,8,5,8,7,1.3
Chelon auratus,Palinurus elephas,Mugilidae,Palinuridae,8,7,8,8,1.3
Acetabularia acetabulum,Rudmania krohni,Polyphysaceae,Chromodorididae,8,7,8,5,1.3
Dardanus calidus,Parablennius pilicornis,Diogenidae,Blenniidae,8,8,8,8,1.3
Posidonia oceanica,Serranus cabrilla,Posidoniaceae,Serranidae,14,8,11,8,1.2
Nemesignis banyulensis,Posidonia oceanica,Myrrhinidae,Posidoniaceae,10,7,10,5,1.2
Posidonia oceanica,Prostheceraeus moseleyi,Posidoniaceae,Euryleptidae,10,9,10,7,1.2
Calmella cavolini,Ircinia oros,Flabellinidae,Irciniidae,9,7,8,8,1.2
Cliona viridis,Diaphorodoris papillata,Clionaidae,Calycidorididae,8,6,8,5,1.2
Crambe crambe,Synodus saurus,Crambeidae,Synodontidae,8,7,8,6,1.2
Diaphorodoris papillata,Symphodus mediterraneus,Calycidorididae,Labridae,8,7,7,6,1.2
Cliona viridis,Lipophrys trigloides,Clionaidae,Blenniidae,8,6,8,7,1.2
Ircinia oros,Synodus saurus,Irciniidae,Synodontidae,8,6,8,8,1.2
Actinia mediterranea,Agelas oroides,Actiniidae,Agelasidae,9,5,9,5,1.1
Bonellia viridis,Diaphorodoris papillata,Bonelliidae,Calycidorididae,8,7,7,5,1.1
Cribrinopsis crassa,Parablennius gattorugine,Actiniidae,Blenniidae,8,7,7,7,1.1
Acetabularia acetabulum,Calmella cavolini,Polyphysaceae,Flabellinidae,8,7,7,8,1.1
Aiptasia mutabilis,Calmella cavolini,Aiptasiidae,Flabellinidae,8,8,8,7,1.1
Goniodoridella picoensis,Posidonia oceanica,Goniodorididae,Posidoniaceae,8,6,8,5,1.1
Pinctada radiata,Posidonia oceanica,Pteriidae,Posidoniaceae,8,7,8,6,1.1
Dactylopterus volitans,Posidonia oceanica,Dactylopteridae,Posidoniaceae,8,5,8,6,1.1
Peronaea planata,Posidonia oceanica,Tellinidae,Posidoniaceae,8,6,6,8,1.1
Dictyota cyanoloma,Posidonia oceanica,Dictyotaceae,Posidoniaceae,8,7,8,5,1.0
Diaphorodoris alba,Posidonia oceanica,Calycidorididae,Posidoniaceae,9,8,8,8,0.9
Posidonia oceanica,Rudmania krohni,Posidoniaceae,Chromodorididae,9,9,8,6,0.8
Felimare fontandraui,Posidonia oceanica,Chromodorididae,Posidoniaceae,8,7,7,6,0.8
Calmella cavolini,Posidonia oceanica,Flabellinidae,Posidoniaceae,9,6,9,6,0.7
