a,b,n,esperado_esfuerzo,ratio,z,p,q,celdas,dias,observadores,med_frac,genero_a,genero_b,grupo_a,grupo_b
limacia_clavigera,polycera_quadrilineata,66,2.0,33.06,54.58,0.0,0.0,33,63,19,0.0,Limacia,Polycera,Mollusca,Mollusca
cephalopholis_miniata,pseudanthias_squamipinnis,102,4.58,22.29,54.54,0.0,0.0,53,90,55,0.0,Cephalopholis,Pseudanthias,Actinopterygii,Actinopterygii
phoenix_canariensis,washingtonia_robusta,31,0.56,55.8,51.78,1e-300,5.703168316831683e-298,20,28,21,0.065,Phoenix,Washingtonia,Plantae,Plantae
limacia_clavigera,okenia_nodosa,75,2.81,26.7,49.12,0.0,0.0,29,73,15,0.0,Limacia,Okenia,Mollusca,Mollusca
chamelea_striatula,donax_vittatus,80,4.05,19.76,45.4,0.0,0.0,53,77,57,0.013,Chamelea,Donax,Mollusca,Mollusca
okenia_nodosa,polycera_quadrilineata,38,0.93,40.99,44.11,1e-300,5.703168316831683e-298,14,37,8,0.0,Okenia,Polycera,Mollusca,Mollusca
candiella_lineata,limacia_clavigera,35,0.72,48.52,41.61,1e-300,5.703168316831683e-298,13,33,9,0.0,Candiella,Limacia,Mollusca,Mollusca
nembrotha_cristata,nembrotha_milleri,76,6.26,12.15,40.69,0.0,0.0,23,71,57,0.0,Nembrotha,Nembrotha,Mollusca,Mollusca
clibanarius_aequabilis,columbella_adansoni,34,1.06,32.21,38.81,1e-300,5.703168316831683e-298,19,33,30,0.0,Clibanarius,Columbella,Malacostraca,Mollusca
archidoris_pseudoargus,limacia_clavigera,43,3.25,13.23,37.01,1.224842042235548e-292,6.951069095256359e-290,12,43,10,0.023,Archidoris,Limacia,Mollusca,Mollusca
sambucus_nigra,urtica_dioica,55,2.92,18.82,35.11,3.1997774577502157e-265,1.8069958933463522e-262,46,34,52,0.255,Sambucus,Urtica,Plantae,Plantae
sargassum_muticum,zostera_marina,37,1.34,27.67,34.57,5.44336369411905e-255,3.0590110781331274e-252,30,35,29,0.081,Sargassum,Zostera,,Plantae
chthamalus_stellatus,tectarius_striatus,44,2.39,18.42,34.42,8.698424727722649e-254,4.864530690934758e-251,28,40,34,0.0,Chthamalus,Tectarius,Crustacea,Mollusca
chthamalus_stellatus,clibanarius_aequabilis,38,1.81,20.95,33.18,3.317178576319183e-235,1.846146090368479e-232,31,37,32,0.0,Chthamalus,Clibanarius,Crustacea,Malacostraca
donax_vittatus,spisula_subtruncata,20,0.38,53.14,33.06,2.220446049250313e-16,1.5888463767567272e-14,18,19,14,0.15,Donax,Spisula,Mollusca,Mollusca
donax_vittatus,lutraria_lutraria,50,2.89,17.32,32.1,1.278559087715596e-221,7.08149620871094e-219,36,49,35,0.0,Donax,Lutraria,Mollusca,Mollusca
flexopecten_glaber,tritia_nitida,18,0.38,47.34,30.5,1.1102230246251565e-16,8.310729910910757e-15,6,16,5,1.0,Flexopecten,Tritia,Mollusca,Mollusca
acanthurus_dussumieri,arothron_hispidus,11,0.15,72.6,28.36,1e-300,5.703168316831683e-298,9,11,10,0.0,Acanthurus,Arothron,Actinopterygii,Actinopterygii
solatopupa_similis,zonites_algirus,18,0.81,22.09,26.7,2.220446049250313e-16,1.5888463767567272e-14,15,18,12,1.0,Solatopupa,Zonites,Mollusca,Mollusca
echium_vulgare,hypericum_perforatum,19,0.7,27.07,25.85,1e-300,5.703168316831683e-298,15,16,14,0.158,Echium,Hypericum,Plantae,Plantae
cochlicella_acuta,trochoidea_elegans,32,2.42,13.22,25.67,7.77073379025584e-141,4.283347442931262e-138,21,32,25,1.0,Cochlicella,Trochoidea,Mollusca,Mollusca
helicodonta_obvoluta,solatopupa_similis,14,0.79,17.68,25.33,2.0883295093199195e-13,9.677550796125986e-12,10,13,6,1.0,Helicodonta,Solatopupa,Mollusca,Mollusca
clibanarius_aequabilis,tectarius_striatus,28,1.78,15.74,24.41,5.203292556049175e-127,2.8544767410813767e-124,23,28,24,0.0,Clibanarius,Tectarius,Malacostraca,Mollusca
limacia_clavigera,trapania_lineata,15,0.52,28.85,23.97,1e-300,5.703168316831683e-298,8,14,7,0.0,Limacia,Trapania,Mollusca,Mollusca
chamelea_striatula,mactra_stultorum,13,0.68,19.12,23.76,5.685452109105427e-13,2.4494645653604397e-11,10,13,13,0.154,Chamelea,Mactra,Mollusca,Mollusca
solatopupa_similis,xerosecta_cespitum,16,0.81,19.64,23.59,9.992007221626409e-16,6.562823260890814e-14,13,14,9,1.0,Solatopupa,Xerosecta,Mollusca,Mollusca
chthamalus_stellatus,columbella_adansoni,21,1.06,19.89,23.49,1e-300,5.703168316831683e-298,16,19,19,0.0,Chthamalus,Columbella,Crustacea,Mollusca
acanthurus_dussumieri,cephalopholis_miniata,9,0.15,59.4,23.13,1.0114131754335176e-13,4.941426779586216e-12,7,9,9,0.0,Acanthurus,Cephalopholis,Actinopterygii,Actinopterygii
rocellaria_dubia,vermetus_triquetrus,83,16.52,5.02,23.1,1.1654850117596542e-116,6.363437691694749e-114,9,78,11,1.0,Rocellaria,Vermetus,Mollusca,Mollusca
donax_vittatus,turritellinella_tricarinata,26,1.91,13.62,22.54,2.720287115330349e-108,1.4782450794081015e-105,15,23,16,0.0,Donax,Turritellinella,Mollusca,Mollusca
anas_platyrhynchos,fulica_atra,74,11.4,6.49,22.25,3.2369207159065334e-108,1.7507333997901233e-105,14,70,20,0.77,Anas,Fulica,Aves,Aves
muraena_augusti,scyllarides_latus,24,1.4,17.17,22.23,4.542130467831696e-105,2.445194385121882e-102,13,23,18,0.0,Muraena,Scyllarides,Actinopterygii,Malacostraca
acanthurus_dussumieri,pseudanthias_squamipinnis,12,0.3,39.6,22.02,8.881784197001252e-16,5.867070336188832e-14,9,12,9,0.0,Acanthurus,Pseudanthias,Actinopterygii,Actinopterygii
archidoris_pseudoargus,okenia_nodosa,41,4.08,10.04,22.01,7.876550950651542e-105,4.220512445204001e-102,13,40,11,0.0,Archidoris,Okenia,Mollusca,Mollusca
columbella_adansoni,tectarius_striatus,18,1.29,13.94,21.96,4.6629367034256575e-15,2.771872858521411e-13,14,18,15,0.0,Columbella,Tectarius,Mollusca,Mollusca
erica_arborea,quercus_suber,18,0.79,22.67,21.61,1e-300,5.703168316831683e-298,14,18,13,0.722,Erica,Quercus,Plantae,Plantae
asparagus_acutifolius,pinus_pinea,37,3.16,11.69,21.51,5.532926622816865e-100,2.950996660439788e-97,15,32,10,1.0,Asparagus,Pinus,Plantae,Plantae
nembrotha_cristata,nembrotha_kubaryana,24,1.57,15.27,21.5,2.219926009065887e-98,1.1677824472530888e-95,17,24,18,0.0,Nembrotha,Nembrotha,Mollusca,Mollusca
candiella_lineata,okenia_nodosa,31,2.93,10.58,21.48,4.4489879355283896e-99,2.361941042048906e-96,8,30,8,0.0,Candiella,Okenia,Mollusca,Mollusca
hippolyte_varians,okenia_nodosa,13,0.56,23.4,21.17,4.596323321948148e-14,2.375571251600334e-12,8,13,7,0.0,Hippolyte,Okenia,Malacostraca,Mollusca
ophiocomina_nigra,pomatoschistus_pictus,13,0.56,23.4,21.17,4.596323321948148e-14,2.375571251600334e-12,9,11,8,0.077,Ophiocomina,Pomatoschistus,Echinodermata,Actinopterygii
chamelea_gallina,donax_trunculus,101,21.58,4.68,21.16,1.6840427401770466e-98,8.899470634832865e-96,58,99,61,1.0,Chamelea,Donax,Mollusca,Mollusca
coscinasterias_tenuispina,diplodus_cadenati,13,0.91,14.36,21.13,1.904543189823471e-11,6.154586076870215e-10,7,12,8,0.0,Coscinasterias,Diplodus,Echinodermata,Actinopterygii
hirschfeldia_incana,washingtonia_robusta,12,0.38,32.0,21.06,1.1546319456101628e-14,6.49820315887021e-13,11,11,11,0.0,Hirschfeldia,Washingtonia,Plantae,Plantae
chamelea_striatula,lutraria_lutraria,45,5.5,8.19,21.05,2.8183804061250974e-96,1.475857710487435e-93,34,45,37,0.044,Chamelea,Lutraria,Mollusca,Mollusca
ardea_cinerea,egretta_garzetta,111,26.81,4.14,20.83,1.5671186479602424e-95,8.16915550767474e-93,44,93,40,0.955,Ardea,Egretta,Aves,Aves
arca_noae,ruditapes_decussatus,11,0.71,15.44,20.74,3.144410287703181e-10,7.975531545234637e-09,6,11,7,1.0,Arca,Ruditapes,Mollusca,Mollusca
gari_depressa,neverita_josephinia,7,1.02,6.89,20.61,9.143628834262785e-05,0.0005604589604801329,5,6,6,1.0,Gari,Neverita,Mollusca,Mollusca
echinolittorina_punctata,siphonaria_pectinata,13,0.5,25.88,20.44,1.2878587085651816e-14,7.188298190966239e-13,10,13,10,1.0,Echinolittorina,Siphonaria,Mollusca,Mollusca
cytisus_scoparius,sambucus_nigra,13,0.5,26.0,20.41,1.2323475573339238e-14,6.898511564387627e-13,10,12,7,0.231,Cytisus,Sambucus,Plantae,Plantae
fistularia_commersonii,siganus_rivulatus,15,1.15,13.04,20.22,2.1341817202369384e-12,8.286696019486898e-11,12,15,13,0.867,Fistularia,Siganus,Actinopterygii,Actinopterygii
clanculus_corallinus,steromphala_adansonii,7,0.9,7.78,19.82,4.348395897690871e-05,0.0002984169899312439,5,6,5,1.0,Clanculus,Steromphala,Mollusca,Mollusca
bosemprella_incarnata,cardites_antiquatus,12,0.57,20.91,19.73,1.5722978474741467e-12,6.237431171501777e-11,11,11,10,1.0,Bosemprella,Cardites,Mollusca,Mollusca
diplodonta_rotundata,laevicardium_crassum,9,0.22,40.26,19.34,3.1439295611335183e-12,1.1832514248965235e-10,6,9,7,0.556,Diplodonta,Laevicardium,Mollusca,Mollusca
phragmites_australis,robinia_pseudoacacia,15,0.77,19.51,19.23,7.327471962526033e-15,4.2271110664539264e-13,13,14,15,0.2,Phragmites,Robinia,Plantae,Plantae
tritia_neritea,tritia_nitida,45,7.0,6.42,19.03,5.942980670565443e-79,3.0702024447166876e-76,15,41,21,1.0,Tritia,Tritia,Mollusca,Mollusca
fulica_atra,turdus_merula,12,0.52,23.08,19.01,5.051514762044462e-13,2.1952271091911364e-11,10,12,9,0.0,Fulica,Turdus,Aves,Aves
cochlicella_acuta,xerotricha_conspurcata,25,2.37,10.56,18.93,7.676263635519415e-77,3.930383448295016e-74,17,25,21,1.0,Cochlicella,Xerotricha,Mollusca,Mollusca
pinus_pinea,quercus_suber,21,1.61,13.03,18.78,4.815068471687514e-75,2.4544918062490635e-72,19,19,17,0.286,Pinus,Quercus,Plantae,Plantae
oedemera_nobilis,sphaerophoria_scripta,9,0.23,38.7,18.66,4.452771484864115e-12,1.632125632014908e-10,9,9,9,0.444,Oedemera,Sphaerophoria,Insecta,Insecta
doto_millbayana,limacia_clavigera,27,3.98,6.79,18.64,1.3101823445060543e-74,6.649261974294074e-72,7,26,7,0.0,Doto,Limacia,Mollusca,Mollusca
aglaja_tricolorata,astropecten_platyacanthus,10,0.28,35.48,18.62,6.754596881819452e-13,2.871426491413757e-11,5,8,6,1.0,Aglaja,Astropecten,Mollusca,Echinodermata
diplodus_cadenati,symphodus_melops,25,3.18,7.87,18.58,5.986652237056535e-74,2.998636018773309e-71,11,19,12,0.0,Diplodus,Symphodus,Actinopterygii,Actinopterygii
robinia_pseudoacacia,rumex_crispus,18,2.0,9.0,18.48,6.188827228470473e-12,2.2032683931666017e-10,17,16,14,0.056,Robinia,Rumex,Plantae,Plantae
anas_platyrhynchos,egretta_garzetta,76,15.53,4.89,18.35,2.555276698115745e-74,1.291132003200554e-71,16,70,20,0.987,Anas,Egretta,Aves,Aves
arothron_hispidus,pseudanthias_squamipinnis,19,1.13,16.82,18.33,1.1102230246251565e-16,8.310729910910757e-15,14,17,15,0.0,Arothron,Pseudanthias,Actinopterygii,Actinopterygii
anas_platyrhynchos,ardea_cinerea,78,18.2,4.29,18.31,6.05603636100634e-74,3.0202580646466424e-71,24,68,27,0.974,Anas,Ardea,Aves,Aves
latreutes_fucorum,scyllaea_pelagica,11,0.59,18.59,18.26,4.5489279010269e-11,1.356249197489397e-09,9,11,10,0.0,Latreutes,Scyllaea,Malacostraca,Mollusca
rumex_crispus,sherardia_arvensis,15,0.75,20.0,18.25,5.10702591327572e-15,3.014087158365861e-13,13,12,12,0.0,Rumex,Sherardia,Plantae,Plantae
diplodus_cervinus,diplodus_vulgaris,62,15.01,4.13,18.12,3.3350340729984323e-72,1.6560744195935835e-69,18,53,17,0.952,Diplodus,Diplodus,Actinopterygii,Actinopterygii
lutraria_lutraria,venerupis_corrugata,27,2.6,10.4,18.06,2.3525078831806522e-70,1.1631687475276561e-67,24,26,23,0.0,Lutraria,Venerupis,Mollusca,Mollusca
ardeola_ralloides,plegadis_falcinellus,15,0.79,19.06,17.99,9.880984919163893e-15,5.604770982901808e-13,14,14,14,0.467,Ardeola,Plegadis,Aves,Aves
curruca_melanocephala,emberiza_cirlus,13,0.76,17.22,17.86,2.0693446955988293e-12,8.062116547574147e-11,12,13,11,0.846,Curruca,Emberiza,Aves,Aves
muraena_helena,ophidiaster_ophidianus,17,1.35,12.57,17.69,1.333377852574813e-13,6.3977701844243545e-12,11,14,12,1.0,Muraena,Ophidiaster,Actinopterygii,Echinodermata
runcinia_grammica,thomisus_onustus,9,0.3,30.36,17.6,3.7276293163301943e-11,1.132782399785027e-09,8,9,9,1.0,Runcinia,Thomisus,Arachnida,Arachnida
okenia_nodosa,pomatoschistus_pictus,10,0.36,27.78,17.39,7.2664096961716496e-12,2.5483088664771953e-10,7,10,5,0.0,Okenia,Pomatoschistus,Mollusca,Actinopterygii
okenia_nodosa,trivia_arctica,10,0.38,26.49,17.39,1.151201356464071e-11,3.8880973635323024e-10,8,10,10,0.0,Okenia,Trivia,Mollusca,Mollusca
elysia_flava,paradoris_indecora,44,11.23,3.92,17.36,8.039852430911008e-66,3.908114596838278e-63,8,41,5,1.0,Elysia,Paradoris,Mollusca,Mollusca
medicago_polymorpha,melilotus_indicus,9,0.74,12.17,17.36,9.404814749203183e-08,1.3751393303302494e-06,8,9,9,0.111,Medicago,Melilotus,Plantae,Plantae
polycera_kernowensis,polycera_quadrilineata,11,0.52,21.15,17.35,1.1700751478826987e-11,3.948369576352619e-10,9,11,7,0.0,Polycera,Polycera,Mollusca,Mollusca
monacha_cartusiana,xerosecta_arigonis,11,0.51,21.73,17.21,8.809508678098155e-12,3.0404153317903527e-10,10,11,7,1.0,Monacha,Xerosecta,Mollusca,Mollusca
caloria_quatrefagesi,luisella_babai,23,2.72,8.45,17.17,3.215674241545526e-63,1.5435772305125448e-60,8,18,15,1.0,Caloria,Luisella,Mollusca,Mollusca
iberus_splendidus,solatopupa_similis,31,4.67,6.63,17.06,3.565886995272721e-63,1.7045827610099524e-60,20,29,18,1.0,Iberus,Solatopupa,Mollusca,Mollusca
mactra_stultorum,turritellinella_tricarinata,43,7.17,6.0,17.05,9.420733131679942e-64,4.54102987323036e-61,32,43,39,0.767,Mactra,Turritellinella,Mollusca,Mollusca
hirschfeldia_incana,sonchus_oleraceus,21,1.64,12.77,17.05,3.102523386231985e-62,1.4648487876535642e-59,18,19,13,0.0,Hirschfeldia,Sonchus,Plantae,Plantae
calystegia_soldanella,eryngium_maritimum,64,14.19,4.51,17.01,6.685114394020665e-64,3.235932431297297e-61,36,57,47,0.938,Calystegia,Eryngium,Plantae,Plantae
arothron_hispidus,cephalopholis_miniata,16,0.88,18.2,16.99,2.6645352591003757e-15,1.6424029961979652e-13,15,15,15,0.0,Arothron,Cephalopholis,Actinopterygii,Actinopterygii
pinnoctopus_macropus,stenopus_spinosus,72,21.54,3.34,16.86,6.887102560620734e-63,3.2786023280733515e-60,26,65,34,0.986,Pinnoctopus,Stenopus,Mollusca,Malacostraca
chelidonichthys_lastoviza,trachinus_radiatus,16,3.03,5.27,16.82,1.4438056106236274e-07,2.0124885851940034e-06,5,15,8,1.0,Chelidonichthys,Trachinus,Actinopterygii,Actinopterygii
acanthocardia_tuberculata,mactra_stultorum,80,19.7,4.06,16.79,1.5997894045320043e-62,7.584450146489918e-60,45,76,55,0.988,Acanthocardia,Mactra,Mollusca,Mollusca
sicyonia_carinata,synodus_saurus,35,7.4,4.73,16.78,2.7539893704176765e-61,1.2897178513398294e-58,14,33,10,1.0,Sicyonia,Synodus,Malacostraca,Actinopterygii
columbella_rustica,conus_ventricosus,56,11.17,5.01,16.68,1.8708458299044435e-61,8.797098897482102e-59,36,51,37,1.0,Columbella,Conus,Mollusca,Mollusca
pinus_pinea,viburnum_tinus,8,0.23,34.11,16.64,1.8458434780654898e-10,4.895224494637585e-09,6,7,7,0.875,Pinus,Viburnum,Plantae,Plantae
callochiton_septemvalvis,limacia_clavigera,5,0.09,56.33,16.58,4.263372332946602e-08,6.764323732885007e-07,3,5,5,0.0,Callochiton,Limacia,Mollusca,Mollusca
quercus_rotundifolia,salvia_verbenaca,7,0.18,38.77,16.5,1.0600340605293468e-09,2.412488421754699e-08,7,7,6,0.857,Quercus,Salvia,Plantae,Plantae
mactra_corallina,mactra_stultorum,67,15.78,4.25,16.28,9.135168256947747e-59,4.226537846881158e-56,51,63,53,0.925,Mactra,Mactra,Mollusca,Mollusca
anas_platyrhynchos,gallinula_chloropus,63,13.59,4.63,16.28,9.447241791765046e-59,4.353440173514001e-56,20,56,19,0.952,Anas,Gallinula,Aves,Aves
elysia_flava,haminoea_hydatis,30,7.98,3.76,16.28,2.671207776930251e-57,1.2211659552915581e-54,5,27,5,1.0,Elysia,Haminoea,Mollusca,Mollusca
candiella_plebeia,doto_millbayana,12,0.54,22.36,16.17,7.267519919196275e-13,3.0679639603191195e-11,5,12,5,0.0,Candiella,Doto,Mollusca,Mollusca
egretta_garzetta,gallinula_chloropus,59,11.74,5.03,16.1,2.1172937864322637e-57,9.717956708053486e-55,23,57,27,0.983,Egretta,Gallinula,Aves,Aves
raja_brachyura,raja_undulata,18,1.4,12.81,16.06,5.382699637412152e-55,2.4317981530526647e-52,4,17,7,1.0,Raja,Raja,Elasmobranchii,Elasmobranchii
donax_semistriatus,laevicardium_crassum,10,0.56,18.0,16.06,4.66276683930289e-10,1.1385531813375373e-08,9,10,8,0.4,Donax,Laevicardium,Mollusca,Mollusca
barnea_candida,lutraria_lutraria,20,2.47,8.11,16.0,8.651972296946173e-55,3.893522720692918e-52,13,19,14,0.0,Barnea,Lutraria,Mollusca,Mollusca
aplysina_aerophoba,chromis_limbata,8,0.77,10.4,15.99,1.5341998572671045e-06,1.6321540341361114e-05,7,8,6,0.0,Aplysina,Chromis,Porifera,Actinopterygii
armadillidium_vulgare,theba_pisana,9,0.33,27.0,15.92,1.0376666192968287e-10,2.8847332338193013e-09,5,5,7,1.0,Armadillidium,Theba,Malacostraca,Mollusca
chamelea_gallina,mactra_stultorum,69,16.65,4.14,15.91,3.186985210439299e-56,1.4511993841243043e-53,41,67,41,1.0,Chamelea,Mactra,Mollusca,Mollusca
melilotus_indicus,polypogon_monspeliensis,12,0.69,17.29,15.9,1.3722467606669397e-11,4.5743146937463577e-10,10,11,9,0.0,Melilotus,Polypogon,Plantae,Plantae
mactra_stultorum,solen_marginatus,28,4.41,6.35,15.85,1.335936165477526e-54,5.965317442157865e-52,25,27,24,0.786,Mactra,Solen,Mollusca,Mollusca
hirschfeldia_incana,sisymbrium_irio,8,0.26,30.86,15.81,4.02175182045994e-10,9.97463717382706e-09,5,5,6,0.0,Hirschfeldia,Sisymbrium,Plantae,Plantae
doriopsilla_areolata,luisella_babai,8,0.26,30.77,15.78,4.111900819836478e-10,1.0165395322927932e-08,3,8,5,0.0,Doriopsilla,Luisella,Mollusca,Mollusca
chelon_labrosus,diplodus_cadenati,40,9.46,4.23,15.71,3.817821344378462e-54,1.6981787264779008e-51,26,35,30,0.0,Chelon,Diplodus,Actinopterygii,Actinopterygii
mactra_stultorum,peronaea_planata,49,10.44,4.7,15.6,8.865483117138638e-54,3.9282273731801523e-51,37,48,40,1.0,Mactra,Peronaea,Mollusca,Mollusca
chromodoris_alcalai,nembrotha_cristata,21,3.6,5.84,15.59,4.074871868742092e-52,1.7917615983456642e-49,9,21,18,0.0,Chromodoris,Nembrotha,Mollusca,Mollusca
calystegia_silvatica,sisymbrium_officinale,10,0.5,20.0,15.51,1.7096701832031158e-10,4.5666785018718234e-09,8,10,7,0.0,Calystegia,Sisymbrium,Plantae,Plantae
foeniculum_vulgare,rhamnus_alaternus,10,0.5,20.0,15.51,1.7096701832031158e-10,4.5666785018718234e-09,9,10,9,1.0,Foeniculum,Rhamnus,Plantae,Plantae
galium_aparine,rumex_crispus,13,0.82,15.95,15.49,5.2914339576659586e-12,1.9091586522359822e-10,13,12,12,0.154,Galium,Rumex,Plantae,Plantae
barnea_candida,turritellinella_tricarinata,25,2.95,8.46,15.02,4.2276482496369335e-49,1.817320854295423e-46,13,21,14,0.24,Barnea,Turritellinella,Mollusca,Mollusca
cotylorhiza_tuberculata,diplodus_vulgaris,40,8.8,4.54,15.0,1.4051376225711212e-49,6.0628267666922635e-47,12,31,16,1.0,Cotylorhiza,Diplodus,Cnidaria,Actinopterygii
donax_trunculus,spisula_subtruncata,60,15.64,3.84,14.93,1.3531062087118883e-49,5.860272468738511e-47,30,57,34,1.0,Donax,Spisula,Mollusca,Mollusca
donax_semistriatus,peronidia_albicans,15,1.37,10.93,14.9,2.4354296357387284e-11,7.716269276934275e-10,10,14,10,1.0,Donax,Peronidia,Mollusca,Mollusca
cochlicella_acuta,cochlicella_barbara,11,0.62,17.67,14.9,7.705625026943608e-11,2.197867852448654e-09,11,11,11,1.0,Cochlicella,Cochlicella,Mollusca,Mollusca
pomatoschistus_pictus,trivia_arctica,13,1.22,10.68,14.85,6.675872077366307e-10,1.5824838823063952e-08,10,12,6,0.0,Pomatoschistus,Trivia,Actinopterygii,Mollusca
astropecten_platyacanthus,sicyonia_carinata,28,5.72,4.89,14.78,1.3735764821907425e-47,5.754236547429174e-45,15,24,10,1.0,Astropecten,Sicyonia,Echinodermata,Malacostraca
fulica_atra,gallinula_chloropus,34,5.45,6.24,14.73,8.636340404180126e-48,3.644472380670942e-45,9,33,13,0.941,Fulica,Gallinula,Aves,Aves
diplodus_cadenati,pomadasys_incisus,40,7.54,5.3,14.72,7.120104770913528e-48,3.015678492751184e-45,15,37,28,0.0,Diplodus,Pomadasys,Actinopterygii,Actinopterygii
diaphorodoris_alba,luisella_babai,59,14.34,4.11,14.7,3.831056896821734e-48,1.628609146647421e-45,17,53,25,1.0,Diaphorodoris,Luisella,Mollusca,Mollusca
candiella_manicata,facelinopsis_marioni,60,19.84,3.02,14.63,1.3117018369376754e-47,5.5150838840353274e-45,10,58,8,1.0,Candiella,Facelinopsis,Mollusca,Mollusca
mactra_corallina,solen_marginatus,39,7.29,5.35,14.61,3.523484440224896e-47,1.4707228313466265e-44,31,39,29,0.897,Mactra,Solen,Mollusca,Mollusca
chamelea_gallina,glycymeris_glycymeris,30,4.49,6.68,14.55,1.8322452436067306e-46,7.565662403027592e-44,18,29,19,1.0,Chamelea,Glycymeris,Mollusca,Mollusca
idotea_balthica,tritia_neritea,18,1.72,10.46,14.53,2.432929762095579e-45,9.800113297638429e-43,9,18,6,1.0,Idotea,Tritia,Crustacea,Mollusca
hypselodoris_decorata,nembrotha_cristata,11,0.69,15.85,14.49,2.3842516849725826e-10,6.194752618754655e-09,9,10,10,0.0,Hypselodoris,Nembrotha,Mollusca,Mollusca
chamelea_gallina,spisula_subtruncata,71,19.17,3.7,14.42,1.3438326950954886e-46,5.568881359920168e-44,35,69,33,1.0,Chamelea,Spisula,Mollusca,Mollusca
donax_trunculus,mactra_stultorum,70,20.18,3.47,14.34,4.8942323663582936e-46,2.013696948335503e-43,45,67,49,1.0,Donax,Mactra,Mollusca,Mollusca
asparagus_acutifolius,quercus_rotundifolia,24,3.08,7.8,14.3,1.3608865875363434e-44,5.4437353621714204e-42,19,21,6,1.0,Asparagus,Quercus,Plantae,Plantae
calystegia_soldanella,echium_sabulicola,12,0.75,15.94,14.29,3.458577868542534e-11,1.0579978883897347e-09,8,12,11,1.0,Calystegia,Echium,Plantae,Plantae
dendrodoris_grandiflora,paradoris_indecora,33,7.83,4.22,14.26,1.0843124119292808e-44,4.352513139508741e-42,7,32,5,1.0,Dendrodoris,Paradoris,Mollusca,Mollusca
ardea_cinerea,gallinula_chloropus,58,13.51,4.29,14.25,2.111010607852896e-45,8.533223370774913e-43,26,56,27,0.931,Ardea,Gallinula,Aves,Aves
chelidonichthys_lastoviza,zeus_faber,20,3.95,5.06,14.19,2.5028299613652002e-43,9.74108185368637e-41,3,17,11,1.0,Chelidonichthys,Zeus,Actinopterygii,Actinopterygii
cardites_antiquatus,conus_ventricosus,51,12.43,4.1,14.12,1.8699717718467176e-44,7.454263944769179e-42,21,49,21,1.0,Cardites,Conus,Mollusca,Mollusca
barnea_candida,donax_vittatus,22,2.46,8.93,14.11,2.648308869961261e-43,1.0272585018687445e-40,15,20,17,0.045,Barnea,Donax,Mollusca,Mollusca
candiella_plebeia,limacia_clavigera,13,1.07,12.2,14.11,1.369719893062893e-10,3.7233886399343442e-09,10,12,5,0.0,Candiella,Limacia,Mollusca,Mollusca
barbatia_barbata,conus_ventricosus,49,12.81,3.83,14.08,3.7393565499217247e-44,1.4854787309558012e-41,24,49,24,1.0,Barbatia,Conus,Mollusca,Mollusca
gnathophyllum_elegans,periclimenes_aegylios,39,8.22,4.74,14.04,1.1164143334950603e-43,4.3896039889407827e-41,4,38,7,1.0,Gnathophyllum,Periclimenes,Malacostraca,Malacostraca
donax_semistriatus,mactra_corallina,45,10.29,4.37,14.01,1.1233748246744746e-43,4.401948071489734e-41,32,42,36,1.0,Donax,Mactra,Mollusca,Mollusca
quercus_rotundifolia,rhamnus_alaternus,16,1.61,9.93,14.01,5.94623499593578e-42,2.2533883436571895e-39,14,16,9,0.562,Quercus,Rhamnus,Plantae,Plantae
percnon_gibbesi,sparisoma_cretense,31,4.96,6.25,13.87,1.798332105728217e-42,6.903744215267681e-40,23,30,22,0.548,Percnon,Sparisoma,Malacostraca,Actinopterygii
hacelia_attenuata,ophidiaster_ophidianus,45,10.33,4.36,13.86,8.659255851792721e-43,3.336391007190397e-40,18,33,15,1.0,Hacelia,Ophidiaster,Echinodermata,Echinodermata
robinia_pseudoacacia,sambucus_nigra,16,1.58,10.16,13.84,4.845359637001041e-41,1.812353284483987e-38,12,14,14,0.5,Robinia,Sambucus,Plantae,Plantae
solen_marginatus,turritellinella_tricarinata,30,5.31,5.65,13.83,3.8770878192274105e-42,1.4789934606830285e-39,23,28,23,0.767,Solen,Turritellinella,Mollusca,Mollusca
mactra_stultorum,talochlamys_multistriata,10,1.63,6.12,13.8,8.513665975096174e-06,7.318373190531112e-05,8,10,9,1.0,Mactra,Talochlamys,Mollusca,Mollusca
cadlina_pellucida,trapania_tartanella,8,0.36,22.22,13.78,5.084028420476727e-09,9.981261250044323e-08,5,7,5,0.0,Cadlina,Trapania,Mollusca,Mollusca
archidoris_pseudoargus,callochiton_septemvalvis,7,0.26,27.0,13.77,1.2455712794512408e-08,2.251251861906193e-07,7,7,6,0.0,Archidoris,Callochiton,Mollusca,Mollusca
echinolittorina_punctata,melarhaphe_neritoides,30,4.8,6.25,13.75,1.0502241841857255e-41,3.9539224482004023e-39,21,29,21,1.0,Echinolittorina,Melarhaphe,Mollusca,Mollusca
calystegia_soldanella,medicago_marina,36,6.75,5.34,13.73,8.159893649611759e-42,3.082138977081551e-39,25,35,29,0.889,Calystegia,Medicago,Plantae,Plantae
cerastoderma_glaucum,tritia_nitida,17,2.47,6.88,13.62,8.602643404483733e-40,3.1165375181451067e-37,6,16,5,1.0,Cerastoderma,Tritia,Mollusca,Mollusca
donax_semistriatus,spisula_subtruncata,56,15.06,3.72,13.61,1.6539417727113257e-41,6.206537719330148e-39,36,52,35,0.982,Donax,Spisula,Mollusca,Mollusca
cistus_monspeliensis,cistus_salviifolius,7,0.25,27.52,13.61,1.0949373852042754e-08,2.0038310806207044e-07,4,7,5,0.857,Cistus,Cistus,Plantae,Plantae
diplodus_cadenati,sparisoma_cretense,26,3.79,6.86,13.54,2.667654895690456e-40,9.881817189811039e-38,14,20,15,0.0,Diplodus,Sparisoma,Actinopterygii,Actinopterygii
hirschfeldia_incana,hordeum_murinum,22,3.04,7.23,13.52,6.831043448863409e-40,2.4903909160850007e-37,14,20,16,0.0,Hirschfeldia,Hordeum,Plantae,Plantae
chroicocephalus_ridibundus,gallinula_chloropus,33,5.98,5.52,13.51,1.865978330326903e-40,6.934457018289695e-38,23,33,21,0.879,Chroicocephalus,Gallinula,Aves,Aves
ariosoma_balearicum,sicyonia_carinata,31,6.29,4.93,13.5,3.11337043872719e-40,1.1459192588598314e-37,18,29,14,1.0,Ariosoma,Sicyonia,Actinopterygii,Malacostraca
medicago_marina,petrosedum_sediforme,12,0.87,13.8,13.5,1.7485046743814792e-10,4.661761918709649e-09,9,10,11,0.0,Medicago,Petrosedum,Plantae,Plantae
canthigaster_capistrata,parapristipoma_octolineatum,6,0.84,7.13,13.49,0.0002406640629111223,0.0012696552962226009,6,6,5,0.333,Canthigaster,Parapristipoma,Actinopterygii,Actinopterygii
candiella_striata,trinchesia_morrowae,28,6.57,4.26,13.48,6.501253973505251e-40,2.377684008773647e-37,10,26,10,1.0,Candiella,Trinchesia,Mollusca,Mollusca
melanargia_lachesis,pyronia_bathseba,27,4.06,6.65,13.46,7.1271808314237605e-40,2.590156910105183e-37,19,25,19,0.667,Melanargia,Pyronia,Insecta,Insecta
caryophyllia_smithii,ophiocomina_nigra,6,0.84,7.15,13.42,0.00023748778165189055,0.0012546795559673666,5,6,5,0.5,Caryophyllia,Ophiocomina,Cnidaria,Echinodermata
bituminaria_bituminosa,petrosedum_sediforme,19,3.73,5.09,13.41,9.00769668342564e-39,3.1734638798696255e-36,15,16,8,1.0,Bituminaria,Petrosedum,Plantae,Plantae
fistularia_commersonii,pterois_miles,25,3.43,7.29,13.4,1.7993098927256383e-39,6.477740527548889e-37,17,23,16,0.64,Fistularia,Pterois,Actinopterygii,Actinopterygii
chromodoris_alcalai,coryphellina_flamma,8,0.94,8.49,13.4,6.694530821471645e-06,5.9435629528114936e-05,5,8,7,0.0,Chromodoris,Coryphellina,Mollusca,Mollusca
conus_ventricosus,venus_verrucosa,39,9.21,4.23,13.37,8.69428233966351e-40,3.1398623907792946e-37,11,34,10,1.0,Conus,Venus,Mollusca,Mollusca
abudefduf_saxatilis,kyphosus_vaigiensis,8,0.62,12.8,13.36,3.3197697912878965e-07,4.212476693859795e-06,7,8,8,0.0,Abudefduf,Kyphosus,Actinopterygii,Actinopterygii
chamelea_striatula,spisula_subtruncata,19,2.64,7.2,13.26,3.9484244751448916e-38,1.353792539388667e-35,11,18,13,0.316,Chamelea,Spisula,Mollusca,Mollusca
alopochen_aegyptiaca,anas_platyrhynchos,9,0.53,17.05,13.25,5.471075592566876e-09,1.0650385139676823e-07,3,8,8,0.778,Alopochen,Anas,Aves,Aves
melarhaphe_neritoides,microeuraphia_depressa,9,0.49,18.53,13.24,2.675124233242343e-09,5.582921360433634e-08,9,9,8,1.0,Melarhaphe,Microeuraphia,Mollusca,Crustacea
chamelea_gallina,conus_ventricosus,10,1.54,6.5,13.23,5.0794475781046344e-06,4.674649934398197e-05,7,10,7,1.0,Chamelea,Conus,Mollusca,Mollusca
donacilla_cornea,moerella_pulchella,10,0.82,12.27,13.21,1.7043921718418176e-08,2.9827251369415885e-07,8,9,9,1.0,Donacilla,Moerella,Mollusca,Mollusca
donax_semistriatus,dosinia_lupinus,32,6.36,5.03,13.2,1.3374713264846326e-38,4.669152930191989e-36,26,30,22,1.0,Donax,Dosinia,Mollusca,Mollusca
calmella_cavolini,elysia_timida,22,2.83,7.76,13.17,6.178147189698576e-38,2.0811323650351894e-35,13,20,14,1.0,Calmella,Elysia,Mollusca,Mollusca
eryngium_maritimum,pancratium_maritimum,69,20.66,3.34,13.15,5.201355523149602e-39,1.8551608721019406e-36,40,64,41,0.87,Eryngium,Pancratium,Plantae,Plantae
galium_aparine,phragmites_australis,9,0.59,15.2,13.15,1.4485406540920565e-08,2.579651839759179e-07,9,8,9,0.111,Galium,Phragmites,Plantae,Plantae
clanculus_cruciatus,tritia_incrassata,48,12.62,3.8,13.14,1.1129949815134525e-38,3.897309235570692e-36,22,46,13,1.0,Clanculus,Tritia,Mollusca,Mollusca
epinephelus_costae,ophidiaster_ophidianus,51,15.11,3.38,13.1,1.6832418528584949e-38,5.85849529959849e-36,15,36,17,1.0,Epinephelus,Ophidiaster,Actinopterygii,Echinodermata
medicago_littoralis,medicago_marina,18,2.91,6.18,13.09,5.391977424612223e-37,1.7399926252801865e-34,18,17,18,0.667,Medicago,Medicago,Plantae,Plantae
barbatia_barbata,limaria_tuberculata,61,17.94,3.4,13.07,1.8845119627244507e-38,6.500573080423122e-36,35,59,30,1.0,Barbatia,Limaria,Mollusca,Mollusca
atriplex_halimus,tamarix_gallica,17,1.98,8.61,13.05,8.190861542734941e-37,2.6211667032478785e-34,16,16,11,0.529,Atriplex,Tamarix,Plantae,Plantae
bolinus_brandaris,neverita_josephinia,61,19.1,3.19,12.96,7.209737099822432e-38,2.421546801305958e-35,43,57,49,1.0,Bolinus,Neverita,Mollusca,Mollusca
gibbula_magus,laevicardium_crassum,11,0.77,14.24,12.96,7.249260081110265e-10,1.706813321856176e-08,9,10,10,0.182,Gibbula,Laevicardium,Mollusca,Mollusca
anemonia_sargassensis,columbella_adansoni,15,1.53,9.79,12.95,5.308000915567948e-36,1.6438251007448652e-33,9,15,12,0.0,Anemonia,Columbella,Cnidaria,Mollusca
bosemprella_incarnata,mactra_stultorum,31,8.34,3.72,12.94,4.976147212131885e-37,1.610314784905735e-34,24,31,23,1.0,Bosemprella,Mactra,Mollusca,Mollusca
chamelea_gallina,donax_semistriatus,33,6.5,5.08,12.92,4.1216482817895745e-37,1.3375503342402428e-34,23,31,26,1.0,Chamelea,Donax,Mollusca,Mollusca
diplodus_cadenati,trachinotus_ovatus,24,3.82,6.28,12.9,1.3945264311495147e-36,4.437984060059356e-34,15,23,21,0.0,Diplodus,Trachinotus,Actinopterygii,Actinopterygii
archidoris_pseudoargus,polycera_quadrilineata,19,2.68,7.08,12.9,3.414599596989005e-36,1.066058352226345e-33,7,19,8,0.0,Archidoris,Polycera,Mollusca,Mollusca
mactra_stultorum,peronidia_albicans,12,1.12,10.67,12.88,3.0274320828027612e-09,6.248159900881571e-08,11,12,12,1.0,Mactra,Peronidia,Mollusca,Mollusca
donax_vittatus,venerupis_corrugata,34,7.16,4.75,12.83,1.1500134083938422e-36,3.6699763074959613e-34,27,32,24,0.0,Donax,Venerupis,Mollusca,Mollusca
chromodoris_magnifica,chromodoris_willani,12,1.02,11.76,12.77,1.035503460755649e-09,2.3621340405321613e-08,8,12,11,0.0,Chromodoris,Chromodoris,Mollusca,Mollusca
monoplex_parthenopeus,umbraculum_umbraculum,12,1.02,11.76,12.77,1.035503460755649e-09,2.3621340405321613e-08,8,12,10,0.0,Monoplex,Umbraculum,Mollusca,Mollusca
quercus_robur,sambucus_nigra,18,2.63,6.85,12.76,2.617046151740345e-35,8.01846236343337e-33,9,16,13,0.667,Quercus,Sambucus,Plantae,Plantae
quercus_suber,viburnum_tinus,12,1.0,12.0,12.7,8.316107802386341e-10,1.9346706043338368e-08,9,12,12,0.75,Quercus,Viburnum,Plantae,Plantae
doto_millbayana,okenia_nodosa,23,3.53,6.51,12.69,2.1556859229496934e-35,6.640204306617553e-33,5,23,5,0.0,Doto,Okenia,Mollusca,Mollusca
epinephelus_marginatus,hermodice_carunculata,7,0.66,10.61,12.67,6.092007406643951e-06,5.475297404236306e-05,6,6,6,0.143,Epinephelus,Hermodice,Actinopterygii,Annelida
pyrrhocoris_apterus,theba_pisana,8,0.56,14.4,12.66,1.375664980818314e-07,1.9273027903465046e-06,5,8,7,1.0,Pyrrhocoris,Theba,Insecta,Mollusca
quercus_suber,scirpoides_holoschoenus,8,0.56,14.4,12.66,1.375664980818314e-07,1.9273027903465046e-06,7,7,5,0.0,Quercus,Scirpoides,Plantae,Plantae
cistus_salviifolius,pistacia_lentiscus,77,25.67,3.0,12.65,2.738005741944826e-36,8.57144601888619e-34,33,74,13,0.286,Cistus,Pistacia,Plantae,Plantae
conus_ventricosus,tritia_incrassata,25,4.67,5.35,12.6,5.282643827293009e-35,1.601530788103852e-32,20,24,16,1.0,Conus,Tritia,Mollusca,Mollusca
sisymbrium_irio,sonchus_oleraceus,13,1.55,8.39,12.54,1.1371044661423468e-08,2.0730967386843318e-07,12,13,9,0.154,Sisymbrium,Sonchus,Plantae,Plantae
quercus_rotundifolia,quercus_suber,19,2.44,7.78,12.52,3.32966257519095e-34,9.785470594701486e-32,17,19,11,0.526,Quercus,Quercus,Plantae,Plantae
conus_ventricosus,striarca_lactea,44,11.24,3.92,12.49,4.6680787062006525e-35,1.426475700979151e-32,16,41,12,1.0,Conus,Striacta,Mollusca,Mollusca
mactra_stultorum,neverita_josephinia,46,15.19,3.03,12.49,5.106165171218564e-35,1.5562186571033425e-32,38,45,40,1.0,Mactra,Neverita,Mollusca,Mollusca
barnea_candida,solen_marginatus,18,2.21,8.16,12.48,6.0656215483220055e-34,1.7735631087636758e-31,17,18,14,0.278,Barnea,Solen,Mollusca,Mollusca
polititapes_aureus,ruditapes_decussatus,28,5.59,5.01,12.47,1.7730028566150088e-34,5.291632670815427e-32,20,27,19,0.964,Polititapes,Ruditapes,Mollusca,Mollusca
chromodoris_magnifica,nembrotha_chamberlaini,8,0.53,15.06,12.47,9.826713176508406e-08,1.4288484977741693e-06,6,7,8,0.0,Chromodoris,Nembrotha,Mollusca,Mollusca
hordeum_murinum,sisymbrium_irio,15,1.9,7.88,12.46,2.2488905428163862e-33,6.381310002330517e-31,13,13,14,0.2,Hordeum,Sisymbrium,Plantae,Plantae
diplodus_cadenati,serranus_atricauda,52,15.49,3.36,12.4,1.0318898196407718e-34,3.103859915976383e-32,22,49,30,0.019,Diplodus,Serranus,Actinopterygii,Actinopterygii
rhamnus_alaternus,salvia_verbenaca,8,0.52,15.38,12.38,8.362961456676032e-08,1.2412004809659838e-06,7,8,6,0.625,Rhamnus,Salvia,Plantae,Plantae
lauria_cylindracea,oxychilus_draparnaudi,8,0.52,15.38,12.38,8.362961456676032e-08,1.2412004809659838e-06,8,8,7,1.0,Lauria,Oxychilus,Mollusca,Mollusca
bittium_reticulatum,epitonium_clathrus,21,3.92,5.36,12.37,1.6707509747282255e-33,4.77610906433227e-31,20,20,16,0.905,Bittium,Epitonium,Mollusca,Mollusca
ensis_minor,mactra_stultorum,49,13.7,3.58,12.36,1.8787413712307825e-34,5.578312395135852e-32,35,45,38,0.959,Ensis,Mactra,Mollusca,Mollusca
astrospartus_mediterraneus,scorpaena_scrofa,33,6.99,4.72,12.36,3.9832557548522885e-34,1.1676513892671833e-31,5,33,6,1.0,Astrospartus,Scorpaena,Echinodermata,Actinopterygii
populus_nigra,quercus_rotundifolia,11,0.84,13.04,12.36,1.7874588476018971e-09,3.874363294056989e-08,10,11,5,0.909,Populus,Quercus,Plantae,Plantae
cochlicella_acuta,otala_lactea,11,0.84,13.04,12.36,1.7874588476018971e-09,3.874363294056989e-08,10,11,9,1.0,Cochlicella,Otala,Mollusca,Mollusca
columbella_rustica,mactra_stultorum,8,1.41,5.66,12.33,0.00011316952165218996,0.0006717176202373307,7,8,8,1.0,Columbella,Mactra,Mollusca,Mollusca
hordeum_murinum,sonchus_oleraceus,29,5.44,5.33,12.3,1.1101959369140814e-33,3.2054890405075145e-31,22,23,19,0.172,Hordeum,Sonchus,Plantae,Plantae
pagurus_prideaux,synarachnactis_lloydii,8,0.51,15.8,12.29,6.823863241134376e-08,1.0347983951976367e-06,8,8,8,0.125,Pagurus,Synarachnactis,Malacostraca,Cnidaria
anemonia_sargassensis,clibanarius_aequabilis,20,3.11,6.43,12.27,5.4287342784887254e-33,1.5143145370920465e-30,16,20,15,0.0,Anemonia,Clibanarius,Cnidaria,Malacostraca
laurus_nobilis,viburnum_tinus,11,0.88,12.5,12.25,2.7469234664678766e-09,5.714275388785938e-08,10,11,10,0.727,Laurus,Viburnum,Plantae,Plantae
epinephelus_tukula,pseudanthias_squamipinnis,8,0.5,16.0,12.25,6.21969086234131e-08,9.518242110855051e-07,5,8,7,0.0,Epinephelus,Pseudanthias,Actinopterygii,Actinopterygii
chromodoris_quadricolor,hexabranchus_sanguineus,8,0.5,16.0,12.25,6.21969086234131e-08,9.518242110855051e-07,6,7,6,0.0,Chromodoris,Hexabranchus,Mollusca,Mollusca
aegithalos_caudatus,corvus_cornix,8,0.5,16.0,12.25,6.21969086234131e-08,9.518242110855051e-07,6,8,5,0.75,Aegithalos,Corvus,Aves,Aves
echinaster_sepositus,goniodoridella_picoensis,8,0.5,16.0,12.25,6.21969086234131e-08,9.518242110855051e-07,6,8,5,1.0,Echinaster,Goniodoridella,Echinodermata,Mollusca
ostrea_stentina,phorbas_topsenti,8,1.13,7.08,12.25,2.42245478723202e-05,0.00018018884381991066,5,8,5,1.0,Ostrea,Phorbas,Mollusca,Porifera
apletodon_incognitus,gnathophyllum_elegans,43,11.85,3.63,12.23,1.1839335718215714e-33,3.4098470802033077e-31,3,41,6,1.0,Apletodon,Gnathophyllum,Actinopterygii,Malacostraca
astropecten_platyacanthus,gnathophyllum_elegans,29,7.01,4.14,12.21,4.110620387651908e-33,1.152213895715451e-30,7,28,7,1.0,Astropecten,Gnathophyllum,Echinodermata,Malacostraca
astropecten_spinulosus,gaidropsarus_mediterraneus,11,0.79,13.97,12.2,8.770837389704411e-10,2.0322517108678742e-08,6,11,6,1.0,Astropecten,Gaidropsarus,Echinodermata,Actinopterygii
carcinus_aestuarii,tritia_nitida,20,2.68,7.45,12.19,1.284128078709955e-32,3.513935657475099e-30,5,16,6,1.0,Carcinus,Tritia,Malacostraca,Mollusca
chamelea_striatula,dosinia_exoleta,7,0.68,10.29,12.19,7.378864179119482e-06,6.467889134073506e-05,4,7,5,0.857,Chamelea,Dosinia,Mollusca,Mollusca
aplysia_punctata,gnathophyllum_elegans,51,15.34,3.33,12.18,1.5613847110293714e-33,4.4745712499857635e-31,13,51,7,0.902,Aplysia,Gnathophyllum,Mollusca,Malacostraca
ophidiaster_ophidianus,sparisoma_cretense,29,6.79,4.27,12.18,5.720363275544949e-33,1.5918085284924644e-30,19,28,15,0.931,Ophidiaster,Sparisoma,Echinodermata,Actinopterygii
barnea_candida,chamelea_striatula,7,0.35,20.18,12.15,8.867948930735281e-08,1.306757723991337e-06,7,7,7,0.143,Barnea,Chamelea,Mollusca,Mollusca
ensis_minor,turritellinella_tricarinata,27,5.65,4.78,12.11,1.4544001535592072e-32,3.961057099069383e-30,17,24,25,0.926,Ensis,Turritellinella,Mollusca,Mollusca
bunodactis_verrucosa,gnathophyllum_elegans,34,8.53,3.98,12.1,8.824454007242904e-33,2.4379194231424735e-30,7,33,6,0.971,Bunodactis,Gnathophyllum,Cnidaria,Malacostraca
monacha_cartusiana,trochoidea_elegans,11,1.3,8.47,12.09,1.350284516421496e-07,1.8952019667375978e-06,10,10,6,1.0,Monacha,Trochoidea,Mollusca,Mollusca
lutraria_magna,pinctada_radiata,9,0.66,13.64,12.08,3.622659039415055e-08,5.859115709346792e-07,5,9,5,1.0,Lutraria,Pinctada,Mollusca,Mollusca
irus_irus,papillicardium_papillosum,38,10.27,3.7,12.05,1.399076973630491e-32,3.8194138310456655e-30,16,37,7,1.0,Irus,Papillicardium,Mollusca,Mollusca
ruditapes_decussatus,tritia_nitida,10,0.79,12.7,12.03,1.237934221798298e-08,2.237799687557683e-07,7,10,8,1.0,Ruditapes,Tritia,Mollusca,Mollusca
striarca_lactea,tritia_neritea,28,5.1,5.49,12.02,3.112578853013322e-32,8.339105446105737e-30,10,28,9,1.0,Striacta,Tritia,Mollusca,Mollusca
condylactis_aurantiaca,periclimenes_scriptus,29,6.07,4.78,12.02,3.376022378863673e-32,9.00303893830117e-30,14,23,11,1.0,Condylactis,Periclimenes,Cnidaria,Malacostraca
sarcotragus_spinosulus,sparisoma_cretense,17,2.3,7.38,12.02,1.715166073952249e-31,4.4105801871338146e-29,15,16,12,1.0,Sarcotragus,Sparisoma,Porifera,Actinopterygii
donacilla_cornea,ruditapes_decussatus,7,0.58,11.98,12.02,2.7672346067930675e-06,2.737860663354419e-05,6,6,7,1.0,Donacilla,Ruditapes,Mollusca,Mollusca
mactra_corallina,turritellinella_tricarinata,28,5.14,5.44,12.01,3.5520646292666004e-32,9.428849160138928e-30,20,28,23,0.893,Mactra,Turritellinella,Mollusca,Mollusca
lysmata_seticaudata,porcellana_platycheles,23,3.39,6.78,12.01,6.213262455227258e-32,1.6342298810319657e-29,14,22,10,1.0,Lysmata,Porcellana,Malacostraca,Malacostraca
carcinus_aestuarii,tritia_neritea,38,10.85,3.5,12.0,2.362898590078942e-32,6.360172176903141e-30,12,28,14,1.0,Carcinus,Tritia,Malacostraca,Mollusca
columbella_adansoni,mitrella_ocellata,13,1.34,9.72,12.0,2.0321078153529015e-09,4.343357119850012e-08,11,13,11,0.0,Columbella,Mitrella,Mollusca,Mollusca
candiella_plebeia,okenia_nodosa,20,2.77,7.22,11.99,1.219628728765688e-31,3.1788712232742607e-29,11,20,8,0.0,Candiella,Okenia,Mollusca,Mollusca
cakile_maritima,eryngium_maritimum,61,19.19,3.18,11.94,2.0463155923968434e-32,5.5469115648584934e-30,43,56,42,0.918,Cakile,Eryngium,Plantae,Plantae
carcinus_aestuarii,haloa_japonica,26,6.46,4.03,11.93,1.6276047987036853e-31,4.20418348049012e-29,5,19,5,1.0,Carcinus,Haloa,Malacostraca,Mollusca
chelidonichthys_lastoviza,dactylopterus_volitans,26,5.09,5.11,11.92,1.3216558733498706e-31,3.4370212919503046e-29,4,24,8,1.0,Chelidonichthys,Dactylopterus,Actinopterygii,Actinopterygii
pisania_striata,steromphala_divaricata,22,4.06,5.43,11.9,3.0355905804676495e-31,7.754150271223838e-29,20,22,18,1.0,Pisania,Steromphala,Mollusca,Mollusca
columbella_adansoni,pusia_zebrina,18,2.79,6.44,11.88,7.487097804387256e-31,1.8874039725527996e-28,12,18,10,0.0,Columbella,Pusia,Mollusca,Mollusca
mactra_corallina,moerella_pulchella,22,4.24,5.19,11.87,4.420794916349666e-31,1.1267549945644842e-28,16,20,15,1.0,Mactra,Moerella,Mollusca,Mollusca
calliactis_parasitica,syngnathus_acus,11,1.09,10.07,11.84,2.429433143547044e-08,4.0978098955958077e-07,7,11,8,0.273,Calliactis,Syngnathus,Cnidaria,Actinopterygii
donax_trunculus,posidonia_oceanica,21,4.16,5.05,11.78,1.5432916223278981e-30,3.8400295477033086e-28,6,21,7,1.0,Donax,Posidonia,Mollusca,Plantae
felimare_tricolor,phyllidia_flava,26,4.65,5.59,11.77,7.100166508601149e-31,1.7977309504546962e-28,10,25,7,1.0,Felimare,Phyllidia,Mollusca,Mollusca
mactra_corallina,peronidia_albicans,26,5.55,4.68,11.77,8.252591514522243e-31,2.075833084801355e-28,21,25,22,0.962,Mactra,Peronidia,Mollusca,Mollusca
bosemprella_incarnata,mactra_corallina,21,3.29,6.39,11.73,2.0555672330419085e-30,5.081750375866095e-28,17,19,15,1.0,Bosemprella,Mactra,Mollusca,Mollusca
ocenebra_edwardsii,steromphala_varia,32,8.13,3.94,11.72,8.555813786572423e-31,2.1474160598437676e-28,18,30,17,1.0,Ocenebra,Steromphala,Mollusca,Mollusca
acanthocardia_aculeata,solen_marginatus,17,3.42,4.98,11.67,1.2986486228528323e-29,3.1233719404412876e-27,15,17,14,0.529,Acanthocardia,Solen,Mollusca,Mollusca
ocenebra_erinaceus,upogebia_pusilla,5,0.18,28.52,11.67,1.1926915880478006e-06,1.3087231327693954e-05,4,4,5,1.0,Ocenebra,Upogebia,Mollusca,Malacostraca
aequipecten_opercularis,moerella_pulchella,10,0.84,11.94,11.6,2.187281400445329e-08,3.7281190480382255e-07,8,9,8,1.0,Aequipecten,Moerella,Mollusca,Mollusca
pagellus_erythrinus,penaeus_kerathurus,45,12.51,3.6,11.59,1.865106896118526e-30,4.620812362590079e-28,20,42,15,1.0,Pagellus,Penaeus,Actinopterygii,Malacostraca
penaeus_kerathurus,scyllarus_arctus,21,4.33,4.85,11.54,2.1045713575306786e-29,4.937984494357725e-27,6,19,9,1.0,Penaeus,Scyllarus,Malacostraca,Malacostraca
pagellus_erythrinus,periclimenes_aegylios,28,5.71,4.9,11.53,9.157473389781426e-30,2.216339421000797e-27,3,28,5,1.0,Pagellus,Periclimenes,Actinopterygii,Malacostraca
berthella_plumula,diodora_graeca,17,2.45,6.93,11.52,4.9431507330008674e-29,1.1458163723232031e-26,14,17,14,0.059,Berthella,Diodora,Mollusca,Mollusca
cerianthus_membranaceus,gongolaria_squarrosa,7,1.78,3.93,11.52,0.0024399851584181453,0.008569479000987867,3,7,5,1.0,Cerianthus,Gongolaria,Cnidaria,
bolinus_brandaris,mactra_stultorum,30,9.46,3.17,11.51,1.4164230019530254e-29,3.3924656032639574e-27,26,29,29,1.0,Bolinus,Mactra,Mollusca,Mollusca
gnathophyllum_elegans,pagurus_cuanensis,36,9.64,3.73,11.49,8.866358737535155e-30,2.1503999831557896e-27,14,34,10,1.0,Gnathophyllum,Pagurus,Malacostraca,Malacostraca
diodora_graeca,steromphala_varia,37,11.13,3.33,11.48,1.0632008832895333e-29,2.5678195924211196e-27,10,36,14,1.0,Diodora,Steromphala,Mollusca,Mollusca
peronidia_albicans,solen_marginatus,15,2.37,6.32,11.48,1.3937754544923883e-28,3.105773838671975e-26,11,15,8,1.0,Peronidia,Solen,Mollusca,Mollusca
caloria_quatrefagesi,facelina_rubrovittata,34,9.43,3.6,11.46,1.5846873243689976e-29,3.779758147341739e-27,14,31,13,1.0,Caloria,Facelina,Mollusca,Mollusca
clathrina_rubra,rugulopteryx_okamurae,13,1.68,7.73,11.46,2.8998704326710367e-08,4.788256748250453e-07,9,13,7,0.692,Clathrina,Rugulopteryx,Porifera,
echinolittorina_punctata,patella_rustica,30,6.61,4.54,11.44,2.0726186103357073e-29,4.87293784459418e-27,19,30,25,1.0,Echinolittorina,Patella,Mollusca,Mollusca
muraena_augusti,serranus_atricauda,34,8.17,4.16,11.43,1.8215339988616878e-29,4.3001639919029074e-27,23,34,26,0.0,Muraena,Serranus,Actinopterygii,Actinopterygii
patella_ulyssiponensis,semicassis_undulata,6,0.29,20.89,11.43,6.101794708390784e-07,7.2454252482524415e-06,5,5,5,1.0,Patella,Semicassis,Mollusca,Mollusca
barbatia_barbata,cardites_antiquatus,42,12.39,3.39,11.41,1.6545069758170604e-29,3.921930486461494e-27,19,41,20,1.0,Barbatia,Cardites,Mollusca,Mollusca
astropecten_platyacanthus,pagellus_acarne,47,14.71,3.2,11.4,1.6043356661613515e-29,3.818716654637445e-27,14,38,13,1.0,Astropecten,Pagellus,Echinodermata,Actinopterygii
bituminaria_bituminosa,convolvulus_althaeoides,55,16.73,3.29,11.39,1.3462315346711734e-29,3.2310678691720386e-27,41,51,34,0.8,Bituminaria,Convolvulus,Plantae,Plantae
porcellana_platycheles,xantho_poressa,55,16.84,3.27,11.38,1.5072526032924792e-29,3.602521346674414e-27,28,54,20,0.982,Porcellana,Xantho,Malacostraca,Malacostraca
pomatoschistus_flavescens,symphodus_melops,14,1.9,7.36,11.34,8.144405146056298e-28,1.7215927531124216e-25,8,12,6,0.071,Pomatoschistus,Symphodus,Actinopterygii,Actinopterygii
cardites_antiquatus,striarca_lactea,37,10.22,3.62,11.33,5.240116160698823e-29,1.2097842528600144e-26,16,36,12,1.0,Cardites,Striacta,Mollusca,Mollusca
bosemprella_incarnata,moerella_pulchella,31,7.14,4.34,11.33,6.780469934841235e-29,1.5468064522246528e-26,22,29,16,1.0,Bosemprella,Moerella,Mollusca,Mollusca
pinctada_radiata,semicassis_undulata,14,1.48,9.47,11.33,7.185909468926443e-28,1.5245773746928214e-25,9,14,10,1.0,Pinctada,Semicassis,Mollusca,Mollusca
chamelea_gallina,moerella_pulchella,25,5.34,4.68,11.31,1.5386966185690006e-28,3.4089231778004446e-26,18,25,15,1.0,Chamelea,Moerella,Mollusca,Mollusca
facelina_rubrovittata,pseudoceros_maximus,6,0.76,7.95,11.31,0.00013538977510052508,0.0007813176201312874,4,5,5,1.0,Facelina,Pseudoceros,Mollusca,Platyhelminthes
anas_platyrhynchos,phalacrocorax_carbo,51,15.72,3.24,11.29,4.452920700954482e-29,1.0342626540983066e-26,18,47,20,1.0,Anas,Phalacrocorax,Aves,Aves
fulica_atra,phalacrocorax_carbo,44,12.21,3.6,11.29,5.372963232696651e-29,1.23797371251917e-26,28,41,27,0.682,Fulica,Phalacrocorax,Aves,Aves
glycymeris_glycymeris,spisula_subtruncata,42,12.03,3.49,11.29,5.913830467710382e-29,1.359874102199814e-26,15,37,21,1.0,Glycymeris,Spisula,Mollusca,Mollusca
bosellia_mimetica,elysia_flava,14,3.74,3.74,11.27,3.7816511632149385e-05,0.00026413322457076135,5,13,5,1.0,Bosellia,Elysia,Mollusca,Mollusca
bulla_striata,conus_ventricosus,39,10.11,3.86,11.25,1.0636566901201776e-28,2.3886453280429814e-26,22,39,16,1.0,Bulla,Conus,Mollusca,Mollusca
diaphorodoris_alba,marionia_blainvillea,25,5.33,4.69,11.23,3.4469280137520735e-28,7.520831342732839e-26,9,25,9,1.0,Diaphorodoris,Marionia,Mollusca,Mollusca
diaphorodoris_papillata,tenellia_ocellata,48,13.67,3.51,11.21,1.1789732231286928e-28,2.6373287611129693e-26,14,47,16,1.0,Diaphorodoris,Tenellia,Mollusca,Mollusca
cronius_ruber,stenorhynchus_lanceolatus,10,1.17,8.55,11.21,4.602503829165272e-07,5.630528311937517e-06,7,10,8,0.0,Cronius,Stenorhynchus,Malacostraca,Malacostraca
diplodus_cadenati,holothuria_sanctori,14,2.26,6.19,11.2,3.928640792472851e-27,7.912502340140601e-25,11,13,8,0.071,Diplodus,Holothuria,Actinopterygii,Echinodermata
bombus_terrestris,eristalis_tenax,11,1.09,10.07,11.19,2.4350488181390517e-08,4.105608493715699e-07,8,11,11,0.091,Bombus,Eristalis,Insecta,Insecta
donax_trunculus,moerella_pulchella,23,6.8,3.38,11.18,1.134246248300027e-27,2.3629241372360996e-25,13,22,12,1.0,Donax,Moerella,Mollusca,Mollusca
ficus_carica,hirschfeldia_incana,13,1.35,9.62,11.18,5.148897408795555e-27,1.0298152379911165e-24,9,12,8,0.077,Ficus,Hirschfeldia,Plantae,Plantae
diplodus_vulgaris,sciaena_umbra,41,13.18,3.11,11.16,2.8938058485354185e-28,6.325958424566876e-26,12,37,12,1.0,Diplodus,Sciaena,Actinopterygii,Actinopterygii
chthamalus_montagui,melarhaphe_neritoides,31,8.83,3.51,11.16,5.056368089133931e-28,1.0908498676789989e-25,19,29,17,0.065,Chthamalus,Melarhaphe,Crustacea,Mollusca
chloromyia_formosa,closterotomus_trivialis,18,5.74,3.13,11.15,5.553643335754349e-27,1.107650014346357e-24,12,15,12,1.0,Chloromyia,Closterotomus,Insecta,Insecta
conus_ventricosus,peronaea_planata,30,7.57,3.96,11.14,6.154713461333281e-28,1.3179323598502588e-25,16,27,18,1.0,Conus,Peronaea,Mollusca,Mollusca
isara_cornea,notocochlis_dillwynii,5,0.2,25.17,11.14,2.1866989766694545e-06,2.2265906744584393e-05,3,4,5,1.0,Isara,Notocochlis,Mollusca,Mollusca
antiopella_cristata,diaphorodoris_alba,42,12.41,3.38,11.12,3.9684605369622655e-28,8.593656535718062e-26,17,39,14,0.976,Antiopella,Diaphorodoris,Mollusca,Mollusca
dactylopterus_volitans,synapturichthys_kleinii,24,4.89,4.91,11.12,1.243316154603473e-27,2.585469210738962e-25,3,23,5,1.0,Dactylopterus,Synapturichthys,Actinopterygii,Actinopterygii
epitonium_clathrus,irus_irus,10,2.04,4.9,11.12,5.4709005180342274e-05,0.0003621406706961705,8,10,6,1.0,Epitonium,Irus,Mollusca,Mollusca
chamelea_gallina,neverita_josephinia,33,8.94,3.69,11.11,6.909718524188287e-28,1.4713996540861135e-25,24,31,25,1.0,Chamelea,Neverita,Mollusca,Mollusca
phycis_phycis,scorpaena_scrofa,38,10.97,3.46,11.1,6.243364557928689e-28,1.3344351957914966e-25,9,37,17,1.0,Phycis,Scorpaena,Actinopterygii,Actinopterygii
lepadogaster_candolii,periclimenes_aegylios,25,5.52,4.53,11.09,1.5480022597658804e-27,3.2017244584213373e-25,5,23,8,1.0,Lepadogaster,Periclimenes,Actinopterygii,Malacostraca
candiella_striata,marionia_blainvillea,14,2.63,5.32,11.09,1.4439940142101212e-26,2.772564773551047e-24,9,13,7,1.0,Candiella,Marionia,Mollusca,Mollusca
ophisurus_serpens,sicyonia_carinata,35,8.73,4.01,11.08,8.0465600933297865e-28,1.7040365974117e-25,16,33,11,1.0,Ophisurus,Sicyonia,Actinopterygii,Malacostraca
candiella_odhneri,marionia_blainvillea,24,5.81,4.13,11.08,2.200407264484693e-27,4.5025882504031e-25,16,23,12,1.0,Candiella,Marionia,Mollusca,Mollusca
dosinia_lupinus,turritellinella_tricarinata,14,1.62,8.66,11.08,1.0522845420810008e-26,2.0374350989226823e-24,11,13,8,0.857,Dosinia,Turritellinella,Mollusca,Mollusca
diplodus_cadenati,xyrichtys_novacula,35,9.05,3.87,11.07,9.435258651900712e-28,1.9871655168803834e-25,15,32,26,0.029,Diplodus,Xyrichtys,Actinopterygii,Actinopterygii
diaphorodoris_papillata,felimare_orsinii,47,13.58,3.46,11.06,6.122775832217913e-28,1.313534947811606e-25,14,43,14,1.0,Diaphorodoris,Felimare,Mollusca,Mollusca
donax_semistriatus,mactra_stultorum,35,8.88,3.94,11.06,1.0223641009975406e-27,2.137575932691845e-25,27,35,28,0.971,Donax,Mactra,Mollusca,Mollusca
colpomenia_sinuosa,sargassum_muticum,17,2.21,7.7,11.03,8.195205521431013e-27,1.6029209794413217e-24,12,14,14,0.118,Colpomenia,Sargassum,,
electra_posidoniae,xantho_poressa,17,3.24,5.24,11.03,1.0431815877097928e-26,2.0232102968100838e-24,12,16,9,1.0,Electra,Xantho,Bryozoa,Malacostraca
dosinia_lupinus,peronidia_albicans,15,2.27,6.6,11.03,1.5675427598613728e-26,2.9997873107486647e-24,13,15,9,1.0,Dosinia,Peronidia,Mollusca,Mollusca
epinephelus_costae,pinna_rudis,34,10.14,3.35,11.02,1.9009013636998647e-27,3.9105614411371286e-25,10,33,11,1.0,Epinephelus,Pinna,Actinopterygii,Mollusca
steromphala_varia,tritia_corniculum,44,13.98,3.15,11.01,1.3111029939410258e-27,2.7215190867384134e-25,12,43,15,1.0,Steromphala,Tritia,Mollusca,Mollusca
bosemprella_incarnata,donax_semistriatus,13,1.77,7.34,11.01,3.654580238651702e-26,6.80747075246539e-24,11,12,11,1.0,Bosemprella,Donax,Mollusca,Mollusca
aequorea_forskalea,diaphorodoris_papillata,9,0.64,14.15,11.01,2.657172770703653e-08,4.4306981021297384e-07,5,9,5,1.0,Aequorea,Diaphorodoris,Cnidaria,Mollusca
mactra_corallina,ruditapes_decussatus,12,1.33,9.05,11.0,1.8320926664650017e-08,3.1853969747575316e-07,10,11,10,1.0,Mactra,Ruditapes,Mollusca,Mollusca
arca_noae,mactra_stultorum,28,6.55,4.27,10.99,3.52971959298918e-27,7.146534551682347e-25,18,27,20,1.0,Arca,Mactra,Mollusca,Mollusca
cochlicella_barbara,xerotricha_conspurcata,15,1.8,8.31,10.99,1.9793287663869515e-26,3.7563278509862276e-24,13,15,13,1.0,Cochlicella,Xerotricha,Mollusca,Mollusca
ensis_minor,mactra_corallina,40,11.03,3.63,10.97,2.096675431324789e-27,4.297960789863719e-25,29,39,27,0.975,Ensis,Mactra,Mollusca,Mollusca
bulla_striata,neverita_josephinia,15,3.48,4.31,10.96,5.036819947110061e-26,9.28418888298988e-24,14,14,13,1.0,Bulla,Neverita,Mollusca,Mollusca
paractinia_striata,synodus_saurus,13,1.41,9.23,10.95,5.530282770968958e-26,1.0145074782590888e-23,6,12,5,1.0,Paractinia,Synodus,Cnidaria,Actinopterygii
amphorina_farrani,marionia_blainvillea,12,1.46,8.24,10.95,4.98084902211815e-08,7.815496196460084e-07,5,12,5,1.0,Amphorina,Marionia,Mollusca,Mollusca
cardites_antiquatus,venus_verrucosa,40,13.26,3.02,10.94,3.620054910248424e-27,7.316575541758937e-25,15,37,17,1.0,Cardites,Venus,Mollusca,Mollusca
caloria_elegans,diaphorodoris_alba,41,12.62,3.25,10.92,3.961839587076701e-27,7.965440973640214e-25,16,37,9,1.0,Caloria,Diaphorodoris,Mollusca,Mollusca
tritia_mutabilis,tritia_nitida,29,6.53,4.44,10.92,6.868460096066901e-27,1.3595774517307411e-24,19,27,20,1.0,Tritia,Tritia,Mollusca,Mollusca
chromodoris_magnifica,nembrotha_cristata,13,1.55,8.38,10.92,7.685357779971038e-26,1.4009239836768724e-23,9,12,13,0.0,Chromodoris,Nembrotha,Mollusca,Mollusca
lutraria_lutraria,solen_marginatus,13,1.5,8.64,10.89,1.0937501595741894e-25,1.9843211556470065e-23,13,13,12,0.0,Lutraria,Solen,Mollusca,Mollusca
gnathophyllum_elegans,pagellus_erythrinus,37,9.93,3.73,10.88,6.368432401100259e-27,1.264946355752335e-24,11,35,9,0.973,Gnathophyllum,Pagellus,Malacostraca,Actinopterygii
bulla_striata,papillicardium_papillosum,34,9.04,3.76,10.88,7.521003155327951e-27,1.4836466566890432e-24,19,32,8,1.0,Bulla,Papillicardium,Mollusca,Mollusca
chamelea_striatula,venerupis_corrugata,31,7.29,4.26,10.86,1.0941901930389484e-26,2.1150182382358894e-24,25,29,21,0.0,Chamelea,Venerupis,Mollusca,Mollusca
steromphala_rarilineata,steromphala_varia,20,3.56,5.62,10.82,4.863335148754708e-26,8.978776642261819e-24,14,18,14,1.0,Steromphala,Steromphala,Mollusca,Mollusca
tritia_corniculum,tritia_incrassata,48,15.42,3.11,10.8,9.816198157240281e-27,1.9102454265316033e-24,9,47,11,0.958,Tritia,Tritia,Mollusca,Mollusca
chamelea_gallina,mactra_corallina,39,10.62,3.67,10.79,1.4637411655214973e-26,2.805804280078845e-24,28,38,29,1.0,Chamelea,Mactra,Mollusca,Mollusca
chamelea_gallina,venus_verrucosa,36,9.76,3.69,10.79,1.6770278756781612e-26,3.1933937089194523e-24,15,36,15,1.0,Chamelea,Venus,Mollusca,Mollusca
galathea_squamifera,xantho_hydrophilus,16,2.44,6.55,10.79,1.4028127949407047e-25,2.533066539629294e-23,15,16,10,0.312,Galathea,Xantho,Malacostraca,Malacostraca
asparagus_acutifolius,rhamnus_alaternus,25,4.87,5.14,10.78,3.6441354585041995e-26,6.804197428873869e-24,19,24,18,1.0,Asparagus,Rhamnus,Plantae,Plantae
phorbas_topsenti,vermetus_triquetrus,28,7.11,3.94,10.77,3.963522855005505e-26,7.3647368869041e-24,10,28,5,1.0,Phorbas,Vermetus,Porifera,Mollusca
bittium_reticulatum,irus_irus,28,8.96,3.13,10.76,5.313971777619275e-26,9.763808686903524e-24,14,26,6,1.0,Bittium,Irus,Mollusca,Mollusca
alvania_cancellata,cyrillia_linearis,10,1.01,9.91,10.74,1.206757817007187e-07,1.7141568070393715e-06,5,10,8,0.5,Alvania,Cyrillia,Mollusca,Mollusca
bulla_striata,cardites_antiquatus,32,9.61,3.33,10.73,4.858400138865713e-26,8.978776642261819e-24,21,32,19,1.0,Bulla,Cardites,Mollusca,Mollusca
conus_ventricosus,modiolus_barbatus,21,4.26,4.93,10.73,1.1194089196855866e-25,2.027679012318527e-23,7,21,6,1.0,Conus,Modiolus,Mollusca,Mollusca
ficus_carica,sonchus_oleraceus,14,1.65,8.5,10.73,3.56555470165755e-25,6.140002449174237e-23,10,13,6,0.071,Ficus,Sonchus,Plantae,Plantae
chromodoris_annae,hypselodoris_decorata,7,0.52,13.46,10.73,1.296347376333884e-06,1.4082451970124353e-05,6,6,7,0.0,Chromodoris,Hypselodoris,Mollusca,Mollusca
cardites_antiquatus,spisula_subtruncata,16,2.3,6.96,10.72,2.5215003064176715e-25,4.4281542881180096e-23,8,14,8,1.0,Cardites,Spisula,Mollusca,Mollusca
pseudodistoma_crucigaster,pycnoclavella_aurilucens,39,11.73,3.32,10.71,3.657706673185026e-26,6.80747075246539e-24,4,39,7,1.0,Pseudodistoma,Pycnoclavella,Animalia,Animalia
conus_ventricosus,tritia_mutabilis,19,4.02,4.72,10.7,2.2772761023253974e-25,4.0114880136436556e-23,10,19,11,1.0,Conus,Tritia,Mollusca,Mollusca
halcampoides_purpureus,sicyonia_carinata,18,2.64,6.82,10.67,2.7770669033111017e-25,4.854768065691232e-23,12,14,5,1.0,Halcampoides,Sicyonia,Cnidaria,Malacostraca
okenia_nodosa,trivia_monacha,15,2.06,7.3,10.67,5.245751256523498e-25,8.939815499356997e-23,11,14,12,0.0,Okenia,Trivia,Mollusca,Mollusca
penaeus_kerathurus,spicara_maena,7,0.4,17.34,10.67,2.435858651450573e-07,3.198685285326705e-06,4,6,5,1.0,Penaeus,Spicara,Malacostraca,Actinopterygii
condylactis_aurantiaca,serranus_hepatus,7,0.51,13.72,10.67,1.14445922216877e-06,1.2631373848508428e-05,7,7,7,1.0,Condylactis,Serranus,Cnidaria,Actinopterygii
bufo_spinosus,pelophylax_perezi,7,0.51,13.72,10.67,1.14445922216877e-06,1.2631373848508428e-05,7,7,7,0.286,Bufo,Pelophylax,Amphibia,Amphibia
donax_vittatus,mactra_stultorum,11,1.06,10.4,10.65,1.7747698866088513e-08,3.0927331722415084e-07,9,10,9,0.182,Donax,Mactra,Mollusca,Mollusca
cochlicella_barbara,trochoidea_elegans,7,0.51,13.83,10.65,1.0864390184162076e-06,1.2066144864322836e-05,7,7,7,1.0,Cochlicella,Trochoidea,Mollusca,Mollusca
conus_ventricosus,limaria_tuberculata,21,3.84,5.47,10.61,3.332269377660673e-25,5.764125546306609e-23,7,21,6,1.0,Conus,Limaria,Mollusca,Mollusca
petrosedum_sediforme,phlomis_purpurea,7,0.5,14.0,10.61,1.0023796028768572e-06,1.1244220036010269e-05,7,7,6,0.143,Petrosedum,Phlomis,Plantae,Plantae
drusia_valenciennii,ferussacia_folliculum,7,0.5,14.0,10.61,1.0023796028768572e-06,1.1244220036010269e-05,5,7,6,1.0,Drusia,Ferussacia,Mollusca,Mollusca
ctena_decussata,gouldia_minima,37,12.26,3.02,10.6,1.4609487222748603e-25,2.633914500797387e-23,17,37,6,1.0,Ctena,Gouldia,Mollusca,Mollusca
bittium_reticulatum,clanculus_cruciatus,23,4.6,5.0,10.59,3.301258546853495e-25,5.719070520777594e-23,10,23,9,1.0,Bittium,Clanculus,Mollusca,Mollusca
calliostoma_conulus,gnathophyllum_elegans,37,11.89,3.11,10.57,1.9309648801396451e-25,3.4489128380094216e-23,5,34,7,1.0,Calliostoma,Gnathophyllum,Mollusca,Malacostraca
elysia_viridis,hermaea_bifida,25,6.48,3.86,10.57,4.22820726905343e-25,7.227097777804619e-23,6,23,5,0.92,Elysia,Hermaea,Mollusca,Mollusca
chthamalus_stellatus,echinolittorina_punctata,29,7.68,3.78,10.55,3.3458010019775323e-25,5.778855451751419e-23,15,26,14,0.966,Chthamalus,Echinolittorina,Crustacea,Mollusca
berthellina_edwardsii,gnathophyllum_elegans,32,8.84,3.62,10.51,3.9957820428724185e-25,6.839971388812394e-23,13,29,6,1.0,Berthellina,Gnathophyllum,Mollusca,Malacostraca
muraena_augusti,pomadasys_incisus,23,4.45,5.17,10.5,8.708017681348434e-25,1.4602597801485663e-22,11,22,13,0.0,Muraena,Pomadasys,Actinopterygii,Actinopterygii
antipathella_wollastoni,antipathozoanthus_macaronesicus,21,3.66,5.74,10.5,1.007392787302643e-24,1.6771051830695619e-22,6,21,7,0.0,Antipathella,Antipathozoanthus,Cnidaria,Cnidaria
clibanarius_aequabilis,pusia_zebrina,19,3.56,5.34,10.5,1.4298622405878988e-24,2.3532264223526897e-22,12,19,12,0.0,Clibanarius,Pusia,Malacostraca,Mollusca
phlomis_purpurea,rhamnus_alaternus,9,0.81,11.05,10.5,2.0990099536266627e-07,2.803319530461466e-06,8,8,8,0.222,Phlomis,Rhamnus,Plantae,Plantae
epitonium_clathrus,papillicardium_papillosum,13,3.02,4.31,10.5,1.724637413769159e-05,0.0001343193135585872,11,13,7,1.0,Epitonium,Papillicardium,Mollusca,Mollusca
mactra_corallina,neverita_josephinia,41,13.59,3.02,10.48,3.9924781807788027e-25,6.839971388812394e-23,30,39,31,1.0,Mactra,Neverita,Mollusca,Mollusca
aequipecten_opercularis,donax_semistriatus,16,3.1,5.17,10.48,3.765261706455685e-24,6.02462791153501e-22,9,12,10,1.0,Aequipecten,Donax,Mollusca,Mollusca
ophidion_rochei,uranoscopus_scaber,10,1.11,9.03,10.48,2.810088269855626e-07,3.6341873489048897e-06,7,8,7,1.0,Ophidion,Uranoscopus,Actinopterygii,Actinopterygii
pseudanthias_squamipinnis,taeniura_lymma,15,2.12,7.07,10.46,4.21289194711187e-24,6.712890786653884e-22,11,15,7,0.0,Pseudanthias,Taeniura,Actinopterygii,Elasmobranchii
bosemprella_incarnata,ensis_minor,28,6.94,4.04,10.45,9.715316409595706e-25,1.6213044771227186e-22,19,26,19,1.0,Bosemprella,Ensis,Mollusca,Mollusca
mactra_stultorum,spondylus_gaederopus,14,2.06,6.8,10.45,6.521140062842894e-24,1.0221243806799356e-21,13,14,13,1.0,Mactra,Spondylus,Mollusca,Mollusca
pagurus_prideaux,pomatoschistus_pictus,15,2.15,6.99,10.44,5.592717312248091e-24,8.838181141841277e-22,12,14,9,0.133,Pagurus,Pomatoschistus,Malacostraca,Actinopterygii
chromodoris_alcalai,chromodoris_magnifica,10,1.02,9.8,10.44,1.3339956828062327e-07,1.875309806491876e-06,8,10,10,0.0,Chromodoris,Chromodoris,Mollusca,Mollusca
lissoclinum_perforatum,ophidiaster_ophidianus,5,0.23,21.99,10.43,4.192698839444731e-06,3.951371704019885e-05,5,5,5,1.0,Lissoclinum,Ophidiaster,Animalia,Echinodermata
columbella_rustica,pisania_striata,35,10.87,3.22,10.42,9.283678974928453e-25,1.5522742418398513e-22,27,35,27,1.0,Columbella,Pisania,Mollusca,Mollusca
caloria_quatrefagesi,diaphorodoris_alba,22,4.9,4.49,10.42,2.3133915305453813e-24,3.774956910551701e-22,11,20,16,1.0,Caloria,Diaphorodoris,Mollusca,Mollusca
gladiolus_italicus,urospermum_dalechampii,13,1.5,8.65,10.41,1.1176910045572654e-23,1.705463238265102e-21,11,12,11,1.0,Gladiolus,Urospermum,Plantae,Plantae
crimora_papillata,facelina_auriculata,6,0.33,17.98,10.41,1.4443336243674665e-06,1.545972413468639e-05,4,5,5,1.0,Crimora,Facelina,Mollusca,Mollusca
amphorina_farrani,felimida_binza,9,1.24,7.24,10.4,6.418380701367354e-06,5.732406623151599e-05,5,8,6,1.0,Amphorina,Felimida,Mollusca,Mollusca
glycymeris_nummaria,spisula_subtruncata,34,9.52,3.57,10.39,1.1983724026685136e-24,1.9750685876541263e-22,23,33,26,1.0,Glycymeris,Spisula,Mollusca,Mollusca
canthigaster_capistrata,stenorhynchus_lanceolatus,23,5.69,4.04,10.39,3.0674776470972727e-24,4.963282231126323e-22,13,20,7,0.0,Canthigaster,Stenorhynchus,Actinopterygii,Malacostraca
mimachlamys_varia,tritia_mutabilis,18,3.66,4.92,10.39,5.6928994186320955e-24,8.984175131836876e-22,14,18,13,1.0,Mimachlamys,Tritia,Mollusca,Mollusca
myosotella_myosotis,truncatella_subcylindrica,10,1.0,10.0,10.39,1.1142547839959605e-07,1.5962025383669562e-06,8,9,8,1.0,Myosotella,Truncatella,Mollusca,Mollusca
palinurus_elephas,simnia_spelta,20,4.12,4.85,10.37,5.1059958211940934e-24,8.08009811242918e-22,6,18,7,1.0,Palinurus,Simnia,Malacostraca,Mollusca
petrosedum_sediforme,quercus_rotundifolia,14,1.87,7.51,10.36,1.4374426069001184e-23,2.164694615494395e-21,11,13,10,0.643,Petrosedum,Quercus,Plantae,Plantae
laurus_nobilis,sambucus_nigra,6,0.34,17.71,10.36,1.5736634080276701e-06,1.668283051977728e-05,6,6,6,0.833,Laurus,Sambucus,Plantae,Plantae
carcinus_aestuarii,syngnathus_abaster,23,5.77,3.99,10.35,4.692392406107624e-24,7.45630861728583e-22,6,19,8,1.0,Carcinus,Syngnathus,Malacostraca,Actinopterygii
donacilla_cornea,mactra_stultorum,8,1.56,5.11,10.34,0.00022471989422723215,0.0011983812754966464,7,8,6,1.0,Donacilla,Mactra,Mollusca,Mollusca
archidoris_pseudoargus,pawsonia_saxicola,24,5.69,4.22,10.33,4.90832215417988e-24,7.777968988310026e-22,14,23,14,0.0,Archidoris,Pawsonia,Mollusca,Echinodermata
trivia_arctica,trivia_monacha,19,3.23,5.89,10.33,7.547341186421181e-24,1.1749782351898185e-21,15,18,16,0.105,Trivia,Trivia,Mollusca,Mollusca
lysmata_seticaudata,simnia_spelta,17,2.93,5.8,10.32,1.1827680311488772e-23,1.7999948251053533e-21,5,16,6,1.0,Lysmata,Simnia,Malacostraca,Mollusca
hirschfeldia_incana,phoenix_canariensis,6,0.35,17.29,10.32,1.8007078546045108e-06,1.8748192289368104e-05,6,6,5,0.0,Hirschfeldia,Phoenix,Plantae,Plantae
dactylopterus_volitans,pinnoctopus_macropus,35,9.98,3.51,10.28,3.569584894320506e-24,5.743442153146642e-22,9,34,13,1.0,Dactylopterus,Pinnoctopus,Actinopterygii,Mollusca
melarhaphe_neritoides,patella_rustica,29,7.46,3.89,10.28,4.8170534029228266e-24,7.643854273144921e-22,21,29,26,1.0,Melarhaphe,Patella,Mollusca,Mollusca
anemonia_sargassensis,chthamalus_stellatus,9,0.79,11.38,10.28,1.6464098195889676e-07,2.2623848450105817e-06,6,9,6,0.0,Anemonia,Chthamalus,Cnidaria,Crustacea
felimare_villafranca,marionia_blainvillea,30,9.03,3.32,10.27,5.94540377328516e-24,9.369826214740677e-22,10,28,10,1.0,Felimare,Marionia,Mollusca,Mollusca
bittium_reticulatum,clanculus_jussieui,41,12.41,3.3,10.26,3.3125068946061144e-24,5.344734513812365e-22,13,38,13,1.0,Bittium,Clanculus,Mollusca,Mollusca
glycymeris_nummaria,mactra_corallina,29,7.64,3.79,10.26,6.330918433493783e-24,9.936609362564276e-22,24,28,25,1.0,Glycymeris,Mactra,Mollusca,Mollusca
barbatia_barbata,chamelea_gallina,26,6.67,3.9,10.26,8.10972143894344e-24,1.2540568438282415e-21,23,26,19,1.0,Barbatia,Chamelea,Mollusca,Mollusca
trochoidea_elegans,xerotricha_conspurcata,16,2.53,6.32,10.25,2.758467161790665e-23,4.053398608506783e-21,13,16,14,1.0,Trochoidea,Xerotricha,Mollusca,Mollusca
raja_undulata,scyllarus_arctus,6,0.36,16.76,10.23,2.1542893841042243e-06,2.1970852886538868e-05,4,6,6,1.0,Raja,Scyllarus,Elasmobranchii,Malacostraca
ocenebra_edwardsii,steromphala_rarilineata,9,1.31,6.85,10.23,9.940482817438756e-06,8.376121873173014e-05,8,8,9,1.0,Ocenebra,Steromphala,Mollusca,Mollusca
alicia_mirabilis,platydoris_argo,11,2.64,4.16,10.23,9.968498917012347e-05,0.0006025557213051526,8,10,7,1.0,Alicia,Platydoris,Cnidaria,Mollusca
pterois_miles,siganus_rivulatus,9,0.93,9.67,10.22,6.270092253179982e-07,7.4268939742478575e-06,8,9,8,0.889,Pterois,Siganus,Actinopterygii,Actinopterygii
chamelea_gallina,ensis_minor,34,9.19,3.7,10.21,6.952916363046767e-24,1.0839022688612176e-21,26,32,24,0.971,Chamelea,Ensis,Mollusca,Mollusca
donax_trunculus,glycymeris_glycymeris,22,4.65,4.73,10.21,1.8009080334904334e-23,2.6834890801653537e-21,9,21,11,1.0,Donax,Glycymeris,Mollusca,Mollusca
lutraria_lutraria,mactra_stultorum,20,3.99,5.02,10.21,2.211488368149116e-23,3.2705045695025766e-21,18,20,20,0.25,Lutraria,Mactra,Mollusca,Mollusca
eunicella_verrucosa,pomatoschistus_pictus,14,1.82,7.7,10.2,6.682815209699816e-23,9.411822046677966e-21,8,10,8,0.0,Eunicella,Pomatoschistus,Cnidaria,Actinopterygii
heteropriacanthus_fulgens,parapristipoma_octolineatum,10,1.16,8.64,10.2,4.1754693080875427e-07,5.160720589731973e-06,8,9,9,0.0,Heteropriacanthus,Parapristipoma,Actinopterygii,Actinopterygii
antiopella_cristata,tylodina_perversa,30,9.31,3.22,10.19,1.3992081211028482e-23,2.109873984077651e-21,7,29,8,1.0,Antiopella,Tylodina,Mollusca,Mollusca
diaphorodoris_papillata,simnia_spelta,31,10.02,3.09,10.18,1.4584826547984383e-23,2.1935122162323665e-21,12,28,13,1.0,Diaphorodoris,Simnia,Mollusca,Mollusca
conus_ventricosus,talochlamys_multistriata,6,0.36,16.67,10.18,2.2228528262502323e-06,2.2602077404707127e-05,6,6,5,1.0,Conus,Talochlamys,Mollusca,Mollusca
dosinia_lupinus,moerella_pulchella,27,6.71,4.02,10.16,1.878343568720139e-23,2.788565624881893e-21,15,25,11,1.0,Dosinia,Moerella,Mollusca,Mollusca
felimare_orsinii,felimare_tricolor,35,10.79,3.25,10.15,1.3411788824788984e-23,2.0303439155991985e-21,17,34,13,1.0,Felimare,Felimare,Mollusca,Mollusca
ruditapes_philippinarum,tritia_neritea,21,5.95,3.53,10.15,4.7836656582671037e-23,6.837436954032301e-21,7,18,6,1.0,Ruditapes,Tritia,Mollusca,Mollusca
calendula_arvensis,pistacia_lentiscus,7,0.46,15.21,10.15,5.817540612573779e-07,6.940084381598319e-06,6,7,6,1.0,Calendula,Pistacia,Plantae,Plantae
ficus_carica,hedera_helix,6,0.34,17.52,10.15,1.6722265944180137e-06,1.7573922814828217e-05,5,5,6,0.333,Ficus,Hedera,Plantae,Plantae
graphosoma_semipunctatum,lagurus_ovatus,6,0.38,15.79,10.13,3.022754660575444e-06,2.953132869037767e-05,6,6,6,1.0,Graphosoma,Lagurus,Insecta,Plantae
gnathophyllum_elegans,porcellana_platycheles,24,5.02,4.78,10.12,3.3710833989491763e-23,4.909763487895587e-21,11,24,6,0.958,Gnathophyllum,Porcellana,Malacostraca,Malacostraca
calyptraea_chinensis,gibbula_magus,20,3.92,5.11,10.12,5.227955268291604e-23,7.444763395899456e-21,10,18,13,0.75,Calyptraea,Gibbula,Mollusca,Mollusca
hermodice_carunculata,petrosia_ficiformis,10,1.16,8.62,10.12,4.25948107785068e-07,5.252862922794852e-06,7,10,7,0.9,Hermodice,Petrosia,Annelida,Porifera
bituminaria_bituminosa,rhamnus_alaternus,26,6.34,4.1,10.1,3.612554797559762e-23,5.248181121034992e-21,22,25,19,0.962,Bituminaria,Rhamnus,Plantae,Plantae
limacia_clavigera,luisella_babai,9,0.96,9.35,10.1,8.279419521084463e-07,9.472859732913045e-06,4,9,5,0.0,Limacia,Luisella,Mollusca,Mollusca
pachycerianthus_solitarius,pagellus_acarne,34,10.7,3.18,10.08,3.0352859318479096e-23,4.4431649363736545e-21,16,29,15,1.0,Pachycerianthus,Pagellus,Cnidaria,Actinopterygii
iberus_splendidus,monacha_cartusiana,14,1.93,7.24,10.08,2.265955253629283e-22,3.017885653631305e-20,13,14,10,1.0,Iberus,Monacha,Mollusca,Mollusca
papillicardium_papillosum,spisula_subtruncata,32,8.1,3.95,10.07,3.12257193102831e-23,4.5651367606876326e-21,20,31,11,1.0,Papillicardium,Spisula,Mollusca,Mollusca
luisella_babai,trinchesia_morrowae,22,5.58,3.95,10.07,7.830073850713513e-23,1.0947279464776693e-20,12,20,10,1.0,Luisella,Trinchesia,Mollusca,Mollusca
chromodoris_annae,chromodoris_strigata,6,0.53,11.39,10.06,1.8905886907338854e-05,0.00014542523838372606,6,6,6,0.0,Chromodoris,Chromodoris,Mollusca,Mollusca
gnathophyllum_elegans,lepadogaster_lepadogaster,35,10.16,3.44,10.05,3.4093383270784005e-23,4.95920975546389e-21,4,33,8,1.0,Gnathophyllum,Lepadogaster,Malacostraca,Actinopterygii
aequipecten_opercularis,callista_chione,8,0.62,12.95,10.05,3.0384713245457107e-07,3.894137840393414e-06,8,8,8,0.875,Aequipecten,Callista,Mollusca,Mollusca
porcellana_platycheles,steromphala_varia,30,8.14,3.68,10.04,4.89152113947738e-23,6.982934341417001e-21,11,28,10,1.0,Porcellana,Steromphala,Malacostraca,Mollusca
euphorbia_serrata,plantago_lagopus,9,0.95,9.49,10.04,7.315162462440128e-07,8.505611387999117e-06,7,9,6,1.0,Euphorbia,Plantago,Plantae,Plantae
donacilla_cornea,tritia_incrassata,10,1.58,6.34,10.04,6.336065331846719e-06,5.66415822526631e-05,7,10,8,1.0,Donacilla,Tritia,Mollusca,Mollusca
galathea_strigosa,pinnoctopus_macropus,14,2.16,6.48,10.03,3.6689497340424625e-22,4.786836751535989e-20,10,13,9,1.0,Galathea,Pinnoctopus,Malacostraca,Mollusca
anomia_ephippium,mactra_stultorum,29,6.78,4.27,10.02,6.06379509934655e-23,8.581983422913022e-21,19,29,16,1.0,Anomia,Mactra,Mollusca,Mollusca
berthella_plumula,trivia_monacha,25,5.36,4.66,10.02,8.232736766621378e-23,1.1468491009212205e-20,20,23,23,0.0,Berthella,Trivia,Mollusca,Mollusca
pachycerianthus_solitarius,sicyonia_carinata,22,5.28,4.16,10.02,1.270816678198107e-22,1.7325818295282213e-20,14,20,11,1.0,Pachycerianthus,Sicyonia,Cnidaria,Malacostraca
diplodus_cadenati,muraena_augusti,16,3.88,4.12,10.02,3.623318894041064e-22,4.732662470171278e-20,12,15,15,0.0,Diplodus,Muraena,Actinopterygii,Actinopterygii
dosinia_lupinus,spisula_subtruncata,33,9.39,3.52,10.01,5.482511010977441e-23,7.778413774737009e-21,27,32,20,1.0,Dosinia,Spisula,Mollusca,Mollusca
cerastoderma_glaucum,donax_semistriatus,8,0.72,11.11,10.01,9.469817506824185e-07,1.069150192136587e-05,8,8,8,1.0,Cerastoderma,Donax,Mollusca,Mollusca
pagellus_erythrinus,phycis_phycis,47,14.92,3.15,9.99,3.9706625637492826e-23,5.753914591121665e-21,13,46,15,1.0,Pagellus,Phycis,Actinopterygii,Actinopterygii
striarca_lactea,tritia_corniculum,36,11.66,3.09,9.99,6.43630595876742e-23,9.08686509404218e-21,5,33,8,1.0,Striacta,Tritia,Mollusca,Mollusca
amphorina_farrani,facelina_rubrovittata,22,6.2,3.55,9.99,1.8901497383933396e-22,2.5497987173520643e-20,7,21,7,1.0,Amphorina,Facelina,Mollusca,Mollusca
myiopsitta_monachus,passer_montanus,20,4.7,4.26,9.97,2.541050219275649e-22,3.3686898672201597e-20,9,19,10,1.0,Myiopsitta,Passer,Aves,Aves
donax_semistriatus,moerella_pulchella,23,5.16,4.46,9.96,1.8270303661097878e-22,2.4733396744690013e-20,11,19,12,1.0,Donax,Moerella,Mollusca,Mollusca
cernuella_virgata,trochoidea_elegans,12,1.54,7.77,9.96,1.25285962005398e-21,1.5570058216688104e-19,10,12,9,1.0,Cernuella,Trochoidea,Mollusca,Mollusca
didemnum_coccineum,didemnum_coriaceum,5,0.8,6.23,9.95,0.001430338523714214,0.005568998190470881,4,5,5,1.0,Didemnum,Didemnum,Animalia,Animalia
moerella_donacina,papillicardium_papillosum,41,13.66,3.0,9.93,9.271192802880955e-23,1.2822086741276001e-20,15,40,5,1.0,Moerella,Papillicardium,Mollusca,Mollusca
coryphellina_flamma,hypselodoris_decorata,9,0.84,10.67,9.93,2.803383595262332e-07,3.627552552045397e-06,6,9,8,0.0,Coryphellina,Hypselodoris,Mollusca,Mollusca
mactra_corallina,peronaea_planata,33,9.13,3.62,9.92,1.3862424211146613e-22,1.887714797660679e-20,26,31,28,1.0,Mactra,Peronaea,Mollusca,Mollusca
patella_pellucida,trivia_monacha,42,11.78,3.57,9.91,9.271204346622434e-23,1.2822086741276001e-20,33,41,30,0.0,Patella,Trivia,Mollusca,Mollusca
cliona_rhodensis,rocellaria_dubia,45,14.23,3.16,9.91,9.425207652875549e-23,1.301944391417116e-20,10,43,10,1.0,Cliona,Rocellaria,Porifera,Mollusca
calyptraea_chinensis,epitonium_clathrus,17,3.81,4.47,9.9,8.303852417587193e-22,1.0523029993338877e-19,11,17,9,1.0,Calyptraea,Epitonium,Mollusca,Mollusca
cerastoderma_edule,loripes_orbiculatus,8,0.79,10.19,9.9,1.7886176275627719e-06,1.8634102474746026e-05,4,8,7,1.0,Cerastoderma,Loripes,Mollusca,Mollusca
galathea_strigosa,scyllarus_arctus,30,7.91,3.79,9.89,2.0801302434607406e-22,2.786503774042455e-20,13,30,14,0.967,Galathea,Scyllarus,Malacostraca,Malacostraca
chamelea_gallina,donax_venustus,16,2.72,5.89,9.89,9.194263566582499e-22,1.1563492793936354e-19,14,16,9,1.0,Chamelea,Donax,Mollusca,Mollusca
steromphala_varia,xantho_poressa,42,13.72,3.06,9.88,1.4729835183812625e-22,2.0034662721557846e-20,18,40,16,1.0,Steromphala,Xantho,Mollusca,Malacostraca
conus_ventricosus,ruditapes_decussatus,8,1.1,7.29,9.88,1.9778648553625544e-05,0.00015122980208215816,7,8,8,1.0,Conus,Ruditapes,Mollusca,Mollusca
ophisurus_serpens,periclimenes_aegylios,42,13.55,3.1,9.87,1.4978274994617935e-22,2.0324584128150346e-20,4,42,7,1.0,Ophisurus,Periclimenes,Actinopterygii,Malacostraca
donax_semistriatus,turritellinella_tricarinata,21,4.27,4.92,9.87,5.3279248745638495e-22,6.881146381718092e-20,16,21,14,1.0,Donax,Turritellinella,Mollusca,Mollusca
donax_semistriatus,ensis_minor,28,7.26,3.86,9.83,4.403752285942803e-22,5.719615313976941e-20,24,27,24,1.0,Donax,Ensis,Mollusca,Mollusca
bolinus_brandaris,turritellinella_tricarinata,9,0.92,9.73,9.83,5.961955970024135e-07,7.096199768268008e-06,7,9,9,1.0,Bolinus,Turritellinella,Mollusca,Mollusca
bosellia_mimetica,gnathophyllum_elegans,18,5.87,3.07,9.82,2.38712408647568e-21,2.9224893013639133e-19,6,15,5,1.0,Bosellia,Gnathophyllum,Mollusca,Malacostraca
acanthocardia_tuberculata,cymodocea_nodosa,32,9.66,3.31,9.8,4.952103571941959e-22,6.410136403393274e-20,18,22,23,1.0,Acanthocardia,Cymodocea,Mollusca,Plantae
achelous_hastatus,ariosoma_balearicum,29,9.1,3.19,9.8,6.4910066128994585e-22,8.299555225665585e-20,19,27,21,0.69,Achelous,Ariosoma,Malacostraca,Actinopterygii
aegithalos_caudatus,spinus_spinus,8,0.71,11.22,9.8,8.84208593010527e-07,1.0053727472284322e-05,8,8,8,0.25,Aegithalos,Spinus,Aves,Aves
cardites_antiquatus,donax_trunculus,16,2.53,6.33,9.78,2.3060907072126436e-21,2.8292957809768413e-19,11,15,11,1.0,Cardites,Donax,Mollusca,Mollusca
aequipecten_opercularis,mactra_corallina,14,2.12,6.62,9.78,3.531411276502735e-21,4.2511254409427496e-19,9,11,10,0.929,Aequipecten,Mactra,Mollusca,Mollusca
conus_ventricosus,tricolia_speciosa,11,1.54,7.15,9.75,7.018704919481422e-07,8.198143379741841e-06,7,11,6,1.0,Conus,Tricolia,Mollusca,Mollusca
abudefduf_saxatilis,scartella_cristata,6,0.62,9.6,9.74,4.859953912783599e-05,0.00032793658441300396,6,6,6,0.0,Abudefduf,Scartella,Actinopterygii,Actinopterygii
peronaea_planata,tritia_mutabilis,26,5.76,4.51,9.73,1.124298707452388e-21,1.4017717347764602e-19,20,24,19,1.0,Peronaea,Tritia,Mollusca,Mollusca
pomadasys_incisus,pseudocaranx_dentex,20,3.79,5.28,9.73,1.9919205106020273e-21,2.451679599395256e-19,12,19,10,0.0,Pomadasys,Pseudocaranx,Actinopterygii,Actinopterygii
loligo_vulgaris,pinnoctopus_macropus,30,7.65,3.92,9.72,9.868925987541954e-22,1.2344622686957473e-19,14,28,19,1.0,Loligo,Pinnoctopus,Mollusca,Mollusca
peronidia_albicans,turritellinella_tricarinata,14,1.99,7.02,9.72,6.365372986717857e-21,7.4828207098147345e-19,12,14,11,0.929,Peronidia,Turritellinella,Mollusca,Mollusca
mactra_corallina,spisula_subtruncata,31,9.02,3.44,9.71,1.1632908479509341e-21,1.44725441519805e-19,24,28,23,1.0,Mactra,Spisula,Mollusca,Mollusca
bulla_striata,limaria_tuberculata,33,9.38,3.52,9.7,1.0997768770815457e-21,1.3726835898949337e-19,13,32,15,0.97,Bulla,Limaria,Mollusca,Mollusca
galeodea_echinophora,peronaea_planata,5,0.28,18.0,9.7,1.094240400267843e-05,9.084813424074415e-05,5,5,5,1.0,Galeodea,Peronaea,Mollusca,Mollusca
chthamalus_stellatus,melarhaphe_neritoides,21,4.17,5.04,9.68,2.822836360991112e-21,3.4412914299642336e-19,17,20,15,0.714,Chthamalus,Melarhaphe,Crustacea,Mollusca
aplus_dorbignyi,cardita_calyculata,18,4.6,3.91,9.68,5.787902962554165e-21,6.824867685753225e-19,9,17,7,1.0,Aplus,Cardita,Mollusca,Mollusca
necora_puber,symphodus_melops,12,1.68,7.16,9.68,1.6505647359153157e-20,1.8864251967895638e-18,10,12,9,0.667,Necora,Symphodus,Malacostraca,Actinopterygii
clibanarius_aequabilis,mitrella_ocellata,11,1.54,7.15,9.68,7.044788635779398e-07,8.226942017195435e-06,10,11,11,0.0,Clibanarius,Mitrella,Malacostraca,Mollusca
ebenomitra_tricolor,rissoa_variabilis,23,6.95,3.31,9.67,3.763197821815529e-21,4.511294920545643e-19,11,22,6,1.0,Ebenomitra,Rissoa,Mollusca,Mollusca
clanculus_cruciatus,tritia_corrugata,19,4.73,4.02,9.65,6.3785692381455265e-21,7.490690015405885e-19,14,18,11,1.0,Clanculus,Tritia,Mollusca,Mollusca
chamelea_gallina,mimachlamys_varia,34,10.34,3.29,9.64,1.9385511476755404e-21,2.3885438119445237e-19,25,33,19,0.971,Chamelea,Mimachlamys,Mollusca,Mollusca
neverita_josephinia,turritellinella_tricarinata,22,4.93,4.46,9.64,4.1349663069042044e-21,4.941542099798672e-19,11,21,15,1.0,Neverita,Turritellinella,Mollusca,Mollusca
diplodus_vulgaris,electra_posidoniae,12,1.66,7.23,9.64,2.1889993774487514e-20,2.4845466431488274e-18,8,12,6,1.0,Diplodus,Electra,Actinopterygii,Bryozoa
ocenebra_erinaceus,tritia_nitida,18,4.36,4.13,9.62,9.16717763843833e-21,1.066763164301666e-18,15,18,17,1.0,Ocenebra,Tritia,Mollusca,Mollusca
chamelea_gallina,peronaea_planata,28,6.96,4.02,9.6,3.502320386997367e-21,4.220515877234777e-19,21,28,21,1.0,Chamelea,Peronaea,Mollusca,Mollusca
polititapes_aureus,tritia_incrassata,25,6.17,4.05,9.6,4.4052382269852476e-21,5.248201289571959e-19,16,25,10,1.0,Polititapes,Tritia,Mollusca,Mollusca
coris_melanura,symphodus_melops,6,0.61,9.91,9.59,4.08709506802829e-05,0.0002824025071775512,6,6,5,0.167,Coris,Symphodus,Actinopterygii,Actinopterygii
atherina_presbyter,pomatoschistus_flavescens,6,0.61,9.91,9.59,4.08709506802829e-05,0.0002824025071775512,4,6,5,0.0,Atherina,Pomatoschistus,Actinopterygii,Actinopterygii
cardita_calyculata,epitonium_clathrus,9,2.49,3.62,9.59,0.0010953959278655612,0.004476710506716241,8,9,7,0.889,Cardita,Epitonium,Mollusca,Mollusca
astropecten_platyacanthus,scyllarus_arctus,28,8.18,3.42,9.57,5.1242308857591875e-21,6.060902412351144e-19,8,28,11,1.0,Astropecten,Scyllarus,Echinodermata,Malacostraca
felimida_binza,platydoris_argo,6,0.6,9.95,9.57,4.0046050104547426e-05,0.000277553462821171,5,6,6,1.0,Felimida,Platydoris,Mollusca,Mollusca
donax_trunculus,mactra_corallina,41,13.63,3.01,9.56,3.0352144625354494e-21,3.680724704651936e-19,28,40,26,1.0,Donax,Mactra,Mollusca,Mollusca
pagurus_prideaux,synodus_saurus,15,3.38,4.44,9.56,2.800978774796116e-20,3.142005440814136e-18,6,14,7,1.0,Pagurus,Synodus,Malacostraca,Actinopterygii
clanculus_cruciatus,ctena_decussata,21,5.57,3.77,9.55,1.2527177668558002e-20,1.443180976128556e-18,17,20,11,1.0,Clanculus,Ctena,Mollusca,Mollusca
spisula_subtruncata,turritellinella_tricarinata,29,7.37,3.93,9.53,6.693639355993828e-21,7.844700186855677e-19,21,28,24,0.931,Spisula,Turritellinella,Mollusca,Mollusca
isara_cornea,pinnoctopus_macropus,6,0.4,15.1,9.53,3.89323657734586e-06,3.7015468074321406e-05,5,6,5,0.667,Isara,Pinnoctopus,Mollusca,Mollusca
sonchus_oleraceus,taraxacum_officinale,12,1.83,6.57,9.51,7.471846766297125e-20,8.014773136540913e-18,10,11,9,0.083,Sonchus,Taraxacum,Plantae,Plantae
obelia_geniculata,patella_pellucida,11,1.51,7.29,9.51,5.867904772083321e-07,6.9950962475484985e-06,10,11,8,0.0,Obelia,Patella,Cnidaria,Mollusca
haloa_japonica,tritia_neritea,26,7.15,3.64,9.49,1.2217943286934012e-20,1.410376691811569e-18,7,21,5,1.0,Haloa,Tritia,Mollusca,Mollusca
barbatia_barbata,donacilla_cornea,10,2.48,4.04,9.49,0.00025666644286670426,0.0013396004568484482,9,10,9,1.0,Barbatia,Donacilla,Mollusca,Mollusca
diplodus_cadenati,thalassoma_pavo,12,1.69,7.11,9.48,9.666306699970413e-20,1.0263568636528952e-17,8,10,7,0.0,Diplodus,Thalassoma,Actinopterygii,Actinopterygii
alopochen_aegyptiaca,ardea_cinerea,5,0.27,18.23,9.48,1.029289646303777e-05,8.62450246656341e-05,5,5,5,0.2,Alopochen,Ardea,Aves,Aves
cardita_calyculata,chamelea_gallina,7,1.65,4.25,9.46,0.0015625061272491747,0.005981688628040206,6,7,6,1.0,Cardita,Chamelea,Mollusca,Mollusca
thuridilla_hopei,trinchesia_morrowae,36,11.32,3.18,9.44,1.1543485180117484e-20,1.3351964525002557e-18,15,35,18,1.0,Thuridilla,Trinchesia,Mollusca,Mollusca
coccinella_septempunctata,episyrphus_balteatus,17,3.99,4.26,9.44,5.3921919613191275e-20,5.9105811866014156e-18,14,16,12,0.941,Coccinella,Episyrphus,Insecta,Insecta
hirschfeldia_incana,polypogon_monspeliensis,13,1.89,6.89,9.44,9.990952163067977e-20,1.0588754857351272e-17,12,13,10,0.0,Hirschfeldia,Polypogon,Plantae,Plantae
porcellana_platycheles,striarca_lactea,32,10.34,3.09,9.42,1.7145251370982896e-20,1.9556450880620926e-18,15,29,5,0.938,Porcellana,Striacta,Malacostraca,Mollusca
diaphorodoris_alba,holothuria_sanctori,12,1.45,8.3,9.42,1.4170693089884757e-19,1.4841095697518943e-17,9,10,7,1.0,Diaphorodoris,Holothuria,Mollusca,Echinodermata
gnathophyllum_elegans,planocera_ceratommata,16,3.84,4.17,9.41,9.328205392437158e-20,9.932038576990114e-18,6,16,5,1.0,Gnathophyllum,Planocera,Malacostraca,Platyhelminthes
axinella_verrucosa,trapania_maculata,5,0.3,16.56,9.41,1.6275685769007175e-05,0.0001277960811977033,4,4,5,1.0,Axinella,Trapania,Porifera,Mollusca
aglaophenia_tubiformis,phorbas_topsenti,13,2.46,5.29,9.4,1.6879783099474012e-19,1.7566563073096694e-17,9,13,6,1.0,Aglaophenia,Phorbas,Cnidaria,Porifera
bunodeopsis_strumosa,trididemnum_cereum,9,0.89,10.12,9.4,4.338034418349679e-07,5.338164036867725e-06,4,5,6,1.0,Bunodeopsis,Trididemnum,Cnidaria,Animalia
hydrolithon_farinosum,lissoclinum_weigelei,8,0.63,12.62,9.39,3.6928215108034124e-07,4.632271443059629e-06,5,8,8,1.0,Hydrolithon,Lissoclinum,Plantae,Animalia
cochlicella_acuta,ferussacia_folliculum,14,2.24,6.24,9.38,1.386448110465661e-19,1.454684591239399e-17,11,14,11,1.0,Cochlicella,Ferussacia,Mollusca,Mollusca
polycera_quadrilineata,trivia_arctica,12,1.83,6.54,9.38,2.268027810488307e-19,2.3184194842901057e-17,8,11,7,0.083,Polycera,Trivia,Mollusca,Mollusca
barbatia_barbata,callista_chione,28,8.0,3.5,9.37,3.369729396131048e-20,3.761689005347687e-18,22,27,23,1.0,Barbatia,Callista,Mollusca,Mollusca
haliotis_tuberculata,mactra_stultorum,5,0.77,6.5,9.36,0.001187204108348272,0.004783348232297809,5,5,5,1.0,Haliotis,Mactra,Mollusca,Mollusca
chroicocephalus_ridibundus,larus_michahellis,39,12.89,3.03,9.35,2.307495644481358e-20,2.6062032179101017e-18,23,33,24,0.949,Chroicocephalus,Larus,Aves,Aves
aplidium_elegans,pomatoschistus_pictus,23,5.68,4.05,9.35,5.2208590103090533e-20,5.739158792210345e-18,9,21,6,0.043,Aplidium,Pomatoschistus,Animalia,Actinopterygii
galeodea_echinophora,neverita_josephinia,7,0.55,12.65,9.35,1.948647755156685e-06,2.0112167710542082e-05,6,7,6,1.0,Galeodea,Neverita,Mollusca,Mollusca
cardita_calyculata,conus_ventricosus,19,5.03,3.78,9.34,1.0616087418470274e-19,1.1230631174999536e-17,17,19,17,1.0,Cardita,Conus,Mollusca,Mollusca
hippolyte_varians,pomatoschistus_pictus,15,2.81,5.33,9.34,1.7409667785458135e-19,1.8101654941840424e-17,7,14,5,0.0,Hippolyte,Pomatoschistus,Malacostraca,Actinopterygii
antedon_bifida,archidoris_pseudoargus,8,0.88,9.05,9.34,4.215259780004921e-06,3.9706850997194346e-05,7,8,6,0.0,Antedon,Archidoris,Echinodermata,Mollusca
erica_arborea,erica_scoparia,6,0.57,10.55,9.34,2.9010334212431488e-05,0.0002104733637262395,6,6,6,0.833,Erica,Erica,Plantae,Plantae
gobius_roulei,pagellus_erythrinus,42,13.61,3.09,9.33,2.5063294197057135e-20,2.822474823731936e-18,15,42,7,1.0,Gobius,Pagellus,Actinopterygii,Actinopterygii
chama_gryphoides,porcellana_platycheles,40,13.08,3.06,9.33,2.6467745077479352e-20,2.9748196135667623e-18,15,39,5,1.0,Chama,Porcellana,Mollusca,Malacostraca
simnia_spelta,trinchesia_morrowae,33,10.74,3.07,9.33,3.845029611753202e-20,4.27157947340806e-18,11,30,12,1.0,Simnia,Trinchesia,Mollusca,Mollusca
irus_irus,tritia_incrassata,29,9.29,3.12,9.33,4.630286162513723e-20,5.1143574982380725e-18,15,28,10,1.0,Irus,Tritia,Mollusca,Mollusca
striarca_lactea,tritia_corrugata,27,7.28,3.71,9.33,4.6658514680649915e-20,5.1487045261202996e-18,16,23,13,1.0,Striacta,Tritia,Mollusca,Mollusca
modiolus_barbatus,striarca_lactea,30,9.34,3.21,9.32,4.907992193466578e-20,5.400385221166415e-18,19,30,13,1.0,Modiolus,Striacta,Mollusca,Mollusca
edmundsella_pedata,elysia_timida,26,6.91,3.76,9.32,5.506633405529099e-20,6.024560254991209e-18,16,26,16,1.0,Edmundsella,Elysia,Mollusca,Mollusca
steromphala_adansonii,tritia_neritea,14,2.57,5.46,9.32,2.4090349825840204e-19,2.4516825630177516e-17,9,14,6,1.0,Steromphala,Tritia,Mollusca,Mollusca
ebenomitra_ebenus,ocenebra_erinaceus,12,1.92,6.24,9.3,4.715653346867808e-19,4.66319423324085e-17,11,12,5,1.0,Ebenomitra,Ocenebra,Mollusca,Mollusca
gobius_roulei,serranus_hepatus,33,9.95,3.32,9.27,6.244816343129828e-20,6.780658077228358e-18,19,28,17,1.0,Gobius,Serranus,Actinopterygii,Actinopterygii
acanthocardia_tuberculata,solen_marginatus,18,3.66,4.92,9.27,1.8229182277225792e-19,1.8868595822691106e-17,17,18,17,0.778,Acanthocardia,Solen,Mollusca,Mollusca
alicia_mirabilis,synodus_saurus,16,2.75,5.83,9.27,2.386406025016225e-19,2.4351064632946783e-17,7,16,7,1.0,Alicia,Synodus,Cnidaria,Actinopterygii
clanculus_corallinus,conus_ventricosus,10,1.13,8.87,9.27,3.29447145008821e-07,4.184523582535415e-06,6,10,6,1.0,Clanculus,Conus,Mollusca,Mollusca
bosemprella_incarnata,peronaea_planata,30,8.56,3.51,9.26,7.838091266130809e-20,8.384210457041167e-18,21,28,20,1.0,Bosemprella,Peronaea,Mollusca,Mollusca
arca_noae,talochlamys_multistriata,12,2.01,5.96,9.26,7.002147316328067e-19,6.761738302013903e-17,10,12,8,1.0,Arca,Talochlamys,Mollusca,Mollusca
archidoris_pseudoargus,pyura_microcosmus,6,0.56,10.8,9.26,2.5426244348425442e-05,0.00018786589622344822,5,6,5,0.0,Archidoris,Pyura,Mollusca,Animalia
mitrella_ocellata,tectarius_striatus,6,0.56,10.8,9.26,2.5426244348425442e-05,0.00018786589622344822,6,6,5,0.0,Mitrella,Tectarius,Mollusca,Mollusca
ficus_carica,sambucus_nigra,6,0.56,10.8,9.26,2.5426244348425442e-05,0.00018786589622344822,3,5,6,1.0,Ficus,Sambucus,Plantae,Plantae
corvus_cornix,urtica_dioica,6,0.56,10.8,9.26,2.5426244348425442e-05,0.00018786589622344822,6,6,5,0.333,Corvus,Urtica,Aves,Plantae
anas_platyrhynchos,chroicocephalus_ridibundus,30,8.56,3.51,9.25,8.130384589452153e-20,8.688801727673894e-18,13,30,11,0.667,Anas,Chroicocephalus,Aves,Aves
pomadasys_incisus,stenorhynchus_lanceolatus,9,1.0,8.96,9.25,1.1702808481173221e-06,1.2878119670122073e-05,5,7,5,0.0,Pomadasys,Stenorhynchus,Actinopterygii,Malacostraca
celtis_australis,parietaria_officinalis,11,1.62,6.8,9.23,1.1851400586817458e-18,1.1127373701741796e-16,10,11,9,0.909,Celtis,Parietaria,Plantae,Plantae
echinaster_sepositus,simnia_spelta,14,2.77,5.06,9.21,6.79523401616933e-19,6.584004538257119e-17,7,14,6,1.0,Echinaster,Simnia,Echinodermata,Mollusca
astropecten_spinulosus,periclimenes_aegylios,32,9.18,3.48,9.2,1.1030661449045398e-19,1.1637145801976429e-17,5,32,9,1.0,Astropecten,Periclimenes,Echinodermata,Malacostraca
gouania_willdenowi,lepadogaster_lepadogaster,14,3.32,4.22,9.2,9.346290240198706e-19,8.891247075407528e-17,6,13,7,1.0,Gouania,Lepadogaster,Actinopterygii,Actinopterygii
ariosoma_balearicum,isarachnanthus_maderensis,25,6.12,4.08,9.19,1.8141497302791834e-19,1.8794721720061426e-17,9,25,14,0.12,Ariosoma,Isarachnanthus,Actinopterygii,Cnidaria
bulla_striata,ebenomitra_ebenus,20,4.98,4.02,9.18,3.3812521513293714e-19,3.3961096150108886e-17,11,20,11,1.0,Bulla,Ebenomitra,Mollusca,Mollusca
pagellus_acarne,sicyonia_carinata,21,5.08,4.13,9.17,3.32130382775714e-19,3.3388087798685305e-17,12,19,10,1.0,Pagellus,Sicyonia,Actinopterygii,Malacostraca
donax_semistriatus,mimachlamys_varia,15,3.3,4.54,9.17,8.452178215246344e-19,8.107616478844628e-17,11,15,10,1.0,Donax,Mimachlamys,Mollusca,Mollusca
scorpaena_scrofa,zeus_faber,12,3.3,3.64,9.17,0.00016894991437998996,0.0009427806217598627,3,11,5,1.0,Scorpaena,Zeus,Actinopterygii,Actinopterygii
dosinia_lupinus,mactra_corallina,23,5.89,3.91,9.16,3.0204267571491956e-19,3.044315346724549e-17,19,22,17,1.0,Dosinia,Mactra,Mollusca,Mollusca
gnathophyllum_elegans,simnia_spelta,26,7.8,3.33,9.15,2.823475807770594e-19,2.8535862525892797e-17,6,25,9,1.0,Gnathophyllum,Simnia,Malacostraca,Mollusca
galathea_squamifera,galathea_strigosa,14,2.43,5.77,9.14,1.1380067140125601e-18,1.0737340334242668e-16,9,14,7,0.857,Galathea,Galathea,Malacostraca,Malacostraca
aplysia_dactylomela,percnon_gibbesi,12,1.97,6.11,9.14,1.949449708218356e-18,1.7795911583644016e-16,12,12,8,0.25,Aplysia,Percnon,Mollusca,Malacostraca
inachus_phalangium,periclimenes_aegylios,36,11.73,3.07,9.13,1.901126703999103e-19,1.9590107406754263e-17,6,34,11,1.0,Inachus,Periclimenes,Malacostraca,Malacostraca
limaria_tuberculata,steromphala_varia,34,11.0,3.09,9.13,2.1177292001512556e-19,2.1705593841123244e-17,12,33,16,1.0,Limaria,Steromphala,Mollusca,Mollusca
caloria_quatrefagesi,rudmania_krohni,30,9.3,3.22,9.13,2.554034994575599e-19,2.5946653220025334e-17,12,28,15,1.0,Caloria,Rudmania,Mollusca,Mollusca
lutraria_lutraria,turritellinella_tricarinata,24,5.84,4.11,9.13,3.4056406177783695e-19,3.4176256248304816e-17,18,23,18,0.042,Lutraria,Turritellinella,Mollusca,Mollusca
plakina_monolopha,steromphala_varia,22,5.63,3.9,9.12,4.848446711164877e-19,4.778104832446865e-17,3,22,6,1.0,Plakina,Steromphala,Porifera,Mollusca
erica_arborea,viburnum_tinus,18,3.5,5.15,9.12,6.626252265915115e-19,6.436515733916399e-17,12,17,16,0.556,Erica,Viburnum,Plantae,Plantae
geitodoris_planata,okenia_nodosa,12,1.9,6.32,9.12,2.1666929075693593e-18,1.9716563169322313e-16,7,11,6,0.0,Geitodoris,Okenia,Mollusca,Mollusca
glycymeris_nummaria,neverita_josephinia,25,7.67,3.26,9.1,4.873126553393054e-19,4.7983219782657553e-17,19,23,24,1.0,Glycymeris,Neverita,Mollusca,Mollusca
clanculus_cruciatus,gibbula_turbinoides,23,6.64,3.46,9.1,5.871436166128729e-19,5.732312983751645e-17,10,23,6,1.0,Clanculus,Gibbula,Mollusca,Mollusca
eunicella_gazella,luisella_babai,17,4.95,3.44,9.1,1.3854538375886655e-18,1.2871759992384242e-16,4,17,7,1.0,Eunicella,Luisella,Cnidaria,Mollusca
calliactis_parasitica,doris_verrucosa,14,2.89,4.85,9.1,1.773652005313991e-18,1.6231817205944941e-16,7,14,9,0.071,Calliactis,Doris,Cnidaria,Mollusca
anas_platyrhynchos,estrilda_astrild,16,2.79,5.74,9.09,1.120631677268504e-18,1.0582069815413174e-16,6,16,7,1.0,Anas,Estrilda,Aves,Aves
bittium_reticulatum,turritellinella_tricarinata,28,8.33,3.36,9.08,4.358272428496e-19,4.3358412508847426e-17,24,27,17,0.821,Bittium,Turritellinella,Mollusca,Mollusca
mactra_stultorum,patella_rustica,29,9.1,3.19,9.08,4.489981328667518e-19,4.4514957744217965e-17,18,28,22,1.0,Mactra,Patella,Mollusca,Mollusca
iberus_splendidus,xerosecta_cespitum,6,0.52,11.54,9.07,1.762139416960906e-05,0.00013683304758126463,5,5,5,1.0,Iberus,Xerosecta,Mollusca,Mollusca
chamelea_striatula,mytilus_edulis,6,0.52,11.54,9.07,1.762139416960906e-05,0.00013683304758126463,6,6,6,0.167,Chamelea,Mytilus,Mollusca,Mollusca
chroicocephalus_ridibundus,ichthyaetus_audouinii,15,2.55,5.88,9.06,1.6517679264690607e-18,1.5162571490114875e-16,3,15,5,1.0,Chroicocephalus,Ichthyaetus,Aves,Aves
astropecten_aranciacus,calliactis_parasitica,14,2.34,5.98,9.06,2.1333656316142414e-18,1.9428636697587912e-16,7,13,10,0.214,Astropecten,Calliactis,Echinodermata,Cnidaria
antedon_bifida,ophiocomina_nigra,7,0.77,9.11,9.06,1.6106501037671528e-05,0.00012670080884560675,6,7,6,0.0,Antedon,Ophiocomina,Echinodermata,Echinodermata
lotus_creticus,medicago_marina,12,1.59,7.53,9.05,3.58610559301465e-18,3.190221689093898e-16,3,10,10,0.833,Lotus,Medicago,Plantae,Plantae
mactra_corallina,patella_ulyssiponensis,6,0.51,11.65,9.05,1.6674981421438417e-05,0.00013041578816533548,5,6,5,1.0,Mactra,Patella,Mollusca,Mollusca
clavularia_crassa,rocellaria_dubia,37,12.33,3.0,9.04,4.247387746507465e-19,4.23283787152808e-17,12,37,14,1.0,Clavularia,Rocellaria,Cnidaria,Mollusca
calystegia_silvatica,oedemera_nobilis,6,0.51,11.68,9.04,1.6500175411660045e-05,0.00012925922807866747,6,6,6,0.167,Calystegia,Oedemera,Plantae,Insecta
columbella_rustica,ilia_nucleus,5,0.68,7.3,9.04,0.0007133268138063142,0.0031518468245979605,4,5,5,1.0,Columbella,Ilia,Mollusca,Malacostraca
chelidonichthys_obscurus,penaeus_kerathurus,35,11.31,3.1,9.03,4.795232557444123e-19,4.729708660511924e-17,10,30,10,1.0,Chelidonichthys,Penaeus,Actinopterygii,Malacostraca
periclimenes_aegylios,syngnathus_typhle,32,10.19,3.14,9.03,5.718887251471089e-19,5.59285812324682e-17,3,31,6,1.0,Periclimenes,Syngnathus,Malacostraca,Actinopterygii
lampides_boeticus,sympetrum_fonscolombii,23,5.56,4.14,9.03,8.789570210865435e-19,8.417237294867345e-17,8,23,7,0.826,Lampides,Sympetrum,Insecta,Insecta
pinctada_radiata,ruditapes_decussatus,6,0.51,11.76,9.03,1.5852413060124526e-05,0.00012497511764720357,4,5,5,1.0,Pinctada,Ruditapes,Mollusca,Mollusca
actitis_hypoleucos,ichthyaetus_melanocephalus,6,0.51,11.76,9.03,1.5852413060124526e-05,0.00012497511764720357,5,6,6,1.0,Actitis,Ichthyaetus,Aves,Aves
archidoris_pseudoargus,patella_pellucida,28,7.26,3.86,9.02,6.958806042198221e-19,6.731169532203223e-17,20,25,23,0.0,Archidoris,Patella,Mollusca,Mollusca
steromphala_umbilicalis,trivia_monacha,12,1.74,6.92,9.02,4.75936298298124e-18,4.191878081738309e-16,11,12,10,0.083,Steromphala,Trivia,Mollusca,Mollusca
callista_chione,dosinia_exoleta,23,6.28,3.66,9.01,1.1412862944608809e-18,1.0750674265500516e-16,14,21,18,1.0,Callista,Dosinia,Mollusca,Mollusca
limaria_tuberculata,pinctada_radiata,21,4.83,4.35,9.01,1.2730382365158346e-18,1.1865622734593059e-16,5,19,6,1.0,Limaria,Pinctada,Mollusca,Mollusca
candiella_striata,placida_dendritica,13,3.68,3.53,9.01,7.324995852596375e-18,6.340111361401298e-16,6,10,6,1.0,Candiella,Placida,Mollusca,Mollusca
halcampoides_purpureus,penaeus_kerathurus,29,7.67,3.78,9.0,7.30392443239947e-19,7.04724715502637e-17,15,26,7,1.0,Halcampoides,Penaeus,Cnidaria,Malacostraca
bolinus_brandaris,peronaea_planata,30,9.1,3.3,9.0,7.921907096583996e-19,7.611637907880423e-17,22,29,24,1.0,Bolinus,Peronaea,Mollusca,Mollusca
cardites_antiquatus,limaria_tuberculata,24,6.57,3.66,9.0,1.1811090007731993e-18,1.1107631128577605e-16,9,23,10,1.0,Cardites,Limaria,Mollusca,Mollusca
candiella_manicata,marionia_blainvillea,21,5.86,3.58,8.99,1.751600806542736e-18,1.605341442457831e-16,5,21,5,1.0,Candiella,Marionia,Mollusca,Mollusca
mactra_stultorum,venus_verrucosa,17,3.41,4.99,8.99,2.4182541613688508e-18,2.191916226643093e-16,11,16,10,1.0,Mactra,Venus,Mollusca,Mollusca
synapturichthys_kleinii,torpedo_marmorata,17,4.59,3.71,8.99,3.159076908267397e-18,2.8256078892860033e-16,5,16,5,1.0,Synapturichthys,Torpedo,Actinopterygii,Elasmobranchii
epitonium_clathrus,venus_verrucosa,13,2.79,4.65,8.99,6.028135836790505e-18,5.273085504492128e-16,9,13,5,1.0,Epitonium,Venus,Mollusca,Mollusca
ophidiaster_ophidianus,spirastrella_cunctatrix,14,3.97,3.52,8.99,6.565913881032687e-18,5.721781715207941e-16,12,14,6,1.0,Ophidiaster,Spirastrella,Echinodermata,Porifera
nembrotha_kubaryana,nembrotha_milleri,11,1.53,7.18,8.99,8.184646832065604e-18,7.0052307105593305e-16,8,11,10,0.0,Nembrotha,Nembrotha,Mollusca,Mollusca
antiopella_cristata,trapania_maculata,12,1.78,6.74,8.98,6.646317660515797e-18,5.787470746500845e-16,5,12,5,1.0,Antiopella,Trapania,Mollusca,Mollusca
calmella_cavolini,epinephelus_costae,8,0.8,10.02,8.98,2.0256985311384312e-06,2.080119204753292e-05,5,8,5,1.0,Calmella,Epinephelus,Mollusca,Actinopterygii
archidoris_pseudoargus,geitodoris_planata,6,0.5,12.0,8.98,1.4164937322314053e-05,0.00011359954328436256,6,6,5,0.0,Archidoris,Geitodoris,Mollusca,Mollusca
electra_posidoniae,steromphala_varia,11,1.92,5.74,8.97,1.1658901819021547e-17,9.7826083405576e-16,10,10,7,1.0,Electra,Steromphala,Bryozoa,Mollusca
anthias_anthias,ophidiaster_ophidianus,13,2.52,5.15,8.96,7.429115300617452e-18,6.418681390995674e-16,6,12,7,1.0,Anthias,Ophidiaster,Actinopterygii,Echinodermata
archidoris_pseudoargus,berthella_plumula,32,8.95,3.57,8.95,1.0001374507858791e-18,9.498749784034329e-17,19,29,25,0.0,Archidoris,Berthella,Mollusca,Mollusca
pagellus_acarne,pinnoctopus_macropus,27,8.66,3.12,8.95,1.5404582120808716e-18,1.419735582916518e-16,10,26,11,1.0,Pagellus,Pinnoctopus,Actinopterygii,Mollusca
marionia_blainvillea,nemesignis_banyulensis,15,4.32,3.47,8.95,7.432485829995685e-18,6.418681390995674e-16,10,14,10,1.0,Marionia,Nemesignis,Mollusca,Mollusca
ensis_minor,spisula_subtruncata,34,10.42,3.26,8.92,1.2417081821724911e-18,1.1592362189546165e-16,23,33,24,1.0,Ensis,Spisula,Mollusca,Mollusca
conus_ventricosus,ebenomitra_ebenus,24,6.47,3.71,8.92,2.182047843251916e-18,1.9840618763535418e-16,14,24,12,1.0,Conus,Ebenomitra,Mollusca,Mollusca
berthellina_edwardsii,facelina_annulicornis,20,4.92,4.06,8.92,3.355093241912504e-18,2.9916421195146137e-16,7,19,6,0.95,Berthellina,Facelina,Mollusca,Mollusca
epinephelus_marginatus,mycteroperca_rubra,13,2.39,5.44,8.92,9.511001238166215e-18,8.056657254718387e-16,6,12,7,1.0,Epinephelus,Mycteroperca,Actinopterygii,Actinopterygii
conus_ventricosus,echinolittorina_punctata,9,0.93,9.65,8.92,6.40186964107059e-07,7.566646046269583e-06,9,9,9,1.0,Conus,Echinolittorina,Mollusca,Mollusca
bugulina_turbinata,nemesignis_banyulensis,8,2.02,3.96,8.92,0.0011627395567559429,0.004702223747551923,3,6,6,1.0,Bugulina,Nemesignis,Bryozoa,Mollusca
gibbula_magus,tritia_nitida,8,1.1,7.28,8.91,2.0066455469924804e-05,0.0001530849570198806,7,8,7,1.0,Gibbula,Tritia,Mollusca,Mollusca
felimare_fontandraui,polycera_quadrilineata,20,4.54,4.41,8.9,3.5487692943913624e-18,3.1618903154761217e-16,14,19,12,0.4,Felimare,Polycera,Mollusca,Mollusca
moerella_pulchella,spisula_subtruncata,24,6.94,3.46,8.89,3.118806967209054e-18,2.7917563158535496e-16,14,22,13,1.0,Moerella,Spisula,Mollusca,Mollusca
acanthocardia_aculeata,mactra_stultorum,24,6.22,3.86,8.88,2.9403947524473e-18,2.647611637020842e-16,21,24,21,0.833,Acanthocardia,Mactra,Mollusca,Mollusca
epitonium_clathrus,turritellinella_tricarinata,18,4.94,3.64,8.88,6.6990530259088575e-18,5.826240300313633e-16,15,18,14,0.833,Epitonium,Turritellinella,Mollusca,Mollusca
cronius_ruber,serranus_atricauda,16,3.32,4.82,8.88,7.608771182225278e-18,6.561084395786534e-16,9,15,8,0.0,Cronius,Serranus,Malacostraca,Actinopterygii
felimare_orsinii,marionia_blainvillea,14,2.39,5.87,8.85,1.2106069871310008e-17,1.0128305544331141e-15,8,14,7,1.0,Felimare,Marionia,Mollusca,Mollusca
diplodus_cadenati,stypopodium_zonale,8,1.27,6.3,8.84,5.441233231817666e-05,0.00036050830068916627,5,7,5,0.0,Diplodus,Stypopodium,Actinopterygii,
melilotus_indicus,sonchus_oleraceus,10,2.5,4.0,8.84,0.00027747313066139867,0.0014301187609482718,9,8,9,0.1,Melilotus,Sonchus,Plantae,Plantae
penaeus_kerathurus,synodus_saurus,19,4.83,3.93,8.83,8.019993318075106e-18,6.874518677198843e-16,10,19,11,1.0,Penaeus,Synodus,Malacostraca,Actinopterygii
lepadogaster_candolii,simnia_spelta,17,4.82,3.53,8.83,1.2641444542788592e-17,1.0545582745165946e-15,6,14,9,1.0,Lepadogaster,Simnia,Actinopterygii,Mollusca
doto_millbayana,polycera_quadrilineata,10,1.98,5.06,8.83,4.209758950968201e-05,0.00028988707124168596,8,10,6,0.4,Doto,Polycera,Mollusca,Mollusca
estrilda_astrild,passer_montanus,13,2.21,5.87,8.82,2.0337311248517276e-17,1.655787706766208e-15,5,13,7,0.923,Estrilda,Passer,Aves,Aves
acetabularia_acetabulum,branchiomma_luctuosum,9,1.82,4.95,8.82,0.00011859542248426891,0.0006982147921033175,3,9,5,1.0,Acetabularia,Branchiomma,Plantae,Annelida
dromia_personata,syngnathus_acus,11,3.58,3.07,8.82,0.0012235669277429473,0.004902097177662963,5,8,5,0.182,Dromia,Syngnathus,Malacostraca,Actinopterygii
candiella_odhneri,luisella_babai,27,7.5,3.6,8.81,4.399536912249097e-18,3.8808901258709413e-16,13,25,16,1.0,Candiella,Luisella,Mollusca,Mollusca
moerella_pulchella,peronaea_planata,19,4.15,4.58,8.81,8.694952694424936e-18,7.403498375524983e-16,13,17,18,1.0,Moerella,Peronaea,Mollusca,Mollusca
barnea_candida,venerupis_corrugata,18,3.93,4.58,8.81,9.784274048976072e-18,8.275972889414387e-16,16,18,18,0.0,Barnea,Venerupis,Mollusca,Mollusca
euthria_cornea,sicyonia_carinata,11,2.57,4.27,8.81,7.929098911152455e-05,0.0004970569760826715,8,11,6,1.0,Euthria,Sicyonia,Mollusca,Malacostraca
felimare_picta,rugulopteryx_okamurae,6,0.5,12.06,8.8,1.3771302061149626e-05,0.00011095245000718103,3,6,5,0.667,Felimare,Rugulopteryx,Mollusca,
ophisurus_serpens,styela_plicata,21,5.77,3.64,8.79,9.029282357647794e-18,7.671161096832275e-16,6,18,5,1.0,Ophisurus,Styela,Actinopterygii,Animalia
cardita_calyculata,chama_gryphoides,26,8.63,3.01,8.78,7.407344939201612e-18,6.40657482264101e-16,18,25,12,1.0,Cardita,Chama,Mollusca,Mollusca
caloria_quatrefagesi,felimare_tricolor,21,5.67,3.7,8.76,1.1742701204540362e-17,9.838779611480037e-16,10,19,14,1.0,Caloria,Felimare,Mollusca,Mollusca
phlomis_purpurea,quercus_rotundifolia,10,1.31,7.61,8.76,1.2947498028159643e-06,1.4070404328234162e-05,9,9,5,0.7,Phlomis,Quercus,Plantae,Plantae
pomadasys_incisus,trachinotus_ovatus,9,1.03,8.77,8.76,1.3832085614673417e-06,1.4898201113994357e-05,9,9,8,0.333,Pomadasys,Trachinotus,Actinopterygii,Actinopterygii
donax_venustus,glycymeris_glycymeris,6,0.43,13.99,8.76,5.982388419867313e-06,5.3911774716682786e-05,6,6,5,1.0,Donax,Glycymeris,Mollusca,Mollusca
arnoglossus_thori,serranus_hepatus,9,2.42,3.71,8.76,0.0009230858961046806,0.0038919475700480047,5,8,5,0.889,Arnoglossus,Serranus,Actinopterygii,Actinopterygii
dysidea_fragilis,trivia_arctica,6,0.47,12.76,8.75,1.0072051578324803e-05,8.469021458501793e-05,4,6,6,0.0,Dysidea,Trivia,Porifera,Mollusca
lauria_cylindracea,xerotricha_conspurcata,8,1.17,6.82,8.75,3.162433729642089e-05,0.00022667694833272936,7,8,8,1.0,Lauria,Xerotricha,Mollusca,Mollusca
ascidia_mentula,striarca_lactea,29,9.38,3.09,8.74,7.834432359282013e-18,6.74053730783215e-16,13,26,5,1.0,Ascidia,Striacta,Animalia,Mollusca
antiopella_cristata,phyllidia_flava,14,2.24,6.25,8.74,2.997055854245886e-17,2.396064001613762e-15,6,12,5,1.0,Antiopella,Phyllidia,Mollusca,Mollusca
ascidia_mentula,axinella_damicornis,11,1.45,7.6,8.74,6.221349869954638e-17,4.816696172165687e-15,10,11,8,1.0,Ascidia,Axinella,Animalia,Porifera
dicentrarchus_punctatus,serranus_papilionaceus,8,1.28,6.25,8.74,5.7567860643814583e-05,0.000378124490062474,6,8,8,1.0,Dicentrarchus,Serranus,Actinopterygii,Actinopterygii
asterina_gibbosa,xantho_poressa,30,8.98,3.34,8.73,7.74953319905528e-18,6.677466138099958e-16,22,29,20,0.967,Asterina,Xantho,Echinodermata,Malacostraca
acanthocardia_aculeata,neverita_josephinia,16,3.27,4.89,8.73,2.553213048791914e-17,2.0635669890600828e-15,13,15,15,1.0,Acanthocardia,Neverita,Mollusca,Mollusca
clanculus_corallinus,gibbula_ardens,7,1.54,4.55,8.73,0.001065873808878126,0.004378144193299744,6,7,7,1.0,Clanculus,Gibbula,Mollusca,Mollusca
similiparma_lurida,sparisoma_cretense,28,9.23,3.03,8.72,1.066396635540989e-17,8.973934112553987e-16,21,25,19,0.0,Similiparma,Sparisoma,Actinopterygii,Actinopterygii
dictyopteris_polypodioides,ophidiaster_ophidianus,22,7.29,3.02,8.71,2.0015344786117332e-17,1.631880948860482e-15,7,17,6,1.0,Dictyopteris,Ophidiaster,,Echinodermata
closterotomus_trivialis,oedemera_atrata,7,0.71,9.88,8.71,9.585584295312977e-06,8.114465817894306e-05,4,7,5,1.0,Closterotomus,Oedemera,Insecta,Insecta
limaria_tuberculata,ruditapes_decussatus,13,2.3,5.66,8.7,5.665903511097209e-17,4.410369919543533e-15,8,13,8,1.0,Limaria,Ruditapes,Mollusca,Mollusca
eryngium_maritimum,lagurus_ovatus,31,8.91,3.48,8.68,1.0652358543473026e-17,8.970718666975633e-16,24,29,26,0.935,Eryngium,Lagurus,Plantae,Plantae
sparisoma_cretense,synodus_saurus,23,6.3,3.65,8.68,1.9218109925505497e-17,1.5735629963453699e-15,18,23,15,0.261,Sparisoma,Synodus,Actinopterygii,Actinopterygii
laurus_nobilis,rhamnus_alaternus,11,1.65,6.67,8.68,1.0181718757904965e-16,7.662813583656125e-15,11,10,11,0.636,Laurus,Rhamnus,Plantae,Plantae
hedera_helix,robinia_pseudoacacia,8,0.86,9.28,8.68,3.5410876825237025e-06,3.399845531939834e-05,8,7,8,0.25,Hedera,Robinia,Plantae,Plantae
cliona_viridis,ophidiaster_ophidianus,6,1.74,3.45,8.68,0.008932817940711324,0.024216311136147105,6,6,5,1.0,Cliona,Ophidiaster,Porifera,Echinodermata
apletodon_incognitus,inachus_phalangium,31,9.63,3.22,8.67,1.2560233048476536e-17,1.048542817475863e-15,5,30,6,1.0,Apletodon,Inachus,Actinopterygii,Malacostraca
donax_semistriatus,donax_trunculus,30,9.46,3.17,8.67,1.370769853640576e-17,1.1385592661774254e-15,20,29,23,1.0,Donax,Donax,Mollusca,Mollusca
ardea_cinerea,fulica_atra,27,7.56,3.57,8.67,1.540704802704113e-17,1.2760270028089478e-15,16,26,15,0.926,Ardea,Fulica,Aves,Aves
gibbula_magus,turritellinella_tricarinata,17,3.97,4.28,8.67,3.6684198252774594e-17,2.902586796368574e-15,13,17,12,1.0,Gibbula,Turritellinella,Mollusca,Mollusca
clanculus_cruciatus,rissoa_variabilis,15,4.18,3.59,8.67,6.886455160701544e-17,5.31377883679478e-15,11,14,8,1.0,Clanculus,Rissoa,Mollusca,Mollusca
dosinia_exoleta,laevicardium_crassum,19,4.41,4.31,8.66,2.945783774844287e-17,2.3583465878885424e-15,15,19,12,0.684,Dosinia,Laevicardium,Mollusca,Mollusca
bulla_striata,donacilla_cornea,7,1.53,4.59,8.66,0.0010186631487610898,0.004218183005279199,6,7,6,1.0,Bulla,Donacilla,Mollusca,Mollusca
astropecten_spinulosus,sicyonia_carinata,21,5.73,3.67,8.65,2.958659452085222e-17,2.3670097466529577e-15,10,21,9,1.0,Astropecten,Sicyonia,Echinodermata,Malacostraca
turritellinella_tricarinata,venerupis_corrugata,13,2.08,6.25,8.65,7.848659250199622e-17,6.02396362598266e-15,13,13,13,0.0,Turritellinella,Venerupis,Mollusca,Mollusca
ophidiaster_ophidianus,sphyraena_viridensis,24,7.35,3.27,8.64,2.5957951997730686e-17,2.0956271211959118e-15,8,21,9,0.958,Ophidiaster,Sphyraena,Echinodermata,Actinopterygii
chroicocephalus_ridibundus,myiopsitta_monachus,11,1.69,6.51,8.64,1.494662558466339e-16,1.0946669128134527e-14,5,11,9,1.0,Chroicocephalus,Myiopsitta,Aves,Aves
dysidea_fragilis,polyclinum_aurantium,9,1.27,7.1,8.64,7.499713893577287e-06,6.563332113306576e-05,6,9,5,0.444,Dysidea,Polyclinum,Porifera,Animalia
anemonia_sargassensis,pusia_zebrina,10,1.58,6.33,8.63,6.416872786130234e-06,5.731948611718597e-05,8,10,6,0.0,Anemonia,Pusia,Cnidaria,Mollusca
hedera_helix,taraxacum_officinale,13,2.18,5.97,8.62,9.685188414031069e-17,7.311746042267597e-15,13,13,12,0.231,Hedera,Taraxacum,Plantae,Plantae
acanthocardia_paucicostata,turritellinella_tricarinata,12,1.87,6.4,8.62,1.2539262393360676e-16,9.266024276874428e-15,10,12,7,1.0,Acanthocardia,Turritellinella,Mollusca,Mollusca
pagrus_pagrus,pomadasys_incisus,30,8.4,3.57,8.61,2.0524646500856332e-17,1.6698597284496135e-15,11,28,17,0.267,Pagrus,Pomadasys,Actinopterygii,Actinopterygii
acanthonyx_lunulatus,xantho_poressa,21,4.87,4.31,8.61,3.574127186549638e-17,2.833817951818751e-15,8,21,8,1.0,Acanthonyx,Xantho,Malacostraca,Malacostraca
limacia_clavigera,trinchesia_cuanensis,8,0.78,10.29,8.61,1.6645076550414473e-06,1.750255019089037e-05,6,8,5,0.0,Limacia,Trinchesia,Mollusca,Mollusca
chromis_limbata,synodus_saurus,15,3.38,4.44,8.6,9.289423255470087e-17,7.0452845077233434e-15,10,15,10,0.0,Chromis,Synodus,Actinopterygii,Actinopterygii
holothuria_forskali,pleraplysilla_spinifera,15,3.08,4.87,8.58,1.0013389956714999e-16,7.544686570133386e-15,11,14,11,1.0,Holothuria,Pleraplysilla,Echinodermata,Porifera
pinnoctopus_macropus,synapturichthys_kleinii,17,5.44,3.13,8.58,1.1473083529448492e-16,8.577190882067386e-15,6,16,8,1.0,Pinnoctopus,Synapturichthys,Mollusca,Actinopterygii
aiptasia_mutabilis,ophidiaster_ophidianus,18,4.6,3.91,8.57,8.188949067632776e-17,6.264274159279989e-15,11,14,5,1.0,Aiptasia,Ophidiaster,Cnidaria,Echinodermata
pachycerianthus_solitarius,simnia_spelta,14,2.48,5.63,8.57,1.2559769497420753e-16,9.275228751159362e-15,3,11,7,1.0,Pachycerianthus,Simnia,Cnidaria,Mollusca
petalifera_petalifera,simnia_spelta,9,1.32,6.8,8.56,1.0564641054533475e-05,8.815651948764844e-05,4,8,6,1.0,Petalifera,Simnia,Mollusca,Mollusca
bulla_striata,irus_irus,27,8.58,3.15,8.55,4.373476870103432e-17,3.4462519106935417e-15,14,27,7,1.0,Bulla,Irus,Mollusca,Mollusca
ensis_minor,moerella_pulchella,25,8.19,3.05,8.55,5.269173878966008e-17,4.115457000355254e-15,16,23,19,1.0,Ensis,Moerella,Mollusca,Mollusca
rumex_crispus,sonchus_oleraceus,15,2.75,5.46,8.55,1.2144096804609545e-16,9.0144879399371e-15,14,15,15,0.267,Rumex,Sonchus,Plantae,Plantae
chthamalus_stellatus,parablennius_parvicornis,8,1.22,6.57,8.55,4.07340617204488e-05,0.00028160866817346277,8,8,7,0.0,Chthamalus,Parablennius,Crustacea,Actinopterygii
bosemprella_incarnata,peronidia_albicans,12,2.16,5.56,8.54,2.5405353962266427e-16,1.803326184762133e-14,9,12,7,1.0,Bosemprella,Peronidia,Mollusca,Mollusca
epitonium_clathrus,mimachlamys_varia,13,3.84,3.39,8.54,3.3297198348357944e-16,2.317806911495002e-14,9,13,8,1.0,Epitonium,Mimachlamys,Mollusca,Mollusca
pagrus_pagrus,pseudocaranx_dentex,8,0.9,8.91,8.53,4.739032470779669e-06,4.395423047771524e-05,6,8,5,0.0,Pagrus,Pseudocaranx,Actinopterygii,Actinopterygii
acanthocardia_tuberculata,glycymeris_nummaria,37,12.26,3.02,8.52,3.399139249009883e-17,2.6987900623220852e-15,22,32,29,1.0,Acanthocardia,Glycymeris,Mollusca,Mollusca
semicassis_undulata,synodus_saurus,24,6.6,3.64,8.52,6.378753212160235e-17,4.9319321144544144e-15,19,22,14,1.0,Semicassis,Synodus,Mollusca,Actinopterygii
agelas_oroides,gongolaria_squarrosa,5,0.64,7.78,8.52,0.0005377481732273814,0.002489508862719185,5,5,5,1.0,Agelas,Gongolaria,Porifera,
mactra_corallina,tritia_neritea,10,2.74,3.66,8.52,0.0005536369884967529,0.0025525751639964753,9,10,10,1.0,Mactra,Tritia,Mollusca,Mollusca
diplodus_cadenati,pseudocaranx_dentex,22,5.35,4.12,8.51,7.82984995991988e-17,6.013533565217399e-15,13,22,14,0.0,Diplodus,Pseudocaranx,Actinopterygii,Actinopterygii
acrosymphyton_purpuriferum,cladostephus_spongiosus,23,7.38,3.12,8.51,9.02284544880097e-17,6.8521284580334e-15,6,23,6,1.0,Acrosymphyton,Cladostephus,Plantae,
diaphorodoris_alba,facelina_auriculata,16,3.3,4.85,8.51,1.4853862192953432e-16,1.0892580140528372e-14,10,16,11,0.938,Diaphorodoris,Facelina,Mollusca,Mollusca
conus_ventricosus,donacilla_cornea,11,1.92,5.74,8.51,4.575987872754248e-16,3.136062503823798e-14,10,11,10,1.0,Conus,Donacilla,Mollusca,Mollusca
aequipecten_opercularis,pecten_jacobaeus,9,1.09,8.22,8.51,2.339774835435904e-06,2.3613790638769853e-05,8,9,8,1.0,Aequipecten,Pecten,Mollusca,Mollusca
irus_irus,tritia_corniculum,17,5.04,3.37,8.5,1.9129121492842692e-16,1.378205949006535e-14,8,17,5,1.0,Irus,Tritia,Mollusca,Mollusca
rhamnus_alaternus,viburnum_tinus,15,3.79,3.96,8.5,2.3548776815248965e-16,1.681431168141963e-14,13,12,14,0.867,Rhamnus,Viburnum,Plantae,Plantae
candelabrum_cocksii,pawsonia_saxicola,8,0.85,9.45,8.5,3.101371859770552e-06,3.0191857675596305e-05,3,6,6,0.0,Candelabrum,Pawsonia,Cnidaria,Echinodermata
hypericum_perforatum,plantago_lanceolata,5,0.35,14.41,8.5,3.140872781981496e-05,0.00022531982562762082,5,5,5,0.6,Hypericum,Plantago,Plantae,Plantae
limaria_tuberculata,modiolus_barbatus,25,7.32,3.42,8.49,8.011850588022812e-17,6.1410328352799744e-15,14,25,9,1.0,Limaria,Modiolus,Mollusca,Mollusca
felimare_tricolor,trapania_lineata,16,3.38,4.74,8.49,1.761902184125638e-16,1.2782001210328087e-14,10,16,5,1.0,Felimare,Trapania,Mollusca,Mollusca
cistus_salviifolius,daphne_gnidium,19,4.09,4.65,8.48,1.2366479712625005e-16,9.144934787693738e-15,12,19,6,0.368,Cistus,Daphne,Plantae,Plantae
felimare_orsinii,phyllidia_flava,17,3.58,4.75,8.48,1.643069759617212e-16,1.1987853615385769e-14,7,16,6,1.0,Felimare,Phyllidia,Mollusca,Mollusca
patella_rustica,turritellinella_tricarinata,13,2.87,4.53,8.48,3.6959506591677577e-16,2.5619031271887023e-14,10,13,10,1.0,Patella,Turritellinella,Mollusca,Mollusca
bittium_reticulatum,tritia_neritea,21,4.89,4.29,8.47,1.1311776232871368e-16,8.462090059296838e-15,13,21,16,1.0,Bittium,Tritia,Mollusca,Mollusca
apletodon_incognitus,astropecten_platyacanthus,22,5.75,3.83,8.46,1.1779179975462721e-16,8.771872332858484e-15,4,21,5,1.0,Apletodon,Astropecten,Actinopterygii,Echinodermata
alcedo_atthis,phalacrocorax_carbo,8,1.18,6.76,8.46,3.361790749112359e-05,0.00023874873687175746,6,8,6,0.5,Alcedo,Phalacrocorax,Aves,Aves
juncus_acutus,lagurus_ovatus,24,6.21,3.87,8.45,1.0443504985455477e-16,7.853352143240292e-15,21,24,21,0.833,Juncus,Lagurus,Plantae,Plantae
modiolus_barbatus,tritia_incrassata,23,6.49,3.55,8.45,1.268697882303114e-16,9.36316917571095e-15,15,23,9,1.0,Modiolus,Tritia,Mollusca,Mollusca
diplodus_cadenati,scorpaena_maderensis,12,2.11,5.68,8.45,5.205689415582873e-16,3.5298189725297784e-14,8,10,8,0.0,Diplodus,Scorpaena,Actinopterygii,Actinopterygii
acanthocardia_tuberculata,moerella_pulchella,15,2.79,5.39,8.44,2.9393533261319656e-16,2.068572147731869e-14,13,14,13,1.0,Acanthocardia,Moerella,Mollusca,Mollusca
mactra_corallina,polititapes_aureus,15,2.82,5.32,8.44,2.994056170567159e-16,2.1032149211830425e-14,11,14,10,1.0,Mactra,Polititapes,Mollusca,Mollusca
lobularia_maritima,rhamnus_alaternus,9,1.28,7.03,8.44,8.089180046466637e-06,7.005231136383843e-05,8,9,8,1.0,Lobularia,Rhamnus,Plantae,Plantae
apletodon_incognitus,bunodactis_verrucosa,23,7.46,3.08,8.43,1.696344143931476e-16,1.2360887460941288e-14,4,22,6,1.0,Apletodon,Bunodactis,Actinopterygii,Cnidaria
epitonium_clathrus,striarca_lactea,21,6.83,3.07,8.43,2.0536069206997865e-16,1.4758810461153975e-14,14,21,10,1.0,Epitonium,Striacta,Mollusca,Mollusca
egretta_garzetta,oryctolagus_cuniculus,15,3.13,4.79,8.41,3.9733430687571047e-16,2.737709419217066e-14,4,15,5,1.0,Egretta,Oryctolagus,Aves,Mammalia
donax_trunculus,turritellinella_tricarinata,13,2.53,5.15,8.4,6.166602482707429e-16,4.132735732506264e-14,10,13,11,1.0,Donax,Turritellinella,Mollusca,Mollusca
clibanarius_erythropus,conus_ventricosus,10,1.37,7.28,8.4,1.266059759142954e-15,8.130164352971287e-14,9,10,7,1.0,Clibanarius,Conus,Malacostraca,Mollusca
pinus_halepensis,ulex_parviflorus,15,2.81,5.34,8.39,4.328401859104459e-16,2.973459795922898e-14,12,12,14,1.0,Pinus,Ulex,Plantae,Plantae
branchellion_torpedinis,torpedo_torpedo,11,1.65,6.67,8.39,1.0174103231472028e-15,6.671015302666498e-14,8,10,9,1.0,Branchellion,Torpedo,Annelida,Elasmobranchii
pinnoctopus_macropus,simnia_spelta,25,7.68,3.25,8.38,2.0642126316436646e-16,1.482578254463072e-14,7,22,14,1.0,Pinnoctopus,Simnia,Mollusca,Mollusca
ophidiaster_ophidianus,tripterygion_delaisi,15,3.22,4.66,8.38,4.950666966129616e-16,3.3727772747841295e-14,11,14,11,1.0,Ophidiaster,Tripterygion,Echinodermata,Actinopterygii
chromis_limbata,diplodus_cadenati,15,3.44,4.36,8.38,5.231596783170653e-16,3.545299269461129e-14,9,12,11,0.0,Chromis,Diplodus,Actinopterygii,Actinopterygii
bulla_striata,parvicardium_scriptum,21,5.73,3.67,8.37,2.7522648767031707e-16,1.9452265205871906e-14,13,21,5,1.0,Bulla,Parvicardium,Mollusca,Mollusca
fissurella_nubecula,polititapes_aureus,29,9.5,3.05,8.36,1.842613870120008e-16,1.3292203399706036e-14,15,29,13,1.0,Fissurella,Polititapes,Mollusca,Mollusca
chelidonichthys_obscurus,conger_conger,16,3.38,4.73,8.36,4.912258450547125e-16,3.3545453420663654e-14,6,15,6,1.0,Chelidonichthys,Conger,Actinopterygii,Actinopterygii
callista_chione,ruditapes_decussatus,9,1.58,5.7,8.36,4.080594688604666e-05,0.00028205485720646305,8,9,8,1.0,Callista,Ruditapes,Mollusca,Mollusca
donax_trunculus,venus_verrucosa,22,6.29,3.5,8.35,3.070384556092808e-16,2.152894597687863e-14,13,22,14,1.0,Donax,Venus,Mollusca,Mollusca
conus_ventricosus,patella_ulyssiponensis,10,1.88,5.31,8.35,2.840716496643747e-05,0.00020661778097060815,9,10,10,1.0,Conus,Patella,Mollusca,Mollusca
boops_boops,canthigaster_capistrata,11,2.85,3.86,8.35,0.00019005672974303778,0.0010405520146999773,7,11,8,0.273,Boops,Canthigaster,Actinopterygii,Actinopterygii
necora_puber,ophiothrix_fragilis,10,1.45,6.89,8.34,2.1099650715153485e-15,1.3167771814855762e-13,8,10,8,0.6,Necora,Ophiothrix,Malacostraca,Echinodermata
egretta_garzetta,fulica_atra,34,11.07,3.07,8.33,1.8015447194765832e-16,1.3028572370532346e-14,14,33,16,0.971,Egretta,Fulica,Aves,Aves
aplidium_elegans,doris_verrucosa,27,8.53,3.16,8.33,2.6146456947015085e-16,1.8536470314608773e-14,8,26,10,0.0,Aplidium,Doris,Animalia,Mollusca
felimare_bilineata,felimare_tricolor,23,6.23,3.69,8.33,3.255352798328221e-16,2.274285407996388e-14,12,23,13,0.652,Felimare,Felimare,Mollusca,Mollusca
chamelea_striatula,gari_fervensis,12,1.92,6.25,8.33,1.2324779358454712e-15,7.941073161137677e-14,10,12,9,0.333,Chamelea,Gari,Mollusca,Mollusca
archidoris_pseudoargus,doris_verrucosa,9,1.21,7.41,8.33,5.3422067710640064e-06,4.885636174118106e-05,7,9,5,0.0,Archidoris,Doris,Mollusca,Mollusca
pisidia_bluteli,reptadeonella_violacea,5,0.68,7.35,8.33,0.0006907683329032688,0.003070188079621457,5,5,5,1.0,Pisidia,Reptadeonella,Malacostraca,Bryozoa
penaeus_kerathurus,stenopus_spinosus,13,2.33,5.58,8.32,1.068475479197555e-15,6.978041332509927e-14,5,13,8,1.0,Penaeus,Stenopus,Malacostraca,Malacostraca
condylactis_aurantiaca,cymodocea_nodosa,5,0.6,8.37,8.32,0.000386318411963793,0.0018912725791210613,5,5,5,1.0,Condylactis,Cymodocea,Cnidaria,Plantae
pawsonia_saxicola,trivia_monacha,24,6.76,3.55,8.31,3.655166732965018e-16,2.5366857126777222e-14,10,19,16,0.0,Pawsonia,Trivia,Echinodermata,Mollusca
diodora_graeca,papillicardium_papillosum,23,7.63,3.01,8.31,4.666593554706897e-16,3.1943567669426824e-14,13,21,8,1.0,Diodora,Papillicardium,Mollusca,Mollusca
pomadasys_incisus,scyllarides_latus,15,2.99,5.01,8.31,8.243477704634387e-16,5.467366755812895e-14,5,14,5,0.067,Pomadasys,Scyllarides,Actinopterygii,Malacostraca
gnathophyllum_elegans,periclimenes_scriptus,11,1.53,7.17,8.31,1.7195056456804077e-15,1.0848517437292754e-13,6,11,5,0.727,Gnathophyllum,Periclimenes,Malacostraca,Malacostraca
alicia_mirabilis,calliostoma_conulus,10,2.75,3.64,8.31,0.0005752538225203274,0.002637253427101429,6,8,7,1.0,Alicia,Calliostoma,Cnidaria,Mollusca
luria_lurida,simnia_spelta,17,3.91,4.35,8.3,6.971995029070377e-16,4.6481580748207395e-14,9,17,11,1.0,Luria,Simnia,Mollusca,Mollusca
neverita_josephinia,solen_marginatus,18,5.37,3.35,8.29,8.513404872716549e-16,5.6334192702839594e-14,13,18,15,1.0,Neverita,Solen,Mollusca,Mollusca
idotea_metallica,lepas_pectinata,15,3.52,4.26,8.29,1.1269503817725504e-15,7.31432066375915e-14,11,15,6,1.0,Idotea,Lepas,Crustacea,Crustacea
plantago_lanceolata,rumex_crispus,8,0.94,8.48,8.29,6.738670010109082e-06,5.9798927341697504e-05,8,8,7,0.125,Plantago,Rumex,Plantae,Plantae
halcampoides_purpureus,pagellus_erythrinus,26,7.32,3.55,8.28,3.813657131173967e-16,2.6355642239937954e-14,11,24,7,1.0,Halcampoides,Pagellus,Cnidaria,Actinopterygii
holothuria_forskali,nerocila_bivittata,18,4.97,3.63,8.28,8.179104723423172e-16,5.427797123025594e-14,6,13,5,1.0,Holothuria,Nerocila,Echinodermata,Malacostraca
rissoa_decorata,rissoa_variabilis,16,3.88,4.12,8.28,1.0533182904794352e-15,6.898606045275319e-14,12,15,5,1.0,Rissoa,Rissoa,Mollusca,Mollusca
scorpaena_scrofa,spicara_smaris,15,3.37,4.45,8.28,1.1266985718993866e-15,7.31432066375915e-14,9,15,7,1.0,Scorpaena,Spicara,Actinopterygii,Actinopterygii
millerigobius_macrocephalus,xantho_poressa,9,1.08,8.36,8.28,2.0457249120253707e-06,2.0988128307504747e-05,7,8,5,1.0,Millerigobius,Xantho,Actinopterygii,Malacostraca
holothuria_forskali,salpa_fusiformis,10,2.62,3.82,8.28,0.00039525129055706376,0.001927795498617103,7,9,8,1.0,Holothuria,Salpa,Echinodermata,Animalia
asparagus_acutifolius,viburnum_tinus,22,6.84,3.22,8.27,6.174418666509664e-16,4.1355681863754604e-14,19,19,20,1.0,Asparagus,Viburnum,Plantae,Plantae
peronaea_planata,peronidia_albicans,17,4.11,4.13,8.27,9.10258886163988e-16,6.002602445428511e-14,15,17,13,1.0,Peronaea,Peronidia,Mollusca,Mollusca
doto_millbayana,nudibranchus_exiguus,13,2.85,4.56,8.27,1.841242210850264e-15,1.1590407295315768e-13,6,13,5,0.308,Doto,Nudibranchus,Mollusca,Mollusca
ascidia_mentula,haliclona_fulva,6,1.17,5.13,8.27,0.0013231463591327763,0.005225455183488135,3,6,5,1.0,Ascidia,Haliclona,Animalia,Porifera
hermodice_carunculata,synodus_saurus,27,8.63,3.13,8.26,4.514484571782149e-16,3.0975978594853524e-14,17,27,21,0.593,Hermodice,Synodus,Annelida,Actinopterygii
callista_chione,chamelea_striatula,10,1.83,5.48,8.26,2.1875281421279702e-05,0.0001649725007107297,5,9,6,1.0,Callista,Chamelea,Mollusca,Mollusca
rudmania_krohni,simnia_spelta,23,6.71,3.43,8.25,6.541362332732193e-16,4.3686440937975627e-14,15,19,16,1.0,Rudmania,Simnia,Mollusca,Mollusca
lutraria_magna,tritia_mutabilis,7,1.27,5.5,8.24,0.00035524319501401,0.0017633434029210224,5,7,5,1.0,Lutraria,Tritia,Mollusca,Mollusca
moerella_pulchella,tritia_mutabilis,20,6.03,3.32,8.23,1.0889650325803486e-15,7.101173441760095e-14,14,18,16,1.0,Moerella,Tritia,Mollusca,Mollusca
luisella_babai,scorpaena_scrofa,17,4.89,3.47,8.23,1.4632446677480023e-15,9.287693592465061e-14,6,16,10,1.0,Luisella,Scorpaena,Mollusca,Actinopterygii
barbatia_barbata,peronaea_planata,22,6.18,3.56,8.22,8.469750372787345e-16,5.6077535744057084e-14,20,21,19,1.0,Barbatia,Peronaea,Mollusca,Mollusca
bispira_volutacornis,scorpaena_scrofa,18,4.88,3.69,8.22,1.3255217909545035e-15,8.469518158908632e-14,6,18,9,1.0,Bispira,Scorpaena,Annelida,Actinopterygii
loripes_orbiculatus,tritia_neritea,16,3.84,4.17,8.22,1.5814596922301675e-15,9.988513288579179e-14,11,15,8,1.0,Loripes,Tritia,Mollusca,Mollusca
jania_rubens,nemalion_elminthoides,5,0.43,11.52,8.22,8.943168281450031e-05,0.0005502503517924425,4,5,5,1.0,Jania,Nemalion,Plantae,Plantae
columbella_rustica,notocochlis_dillwynii,5,0.52,9.57,8.22,0.0002101060300851998,0.0011322413270621833,5,5,5,1.0,Columbella,Notocochlis,Mollusca,Mollusca
hippolyte_varians,limacia_clavigera,6,0.53,11.36,8.21,1.916996712825192e-05,0.00014721852180203405,6,6,5,0.0,Hippolyte,Limacia,Malacostraca,Mollusca
canthigaster_capistrata,diplodus_cadenati,20,5.11,3.92,8.2,1.1847614255561713e-15,7.663630279043972e-14,11,18,13,0.1,Canthigaster,Diplodus,Actinopterygii,Actinopterygii
dictyota_cyanoloma,diplodus_cadenati,7,0.65,10.69,8.2,5.780293422796845e-06,5.2322850905939166e-05,5,5,6,0.0,Dictyota,Diplodus,,Actinopterygii
anomia_ephippium,conus_ventricosus,15,3.38,4.44,8.19,2.2292077382214454e-15,1.3851868838946245e-13,9,15,8,1.0,Anomia,Conus,Mollusca,Mollusca
acanthocardia_tuberculata,donax_venustus,10,1.68,5.95,8.19,6.98678478850365e-15,4.0410926500507287e-13,8,10,9,1.0,Acanthocardia,Donax,Mollusca,Mollusca
cernuella_virgata,theba_pisana,8,1.06,7.53,8.19,1.567695301230021e-05,0.0001238121405929275,6,8,6,1.0,Cernuella,Theba,Mollusca,Mollusca
donax_semistriatus,polybius_vernalis,6,0.63,9.57,8.19,4.9550805175102575e-05,0.00033334020200832213,6,6,6,1.0,Donax,Polybius,Mollusca,Malacostraca
coryphellina_flamma,nembrotha_cristata,15,3.34,4.49,8.18,2.439418279709464e-15,1.5109179757830597e-13,9,14,11,0.0,Coryphellina,Nembrotha,Mollusca,Mollusca
chamelea_gallina,striarca_lactea,13,2.74,4.74,8.18,3.5231155009983926e-15,2.1395730004060032e-13,8,13,7,1.0,Chamelea,Striacta,Mollusca,Mollusca
anomia_ephippium,donax_trunculus,26,8.29,3.14,8.17,1.0112705374659808e-15,6.634533655935698e-14,15,26,13,1.0,Anomia,Donax,Mollusca,Mollusca
cardites_antiquatus,papillicardium_papillosum,23,7.01,3.28,8.17,1.2619264374500736e-15,8.111193997848748e-14,16,23,10,1.0,Cardites,Papillicardium,Mollusca,Mollusca
aplidium_punctum,dysidea_fragilis,9,1.14,7.91,8.17,3.1677463329105038e-06,3.0760034434981596e-05,7,9,6,0.111,Aplidium,Dysidea,Animalia,Porifera
cardita_calyculata,coralliophila_meyendorffii,5,0.48,10.43,8.17,0.00014211025863009041,0.0008130951197030512,5,5,5,0.6,Cardita,Coralliophila,Mollusca,Mollusca
cistus_salviifolius,phillyrea_angustifolia,25,7.24,3.45,8.16,1.1050704942046765e-15,7.184454921803361e-14,13,24,8,0.4,Cistus,Phillyrea,Plantae,Plantae
chama_gryphoides,didemnum_lahillei,16,3.24,4.94,8.16,2.2719586915303395e-15,1.4109904533642114e-13,7,15,6,1.0,Chama,Didemnum,Mollusca,Animalia
hippolyte_varians,polycera_quadrilineata,13,2.64,4.93,8.16,3.932668163711169e-15,2.375768763147255e-13,9,13,5,0.077,Hippolyte,Polycera,Malacostraca,Mollusca
canthigaster_capistrata,sparisoma_cretense,28,9.32,3.0,8.15,1.0897950283871956e-15,7.101173441760095e-14,16,26,17,0.036,Canthigaster,Sparisoma,Actinopterygii,Actinopterygii
bosemprella_incarnata,neverita_josephinia,25,7.25,3.45,8.15,1.2180596456470637e-15,7.855438791293484e-14,19,25,20,1.0,Bosemprella,Neverita,Mollusca,Mollusca
ostrea_edulis,pecten_jacobaeus,8,1.2,6.67,8.15,3.6702057777726615e-05,0.00025737910057372883,8,8,8,1.0,Ostrea,Pecten,Mollusca,Mollusca
ophidiaster_ophidianus,pycnoclavella_communis,9,1.73,5.19,8.15,8.343252578879579e-05,0.0005183440551062261,5,8,5,0.778,Ophidiaster,Pycnoclavella,Echinodermata,Animalia
ilia_nucleus,stenopus_spinosus,7,1.14,6.12,8.15,0.00018794185569714905,0.0010309329370409655,7,7,5,1.0,Ilia,Stenopus,Malacostraca,Malacostraca
bolma_rugosa,conus_ventricosus,18,4.64,3.88,8.14,2.405044160752564e-15,1.490428765440228e-13,13,18,13,1.0,Bolma,Conus,Mollusca,Mollusca
coris_melanura,diplodus_cadenati,16,3.25,4.93,8.14,2.720667751267972e-15,1.6743152116296768e-13,8,14,11,0.062,Coris,Diplodus,Actinopterygii,Actinopterygii
scorpaena_maderensis,similiparma_lurida,12,2.48,4.84,8.14,6.3754142852420336e-15,3.722621527202348e-13,9,10,8,0.0,Scorpaena,Similiparma,Actinopterygii,Actinopterygii
learchis_poica,limenandra_nodosa,5,0.65,7.64,8.13,0.0005819418134201948,0.002662999922207725,5,5,5,0.0,Learchis,Limenandra,Mollusca,Mollusca
parablennius_rouxi,paraflabellina_ischitana,28,8.83,3.17,8.12,1.3418138749865467e-15,8.559375728347182e-14,16,26,21,1.0,Parablennius,Paraflabellina,Actinopterygii,Mollusca
galathea_strigosa,gnathophyllum_elegans,22,6.32,3.48,8.11,2.0401054031094865e-15,1.2745569569404843e-13,7,21,8,1.0,Galathea,Gnathophyllum,Malacostraca,Malacostraca
chthamalus_montagui,mytilus_galloprovincialis,12,2.3,5.22,8.11,7.326868461592698e-15,4.2271110664539264e-13,6,11,5,0.083,Chthamalus,Mytilus,Crustacea,Mollusca
berthella_plumula,hiatella_arctica,8,0.9,8.86,8.11,4.942232592064499e-06,4.5622192591041555e-05,5,8,6,0.0,Berthella,Hiatella,Mollusca,Mollusca
edmundsella_pedata,tenellia_ocellata,21,5.55,3.79,8.1,2.2076553826428466e-15,1.3732760837040307e-13,8,21,6,1.0,Edmundsella,Tenellia,Mollusca,Mollusca
antiopella_cristata,candiella_striata,17,4.51,3.77,8.08,4.227228681378064e-15,2.5351049089509555e-13,7,16,7,1.0,Antiopella,Candiella,Mollusca,Mollusca
epitonium_clathrus,laevicardium_crassum,7,0.89,7.87,8.08,4.043727144886766e-05,0.0002798759639528597,5,7,5,0.571,Epitonium,Laevicardium,Mollusca,Mollusca
patella_rustica,ruditapes_decussatus,9,1.58,5.68,8.08,4.2054679183278765e-05,0.0002896262111806819,7,9,8,1.0,Patella,Ruditapes,Mollusca,Mollusca
ensis_minor,solen_marginatus,20,5.89,3.4,8.07,3.5066829249054663e-15,2.1307167704684038e-13,17,20,14,1.0,Ensis,Solen,Mollusca,Mollusca
ruditapes_philippinarum,tritia_nitida,16,4.11,3.9,8.07,5.294074685225917e-15,3.1133158756343366e-13,5,14,5,1.0,Ruditapes,Tritia,Mollusca,Mollusca
phycis_phycis,uranoscopus_scaber,10,1.42,7.03,8.07,1.5155948894110525e-14,8.398393152463246e-13,6,7,8,1.0,Phycis,Uranoscopus,Actinopterygii,Actinopterygii
helicodonta_obvoluta,lauria_cylindracea,5,0.79,6.31,8.07,0.0013497250318000864,0.005310940725578836,5,5,5,1.0,Helicodonta,Lauria,Mollusca,Mollusca
barbatia_barbata,cardita_calyculata,22,7.02,3.13,8.06,3.4418996563092766e-15,2.0935618162906753e-13,16,21,16,1.0,Barbatia,Cardita,Mollusca,Mollusca
irus_irus,musculus_costulatus,19,6.33,3.0,8.06,4.836574667658257e-15,2.8662178395725406e-13,12,18,5,1.0,Irus,Musculus,Mollusca,Mollusca
cereus_pedunculatus,elysia_timida,9,1.19,7.55,8.06,4.59769060578985e-06,4.281218465481846e-05,5,9,6,1.0,Cereus,Elysia,Cnidaria,Mollusca
chondrilla_nucula,sarcotragus_spinosulus,7,0.75,9.37,8.06,1.3450452029495352e-05,0.0001088087827825281,7,7,6,1.0,Chondrilla,Sarcotragus,Porifera,Porifera
aplysina_aerophoba,diplodus_cadenati,9,1.67,5.39,8.06,6.25462604237903e-05,0.00040581095887938376,6,8,7,0.0,Aplysina,Diplodus,Porifera,Actinopterygii
celtis_australis,polypodium_cambricum,5,0.64,7.75,8.06,0.0005456989234529086,0.0025204144961499773,5,5,5,1.0,Celtis,Polypodium,Plantae,Plantae
edmundsella_pedata,lysmata_seticaudata,27,7.78,3.47,8.05,2.296314317719774e-15,1.4245804774291268e-13,9,26,7,1.0,Edmundsella,Lysmata,Mollusca,Malacostraca
rudmania_krohni,yungia_aurantiaca,24,6.8,3.53,8.05,2.7099580118026307e-15,1.6686157284431334e-13,9,22,14,1.0,Rudmania,Yungia,Mollusca,Platyhelminthes
aulostomus_strigosus,chromis_limbata,17,4.04,4.2,8.05,5.146255607871936e-15,3.0328567203893013e-13,12,16,9,0.0,Aulostomus,Chromis,Actinopterygii,Actinopterygii
barbatia_barbata,tritia_nitida,11,1.81,6.08,8.05,1.3204923975332496e-14,7.359748725951645e-13,11,11,10,1.0,Barbatia,Tritia,Mollusca,Mollusca
felimare_tricolor,felimida_binza,33,10.82,3.05,8.04,2.014104224804193e-15,1.259678952846592e-13,18,30,16,1.0,Felimare,Felimida,Mollusca,Mollusca
epitonium_clathrus,tritia_incrassata,17,5.21,3.26,8.04,6.883098381545388e-15,3.9894101508522935e-13,13,17,11,1.0,Epitonium,Tritia,Mollusca,Mollusca
petrosedum_sediforme,rhamnus_alaternus,17,5.65,3.01,8.04,7.853433805343414e-15,4.519215724829084e-13,17,17,14,0.765,Petrosedum,Rhamnus,Plantae,Plantae
hedera_helix,phragmites_australis,9,1.36,6.63,8.04,1.2843796950989805e-05,0.00010448815648201607,7,9,7,0.778,Hedera,Phragmites,Plantae,Plantae
ocenebra_erinaceus,trivia_monacha,22,5.53,3.97,8.03,3.586837834717809e-15,2.1748319258464762e-13,18,22,19,0.045,Ocenebra,Trivia,Mollusca,Mollusca
sparisoma_cretense,thalassoma_pavo,25,7.31,3.42,8.02,3.2329689227613523e-15,1.9748194685991455e-13,19,23,18,0.36,Sparisoma,Thalassoma,Actinopterygii,Actinopterygii
conus_ventricosus,muricopsis_cristata,11,1.77,6.23,8.02,1.684293927031542e-14,9.29297881081139e-13,11,10,8,1.0,Conus,Muricopsis,Mollusca,Mollusca
conger_conger,pecten_jacobaeus,9,1.32,6.8,8.02,1.0490776305438487e-05,8.76353704221402e-05,4,8,6,1.0,Conger,Pecten,Actinopterygii,Mollusca
anas_platyrhynchos,passer_montanus,24,7.03,3.41,8.01,3.743474945878573e-15,2.267420019269165e-13,7,23,5,0.667,Anas,Passer,Aves,Aves
cyperus_capitatus,eryngium_maritimum,20,5.07,3.95,8.01,4.760268293200836e-15,2.823902927136504e-13,9,18,15,0.9,Cyperus,Eryngium,Plantae,Plantae
bosemprella_incarnata,donax_trunculus,22,7.28,3.02,8.01,4.890239631399212e-15,2.8935550410668453e-13,18,21,19,1.0,Bosemprella,Donax,Mollusca,Mollusca
aegires_punctilucens,limacia_clavigera,8,0.96,8.33,8.01,7.65853127482341e-06,6.681187200816298e-05,7,8,7,0.0,Aegires,Limacia,Mollusca,Mollusca
dosinia_lupinus,glycymeris_nummaria,9,2.14,4.2,8.01,0.000386669546076579,0.0018925894713092664,8,9,8,1.0,Dosinia,Glycymeris,Mollusca,Mollusca
caloria_quatrefagesi,trapania_lineata,23,6.54,3.52,8.0,4.4899103413813266e-15,2.6786930656058744e-13,10,18,14,1.0,Caloria,Trapania,Mollusca,Mollusca
anomia_ephippium,neverita_josephinia,17,4.59,3.7,8.0,8.232063937882375e-15,4.725294937218741e-13,9,16,10,1.0,Anomia,Neverita,Mollusca,Mollusca
melarhaphe_neritoides,pisania_striata,14,2.9,4.82,8.0,1.06349948340482e-14,6.011746540047542e-13,11,11,10,1.0,Melarhaphe,Pisania,Mollusca,Mollusca
arca_noae,chamelea_gallina,29,9.12,3.18,7.99,3.3778422710672137e-15,2.058946777756758e-13,23,28,23,1.0,Arca,Chamelea,Mollusca,Mollusca
limacia_clavigera,polycera_faeroensis,17,3.62,4.7,7.98,7.664305500092144e-15,4.4147932541630764e-13,9,16,10,0.0,Limacia,Polycera,Mollusca,Mollusca
steromphala_divaricata,tritia_neritea,7,1.91,3.67,7.98,0.003510856044778299,0.011476453757700513,5,7,6,1.0,Steromphala,Tritia,Mollusca,Mollusca
astropecten_platyacanthus,chelidonichthys_obscurus,27,8.9,3.04,7.97,4.582794605664585e-15,2.731279202022674e-13,7,26,5,1.0,Astropecten,Chelidonichthys,Echinodermata,Actinopterygii
agelas_oroides,pagellus_erythrinus,26,8.04,3.23,7.97,4.644666729822267e-15,2.7630422735189073e-13,3,26,5,1.0,Agelas,Pagellus,Porifera,Actinopterygii
arca_noae,conus_ventricosus,24,7.66,3.13,7.97,5.4386332558441845e-15,3.191810013276992e-13,16,24,18,1.0,Arca,Conus,Mollusca,Mollusca
dardanus_calidus,ophidiaster_ophidianus,19,6.21,3.06,7.97,9.118249949987677e-15,5.197718294103812e-13,12,18,8,1.0,Dardanus,Ophidiaster,Malacostraca,Echinodermata
epitonium_clathrus,ocenebra_erinaceus,17,4.79,3.55,7.97,1.0569356915503296e-14,5.980511758809635e-13,15,17,13,0.882,Epitonium,Ocenebra,Mollusca,Mollusca
chamelea_gallina,irus_irus,9,1.72,5.23,7.97,7.849727666975337e-05,0.0004926295288697646,6,9,5,1.0,Chamelea,Irus,Mollusca,Mollusca
pomadasys_incisus,serranus_atricauda,20,5.11,3.91,7.96,6.987480086543047e-15,4.0410926500507287e-13,11,18,14,0.05,Pomadasys,Serranus,Actinopterygii,Actinopterygii
aulostomus_strigosus,canthigaster_capistrata,16,3.87,4.14,7.96,1.1678061429630023e-14,6.562728726532182e-13,10,14,9,0.0,Aulostomus,Canthigaster,Actinopterygii,Actinopterygii
limacia_clavigera,ophiocomina_nigra,8,0.97,8.27,7.96,8.08457906331661e-06,7.001773014661906e-05,5,8,6,0.0,Limacia,Ophiocomina,Mollusca,Echinodermata
chamelea_gallina,dosinia_lupinus,26,8.24,3.16,7.95,5.647249995342597e-15,3.307502737485758e-13,17,26,13,1.0,Chamelea,Dosinia,Mollusca,Mollusca
ophidiaster_ophidianus,seriola_dumerili,20,5.96,3.35,7.95,8.554144635793745e-15,4.897970569691762e-13,13,18,13,1.0,Ophidiaster,Seriola,Echinodermata,Actinopterygii
dysidea_avara,penaeus_kerathurus,9,1.32,6.82,7.95,1.0222777328650068e-05,8.576353330686007e-05,3,8,6,1.0,Dysidea,Penaeus,Porifera,Malacostraca
percnon_gibbesi,stephanolepis_hispida,6,0.62,9.69,7.95,4.6254271951151615e-05,0.00031441333171232426,5,6,5,0.0,Percnon,Stephanolepis,Malacostraca,Actinopterygii
aplysina_aerophoba,sparisoma_cretense,17,3.86,4.4,7.94,1.1034366241901938e-14,6.222237535644008e-13,11,15,11,0.118,Aplysina,Sparisoma,Porifera,Actinopterygii
bulla_striata,tritia_mutabilis,13,2.66,4.89,7.94,2.1304013158893627e-14,1.1576922320552742e-12,8,12,11,1.0,Bulla,Tritia,Mollusca,Mollusca
donax_variegatus,laevicardium_crassum,12,2.29,5.25,7.94,2.5916305315985797e-14,1.3899730156530856e-12,8,12,7,0.75,Donax,Laevicardium,Mollusca,Mollusca
muraena_augusti,pseudocaranx_dentex,23,7.23,3.18,7.93,8.13805428096806e-15,4.675992046806207e-13,18,23,15,0.0,Muraena,Pseudocaranx,Actinopterygii,Actinopterygii
pagurus_cuanensis,sicyonia_carinata,17,4.22,4.03,7.93,1.2393791892599434e-14,6.934504134021492e-13,13,16,8,1.0,Pagurus,Sicyonia,Malacostraca,Malacostraca
aplysia_dactylomela,stenorhynchus_lanceolatus,16,4.23,3.78,7.93,1.521902341619357e-14,8.425239661889303e-13,11,16,8,0.0,Aplysia,Stenorhynchus,Mollusca,Malacostraca
canthigaster_capistrata,thalassoma_pavo,7,0.85,8.25,7.92,3.00066330846116e-05,0.0002166374730763674,6,6,5,0.0,Canthigaster,Thalassoma,Actinopterygii,Actinopterygii
jujubinus_exasperatus,tricolia_pullus,20,6.65,3.01,7.91,1.3514410983079177e-14,7.524959897992525e-13,11,20,5,0.95,Jujubinus,Tricolia,Mollusca,Mollusca
chamelea_gallina,talochlamys_multistriata,14,2.61,5.37,7.91,2.03595596028303e-14,1.1123698695375642e-12,9,14,5,1.0,Chamelea,Talochlamys,Mollusca,Mollusca
elysia_timida,felimare_villafranca,9,1.2,7.49,7.91,4.930716160811421e-06,4.552317876183034e-05,5,8,7,1.0,Elysia,Felimare,Mollusca,Mollusca
bolinus_brandaris,glycymeris_nummaria,21,6.57,3.2,7.9,1.1775965264121642e-14,6.60486028377736e-13,17,20,18,1.0,Bolinus,Glycymeris,Mollusca,Mollusca
halocynthia_papillosa,luisella_babai,15,4.21,3.57,7.9,2.4514000308330756e-14,1.3221492937832098e-12,4,15,5,1.0,Halocynthia,Luisella,Animalia,Mollusca
felimida_binza,holothuria_sanctori,10,1.59,6.29,7.89,5.801444574277849e-14,2.9586083255206075e-12,7,8,6,1.0,Felimida,Holothuria,Mollusca,Echinodermata
acteon_tornatilis,tritia_neritea,22,6.24,3.52,7.88,1.1738978802575773e-14,6.593746045694488e-13,8,18,11,1.0,Acteon,Tritia,Mollusca,Mollusca
mactra_corallina,spondylus_gaederopus,7,0.99,7.07,7.88,7.805614598987987e-05,0.0004902082557031247,5,7,6,1.0,Mactra,Spondylus,Mollusca,Mollusca
mycteroperca_rubra,ophidiaster_ophidianus,26,8.57,3.03,7.87,1.0770451336850915e-14,6.082348410836141e-13,8,16,8,1.0,Mycteroperca,Ophidiaster,Actinopterygii,Echinodermata
striarca_lactea,turritellinella_tricarinata,16,4.1,3.91,7.87,2.3851362265710417e-14,1.2888237985266899e-12,11,16,7,1.0,Striacta,Turritellinella,Mollusca,Mollusca
cardites_antiquatus,mactra_stultorum,15,3.51,4.28,7.87,2.5644550154250144e-14,1.3770731598403566e-12,9,14,8,1.0,Cardites,Mactra,Mollusca,Mollusca
halimeda_tuna,ophidiaster_ophidianus,11,1.95,5.64,7.87,5.172024624322801e-14,2.66236784995748e-12,9,11,5,1.0,Halimeda,Ophidiaster,Plantae,Echinodermata
bittium_reticulatum,steromphala_adansonii,6,0.53,11.42,7.87,1.8650512386919615e-05,0.0001437007510047276,6,6,5,1.0,Bittium,Steromphala,Mollusca,Mollusca
callista_chione,peronaea_planata,18,5.57,3.23,7.86,2.223027590679675e-14,1.2046174532298274e-12,14,16,12,1.0,Callista,Peronaea,Mollusca,Mollusca
solatopupa_similis,xerotricha_conspurcata,9,1.57,5.73,7.86,3.92675820859445e-05,0.0002730268891682751,8,9,8,1.0,Solatopupa,Xerotricha,Mollusca,Mollusca
hacelia_attenuata,hermodice_carunculata,17,4.17,4.08,7.84,2.5048301678840987e-14,1.3490717842960248e-12,10,15,11,1.0,Hacelia,Hermodice,Echinodermata,Annelida
pagellus_acarne,rugulopteryx_okamurae,15,3.08,4.87,7.84,2.976733693556726e-14,1.582517897704241e-12,6,14,7,1.0,Pagellus,Rugulopteryx,Actinopterygii,
cardites_antiquatus,donax_semistriatus,11,2.06,5.34,7.84,6.951118719939296e-14,3.494373076018475e-12,7,10,8,1.0,Cardites,Donax,Mollusca,Mollusca
epitonium_clathrus,gibbula_fanulum,10,3.06,3.26,7.83,0.0012844195647152556,0.005101191834159214,7,10,5,1.0,Epitonium,Gibbula,Mollusca,Mollusca
acromegalomma_vesiculosum,phorbas_topsenti,25,8.32,3.0,7.82,1.6051517608892292e-14,8.873315905061553e-13,10,23,6,1.0,Acromegalomma,Phorbas,Annelida,Porifera
felimare_fontandraui,tripterygion_delaisi,17,4.94,3.44,7.82,3.367557129466447e-14,1.7739188456472453e-12,12,16,12,0.882,Felimare,Tripterygion,Mollusca,Actinopterygii
donax_venustus,spisula_subtruncata,15,3.28,4.57,7.82,3.442022629052091e-14,1.8123161561120526e-12,11,15,7,1.0,Donax,Spisula,Mollusca,Mollusca
calliostoma_conulus,phallusia_fumigata,10,1.53,6.54,7.82,9.418336721694335e-14,4.630943506982818e-12,4,10,5,1.0,Calliostoma,Phallusia,Mollusca,Animalia
calyx_nicaeensis,diaphorodoris_papillata,8,0.97,8.23,7.82,8.350369144705105e-06,7.193030708438813e-05,4,7,6,1.0,Calyx,Diaphorodoris,Porifera,Mollusca
tritia_corrugata,tritia_neritea,8,0.98,8.13,7.82,9.115248635560569e-06,7.76998227015257e-05,7,8,8,1.0,Tritia,Tritia,Mollusca,Mollusca
ocenebra_edwardsii,steromphala_divaricata,7,1.59,4.4,7.82,0.0012890034166513908,0.005116574772143018,7,7,7,1.0,Ocenebra,Steromphala,Mollusca,Mollusca
conus_ventricosus,diogenes_pugilator,10,2.36,4.23,7.79,0.00017839385333084934,0.0009863073129110316,9,9,7,1.0,Conus,Diogenes,Mollusca,Malacostraca
gibbula_magus,tritia_reticulata,9,2.12,4.24,7.79,0.0003655133812369149,0.0018052991885109343,5,9,7,0.556,Gibbula,Tritia,Mollusca,Mollusca
phorbas_topsenti,pyura_dura,25,7.78,3.21,7.78,2.0863951257957185e-14,1.1375346146340272e-12,13,23,7,1.0,Phorbas,Pyura,Porifera,Animalia
acanthocardia_tuberculata,donax_semistriatus,22,6.27,3.51,7.78,2.546483924327702e-14,1.3683075280701893e-12,15,21,18,1.0,Acanthocardia,Donax,Mollusca,Mollusca
alvania_discors,tritia_incrassata,14,3.74,3.74,7.78,6.91557102451945e-14,3.480565505935949e-12,8,13,6,0.929,Alvania,Tritia,Mollusca,Mollusca
ariosoma_balearicum,diplosoma_spongiforme,12,2.51,4.78,7.78,8.677235793662457e-14,4.296284621296889e-12,5,11,5,0.917,Ariosoma,Diplosoma,Actinopterygii,Animalia
arca_noae,epitonium_clathrus,10,2.94,3.4,7.78,0.0009587931280349293,0.00401500503515452,9,10,9,1.0,Arca,Epitonium,Mollusca,Mollusca
felimare_villafranca,rudmania_purpurea,21,6.49,3.24,7.77,3.1046409638075344e-14,1.6467175764018562e-12,7,20,8,0.952,Felimare,Rudmania,Mollusca,Mollusca
similiparma_lurida,thalassoma_pavo,9,1.81,4.97,7.77,0.00011447839072264987,0.0006781698218137582,8,8,7,0.0,Similiparma,Thalassoma,Actinopterygii,Actinopterygii
aglaophenia_tubiformis,cladostephus_spongiosus,13,2.38,5.45,7.76,7.243810900158635e-14,3.6314882112353152e-12,10,13,6,1.0,Aglaophenia,Cladostephus,Cnidaria,
balanophyllia_regia,scartella_cristata,12,2.55,4.71,7.76,1.0246716619219277e-13,4.99561041642208e-12,5,12,5,0.0,Balanophyllia,Scartella,Cnidaria,Actinopterygii
galathea_strigosa,phycis_phycis,27,8.53,3.16,7.75,2.4309114753021087e-14,1.3117130004716822e-12,15,26,11,1.0,Galathea,Phycis,Malacostraca,Actinopterygii
placida_cremoniana,spurilla_neapolitana,19,6.33,3.0,7.75,4.936513195485815e-14,2.5445461573724737e-12,5,17,5,0.842,Placida,Spurilla,Mollusca,Mollusca
serranus_papilionaceus,sparisoma_cretense,12,2.47,4.85,7.75,1.0639982828249018e-13,5.178574489841994e-12,8,11,9,0.083,Serranus,Sparisoma,Actinopterygii,Actinopterygii
callista_chione,donacilla_cornea,10,1.92,5.2,7.75,1.8021058214009723e-13,8.454263188317435e-12,8,10,9,1.0,Callista,Donacilla,Mollusca,Mollusca
asparagus_acutifolius,portulaca_oleracea,6,0.96,6.27,7.75,0.0004739623182278274,0.002243527270731085,4,5,5,0.833,Asparagus,Portulaca,Plantae,Plantae
elysia_viridis,thuridilla_hopei,19,5.11,3.72,7.74,4.3619337364087304e-14,2.2676543960705387e-12,12,19,12,1.0,Elysia,Thuridilla,Mollusca,Mollusca
erica_arborea,polypodium_cambricum,13,2.7,4.81,7.74,8.690100960392128e-14,4.300405459798173e-12,8,13,9,0.846,Erica,Polypodium,Plantae,Plantae
hermodice_carunculata,seriola_dumerili,11,2.28,4.81,7.74,1.4404568736763804e-13,6.877181669084696e-12,6,10,6,0.909,Hermodice,Seriola,Annelida,Actinopterygii
enchelycore_anatina,muraena_augusti,9,1.43,6.3,7.74,1.915845772193503e-05,0.00014714206422652022,7,9,7,0.0,Enchelycore,Muraena,Actinopterygii,Actinopterygii
balanophyllia_regia,chthamalus_stellatus,21,5.94,3.54,7.73,3.983189370435954e-14,2.0829747990544876e-12,10,21,8,0.81,Balanophyllia,Chthamalus,Cnidaria,Crustacea
chromis_limbata,sparisoma_cretense,19,5.08,3.74,7.73,4.4303306420752434e-14,2.295959564955629e-12,13,16,12,0.0,Chromis,Sparisoma,Actinopterygii,Actinopterygii
diaphorodoris_alba,phyllidia_flava,17,4.17,4.08,7.73,5.5794617549271394e-14,2.854246500953047e-12,7,17,7,1.0,Diaphorodoris,Phyllidia,Mollusca,Mollusca
loripes_orbiculatus,ruditapes_decussatus,14,3.25,4.31,7.73,8.671957453694948e-14,4.296284621296889e-12,11,14,11,1.0,Loripes,Ruditapes,Mollusca,Mollusca
diodora_graeca,hiatella_arctica,14,3.53,3.96,7.73,8.988755248852549e-14,4.4386650651041965e-12,11,14,7,0.714,Diodora,Hiatella,Mollusca,Mollusca
rudmania_krohni,trapania_maculata,15,4.68,3.2,7.73,9.530437580656634e-14,4.676953387605368e-12,11,14,8,1.0,Rudmania,Trapania,Mollusca,Mollusca
gibbula_magus,mactra_corallina,11,2.05,5.37,7.73,1.4265930123156116e-13,6.813815148872625e-12,7,11,7,0.909,Gibbula,Mactra,Mollusca,Mollusca
hippolyte_coerulescens,latreutes_fucorum,5,0.59,8.45,7.73,0.0003708474341419521,0.0018274919925951516,5,5,5,0.0,Hippolyte,Latreutes,Malacostraca,Malacostraca
columbella_rustica,spisula_subtruncata,6,1.5,4.01,7.73,0.004414490868881016,0.013768870642694622,6,6,6,1.0,Columbella,Spisula,Mollusca,Mollusca
periclimenes_amethysteus,simnia_spelta,17,5.5,3.09,7.72,7.793618790168719e-14,3.890190897324944e-12,4,16,7,1.0,Periclimenes,Simnia,Malacostraca,Mollusca
bolinus_brandaris,mactra_corallina,13,2.82,4.62,7.72,1.0896269064226245e-13,5.2921322987989896e-12,12,13,11,1.0,Bolinus,Mactra,Mollusca,Mollusca
columbella_rustica,steromphala_divaricata,23,6.9,3.34,7.71,3.9124275769050016e-14,2.0478296527476775e-12,20,23,21,1.0,Columbella,Steromphala,Mollusca,Mollusca
laevicardium_crassum,papillicardium_papillosum,17,5.13,3.31,7.71,7.620851673651732e-14,3.810558143278533e-12,8,17,5,1.0,Laevicardium,Papillicardium,Mollusca,Mollusca
patella_ulyssiponensis,polititapes_aureus,14,4.42,3.17,7.71,1.385006062016085e-13,6.6371979354617745e-12,12,14,11,0.929,Patella,Polititapes,Mollusca,Mollusca
inachus_phalangium,periclimenes_scriptus,10,1.63,6.12,7.71,2.0382288622742313e-13,9.472049933418336e-12,9,10,10,1.0,Inachus,Periclimenes,Malacostraca,Malacostraca
sisymbrium_officinale,sonchus_oleraceus,9,1.39,6.49,7.71,1.5158334336073942e-05,0.00012037642164838095,8,9,7,0.222,Sisymbrium,Sonchus,Plantae,Plantae
bulla_striata,pinctada_radiata,20,4.94,4.05,7.7,5.021491174739233e-14,2.5871908286880975e-12,12,19,13,1.0,Bulla,Pinctada,Mollusca,Mollusca
ardea_cinerea,myiopsitta_monachus,20,6.5,3.08,7.7,6.061100571260557e-14,3.076048591240093e-12,5,19,7,1.0,Ardea,Myiopsitta,Aves,Aves
irus_irus,pinctada_radiata,18,5.1,3.53,7.7,6.926775352323014e-14,3.4846822169826227e-12,7,17,8,1.0,Irus,Pinctada,Mollusca,Mollusca
conus_ventricosus,xantho_poressa,16,4.05,3.95,7.7,7.807467914990692e-14,3.895415910258067e-12,11,15,10,1.0,Conus,Xantho,Mollusca,Malacostraca
pinnoctopus_macropus,spicara_smaris,14,3.68,3.8,7.7,1.1461357169808243e-13,5.545544692946614e-12,10,13,12,1.0,Pinnoctopus,Spicara,Mollusca,Actinopterygii
mirabilis_jalapa,portulaca_oleracea,5,0.48,10.45,7.7,0.00014081202500415557,0.0008069897785582896,5,5,5,1.0,Mirabilis,Portulaca,Plantae,Plantae
cynodon_dactylon,sorghum_halepense,5,0.48,10.45,7.7,0.00014081202500415557,0.0008069897785582896,5,5,5,0.8,Cynodon,Sorghum,Plantae,Plantae
gastrana_fragilis,mimachlamys_varia,16,4.06,3.94,7.69,8.8043618125854e-14,4.3550781376431444e-12,7,15,7,1.0,Gastrana,Mimachlamys,Mollusca,Mollusca
aplus_dorbignyi,pinctada_radiata,13,3.8,3.42,7.69,1.7932713277216567e-13,8.42544983845211e-12,4,12,5,1.0,Aplus,Pinctada,Mollusca,Mollusca
donax_variegatus,dosinia_exoleta,17,4.73,3.6,7.68,9.004923890821433e-14,4.444744009932272e-12,7,17,10,0.882,Donax,Dosinia,Mollusca,Mollusca
botryllus_schlosseri,ciona_savignyi,9,1.87,4.82,7.68,0.00014339742316227255,0.0008191984894369953,8,9,7,0.222,Botryllus,Ciona,Animalia,Animalia
berghia_coerulescens,trinchesia_morrowae,22,6.09,3.61,7.67,5.388245358431271e-14,2.7637908204484245e-12,10,21,9,1.0,Berghia,Trinchesia,Mollusca,Mollusca
pinctada_radiata,tritia_corniculum,19,5.56,3.41,7.67,7.861455355598982e-14,3.920654124616559e-12,4,19,5,1.0,Pinctada,Tritia,Mollusca,Mollusca
halcampoides_purpureus,synodus_saurus,25,7.53,3.32,7.66,4.8934839560873205e-14,2.523495638661968e-12,13,20,7,1.0,Halcampoides,Synodus,Cnidaria,Actinopterygii
diogenes_pugilator,penaeus_kerathurus,23,7.07,3.25,7.66,5.776206008881683e-14,2.949654419535485e-12,12,19,8,1.0,Diogenes,Penaeus,Malacostraca,Malacostraca
columba_livia,egretta_garzetta,16,3.2,5.0,7.66,9.183331302098113e-14,4.526985448553321e-12,6,15,8,1.0,Columba,Egretta,Aves,Aves
doto_maculata,doto_millbayana,7,0.82,8.49,7.66,2.504718339668699e-05,0.0001854815013197871,6,7,5,0.286,Doto,Doto,Mollusca,Mollusca
galathea_squamifera,pagurus_cuanensis,26,8.62,3.01,7.65,5.2567192197752634e-14,2.6987303074643025e-12,12,25,10,1.0,Galathea,Pagurus,Malacostraca,Malacostraca
pagellus_acarne,phallusia_mammillata,17,3.99,4.26,7.65,9.391563416670242e-14,4.619750947284708e-12,9,15,8,1.0,Pagellus,Phallusia,Actinopterygii,Animalia
felimare_orsinii,tylodina_perversa,19,6.01,3.16,7.65,9.675430873501496e-14,4.743184418514325e-12,9,19,12,1.0,Felimare,Tylodina,Mollusca,Mollusca
bittium_reticulatum,rissoa_decorata,17,5.26,3.23,7.65,1.2243396324684969e-13,5.9065671280946696e-12,10,16,5,1.0,Bittium,Rissoa,Mollusca,Mollusca
holothuria_forskali,manupecten_pesfelis,14,3.78,3.71,7.65,1.7506667481358707e-13,8.235353697519185e-12,7,14,8,1.0,Holothuria,Manupecten,Echinodermata,Mollusca
bispira_volutacornis,caloria_quatrefagesi,6,0.58,10.38,7.65,3.166958664779784e-05,0.00022692269313178895,6,6,6,1.0,Bispira,Caloria,Annelida,Mollusca
anthias_anthias,centrostephanus_longispinus,6,0.62,9.65,7.65,4.7316392281837594e-05,0.00032042309290129426,6,6,6,1.0,Anthias,Centrostephanus,Actinopterygii,Echinodermata
paraflabellina_ischitana,thuridilla_hopei,29,9.38,3.09,7.64,4.7804218735503975e-14,2.4685061475593904e-12,14,29,22,1.0,Paraflabellina,Thuridilla,Mollusca,Mollusca
chroicocephalus_ridibundus,fulica_atra,23,6.95,3.31,7.64,6.952105039958981e-14,3.494373076018475e-12,12,23,12,0.696,Chroicocephalus,Fulica,Aves,Aves
ariosoma_balearicum,diogenes_pugilator,23,7.23,3.18,7.64,7.015973296443374e-14,3.5249375823962604e-12,14,19,12,1.0,Ariosoma,Diogenes,Actinopterygii,Malacostraca
bunodactis_verrucosa,caulerpa_cylindracea,14,3.79,3.69,7.64,1.8023393623925922e-13,8.454263188317435e-12,5,13,5,1.0,Bunodactis,Caulerpa,Cnidaria,Plantae
chlidonias_hybrida,gallinula_chloropus,7,0.93,7.53,7.64,5.310087746579484e-05,0.00035318015631715424,5,7,5,0.857,Chlidonias,Gallinula,Aves,Aves
semicassis_undulata,sicyonia_carinata,5,0.57,8.71,7.64,0.0003228380878249615,0.0016272418213942451,5,4,5,1.0,Semicassis,Sicyonia,Mollusca,Malacostraca
euphorbia_serrata,moricandia_arvensis,5,0.57,8.71,7.64,0.0003228380878249615,0.0016272418213942451,5,5,5,1.0,Euphorbia,Moricandia,Plantae,Plantae
electra_posidoniae,tridentata_perpusilla,26,8.35,3.11,7.63,5.951548847854105e-14,3.0257821424015194e-12,12,25,9,1.0,Electra,Tridentata,Bryozoa,Cnidaria
bittium_latreillii,bittium_reticulatum,18,5.25,3.43,7.63,1.1255080062265167e-13,5.450316282022682e-12,14,18,15,1.0,Bittium,Bittium,Mollusca,Mollusca
clavelina_lepadiformis,echinaster_sepositus,18,5.49,3.28,7.63,1.198812343930252e-13,5.788263925823166e-12,7,15,10,1.0,Clavelina,Echinaster,Animalia,Echinodermata
hermodice_carunculata,muraena_helena,12,2.52,4.77,7.63,2.446407509660594e-13,1.1210657547451832e-11,9,11,9,1.0,Hermodice,Muraena,Annelida,Actinopterygii
candiella_manicata,thuridilla_hopei,8,0.96,8.34,7.63,7.602833465902847e-06,6.638447980944911e-05,7,8,5,1.0,Candiella,Thuridilla,Mollusca,Mollusca
eryngium_maritimum,graphosoma_semipunctatum,6,0.76,7.89,7.63,0.00014016400092708992,0.0008042115865099145,6,6,6,1.0,Eryngium,Graphosoma,Plantae,Insecta
eryngium_maritimum,salsola_kali,19,4.6,4.13,7.62,9.827875799460578e-14,4.811774770935217e-12,13,18,11,0.789,Eryngium,Salsola,Plantae,Plantae
papillicardium_papillosum,varicorbula_gibba,18,4.97,3.62,7.62,1.1964009061680128e-13,5.779042767051562e-12,10,17,5,1.0,Papillicardium,Varicorbula,Mollusca,Mollusca
diaphorodoris_papillata,felimare_bilineata,15,3.69,4.07,7.62,1.6086217710938693e-13,7.626323560374408e-12,9,15,6,1.0,Diaphorodoris,Felimare,Mollusca,Mollusca
placida_dendritica,pseudoceros_maximus,7,0.96,7.26,7.61,6.626965636735704e-05,0.00042627188677526524,3,5,7,1.0,Placida,Pseudoceros,Mollusca,Platyhelminthes
aglaja_tricolorata,platydoris_argo,5,0.57,8.8,7.61,0.0003075871557900456,0.0015614378556286425,4,4,5,0.8,Aglaja,Platydoris,Mollusca,Mollusca
cerianthus_membranaceus,pinnoctopus_macropus,12,3.85,3.12,7.6,4.969293256853248e-13,2.161942826142453e-11,4,11,7,1.0,Cerianthus,Pinnoctopus,Cnidaria,Mollusca
erodium_malacoides,mercurialis_annua,7,0.8,8.71,7.6,2.1289084156439486e-05,0.00016111066485965017,6,7,7,0.857,Erodium,Mercurialis,Plantae,Plantae
abra_alba,donax_vittatus,6,0.61,9.81,7.6,4.3149634947781124e-05,0.0002963874638996051,6,6,5,0.167,Abra,Donax,Mollusca,Mollusca
actinia_equina,mytilus_galloprovincialis,10,1.51,6.61,7.59,4.4996104278014253e-13,1.9740027407632726e-11,5,9,6,0.1,Actinia,Mytilus,Cnidaria,Mollusca
archidoris_pseudoargus,sabella_pavonina,6,0.6,9.93,7.59,4.036067967982948e-05,0.00027942979217758865,5,5,5,0.0,Archidoris,Sabella,Mollusca,Annelida
gymnothorax_unicolor,hermodice_carunculata,7,1.65,4.25,7.59,0.0015686436399237058,0.006000199943348516,5,7,6,0.0,Gymnothorax,Hermodice,Actinopterygii,Annelida
holothuria_forskali,spicara_smaris,19,6.19,3.07,7.58,1.590610979573196e-13,7.547147746736017e-12,8,15,11,1.0,Holothuria,Spicara,Echinodermata,Actinopterygii
moerella_pulchella,ruditapes_decussatus,10,1.71,5.85,7.58,5.171669218007885e-13,2.2449019615349674e-11,7,8,8,1.0,Moerella,Ruditapes,Mollusca,Mollusca
lagurus_ovatus,sporobolus_pungens,7,0.84,8.34,7.58,2.8072864663442054e-05,0.00020452199460489333,6,6,7,0.857,Lagurus,Sporobolus,Plantae,Plantae
plantago_lanceolata,sambucus_nigra,6,0.57,10.57,7.58,2.870824405543093e-05,0.00020854433117862824,6,6,6,0.5,Plantago,Sambucus,Plantae,Plantae
donacilla_cornea,neverita_josephinia,8,1.47,5.44,7.58,0.00014785380955206762,0.0008405304848574586,6,8,8,1.0,Donacilla,Neverita,Mollusca,Mollusca
athanas_nitescens,porcellana_platycheles,16,3.65,4.39,7.57,1.903907371021796e-13,8.88726680596414e-12,15,16,8,0.875,Athanas,Porcellana,Malacostraca,Malacostraca
bolinus_brandaris,conus_ventricosus,13,2.81,4.63,7.57,3.072715460409786e-13,1.3843923030936605e-11,7,13,7,1.0,Bolinus,Conus,Mollusca,Mollusca
necora_puber,ophisurus_serpens,11,2.29,4.8,7.57,4.96666762788338e-13,2.1616168394509893e-11,5,11,5,1.0,Necora,Ophisurus,Malacostraca,Actinopterygii
caloria_quatrefagesi,lamprohaminoea_ovalis,9,1.7,5.31,7.57,7.055381604437194e-05,0.0004498108369438753,3,8,8,1.0,Caloria,Lamprohaminoea,Mollusca,Mollusca
bittium_reticulatum,ebenomitra_ebenus,10,2.49,4.01,7.57,0.00027108824728527825,0.0014022292762326328,7,10,5,1.0,Bittium,Ebenomitra,Mollusca,Mollusca
ichthyaetus_audouinii,larus_michahellis,22,6.3,3.49,7.56,1.2650169906003408e-13,6.087511168969159e-12,10,21,12,1.0,Ichthyaetus,Larus,Aves,Aves
dictyopteris_polypodioides,hydrolithon_farinosum,17,5.29,3.21,7.56,2.3559916258672295e-13,1.0826472248360921e-11,16,17,8,1.0,Dictyopteris,Hydrolithon,,Plantae
facelina_annulicornis,synodus_saurus,12,2.8,4.29,7.56,4.259545740442092e-13,1.8815824673385383e-11,6,11,5,1.0,Facelina,Synodus,Mollusca,Actinopterygii
acanthocardia_tuberculata,echinolittorina_punctata,11,2.05,5.35,7.56,4.759844216347999e-13,2.0778821261847477e-11,6,9,8,1.0,Acanthocardia,Echinolittorina,Mollusca,Mollusca
epitonium_clathrus,tritia_reticulata,5,0.56,9.0,7.56,0.00027846177978008146,0.0014342518387707116,5,5,5,1.0,Epitonium,Tritia,Mollusca,Mollusca
pomatoschistus_pictus,rostanga_rubra,5,0.56,9.0,7.56,0.00027846177978008146,0.0014342518387707116,3,3,5,0.0,Pomatoschistus,Rostanga,Actinopterygii,Mollusca
echium_sabulicola,lagurus_ovatus,5,0.56,9.0,7.56,0.00027846177978008146,0.0014342518387707116,5,4,5,1.0,Echium,Lagurus,Plantae,Plantae
melarhaphe_neritoides,steromphala_divaricata,8,1.78,4.5,7.56,0.0005167883510428517,0.0024095132781222156,8,8,5,1.0,Melarhaphe,Steromphala,Mollusca,Mollusca
chelidonichthys_lastoviza,torpedo_marmorata,22,6.58,3.34,7.55,1.4023820538692454e-13,6.712090657829354e-12,7,22,6,0.955,Chelidonichthys,Torpedo,Actinopterygii,Elasmobranchii
fissurella_nubecula,ruditapes_decussatus,19,5.32,3.57,7.55,1.735324079351546e-13,8.18337948028225e-12,8,19,11,1.0,Fissurella,Ruditapes,Mollusca,Mollusca
bosellia_mimetica,elysia_gordanae,16,3.76,4.26,7.55,2.2702895963271606e-13,1.0453494910282743e-11,9,16,6,1.0,Bosellia,Elysia,Mollusca,Mollusca
antiopella_cristata,candiella_odhneri,13,2.61,4.98,7.55,3.339577928916837e-13,1.4970145358869078e-11,8,13,7,0.923,Antiopella,Candiella,Mollusca,Mollusca
epitonium_clathrus,neverita_josephinia,12,3.37,3.56,7.54,6.159959478726608e-13,2.6351725651215003e-11,9,12,6,1.0,Epitonium,Neverita,Mollusca,Mollusca
exidmonea_atlantica,smittina_cervicornis,8,1.05,7.64,7.54,1.4264521384199647e-05,0.00011427885407130293,7,7,6,1.0,Exidmonea,Smittina,Bryozoa,Bryozoa
mactra_glauca,pholas_dactylus,6,0.58,10.27,7.54,3.357921114799378e-05,0.00023858760584022915,6,6,5,0.5,Mactra,Pholas,Mollusca,Mollusca
isarachnanthus_maderensis,pyramidella_dolabrata,6,0.79,7.59,7.54,0.00017239090625875697,0.000958037721400571,3,5,5,0.0,Isarachnanthus,Pyramidella,Cnidaria,Mollusca
diplodus_cadenati,scartella_cristata,15,3.49,4.3,7.53,2.909287465483614e-13,1.3138437991908045e-11,11,15,11,0.0,Diplodus,Scartella,Actinopterygii,Actinopterygii
bulla_striata,clanculus_corallinus,10,2.37,4.22,7.53,9.703550720189957e-13,3.9995987734123926e-11,8,10,8,1.0,Bulla,Clanculus,Mollusca,Mollusca
polyommatus_icarus,sympetrum_fonscolombii,16,3.67,4.36,7.52,2.762777410772417e-13,1.2527931017845112e-11,7,16,8,1.0,Polyommatus,Sympetrum,Insecta,Insecta
chelidonichthys_lastoviza,uranoscopus_scaber,15,3.17,4.74,7.52,2.91068708109513e-13,1.3139607934580071e-11,6,13,8,1.0,Chelidonichthys,Uranoscopus,Actinopterygii,Actinopterygii
calystegia_soldanella,medicago_littoralis,10,1.53,6.55,7.52,7.335447978729626e-13,3.0932391981755777e-11,8,10,9,1.0,Calystegia,Medicago,Plantae,Plantae
eryngium_maritimum,theba_pisana,9,1.4,6.41,7.52,1.0950980688208176e-12,4.478511818261749e-11,9,9,9,1.0,Eryngium,Theba,Plantae,Mollusca
parvicardium_exiguum,tritia_corniculum,7,1.38,5.07,7.52,0.0005744816570150135,0.00263392306342809,4,6,6,1.0,Parvicardium,Tritia,Mollusca,Mollusca
clanculus_cruciatus,conus_ventricosus,18,5.6,3.21,7.51,2.861085657133414e-13,1.2925824001741093e-11,12,18,8,1.0,Clanculus,Conus,Mollusca,Mollusca
bromus_hordeaceus,plantago_lagopus,16,4.4,3.64,7.51,3.318695592175469e-13,1.4899727474707042e-11,10,9,9,1.0,Bromus,Plantago,Plantae,Plantae
atherina_presbyter,symphodus_melops,7,1.29,5.41,7.5,0.0003943473661166541,0.0019244458832593306,4,6,5,0.0,Atherina,Symphodus,Actinopterygii,Actinopterygii
amphorina_farrani,diaphorodoris_alba,17,5.42,3.14,7.49,3.920404640800448e-13,1.741119106548862e-11,8,17,7,1.0,Amphorina,Diaphorodoris,Mollusca,Mollusca
ctena_decussata,tritia_corrugata,15,3.36,4.47,7.47,4.482583341093976e-13,1.967282023723392e-11,13,14,10,0.933,Ctena,Tritia,Mollusca,Mollusca
felimida_binza,simnia_spelta,14,3.35,4.19,7.46,5.850139586416429e-13,2.512898884837876e-11,6,13,7,1.0,Felimida,Simnia,Mollusca,Mollusca
alcedo_atthis,fulica_atra,11,2.2,4.99,7.46,9.747847469847965e-13,4.0164199567824213e-11,10,10,9,0.636,Alcedo,Fulica,Aves,Aves
ficus_carica,parietaria_judaica,6,0.69,8.65,7.46,8.584747486151123e-05,0.0005312619517589997,6,6,6,0.667,Ficus,Parietaria,Plantae,Plantae
nembrotha_chamberlaini,nembrotha_milleri,5,0.53,9.41,7.46,0.00022714344725660585,0.001209122710366418,4,5,5,0.0,Nembrotha,Nembrotha,Mollusca,Mollusca
mytilus_edulis,trivia_monacha,5,0.53,9.41,7.46,0.00022714344725660585,0.001209122710366418,5,5,5,0.2,Mytilus,Trivia,Mollusca,Mollusca
dysidea_avara,eupolymnia_nebulosa,16,3.6,4.44,7.45,4.4312483099132097e-13,1.947720451336289e-11,7,16,5,1.0,Dysidea,Eupolymnia,Porifera,Annelida
calyptraea_chinensis,turritellinella_tricarinata,17,4.9,3.47,7.45,4.4670994459227104e-13,1.9612337064332314e-11,11,17,8,1.0,Calyptraea,Turritellinella,Mollusca,Mollusca
dosinia_lupinus,mytilaster_minimus,12,3.64,3.3,7.45,1.2601943034398784e-12,5.09938266714042e-11,8,12,5,1.0,Dosinia,Mytilaster,Mollusca,Mollusca
pisidia_bluteli,xantho_poressa,18,5.78,3.12,7.44,4.696484399406959e-13,2.052556102994231e-11,13,17,8,1.0,Pisidia,Xantho,Malacostraca,Malacostraca
dosinia_lupinus,glycymeris_glycymeris,10,1.94,5.17,7.44,1.5292966604934634e-12,6.085702676182693e-11,7,10,5,1.0,Dosinia,Glycymeris,Mollusca,Mollusca
iberus_splendidus,zonites_algirus,7,0.92,7.59,7.44,5.039919283400529e-05,0.0003381195324510101,6,6,6,1.0,Iberus,Zonites,Mollusca,Mollusca
lysmata_grabhami,stenorhynchus_lanceolatus,7,1.19,5.88,7.44,0.0002403723534156743,0.001268348674158354,5,7,6,0.0,Lysmata,Stenorhynchus,Malacostraca,Malacostraca
eunicella_gazella,felimare_bilineata,7,1.28,5.48,7.44,0.00036296435112115333,0.001795943182002377,4,6,5,1.0,Eunicella,Felimare,Cnidaria,Mollusca
mimachlamys_varia,pinctada_radiata,25,7.87,3.18,7.43,2.8030938516761557e-13,1.2681931385885184e-11,11,25,10,1.0,Mimachlamys,Pinctada,Mollusca,Mollusca
trapania_maculata,trinchesia_morrowae,14,3.92,3.57,7.43,7.985068671544951e-13,3.339062980895334e-11,7,14,5,1.0,Trapania,Trinchesia,Mollusca,Mollusca
peronidia_albicans,pholas_dactylus,11,2.02,5.43,7.43,1.1661556193387572e-12,4.745524265994425e-11,10,11,9,0.818,Peronidia,Pholas,Mollusca,Mollusca
diaphorodoris_alba,trapania_maculata,11,2.85,3.86,7.43,1.5117454245890072e-12,6.026267124372041e-11,8,11,6,1.0,Diaphorodoris,Trapania,Mollusca,Mollusca
eupolymnia_nebulosa,rhyssoplax_olivacea,24,6.88,3.49,7.42,2.854397288550648e-13,1.290066634877163e-11,9,22,7,1.0,Eupolymnia,Rhyssoplax,Annelida,Mollusca
facelina_auriculata,gnathophyllum_elegans,19,5.62,3.38,7.42,4.5071274383074656e-13,1.976547808918056e-11,5,16,5,1.0,Facelina,Gnathophyllum,Mollusca,Malacostraca
cardites_antiquatus,patella_rustica,17,5.13,3.32,7.42,5.719134295312811e-13,2.463054756475578e-11,14,17,12,1.0,Cardites,Patella,Mollusca,Mollusca
atriplex_halimus,sporobolus_pungens,5,0.52,9.62,7.42,0.00020598731870724585,0.0011125439786380472,4,4,5,1.0,Atriplex,Sporobolus,Plantae,Plantae
cantareus_apertus,xerotricha_conspurcata,5,0.52,9.62,7.42,0.00020598731870724585,0.0011125439786380472,4,5,5,1.0,Cantareus,Xerotricha,Mollusca,Mollusca
acanthocardia_tuberculata,flexopecten_glaber,5,0.52,9.62,7.42,0.00020598731870724585,0.0011125439786380472,5,5,5,1.0,Acanthocardia,Flexopecten,Mollusca,Mollusca
ensis_minor,peronaea_planata,24,7.96,3.02,7.41,3.520024071898364e-13,1.571786252631702e-11,16,23,20,1.0,Ensis,Peronaea,Mollusca,Mollusca
mullus_barbatus,sicyonia_carinata,18,5.28,3.41,7.41,5.551702297657307e-13,2.3990184227281036e-11,12,17,8,1.0,Mullus,Sicyonia,Actinopterygii,Malacostraca
haliclona_mucosa,oscarella_lobularis,15,3.33,4.51,7.41,6.478139361671163e-13,2.763078737585948e-11,9,15,7,1.0,Haliclona,Oscarella,Porifera,Porifera
diaphorodoris_papillata,tenellia_genovae,16,4.58,3.49,7.41,7.060601247522878e-13,2.9915759695462504e-11,13,15,7,1.0,Diaphorodoris,Tenellia,Mollusca,Mollusca
peronaea_planata,turritellinella_tricarinata,10,2.01,4.97,7.41,1.9201887146894754e-12,7.52426600976484e-11,8,10,8,1.0,Peronaea,Turritellinella,Mollusca,Mollusca
glans_trapezia,spisula_subtruncata,9,1.4,6.45,7.41,2.149219315365214e-12,8.33384927658479e-11,6,8,5,1.0,Glans,Spisula,Mollusca,Mollusca
falco_tinnunculus,merops_apiaster,7,1.17,5.97,7.41,0.00021968570926877984,0.0011759442640368234,6,6,6,1.0,Falco,Merops,Aves,Aves
epinephelus_costae,mycteroperca_rubra,25,8.0,3.13,7.4,3.428278905151498e-13,1.533792011608051e-11,9,21,11,1.0,Epinephelus,Mycteroperca,Actinopterygii,Actinopterygii
asparagopsis_armata,dictyota_cyanoloma,22,6.12,3.6,7.4,3.832319584111837e-13,1.703969684940255e-11,10,16,12,0.318,Asparagopsis,Dictyota,Plantae,
glycymeris_glycymeris,mactra_stultorum,16,3.72,4.31,7.4,6.498714782610867e-13,2.7708287854030437e-11,11,16,8,1.0,Glycymeris,Mactra,Mollusca,Mollusca
galathea_squamifera,steromphala_umbilicalis,5,0.51,9.73,7.4,0.00019514308492762922,0.0010631449898800055,5,5,5,0.2,Galathea,Steromphala,Malacostraca,Mollusca
conus_ventricosus,tritia_corniculum,5,0.51,9.73,7.4,0.00019514308492762922,0.0010631449898800055,5,5,5,1.0,Conus,Tritia,Mollusca,Mollusca
mactra_corallina,talochlamys_multistriata,5,0.51,9.71,7.4,0.00019684228748140242,0.0010708830226203005,5,5,5,1.0,Mactra,Talochlamys,Mollusca,Mollusca
galeodea_echinophora,semicassis_undulata,5,0.52,9.69,7.4,0.00019902904635249463,0.001080992987411852,5,5,5,1.0,Galeodea,Semicassis,Mollusca,Mollusca
cardita_calyculata,trivia_monacha,6,1.26,4.75,7.4,0.0019387558376604552,0.007130229883799114,6,6,5,0.833,Cardita,Trivia,Mollusca,Mollusca
chthamalus_stellatus,cystoseira_compressa,22,7.22,3.05,7.39,4.690410181621451e-13,2.050679372157562e-11,13,21,12,1.0,Chthamalus,Cystoseira,Crustacea,
aplus_dorbignyi,trivia_monacha,6,1.6,3.74,7.39,0.0060839947554530704,0.017797484429617986,6,6,5,1.0,Aplus,Trivia,Mollusca,Mollusca
aequorea_forskalea,salpa_fusiformis,20,6.18,3.24,7.38,5.676958252069462e-13,2.44715406022879e-11,10,17,8,1.0,Aequorea,Salpa,Cnidaria,Animalia
ebenomitra_ebenus,tritia_corrugata,18,4.66,3.86,7.37,6.719271981400332e-13,2.8574640433563824e-11,11,17,10,1.0,Ebenomitra,Tritia,Mollusca,Mollusca
amphipholis_squamata,striarca_lactea,19,6.07,3.13,7.37,6.915112347557735e-13,2.9342489977460086e-11,8,19,6,0.684,Amphipholis,Striacta,Echinodermata,Mollusca
dosinia_lupinus,neverita_josephinia,18,5.71,3.15,7.37,7.702359803023215e-13,3.232577991794122e-11,13,18,11,1.0,Dosinia,Neverita,Mollusca,Mollusca
acteon_tornatilis,pagellus_acarne,6,0.64,9.38,7.37,5.52262221116262e-05,0.0003648934212059982,4,4,6,1.0,Acteon,Pagellus,Mollusca,Actinopterygii
phorbas_tenacior,raspaciona_aculeata,28,9.24,3.03,7.36,4.0628296429274147e-13,1.8002085622454226e-11,11,26,5,1.0,Phorbas,Raspaciona,Porifera,Porifera
cardites_antiquatus,peronaea_planata,22,7.32,3.01,7.36,5.732215196323644e-13,2.4677657678522767e-11,16,21,18,1.0,Cardites,Peronaea,Mollusca,Mollusca
rissoa_decorata,tricolia_pullus,14,3.38,4.14,7.36,1.1515094212760154e-12,4.6908943199675416e-11,10,13,6,1.0,Rissoa,Tricolia,Mollusca,Mollusca
electra_posidoniae,steromphala_umbilicaris,5,0.5,9.94,7.36,0.0001771452470821222,0.0009804391566105599,4,5,5,1.0,Electra,Steromphala,Bryozoa,Mollusca
pseudoceros_maximus,simnia_spelta,7,1.6,4.39,7.36,0.0013181974861355972,0.005208767730844292,5,6,7,1.0,Pseudoceros,Simnia,Platyhelminthes,Mollusca
conus_ventricosus,tritia_corrugata,19,5.76,3.3,7.35,7.847838468249713e-13,3.2888409708848304e-11,16,19,12,1.0,Conus,Tritia,Mollusca,Mollusca
syngnathus_abaster,tritia_neritea,16,3.81,4.2,7.35,8.834745804620238e-13,3.669062926011067e-11,7,13,5,1.0,Syngnathus,Tritia,Actinopterygii,Mollusca
laevicardium_crassum,venus_casina,13,2.94,4.41,7.35,1.382725902653978e-12,5.5542383155282037e-11,7,13,6,0.154,Laevicardium,Venus,Mollusca,Mollusca
cistus_salviifolius,quercus_suber,12,2.38,5.04,7.35,1.637006568701602e-12,6.469629665204094e-11,12,12,11,1.0,Cistus,Quercus,Plantae,Plantae
ophidion_rochei,spicara_maena,7,0.99,7.05,7.35,7.990825155812509e-05,0.000500156415432469,4,6,6,1.0,Ophidion,Spicara,Actinopterygii,Actinopterygii
quercus_robur,robinia_pseudoacacia,5,0.5,10.0,7.35,0.00017211562995578245,0.0009569233643852111,4,4,5,0.4,Quercus,Robinia,Plantae,Plantae
abida_polyodon,solatopupa_similis,5,0.5,10.0,7.35,0.00017211562995578245,0.0009569233643852111,5,5,5,1.0,Abida,Solatopupa,Mollusca,Mollusca
bosemprella_incarnata,dosinia_lupinus,24,7.93,3.03,7.34,5.920222772524831e-13,2.540161431232591e-11,15,22,12,1.0,Bosemprella,Dosinia,Mollusca,Mollusca
episcomitra_cornicula,synodus_saurus,19,6.01,3.16,7.34,8.474849136886225e-13,3.536169938304385e-11,8,18,7,1.0,Episcomitra,Synodus,Mollusca,Actinopterygii
clanculus_cruciatus,gari_depressa,14,3.45,4.06,7.34,1.3228388611279602e-12,5.3378748916772514e-11,9,14,7,1.0,Clanculus,Gari,Mollusca,Mollusca
felimida_binza,spicara_maena,8,1.1,7.28,7.34,1.9927493972837773e-05,0.00015220142244998315,6,8,5,1.0,Felimida,Spicara,Mollusca,Actinopterygii
eudendrium_racemosum,raspaciona_aculeata,21,6.6,3.18,7.33,7.234537989201501e-13,3.055160243797543e-11,10,21,5,1.0,Eudendrium,Raspaciona,Cnidaria,Porifera
donax_trunculus,sarcotragus_spinosulus,17,5.04,3.37,7.33,1.0819140427367305e-12,4.432461784475188e-11,8,16,5,1.0,Donax,Sarcotragus,Mollusca,Porifera
acteon_tornatilis,epitonium_clathrus,16,4.43,3.61,7.33,1.1404404996386895e-12,4.6523834036960195e-11,13,16,10,0.875,Acteon,Epitonium,Mollusca,Mollusca
ebenomitra_tricolor,tritia_corrugata,15,3.89,3.86,7.33,1.2998333786396087e-12,5.250561169452927e-11,9,14,7,1.0,Ebenomitra,Tritia,Mollusca,Mollusca
cistus_salviifolius,lavandula_stoechas,22,6.64,3.32,7.32,6.897796693055072e-13,2.9279799934661626e-11,10,20,9,0.591,Cistus,Lavandula,Plantae,Plantae
donax_venustus,papillicardium_papillosum,14,3.17,4.41,7.32,1.4556996546020255e-12,5.827047359582062e-11,12,14,6,0.786,Donax,Papillicardium,Mollusca,Mollusca
clibanarius_aequabilis,diplodus_cadenati,12,2.6,4.62,7.32,2.06628356373419e-12,8.052913791489635e-11,10,12,10,0.0,Clibanarius,Diplodus,Malacostraca,Actinopterygii
chelidonichthys_lastoviza,condylactis_aurantiaca,12,3.75,3.2,7.32,3.104589988222252e-12,1.168827401971099e-10,4,9,10,1.0,Chelidonichthys,Condylactis,Actinopterygii,Cnidaria
clibanarius_aequabilis,micromelo_undatus,9,1.61,5.61,7.32,4.333022936060843e-12,1.592793791722889e-10,7,8,5,0.0,Clibanarius,Micromelo,Malacostraca,Mollusca
donacilla_cornea,donax_trunculus,6,0.83,7.21,7.32,0.00022776191604068075,0.0012118549683886285,6,6,6,1.0,Donacilla,Donax,Mollusca,Mollusca
cakile_maritima,medicago_marina,24,7.86,3.05,7.31,6.878153887490461e-13,2.921795134419067e-11,19,24,21,0.958,Cakile,Medicago,Plantae,Plantae
filograna_implexa,pycnoclavella_aurilucens,12,3.74,3.21,7.31,3.3646288901371537e-12,1.2626016503562238e-10,4,11,5,1.0,Filograna,Pycnoclavella,Annelida,Animalia
doris_verrucosa,geitodoris_planata,7,1.2,5.82,7.31,0.0002542248305449357,0.0013291453314317576,5,7,5,0.0,Doris,Geitodoris,Mollusca,Mollusca
crimora_papillata,nemesignis_banyulensis,6,1.48,4.05,7.31,0.004186201225481523,0.013194001039077844,4,6,5,1.0,Crimora,Nemesignis,Mollusca,Mollusca
spisula_subtruncata,steromphala_varia,18,4.78,3.77,7.3,1.054923235415019e-12,4.324960014688678e-11,13,18,13,1.0,Spisula,Steromphala,Mollusca,Mollusca
pomadasys_incisus,sparisoma_cretense,15,4.18,3.59,7.3,1.6816060962589807e-12,6.623170896185286e-11,9,12,10,0.067,Pomadasys,Sparisoma,Actinopterygii,Actinopterygii
rissoa_variabilis,tritia_corrugata,12,2.33,5.16,7.3,2.25986204264129e-12,8.733483621618492e-11,10,11,6,1.0,Rissoa,Tritia,Mollusca,Mollusca
felimare_bilineata,rudmania_krohni,11,2.2,5.01,7.3,2.9448047044639743e-12,1.1134009884249022e-10,8,10,7,1.0,Felimare,Rudmania,Mollusca,Mollusca
loripes_orbiculatus,solen_marginatus,6,0.76,7.85,7.3,0.0001442275919155689,0.0008231654941313449,6,6,5,1.0,Loripes,Solen,Mollusca,Mollusca
astropecten_spinulosus,diaphorodoris_papillata,16,4.89,3.27,7.29,1.670624469063759e-12,6.591185662124018e-11,10,14,10,1.0,Astropecten,Diaphorodoris,Echinodermata,Mollusca
acanthocardia_tuberculata,glycymeris_bimaculata,8,1.13,7.07,7.29,2.446368055541992e-05,0.00018173290267646354,7,8,5,0.875,Acanthocardia,Glycymeris,Mollusca,Mollusca
ilia_nucleus,mullus_barbatus,7,1.11,6.31,7.29,0.00015625404571473211,0.0008813695202957304,5,6,5,1.0,Ilia,Mullus,Malacostraca,Actinopterygii
didemnum_lahillei,lissoclinum_perforatum,25,8.04,3.11,7.28,7.856160940958129e-13,3.291131509244147e-11,11,24,9,1.0,Didemnum,Lissoclinum,Animalia,Animalia
gallinula_chloropus,larus_michahellis,24,7.19,3.34,7.28,7.950291537581444e-13,3.3281445722948134e-11,14,24,15,1.0,Gallinula,Larus,Aves,Aves
cistus_monspeliensis,daphne_gnidium,10,1.92,5.21,7.28,4.3491657758329246e-12,1.5982178438247407e-10,8,9,10,0.9,Cistus,Daphne,Plantae,Plantae
sertularella_crassicaulis,trinchesia_caerulea,19,5.74,3.31,7.27,1.3225771021085976e-12,5.3378748916772514e-11,8,19,6,1.0,Sertularella,Trinchesia,Cnidaria,Mollusca
papillicardium_papillosum,tritia_corniculum,16,5.29,3.02,7.27,2.085174483427234e-12,8.121042636536547e-11,8,15,7,1.0,Papillicardium,Tritia,Mollusca,Mollusca
salvia_pratensis,sambucus_nigra,8,1.21,6.59,7.27,4.005196062317751e-05,0.0002775760134531999,8,8,7,0.75,Salvia,Sambucus,Plantae,Plantae
bolinus_brandaris,ensis_minor,18,5.48,3.28,7.26,1.549919043124559e-12,6.159257448917616e-11,16,18,16,1.0,Bolinus,Ensis,Mollusca,Mollusca
berghia_coerulescens,caloria_quatrefagesi,15,3.73,4.02,7.26,2.0253977465110937e-12,7.901588960008941e-11,8,13,9,1.0,Berghia,Caloria,Mollusca,Mollusca
foeniculum_vulgare,pinus_pinea,12,2.31,5.19,7.26,2.8659589747912018e-12,1.0860853214863343e-10,8,11,5,1.0,Foeniculum,Pinus,Plantae,Plantae
ebenomitra_tricolor,striarca_lactea,14,4.52,3.09,7.26,3.0149263654003395e-12,1.1387920557363302e-10,10,13,7,1.0,Ebenomitra,Striacta,Mollusca,Mollusca
conus_ventricosus,neverita_josephinia,13,3.83,3.39,7.26,3.3016507393157957e-12,1.2393723420401984e-10,12,12,11,1.0,Conus,Neverita,Mollusca,Mollusca
celtis_australis,ficus_carica,8,1.2,6.64,7.26,3.786154883278492e-05,0.00026438367509589973,5,8,8,0.875,Celtis,Ficus,Plantae,Plantae
holothuria_sanctori,luisella_babai,7,0.93,7.5,7.26,5.4574679655305935e-05,0.0003613761004144077,5,6,5,1.0,Holothuria,Luisella,Echinodermata,Mollusca
bittium_reticulatum,donacilla_cornea,6,0.75,8.05,7.26,0.00012654720205751424,0.0007378280209440697,4,5,5,0.833,Bittium,Donacilla,Mollusca,Mollusca
oxythyrea_funesta,sphaerophoria_scripta,6,0.8,7.46,7.26,0.00019016265468541071,0.001040983533873987,6,6,6,0.5,Oxythyrea,Sphaerophoria,Insecta,Insecta
cymodocea_nodosa,sarcotragus_spinosulus,24,7.77,3.09,7.25,1.0471228980401397e-12,4.296037975278357e-11,10,23,9,1.0,Cymodocea,Sarcotragus,Plantae,Porifera
bittium_reticulatum,polititapes_aureus,21,6.34,3.31,7.25,1.2496581265458389e-12,5.062082096012195e-11,12,21,7,1.0,Bittium,Polititapes,Mollusca,Mollusca
bispira_volutacornis,phycis_phycis,19,5.45,3.49,7.25,1.4997493740201012e-12,5.98673343328523e-11,5,19,9,1.0,Bispira,Phycis,Annelida,Actinopterygii
neverita_josephinia,tritia_nitida,15,3.64,4.12,7.25,2.097322036549977e-12,8.160077267771144e-11,11,14,13,1.0,Neverita,Tritia,Mollusca,Mollusca
moerella_pulchella,polititapes_aureus,26,8.67,3.0,7.24,1.0244615859100938e-12,4.2105627022185675e-11,15,26,12,1.0,Moerella,Polititapes,Mollusca,Mollusca
muricopsis_cristata,porcellana_platycheles,21,6.92,3.04,7.23,1.5174097370057317e-12,6.044663601037631e-11,12,20,6,1.0,Muricopsis,Porcellana,Mollusca,Malacostraca
capulus_ungaricus,moerella_donacina,10,1.75,5.7,7.23,5.43372544736639e-12,1.9568205890540716e-10,7,10,5,0.8,Capulus,Moerella,Mollusca,Mollusca
aequipecten_opercularis,calyptraea_chinensis,8,1.28,6.24,7.23,5.816769643451902e-05,0.0003814841910533035,7,8,5,0.875,Aequipecten,Calyptraea,Mollusca,Mollusca
astropecten_spinulosus,holothuria_sanctori,18,5.05,3.57,7.22,1.9795790462057457e-12,7.730692353867347e-11,10,16,10,1.0,Astropecten,Holothuria,Echinodermata,Echinodermata
chromodoris_willani,nembrotha_cristata,10,1.73,5.77,7.22,5.77128905863285e-12,2.0648310084184438e-10,7,9,9,0.0,Chromodoris,Nembrotha,Mollusca,Mollusca
periclimenes_aegylios,periclimenes_scriptus,10,1.97,5.07,7.22,6.246677684686869e-12,2.2217394362448427e-10,6,10,5,1.0,Periclimenes,Periclimenes,Malacostraca,Malacostraca
plocamium_cartilagineum,rugulopteryx_okamurae,10,2.23,4.49,7.22,7.165199434382526e-12,2.5174127344879677e-10,6,10,6,0.7,Plocamium,Rugulopteryx,Plantae,
ruditapes_decussatus,steromphala_divaricata,9,1.87,4.82,7.22,0.00014471368291446574,0.0008253264914098074,6,8,6,1.0,Ruditapes,Steromphala,Mollusca,Mollusca
clanculus_corallinus,tritia_corniculum,5,1.12,4.45,7.22,0.005916195952657799,0.017403846548439534,4,5,5,1.0,Clanculus,Tritia,Mollusca,Mollusca
modiolus_barbatus,peronaea_planata,19,5.44,3.49,7.21,1.86745598087171e-12,7.322613982993345e-11,11,18,12,1.0,Modiolus,Peronaea,Mollusca,Mollusca
pomatoschistus_pictus,trivia_monacha,19,6.05,3.14,7.21,2.1004202979487385e-12,8.169372721299342e-11,14,17,10,0.053,Pomatoschistus,Trivia,Actinopterygii,Mollusca
cladostephus_spongiosus,polysyncraton_lacazei,16,4.8,3.34,7.21,2.841246137084851e-12,1.0781387351011962e-10,8,15,8,1.0,Cladostephus,Polysyncraton,,Animalia
calyptraea_chinensis,laevicardium_crassum,12,2.89,4.15,7.21,4.799501822803533e-12,1.7464365382004366e-10,11,12,8,0.75,Calyptraea,Laevicardium,Mollusca,Mollusca
aplysia_punctata,simnia_spelta,19,6.2,3.07,7.2,2.3102133424360796e-12,8.907155886947996e-11,5,18,9,1.0,Aplysia,Simnia,Mollusca,Mollusca
muricopsis_cristata,tritia_corrugata,17,4.67,3.64,7.2,2.4572319909818172e-12,9.448696738620468e-11,10,17,6,1.0,Muricopsis,Tritia,Mollusca,Mollusca
ascandra_contorta,hildenbrandia_rubra,15,4.71,3.18,7.2,3.683299897796957e-12,1.3762640967289127e-10,6,14,5,1.0,Ascandra,Hildenbrandia,Porifera,Plantae
ophiocomina_nigra,pisidia_longicornis,8,1.52,5.27,7.2,0.0001834568599058395,0.0010099858591509287,6,8,7,0.25,Ophiocomina,Pisidia,Echinodermata,Malacostraca
columbella_rustica,microlipophrys_canevae,26,8.48,3.07,7.19,1.474046745378895e-12,5.896391710230216e-11,11,25,15,1.0,Columbella,Microlipophrys,Mollusca,Actinopterygii
gobius_xanthocephalus,periclimenes_scriptus,15,3.6,4.17,7.19,3.1756894691306445e-12,1.1948142704171352e-10,7,13,10,1.0,Gobius,Periclimenes,Actinopterygii,Malacostraca
felimare_bilineata,prostheceraeus_moseleyi,9,1.64,5.49,7.19,1.0384973391659757e-11,3.537523579576495e-10,5,9,5,1.0,Felimare,Prostheceraeus,Mollusca,Platyhelminthes
acanthocardia_paucicostata,calyptraea_chinensis,8,1.15,6.95,7.19,2.7615513027212657e-05,0.00020171300803874,7,8,6,0.875,Acanthocardia,Calyptraea,Mollusca,Mollusca
abra_alba,euspira_nitida,8,1.26,6.33,7.19,5.265619006999955e-05,0.00035068815590381713,7,8,6,0.375,Abra,Euspira,Mollusca,Mollusca
echinaster_sepositus,filograna_implexa,22,7.17,3.07,7.18,1.9568268704052573e-12,7.648508703866024e-11,10,21,5,1.0,Echinaster,Filograna,Echinodermata,Annelida
chamelea_gallina,loripes_orbiculatus,21,6.68,3.14,7.18,2.1485715450311225e-12,8.33384927658479e-11,15,21,10,1.0,Chamelea,Loripes,Mollusca,Mollusca
irus_irus,spisula_subtruncata,11,2.4,4.58,7.18,6.9167861170360535e-12,2.439808413432399e-10,7,11,5,1.0,Irus,Spisula,Mollusca,Mollusca
enchelycore_anatina,stenorhynchus_lanceolatus,9,1.62,5.54,7.18,1.1267742236009044e-11,3.811183137278878e-10,7,8,6,0.0,Enchelycore,Stenorhynchus,Actinopterygii,Malacostraca
lipophrys_pholis,symphodus_melops,10,2.27,4.4,7.17,1.0081444260782597e-11,3.442272390691163e-10,9,10,9,0.2,Lipophrys,Symphodus,Actinopterygii,Actinopterygii
chamelea_gallina,papillicardium_papillosum,14,2.9,4.83,7.16,3.944207165395102e-12,1.4652964923643255e-10,7,14,5,1.0,Chamelea,Papillicardium,Mollusca,Mollusca
canthigaster_capistrata,percnon_gibbesi,15,3.84,3.9,7.16,3.9751456255055095e-12,1.473464210555781e-10,12,14,12,0.0,Canthigaster,Percnon,Actinopterygii,Malacostraca
actitis_hypoleucos,chroicocephalus_ridibundus,13,2.97,4.38,7.16,5.0717619787455264e-12,1.8368037315290776e-10,11,13,11,1.0,Actitis,Chroicocephalus,Aves,Aves
aporrhais_pespelecani,chamelea_gallina,6,0.89,6.75,7.16,0.0003226439754909771,0.0016266192530945047,6,6,6,1.0,Aporrhais,Chamelea,Mollusca,Mollusca
egretta_garzetta,estrilda_astrild,14,2.91,4.8,7.15,4.4151385349700686e-12,1.6198777700085725e-10,5,13,5,1.0,Egretta,Estrilda,Aves,Aves
elysia_gordanae,placida_verticilata,13,3.81,3.41,7.15,6.801510465602987e-12,2.4020883251972e-10,6,13,5,1.0,Elysia,Placida,Mollusca,Mollusca
celtis_australis,laurus_nobilis,8,1.17,6.86,7.15,3.0322131295612564e-05,0.00021864529583292172,7,8,8,0.875,Celtis,Laurus,Plantae,Plantae
aplysia_fasciata,loligo_vulgaris,12,3.0,4.0,7.14,7.922013897637898e-12,2.75891078918826e-10,10,12,10,0.917,Aplysia,Loligo,Mollusca,Mollusca
penaeus_kerathurus,semicassis_undulata,8,1.11,7.18,7.14,2.209983472778454e-05,0.00016644539941677682,6,8,7,1.0,Penaeus,Semicassis,Malacostraca,Mollusca
facelina_rubrovittata,tenellia_genovae,17,5.32,3.2,7.13,4.3718448355035326e-12,1.6060395804507304e-10,8,17,6,1.0,Facelina,Tenellia,Mollusca,Mollusca
amphipholis_squamata,pisa_tetraodon,5,0.45,11.05,7.13,0.00010883627879043622,0.0006496793117332697,5,5,5,0.2,Amphipholis,Pisa,Echinodermata,Malacostraca
geitodoris_planata,tethya_citrina,6,0.96,6.24,7.13,0.00048543780665255554,0.0022877634312784213,4,6,5,0.0,Geitodoris,Tethya,Mollusca,Porifera
gastrana_fragilis,tritia_neritea,13,3.03,4.28,7.12,6.692276534849174e-12,2.3671385505703536e-10,8,13,7,1.0,Gastrana,Tritia,Mollusca,Mollusca
acteon_tornatilis,moerella_pulchella,13,4.03,3.22,7.12,8.73481208164332e-12,3.0173471995611304e-10,8,13,7,1.0,Acteon,Moerella,Mollusca,Mollusca
euphorbia_serrata,petrosedum_sediforme,11,2.15,5.11,7.12,9.45515482503715e-12,3.2438107696949967e-10,11,11,8,1.0,Euphorbia,Petrosedum,Plantae,Plantae
acteon_tornatilis,bittium_reticulatum,17,4.88,3.49,7.11,4.672622818343393e-12,1.706736966279113e-10,14,17,12,0.765,Acteon,Bittium,Mollusca,Mollusca
acanthocardia_aculeata,laevicardium_oblongum,8,1.82,4.4,7.11,0.0006010109982388379,0.002735416839487479,7,8,8,1.0,Acanthocardia,Laevicardium,Mollusca,Mollusca
clanculus_cruciatus,papillicardium_papillosum,20,6.61,3.02,7.1,4.088312756892398e-12,1.5115211259468288e-10,15,20,6,1.0,Clanculus,Papillicardium,Mollusca,Mollusca
ocenebra_erinaceus,steromphala_divaricata,15,4.05,3.71,7.09,6.7626062335149615e-12,2.3890809215757673e-10,11,15,11,1.0,Ocenebra,Steromphala,Mollusca,Mollusca
hypnea_musciformis,mytilus_galloprovincialis,11,2.57,4.28,7.09,1.268366635495526e-11,4.255645354635216e-10,8,10,7,1.0,Hypnea,Mytilus,Plantae,Mollusca
bittium_reticulatum,conus_ventricosus,7,1.11,6.3,7.09,0.00015827649286026535,0.0008916859055931347,7,7,6,1.0,Bittium,Conus,Mollusca,Mollusca
pagellus_erythrinus,sciaena_umbra,20,6.13,3.26,7.08,4.314009261850825e-12,1.5873239316584556e-10,10,20,7,1.0,Pagellus,Sciaena,Actinopterygii,Actinopterygii
gobius_roulei,periclimenes_scriptus,14,3.66,3.82,7.08,8.142769282252105e-12,2.8321823024950006e-10,6,11,6,1.0,Gobius,Periclimenes,Actinopterygii,Malacostraca
aplidium_elegans,ophidiaster_ophidianus,13,3.22,4.04,7.08,8.987560660668032e-12,3.095375002545889e-10,7,10,6,1.0,Aplidium,Ophidiaster,Animalia,Echinodermata
foeniculum_vulgare,quercus_rotundifolia,10,2.01,4.97,7.08,1.5752482299916066e-11,5.174647764127546e-10,9,9,6,0.8,Foeniculum,Quercus,Plantae,Plantae
acanthocardia_aculeata,peronidia_albicans,7,0.99,7.09,7.08,7.696146825153516e-05,0.00048415463279194004,7,7,6,1.0,Acanthocardia,Peronidia,Mollusca,Mollusca
lepidopleurus_cajetanus,lissoclinum_perforatum,19,5.44,3.49,7.07,5.0689022666427685e-12,1.8363453356173382e-10,12,18,5,1.0,Lepidopleurus,Lissoclinum,Mollusca,Animalia
conus_ventricosus,tricolia_pullus,19,5.92,3.21,7.07,5.128438405593687e-12,1.8526704862904208e-10,11,19,11,1.0,Conus,Tricolia,Mollusca,Mollusca
ruditapes_decussatus,striarca_lactea,16,4.49,3.57,7.07,6.961337204690655e-12,2.4525195453491814e-10,7,16,8,1.0,Ruditapes,Striacta,Mollusca,Mollusca
pinctada_radiata,tritia_mutabilis,11,2.47,4.45,7.07,1.3707001147378684e-11,4.5704815055936726e-10,8,11,8,1.0,Pinctada,Tritia,Mollusca,Mollusca
ferussacia_folliculum,xerotricha_conspurcata,7,1.1,6.38,7.07,0.00014720561556302858,0.0008375481892198313,7,7,7,1.0,Ferussacia,Xerotricha,Mollusca,Mollusca
acanthocardia_tuberculata,turritellinella_tricarinata,17,4.91,3.46,7.06,6.42017626573695e-12,2.277729902919636e-10,14,17,15,1.0,Acanthocardia,Turritellinella,Mollusca,Mollusca
mimachlamys_varia,turritellinella_tricarinata,18,5.95,3.03,7.06,6.67149000264473e-12,2.361236049968306e-10,13,18,10,0.944,Mimachlamys,Turritellinella,Mollusca,Mollusca
astropecten_platyacanthus,phallusia_mammillata,17,5.44,3.13,7.06,6.95804711881883e-12,2.4525195453491814e-10,8,15,6,1.0,Astropecten,Phallusia,Echinodermata,Animalia
cakile_maritima,cyperus_capitatus,15,3.87,3.87,7.06,7.769019662563627e-12,2.7105455518049064e-10,9,12,11,0.867,Cakile,Cyperus,Plantae,Plantae
laevicardium_crassum,mactra_glauca,14,2.99,4.69,7.06,7.914217651402404e-12,2.757029120992327e-10,9,14,10,0.5,Laevicardium,Mactra,Mollusca,Mollusca
cardita_calyculata,modiolus_barbatus,15,4.71,3.18,7.06,9.140090175425356e-12,3.1422708104139147e-10,11,15,8,0.933,Cardita,Modiolus,Mollusca,Mollusca
acanthella_acuta,astropecten_spinulosus,10,1.83,5.46,7.06,1.753019426483539e-11,5.704939265779933e-10,5,10,5,1.0,Acanthella,Astropecten,Porifera,Echinodermata
rissoa_auriscalpium,rissoa_variabilis,18,5.43,3.31,7.05,6.544983274617927e-12,2.318598564480577e-10,13,18,6,1.0,Rissoa,Rissoa,Mollusca,Mollusca
patella_ulyssiponensis,steromphala_varia,14,4.09,3.42,7.05,1.0819853549191567e-11,3.6726293703036695e-10,11,14,10,1.0,Patella,Steromphala,Mollusca,Mollusca
palaemon_xiphias,synodus_saurus,9,2.19,4.11,7.05,0.0004522864545725147,0.0021564047805558905,4,7,6,1.0,Palaemon,Synodus,Malacostraca,Actinopterygii
clavelina_lepadiformis,luisella_babai,26,8.42,3.09,7.04,4.0870919031403165e-12,1.5115211259468288e-10,12,24,16,0.923,Clavelina,Luisella,Animalia,Mollusca
mactra_corallina,pholas_dactylus,20,6.67,3.0,7.04,6.074168423294895e-12,2.1657954163951257e-10,18,19,17,1.0,Mactra,Pholas,Mollusca,Mollusca
bosemprella_incarnata,modiolus_barbatus,11,2.34,4.7,7.04,1.658192835164866e-11,5.417766516799014e-10,11,11,9,1.0,Bosemprella,Modiolus,Mollusca,Mollusca
ctena_decussata,steromphala_divaricata,7,1.01,6.91,7.04,8.979999304803421e-05,0.0005520714559673835,6,7,6,1.0,Ctena,Steromphala,Mollusca,Mollusca
muraena_helena,sparisoma_cretense,7,1.08,6.48,7.04,0.00013316162370946572,0.0007705435580805308,6,7,6,0.857,Muraena,Sparisoma,Actinopterygii,Actinopterygii
amphorina_farrani,facelina_auriculata,21,6.92,3.04,7.03,6.139333109320954e-12,2.1869997882690514e-10,9,20,6,0.905,Amphorina,Facelina,Mollusca,Mollusca
felimare_orsinii,felimida_binza,18,5.86,3.07,7.02,8.21093821917536e-12,2.8517724648835644e-10,7,18,7,1.0,Felimare,Felimida,Mollusca,Mollusca
aglaophenia_pluma,bispira_volutacornis,16,4.82,3.32,7.02,1.0259846022959065e-11,3.496968346831291e-10,6,16,9,1.0,Aglaophenia,Bispira,Cnidaria,Annelida
necora_puber,pilumnus_hirtellus,5,0.48,10.34,7.02,0.00014750973589749972,0.0008388775465993323,4,4,5,0.4,Necora,Pilumnus,Malacostraca,Malacostraca
donacilla_cornea,tritia_nitida,8,1.85,4.33,7.02,0.0006656209216934217,0.0029785158653739207,6,8,6,1.0,Donacilla,Tritia,Mollusca,Mollusca
chelon_labrosus,trachinotus_ovatus,18,4.94,3.65,7.01,7.593481476456108e-12,2.650907393980756e-10,10,18,14,0.5,Chelon,Trachinotus,Actinopterygii,Actinopterygii
anomia_ephippium,gastrana_fragilis,19,5.88,3.23,7.01,7.83049998188588e-12,2.7286900178862096e-10,5,18,7,1.0,Anomia,Gastrana,Mollusca,Mollusca
solea_senegalensis,tritia_mutabilis,19,6.03,3.15,7.01,8.144699809178445e-12,2.8321823024950006e-10,9,15,7,1.0,Solea,Tritia,Actinopterygii,Mollusca
crithmum_maritimum,pancratium_maritimum,12,2.51,4.78,7.01,1.6077907510621075e-11,5.270087724009758e-10,5,10,8,1.0,Crithmum,Pancratium,Plantae,Plantae
astropecten_platyacanthus,steromphala_umbilicaris,11,2.45,4.49,7.01,2.0379813269731184e-11,6.53943102936329e-10,5,10,5,1.0,Astropecten,Steromphala,Echinodermata,Mollusca
berthella_plumula,botryllus_schlosseri,10,1.6,6.24,7.01,2.094399346204022e-11,6.70603619455498e-10,6,10,10,0.1,Berthella,Botryllus,Mollusca,Animalia
coris_melanura,labrus_bergylta,21,6.84,3.07,7.0,7.057944503016722e-12,2.4842757058525465e-10,11,21,17,0.095,Coris,Labrus,Actinopterygii,Actinopterygii
astropecten_aranciacus,scyllarus_arctus,13,4.3,3.02,7.0,2.0383924886673706e-11,6.53943102936329e-10,6,12,10,0.846,Astropecten,Scyllarus,Echinodermata,Malacostraca
calmella_cavolini,phorbas_topsenti,19,5.74,3.31,6.99,8.863280459412497e-12,3.0562267645799377e-10,11,19,6,1.0,Calmella,Phorbas,Mollusca,Porifera
chamelea_striatula,turritellinella_tricarinata,18,5.01,3.59,6.99,8.94546021298991e-12,3.0817966458651006e-10,14,18,16,0.056,Chamelea,Turritellinella,Mollusca,Mollusca
mactra_corallina,patella_rustica,17,5.05,3.37,6.99,1.0670454504734423e-11,3.6283324697857865e-10,13,17,12,1.0,Mactra,Patella,Mollusca,Mollusca
diplodus_cadenati,similiparma_lurida,17,4.99,3.41,6.99,1.0711670309985732e-11,3.640198425933912e-10,10,14,13,0.0,Diplodus,Similiparma,Actinopterygii,Actinopterygii
mycteroperca_rubra,pinna_rudis,14,3.74,3.74,6.99,1.5029098029549326e-11,4.969610245109645e-10,6,13,7,1.0,Mycteroperca,Pinna,Actinopterygii,Mollusca
columbella_rustica,diodora_graeca,13,3.89,3.34,6.99,2.0227833038711504e-11,6.49840289289381e-10,6,13,5,0.923,Columbella,Diodora,Mollusca,Mollusca
calystegia_soldanella,lagurus_ovatus,22,6.97,3.15,6.98,7.28501638068943e-12,2.5540566863084144e-10,17,21,18,0.909,Calystegia,Lagurus,Plantae,Plantae
boops_boops,ophidiaster_ophidianus,15,4.65,3.23,6.98,1.5343709594865895e-11,5.056226316266964e-10,6,13,6,1.0,Boops,Ophidiaster,Actinopterygii,Echinodermata
semicassis_undulata,wrangelia_penicillata,10,1.96,5.09,6.98,2.924607248278157e-11,9.098743003797915e-10,7,7,8,1.0,Semicassis,Wrangelia,Mollusca,Plantae
axinella_verrucosa,raspaciona_aculeata,22,7.23,3.04,6.97,8.187590451559137e-12,2.845379096173209e-10,7,21,6,1.0,Axinella,Raspaciona,Porifera,Porifera
papillicardium_papillosum,pitar_rudis,18,5.76,3.13,6.97,1.1323973863942621e-11,3.826832164921226e-10,11,18,5,1.0,Papillicardium,Pitar,Mollusca,Mollusca
dactylopterus_volitans,loligo_vulgaris,15,3.99,3.76,6.97,1.4098219118153252e-11,4.690069983504843e-10,8,15,9,1.0,Dactylopterus,Loligo,Actinopterygii,Mollusca
marionia_blainvillea,simnia_spelta,15,4.18,3.59,6.97,1.5327911197441475e-11,5.052465469499421e-10,11,15,8,1.0,Marionia,Simnia,Mollusca,Mollusca
conger_conger,galathea_strigosa,22,7.26,3.03,6.96,8.829122092108257e-12,3.0462718822978123e-10,13,21,11,1.0,Conger,Galathea,Actinopterygii,Malacostraca
flexopecten_flexuosus,gibbula_magus,19,6.06,3.14,6.96,1.131981088500648e-11,3.8265478086745496e-10,14,18,13,0.789,Flexopecten,Gibbula,Mollusca,Mollusca
mitrella_ocellata,pusia_zebrina,15,4.2,3.57,6.96,1.5813415667686738e-11,5.191703444229647e-10,10,15,7,0.0,Mitrella,Pusia,Mollusca,Mollusca
callista_chione,cerastoderma_edule,12,2.29,5.23,6.96,2.0745373087836827e-11,6.64798320225634e-10,5,12,7,1.0,Callista,Cerastoderma,Mollusca,Mollusca
galium_aparine,hedera_helix,11,2.27,4.85,6.96,2.7084396695373165e-11,8.499675393336339e-10,10,10,10,0.545,Galium,Hedera,Plantae,Plantae
arca_noae,donacilla_cornea,11,2.58,4.26,6.96,2.9007714837032444e-11,9.031904811041853e-10,9,11,8,1.0,Arca,Donacilla,Mollusca,Mollusca
flabelligera_affinis,marsenia_perspicua,6,0.99,6.05,6.96,0.0005715348740563675,0.002622186524523686,5,6,6,0.0,Flabelligera,Marsenia,Annelida,Mollusca
holothuria_mammata,zanardinia_typus,8,2.27,3.53,6.96,0.002370133990421852,0.008367007300133575,6,8,5,1.0,Holothuria,Zanardinia,Echinodermata,
phycis_phycis,sphyraena_viridensis,19,5.18,3.67,6.95,1.0307445037638983e-11,3.51215290776741e-10,5,17,9,1.0,Phycis,Sphyraena,Actinopterygii,Actinopterygii
diplodus_cadenati,synodus_saurus,11,2.21,4.97,6.95,2.775058858326235e-11,8.67565483621752e-10,9,11,7,0.0,Diplodus,Synodus,Actinopterygii,Actinopterygii
ctenolabrus_rupestris,diaphorodoris_alba,8,1.26,6.34,6.95,5.246003053682724e-05,0.00034960405842336125,7,7,6,1.0,Ctenolabrus,Diaphorodoris,Actinopterygii,Mollusca
notospermus_geniculatus,porcellana_platycheles,6,0.64,9.41,6.95,5.432313766218222e-05,0.000360044345654669,6,6,5,1.0,Notospermus,Porcellana,Animalia,Malacostraca
nemesignis_banyulensis,rudmania_purpurea,7,0.96,7.29,6.95,6.458288165800408e-05,0.00041705192256326806,3,6,5,1.0,Nemesignis,Rudmania,Mollusca,Mollusca
ardea_cinerea,saxicola_rubicola,24,7.97,3.01,6.94,8.754224279319408e-12,3.023146444468565e-10,9,23,12,1.0,Ardea,Saxicola,Aves,Aves
irus_irus,tritia_corrugata,19,5.77,3.29,6.94,1.208719564505297e-11,4.0716177985166153e-10,15,19,8,0.947,Irus,Tritia,Mollusca,Mollusca
bosemprella_incarnata,laevicardium_crassum,8,1.09,7.35,6.94,1.86394367250875e-05,0.00014362501962925426,7,8,6,1.0,Bosemprella,Laevicardium,Mollusca,Mollusca
alvania_lineata,ocenebra_edwardsii,9,2.44,3.69,6.94,0.0009556240516518377,0.004004063038606958,6,8,5,1.0,Alvania,Ocenebra,Mollusca,Mollusca
pagurus_cuanensis,pomatoschistus_bathi,22,6.7,3.28,6.93,1.0423450335264421e-11,3.547591415098862e-10,12,22,7,1.0,Pagurus,Pomatoschistus,Malacostraca,Actinopterygii
pagrus_pagrus,serranus_atricauda,16,4.16,3.84,6.93,1.551445842171398e-11,5.102850824659722e-10,8,16,7,0.062,Pagrus,Serranus,Actinopterygii,Actinopterygii
astroides_calycularis,sparisoma_cretense,10,2.1,4.76,6.93,4.154678568768125e-11,1.251662107312665e-09,7,10,7,1.0,Astroides,Sparisoma,Cnidaria,Actinopterygii
cytisus_scoparius,sonchus_oleraceus,7,1.0,7.0,6.93,8.324114928803805e-05,0.0005173840497749736,7,7,6,0.0,Cytisus,Sonchus,Plantae,Plantae
laurus_nobilis,quercus_suber,7,1.0,7.0,6.93,8.324114928803805e-05,0.0005173840497749736,6,7,6,0.143,Laurus,Quercus,Plantae,Plantae
neverita_josephinia,pholas_dactylus,5,0.47,10.64,6.93,0.00012947513699645974,0.0007524619725843792,4,5,5,1.0,Neverita,Pholas,Mollusca,Mollusca
pagrus_auriga,sparisoma_cretense,6,0.8,7.53,6.93,0.0001806544646356656,0.0009964711759025257,4,5,5,0.167,Pagrus,Sparisoma,Actinopterygii,Actinopterygii
berthella_plumula,okenia_nodosa,12,2.48,4.84,6.92,2.776362418726117e-11,8.677375368608887e-10,10,12,9,0.0,Berthella,Okenia,Mollusca,Mollusca
axinella_polypoides,periclimenes_scriptus,7,1.07,6.52,6.92,0.00012823607249878854,0.0007462740620038558,6,7,6,1.0,Axinella,Periclimenes,Porifera,Malacostraca
electra_posidoniae,sardinella_aurita,6,0.77,7.81,6.92,0.00014864318443486013,0.0008442680776824743,5,6,6,1.0,Electra,Sardinella,Bryozoa,Actinopterygii
scartella_cristata,trachinotus_ovatus,16,4.43,3.61,6.91,1.9045398486978682e-11,6.154586076870215e-10,13,16,12,0.625,Scartella,Trachinotus,Actinopterygii,Actinopterygii
chromis_limbata,stenorhynchus_lanceolatus,14,3.86,3.62,6.91,2.5743312855769666e-11,8.111960104584488e-10,9,12,6,0.0,Chromis,Stenorhynchus,Actinopterygii,Malacostraca
chamelea_gallina,echinocyamus_pusillus,15,3.48,4.31,6.9,2.082447947440178e-11,6.669622833942126e-10,9,14,6,1.0,Chamelea,Echinocyamus,Mollusca,Echinodermata
clavelina_dellavallei,hacelia_attenuata,16,4.82,3.32,6.9,2.1931857545272078e-11,7.002876154782496e-10,8,13,10,1.0,Clavelina,Hacelia,Animalia,Echinodermata
aplidium_punctum,pomatoschistus_pictus,15,4.22,3.55,6.9,2.384335241328075e-11,7.569163878257359e-10,11,13,8,0.067,Aplidium,Pomatoschistus,Animalia,Actinopterygii
hedera_helix,plantago_lanceolata,7,0.92,7.61,6.9,4.9586070340557065e-05,0.0003335104535562729,6,6,6,0.286,Hedera,Plantago,Plantae,Plantae
acanthocardia_aculeata,callista_chione,18,5.44,3.31,6.89,1.8230684827490633e-11,5.917858030054187e-10,13,15,15,1.0,Acanthocardia,Callista,Mollusca,Mollusca
conus_ventricosus,glans_trapezia,13,3.45,3.77,6.89,3.3072705544709807e-11,1.0173853056269022e-09,7,13,5,1.0,Conus,Glans,Mollusca,Mollusca
chamelea_striatula,patella_pellucida,5,0.5,10.04,6.89,0.0001691864235433549,0.0009437803959853116,4,5,5,0.0,Chamelea,Patella,Mollusca,Mollusca
diplosoma_spongiforme,tritia_reticulata,22,7.3,3.02,6.88,1.505951333812834e-11,4.976810598410032e-10,8,21,8,1.0,Diplosoma,Tritia,Animalia,Mollusca
lavandula_stoechas,pistacia_lentiscus,18,5.2,3.46,6.88,1.9533702417889698e-11,6.296476366397775e-10,11,18,6,0.333,Lavandula,Pistacia,Plantae,Plantae
moerella_pulchella,talochlamys_multistriata,15,3.83,3.92,6.88,2.5631012452133658e-11,8.07878292349003e-10,11,14,7,1.0,Moerella,Talochlamys,Mollusca,Mollusca
dosinia_lupinus,solen_marginatus,15,4.41,3.4,6.88,2.7675723057146294e-11,8.659299291351118e-10,13,14,8,0.933,Dosinia,Solen,Mollusca,Mollusca
oedemera_nobilis,synema_globosum,12,2.44,4.92,6.88,3.4974238355995e-11,1.0686009439128406e-09,10,11,11,1.0,Oedemera,Synema,Insecta,Arachnida
conus_ventricosus,pinctada_radiata,13,4.11,3.16,6.88,4.1780556324828354e-11,1.257061167627455e-09,9,13,7,1.0,Conus,Pinctada,Mollusca,Mollusca
coris_melanura,rugulopteryx_okamurae,10,2.49,4.02,6.88,6.923142926866747e-11,1.9964299317816186e-09,4,8,5,0.6,Coris,Rugulopteryx,Actinopterygii,
calyptraea_chinensis,solen_marginatus,7,0.98,7.11,6.88,7.562439288322231e-05,0.0004773826059023968,6,7,5,0.857,Calyptraea,Solen,Mollusca,Mollusca
monacha_cartusiana,solatopupa_similis,8,1.54,5.19,6.88,0.00020373669177831122,0.0011021763461732917,8,8,6,1.0,Monacha,Solatopupa,Mollusca,Mollusca
cladostephus_spongiosus,hamigera_hamigera,22,6.78,3.25,6.87,1.5318848876214848e-11,5.050923485791229e-10,10,22,6,1.0,Cladostephus,Hamigera,,Porifera
felimare_orsinii,scalarispongia_scalaris,12,3.19,3.76,6.87,4.493799078499079e-11,1.3415486629681468e-09,5,11,5,1.0,Felimare,Scalarispongia,Mollusca,Porifera
cacospongia_mollior,leptopsammia_pruvoti,11,2.35,4.67,6.87,4.7540083881761525e-11,1.413005114425814e-09,3,11,5,1.0,Cacospongia,Leptopsammia,Porifera,Cnidaria
chamelea_gallina,epitonium_clathrus,8,1.61,4.97,6.87,0.00027080973413806664,0.001401229041618766,6,8,5,1.0,Chamelea,Epitonium,Mollusca,Mollusca
herbstia_condyliata,ophidion_rochei,10,3.23,3.09,6.87,0.0018941455525224304,0.006995804829212428,5,10,5,1.0,Herbstia,Ophidion,Malacostraca,Actinopterygii
branchiomma_luctuosum,gnathophyllum_elegans,8,2.67,3.0,6.87,0.006164367424238315,0.017991937998579993,4,7,5,0.875,Branchiomma,Gnathophyllum,Annelida,Malacostraca
bittium_reticulatum,ocenebra_erinaceus,26,8.68,3.0,6.86,1.3630317241557512e-11,4.5475443599663814e-10,17,25,16,0.885,Bittium,Ocenebra,Mollusca,Mollusca
tritia_incrassata,tritia_neritea,16,4.29,3.73,6.86,2.486154610589799e-11,7.862063018347165e-10,13,15,10,1.0,Tritia,Tritia,Mollusca,Mollusca
euthria_cornea,penaeus_kerathurus,10,1.91,5.23,6.86,6.025560581379203e-11,1.7578340876606982e-09,6,10,8,1.0,Euthria,Penaeus,Mollusca,Malacostraca
cerastoderma_glaucum,mactra_corallina,9,1.52,5.93,6.86,7.842200894082622e-11,2.2329533163665208e-09,8,9,7,1.0,Cerastoderma,Mactra,Mollusca,Mollusca
muraena_helena,octopus_vulgaris,18,5.36,3.36,6.85,2.4381513168372906e-11,7.720857182653195e-10,16,17,13,0.889,Muraena,Octopus,Actinopterygii,Mollusca
pyura_dura,scopalina_lophyropoda,16,4.25,3.76,6.85,2.6836672581518268e-11,8.428822323013169e-10,8,16,7,1.0,Pyura,Scopalina,Animalia,Porifera
euthria_cornea,pisania_striata,17,5.33,3.19,6.85,2.7399965725453478e-11,8.587012109453598e-10,11,15,10,1.0,Euthria,Pisania,Mollusca,Mollusca
asterina_gibbosa,leodice_torquata,14,3.55,3.94,6.85,3.500336405717589e-11,1.0690688104037359e-09,11,14,8,0.929,Asterina,Leodice,Echinodermata,Annelida
patella_ulyssiponensis,phorcus_turbinatus,13,4.1,3.17,6.85,4.9572998100286727e-11,1.4692584700657145e-09,9,13,8,1.0,Patella,Phorcus,Mollusca,Mollusca
ocenebra_erinaceus,pholas_dactylus,10,1.87,5.36,6.85,6.569673140179122e-11,1.9006846419919527e-09,8,10,7,0.3,Ocenebra,Pholas,Mollusca,Mollusca
ctena_decussata,steromphala_umbilicaris,11,3.03,3.63,6.85,6.750637549999877e-11,1.950590540030564e-09,9,11,6,1.0,Ctena,Steromphala,Mollusca,Mollusca
bittium_reticulatum,chamelea_gallina,16,3.89,4.11,6.84,2.6634173313823815e-11,8.374353991391263e-10,9,16,5,1.0,Bittium,Chamelea,Mollusca,Mollusca
chamelea_gallina,turritellinella_tricarinata,16,5.27,3.04,6.84,3.435750720792727e-11,1.051852846234933e-09,11,15,12,0.938,Chamelea,Turritellinella,Mollusca,Mollusca
eunicella_verrucosa,felimare_tricolor,13,2.97,4.37,6.84,3.984235919815957e-11,1.2069416642294964e-09,12,13,11,0.538,Eunicella,Felimare,Cnidaria,Mollusca
echinocyamus_pusillus,tritia_pellucida,11,2.42,4.55,6.84,5.816727153493992e-11,1.701651180779893e-09,7,8,5,1.0,Echinocyamus,Tritia,Echinodermata,Mollusca
chromodoris_magnifica,coryphellina_flamma,10,1.88,5.33,6.84,6.668567417479452e-11,1.9273598614232383e-09,4,9,10,0.0,Chromodoris,Coryphellina,Mollusca,Mollusca
amphorina_farrani,holothuria_forskali,8,1.15,6.97,6.84,1.1562730578614898e-10,3.193563225496743e-09,4,7,6,0.875,Amphorina,Holothuria,Mollusca,Echinodermata
epitonium_clathrus,tritia_nitida,7,1.67,4.2,6.84,0.0016734469778927341,0.006324643581167723,7,7,7,1.0,Epitonium,Tritia,Mollusca,Mollusca
harmothoe_areolata,ophiothrix_fragilis,20,6.26,3.19,6.83,2.3855484890227814e-11,7.570929149569711e-10,14,19,7,1.0,Harmothoe,Ophiothrix,Annelida,Echinodermata
egretta_garzetta,passer_montanus,18,5.22,3.45,6.83,2.6010408628506262e-11,8.189404524838577e-10,7,18,7,1.0,Egretta,Passer,Aves,Aves
chelidonichthys_obscurus,pinnoctopus_macropus,18,5.71,3.15,6.83,2.7864516037515126e-11,8.704185752673244e-10,6,17,7,1.0,Chelidonichthys,Pinnoctopus,Actinopterygii,Mollusca
caulerpa_prolifera,cymodocea_nodosa,16,4.05,3.95,6.83,2.946596500861779e-11,9.157262025499875e-10,8,16,13,1.0,Caulerpa,Cymodocea,Plantae,Plantae
asparagus_acutifolius,scirpoides_holoschoenus,15,3.81,3.94,6.83,3.319810480931931e-11,1.0204254179436557e-09,14,15,11,1.0,Asparagus,Scirpoides,Plantae,Plantae
pomatoschistus_pictus,synarachnactis_lloydii,15,3.85,3.9,6.83,3.3467719951483166e-11,1.0273421820651923e-09,10,14,10,0.067,Pomatoschistus,Synarachnactis,Actinopterygii,Cnidaria
bulla_striata,tritia_neritea,15,4.11,3.65,6.83,3.619027827724418e-11,1.102688394247987e-09,6,15,5,1.0,Bulla,Tritia,Mollusca,Mollusca
donax_semistriatus,papillicardium_papillosum,14,3.4,4.12,6.83,3.71201728440768e-11,1.128335723569663e-09,11,14,8,1.0,Donax,Papillicardium,Mollusca,Mollusca
dosinia_lupinus,gastrana_fragilis,13,3.07,4.23,6.83,4.3155216926441543e-11,1.2933542171679948e-09,8,13,8,1.0,Dosinia,Gastrana,Mollusca,Mollusca
peronidia_albicans,spisula_subtruncata,12,2.7,4.44,6.83,5.1938843492232876e-11,1.533460411501588e-09,11,11,8,1.0,Peronidia,Spisula,Mollusca,Mollusca
oryctolagus_cuniculus,streptopelia_decaocto,6,0.75,8.02,6.83,0.00012906205513574243,0.0007503262515067658,4,6,5,1.0,Oryctolagus,Streptopelia,Mammalia,Aves
anomia_ephippium,donax_semistriatus,8,1.72,4.64,6.83,0.0004232026541731715,0.002042250181014789,6,8,6,1.0,Anomia,Donax,Mollusca,Mollusca
goniodoridella_picoensis,ircinia_variabilis,20,6.17,3.24,6.82,2.4396533735019338e-11,7.723490718354405e-10,7,20,9,1.0,Goniodoridella,Ircinia,Mollusca,Porifera
acanthocardia_aculeata,mactra_corallina,18,5.62,3.2,6.82,2.8962035426091294e-11,9.020119841112251e-10,16,18,16,0.778,Acanthocardia,Mactra,Mollusca,Mollusca
elysia_viridis,simnia_spelta,16,4.3,3.72,6.82,3.2910097804343025e-11,1.0126535543406875e-09,8,16,9,1.0,Elysia,Simnia,Mollusca,Mollusca
condylactis_aurantiaca,gobius_geniporus,16,4.51,3.55,6.82,3.462971589232875e-11,1.0590607352428566e-09,11,15,15,1.0,Condylactis,Gobius,Cnidaria,Actinopterygii
limaria_tuberculata,patella_ulyssiponensis,10,2.47,4.05,6.82,9.586122203483395e-11,2.681957992513925e-09,8,10,8,1.0,Limaria,Patella,Mollusca,Mollusca
candiella_striata,pycnoclavella_communis,6,0.7,8.53,6.82,9.223759963694622e-05,0.0005645295876626867,3,6,6,1.0,Candiella,Pycnoclavella,Mollusca,Animalia
steromphala_varia,tritia_corrugata,20,6.32,3.16,6.81,2.729660205535248e-11,8.559275294460606e-10,14,17,13,1.0,Steromphala,Tritia,Mollusca,Mollusca
bittium_reticulatum,rissoa_membranacea,19,5.71,3.33,6.81,2.777820322383766e-11,8.679577228638442e-10,18,19,14,0.684,Bittium,Rissoa,Mollusca,Mollusca
hippolyte_inermis,pagurus_prideaux,6,1.48,4.04,6.81,0.004231664345377917,0.01330671086485745,4,5,5,0.333,Hippolyte,Pagurus,Malacostraca,Malacostraca
electra_posidoniae,patinella_radiata,21,6.6,3.18,6.8,2.5976265698747377e-11,8.183127463928064e-10,15,21,9,1.0,Electra,Patinella,Bryozoa,Bryozoa
filograna_implexa,phorbas_topsenti,19,5.88,3.23,6.8,3.11271851590837e-11,9.621615881585938e-10,9,19,6,1.0,Filograna,Phorbas,Annelida,Porifera
ardea_cinerea,columba_livia,18,5.15,3.5,6.8,3.208788325918538e-11,9.88409760158073e-10,8,16,9,1.0,Ardea,Columba,Aves,Aves
glycymeris_glycymeris,mimachlamys_varia,16,4.03,3.97,6.8,3.6385793820787435e-11,1.1083524567239543e-09,11,16,8,1.0,Glycymeris,Mimachlamys,Mollusca,Mollusca
galactites_tomentosus,viburnum_tinus,10,1.97,5.06,6.8,8.98069447351658e-11,2.5289951750843414e-09,6,10,7,1.0,Galactites,Viburnum,Plantae,Plantae
nerophis_ophidion,syngnathus_typhle,7,0.97,7.19,6.8,7.049415106619161e-05,0.0004494553201300315,5,7,7,0.0,Nerophis,Syngnathus,Actinopterygii,Actinopterygii
herbstia_condyliata,polybius_corrugatus,7,0.99,7.1,6.8,7.638355336347935e-05,0.0004813045387346865,4,7,5,1.0,Herbstia,Polybius,Malacostraca,Malacostraca
bosemprella_incarnata,lutraria_magna,6,1.27,4.72,6.8,0.0020051381360948195,0.007324959850033852,4,5,5,1.0,Bosemprella,Lutraria,Mollusca,Mollusca
haloa_japonica,pilumnus_hirtellus,16,5.13,3.12,6.79,4.5641421964584e-11,1.3600813181603557e-09,6,12,5,1.0,Haloa,Pilumnus,Mollusca,Malacostraca
asparagopsis_taxiformis,canthigaster_capistrata,8,1.81,4.41,6.79,0.0005913485627779824,0.0026975141487339017,7,6,5,0.125,Asparagopsis,Canthigaster,Plantae,Actinopterygii
chama_gryphoides,gnathophyllum_elegans,17,5.26,3.23,6.78,4.176810448222918e-11,1.25701481420343e-09,7,16,7,1.0,Chama,Gnathophyllum,Mollusca,Malacostraca
aplysia_fasciata,necora_puber,11,2.09,5.27,6.78,7.647298623441475e-11,2.183935028792642e-09,6,9,5,0.0,Aplysia,Necora,Mollusca,Malacostraca
cardites_antiquatus,columbella_rustica,17,4.58,3.71,6.77,4.091816228481576e-11,1.235955943329815e-09,10,17,9,1.0,Cardites,Columbella,Mollusca,Mollusca
modiolus_barbatus,pinctada_radiata,16,4.82,3.32,6.77,5.119888681696685e-11,1.5130920873885408e-09,7,14,7,1.0,Modiolus,Pinctada,Mollusca,Mollusca
pinnoctopus_macropus,rugulopteryx_okamurae,16,4.89,3.27,6.77,5.12906243684044e-11,1.5150987409583746e-09,5,15,6,0.875,Pinnoctopus,Rugulopteryx,Mollusca,
clanculus_corallinus,smaragdia_viridis,7,0.97,7.19,6.77,7.032823430730417e-05,0.00044859608577258565,7,7,7,1.0,Clanculus,Smaragdia,Mollusca,Mollusca
arothron_nigropunctatus,plectorhinchus_vittatus,6,1.89,3.18,6.77,0.01283452136696872,0.032266346654768296,5,6,6,0.0,Arothron,Plectorhinchus,Actinopterygii,Actinopterygii
cochlicella_acuta,theba_pisana,14,3.7,3.78,6.76,6.363268205327626e-11,1.8456041045482474e-09,12,14,11,1.0,Cochlicella,Theba,Mollusca,Mollusca
gari_fervensis,lutraria_lutraria,11,2.35,4.68,6.76,9.58112155206471e-11,2.681957992513925e-09,9,11,8,0.455,Gari,Lutraria,Mollusca,Mollusca
limacia_clavigera,trivia_monacha,15,3.89,3.86,6.75,5.7269854789522885e-11,1.6771012585592765e-09,9,13,10,0.133,Limacia,Trivia,Mollusca,Mollusca
moerella_pulchella,solen_marginatus,9,2.16,4.17,6.75,1.9175144321009834e-10,5.061992040232853e-09,5,9,5,1.0,Moerella,Solen,Mollusca,Mollusca
chamelea_striatula,loripes_orbiculatus,9,2.27,3.97,6.75,0.0005847614952040336,0.002673394313007877,3,8,5,1.0,Chamelea,Loripes,Mollusca,Mollusca
diplodus_cadenati,octopus_vulgaris,19,5.85,3.25,6.74,4.492838745763878e-11,1.3415486629681468e-09,10,18,13,0.0,Diplodus,Octopus,Actinopterygii,Mollusca
aulostomus_strigosus,similiparma_lurida,18,5.77,3.12,6.74,4.961935522230388e-11,1.4698761118617374e-09,14,17,12,0.0,Aulostomus,Similiparma,Actinopterygii,Actinopterygii
aplidium_elegans,axinella_damicornis,17,4.82,3.53,6.74,5.203521923898942e-11,1.5355188005144819e-09,10,17,10,1.0,Aplidium,Axinella,Animalia,Porifera
chthamalus_stellatus,cladostephus_spongiosus,16,4.49,3.56,6.74,5.641181043040415e-11,1.6532348534276975e-09,9,16,6,1.0,Chthamalus,Cladostephus,Crustacea,
elysia_timida,thysanozoon_brocchii,12,3.08,3.89,6.74,9.877469368390055e-11,2.7565987914631973e-09,6,12,8,1.0,Elysia,Thysanozoon,Mollusca,Platyhelminthes
ophidion_rochei,synodus_saurus,12,3.67,3.27,6.74,1.16487570964683e-10,3.2151016112638577e-09,6,11,7,1.0,Ophidion,Synodus,Actinopterygii,Actinopterygii
epitonium_clathrus,tritia_corrugata,8,2.02,3.97,6.74,0.0011569301513687513,0.0046825265670326,8,8,7,1.0,Epitonium,Tritia,Mollusca,Mollusca
chamelea_gallina,polititapes_aureus,17,4.5,3.78,6.73,5.0762822209837964e-11,1.5010472715251984e-09,11,17,8,1.0,Chamelea,Polititapes,Mollusca,Mollusca
lepidopleurus_cajetanus,muricopsis_cristata,14,3.87,3.62,6.73,8.050903149552716e-11,2.2850363302317597e-09,9,13,7,1.0,Lepidopleurus,Muricopsis,Mollusca,Mollusca
paraflabellina_ischitana,periclimenes_aegylios,14,4.23,3.31,6.73,8.666874376275476e-11,2.4472024403049998e-09,3,14,5,1.0,Paraflabellina,Periclimenes,Mollusca,Malacostraca
quercus_suber,rhamnus_alaternus,11,2.21,4.98,6.73,1.0983092422277213e-10,3.0425020893046114e-09,11,11,7,0.545,Quercus,Rhamnus,Plantae,Plantae
pomadasys_incisus,stypopodium_zonale,10,2.35,4.25,6.73,1.595544032515692e-10,4.292691609573511e-09,4,9,5,0.0,Pomadasys,Stypopodium,Actinopterygii,
peronaea_planata,ruditapes_decussatus,13,3.29,3.95,6.72,9.028705796584542e-11,2.541208577058478e-09,11,12,12,1.0,Peronaea,Ruditapes,Mollusca,Mollusca
ocenebra_edwardsii,tritia_neritea,10,1.94,5.16,6.72,1.4408806961232542e-10,3.901180251849198e-09,8,10,9,1.0,Ocenebra,Tritia,Mollusca,Mollusca
ocenebra_erinaceus,steromphala_rarilineata,7,0.92,7.63,6.72,4.8966330802757696e-05,0.0003299863804504766,7,7,7,1.0,Ocenebra,Steromphala,Mollusca,Mollusca
acanthocardia_aculeata,mimachlamys_varia,9,2.43,3.71,6.72,0.0009295234506881966,0.003914634239191482,8,9,9,1.0,Acanthocardia,Mimachlamys,Mollusca,Mollusca
astroides_calycularis,clavelina_dellavallei,16,4.51,3.55,6.71,6.77877434945281e-11,1.9577385814849875e-09,6,14,8,1.0,Astroides,Clavelina,Cnidaria,Animalia
aplysia_dactylomela,sparisoma_cretense,12,2.72,4.41,6.71,1.098317552226074e-10,3.0425020893046114e-09,10,11,7,0.167,Aplysia,Sparisoma,Mollusca,Actinopterygii
pterois_miles,taeniura_lymma,11,2.22,4.96,6.71,1.2071784470734982e-10,3.3246900745076568e-09,10,11,7,0.0,Pterois,Taeniura,Actinopterygii,Elasmobranchii
phallusia_fumigata,pseudoceros_maximus,12,3.17,3.78,6.71,1.2220388192341634e-10,3.3535912370427006e-09,6,11,7,0.917,Phallusia,Pseudoceros,Animalia,Platyhelminthes
caloria_elegans,facelinopsis_marioni,12,3.31,3.62,6.71,1.2791773517049027e-10,3.4920935456353463e-09,9,11,6,1.0,Caloria,Facelinopsis,Mollusca,Mollusca
fasciospongia_cavernosa,tethya_aurantium,11,2.76,3.99,6.71,1.4984909131902948e-10,4.047647061270217e-09,6,11,6,1.0,Fasciospongia,Tethya,Porifera,Porifera
acanthocardia_aculeata,tritia_mutabilis,17,5.22,3.26,6.7,7.223536648576713e-11,2.0747452407445316e-09,16,15,17,1.0,Acanthocardia,Tritia,Mollusca,Mollusca
bittium_reticulatum,pinctada_radiata,15,3.7,4.05,6.7,7.828682392930077e-11,2.229655195043551e-09,5,15,5,1.0,Bittium,Pinctada,Mollusca,Mollusca
aglaophenia_tubiformis,wrangelia_penicillata,15,3.82,3.92,6.7,7.947257765565982e-11,2.260073768512129e-09,9,15,7,1.0,Aglaophenia,Wrangelia,Cnidaria,Plantae
cliona_celata,didemnum_maculosum,11,2.45,4.49,6.7,1.4217652019102188e-10,3.852141070575372e-09,10,11,6,1.0,Cliona,Didemnum,Porifera,Animalia
plantago_lanceolata,urtica_dioica,10,1.84,5.44,6.7,1.6172194869213764e-10,4.342894027302803e-09,9,10,10,0.6,Plantago,Urtica,Plantae,Plantae
cardita_calyculata,spisula_subtruncata,9,1.51,5.96,6.7,2.0344200639217595e-10,5.340016610709555e-09,8,9,7,0.889,Cardita,Spisula,Mollusca,Mollusca
cerastoderma_edule,dosinia_lupinus,9,1.79,5.03,6.7,2.189033436780411e-10,5.722382755862275e-09,7,9,5,1.0,Cerastoderma,Dosinia,Mollusca,Mollusca
crimora_papillata,pseudodistoma_crucigaster,6,0.96,6.24,6.7,0.00048574397271961,0.0022888317981590227,3,6,5,1.0,Crimora,Pseudodistoma,Mollusca,Animalia
candiella_striata,felimare_tricolor,21,6.8,3.09,6.69,5.5693051253781914e-11,1.6346655481887112e-09,8,21,8,1.0,Candiella,Felimare,Mollusca,Mollusca
diplodus_cervinus,sparisoma_cretense,16,4.23,3.78,6.69,7.600003808651963e-11,2.1725827264812427e-09,11,15,11,0.0,Diplodus,Sparisoma,Actinopterygii,Actinopterygii
clanculus_cruciatus,irus_irus,16,4.7,3.4,6.69,7.958741817642769e-11,2.26222277907653e-09,12,16,5,1.0,Clanculus,Irus,Mollusca,Mollusca
berghia_verrucicornis,dendrodoris_limbata,16,4.83,3.31,6.69,8.047784806561184e-11,2.284714147006098e-09,3,11,7,1.0,Berghia,Dendrodoris,Mollusca,Mollusca
hexadella_pruvoti,palmophyllum_crassum,14,3.51,3.99,6.69,9.648686879041102e-11,2.696669876790517e-09,8,14,5,1.0,Hexadella,Palmophyllum,Porifera,Plantae
acanthocardia_aculeata,lutraria_lutraria,12,3.02,3.98,6.69,1.2914977466526177e-10,3.524057470520326e-09,9,12,11,0.083,Acanthocardia,Lutraria,Mollusca,Mollusca
glycymeris_nummaria,spondylus_gaederopus,12,3.38,3.55,6.69,1.4720857721267897e-10,3.980055604132707e-09,9,12,9,1.0,Glycymeris,Spondylus,Mollusca,Mollusca
aplysia_punctata,limacia_inesae,10,2.03,4.92,6.69,1.7829458925678482e-10,4.745898766344418e-09,3,9,6,1.0,Aplysia,Limacia,Mollusca,Mollusca
astropecten_aranciacus,pinnoctopus_macropus,10,2.29,4.36,6.69,2.0257715759575594e-10,5.3221662174826604e-09,6,10,5,1.0,Astropecten,Pinnoctopus,Echinodermata,Mollusca
donax_semistriatus,venus_verrucosa,7,1.46,4.8,6.69,0.0007852005272990237,0.0034087591493747117,5,7,5,1.0,Donax,Venus,Mollusca,Mollusca
glans_trapezia,tritia_incrassata,6,1.2,4.98,6.69,0.0015249021796769346,0.005865799549484176,6,6,5,1.0,Glans,Tritia,Mollusca,Mollusca
antiopella_cristata,scorpaena_scrofa,18,5.94,3.03,6.68,7.609374161949366e-11,2.174721758752703e-09,5,17,8,1.0,Antiopella,Scorpaena,Mollusca,Actinopterygii
berthella_plumula,calliactis_parasitica,7,1.17,5.97,6.68,0.00021950226211575607,0.0011751352977552162,5,7,6,0.0,Berthella,Calliactis,Mollusca,Cnidaria
branchiomma_luctuosum,caulerpa_prolifera,8,1.65,4.83,6.68,0.0003249443258115381,0.0016365692974902699,3,8,7,1.0,Branchiomma,Caulerpa,Annelida,Plantae
donacilla_cornea,spisula_subtruncata,8,1.75,4.56,6.68,0.0004733603119251306,0.002241205054044992,7,8,7,1.0,Donacilla,Spisula,Mollusca,Mollusca
echiichthys_vipera,penaeus_kerathurus,8,2.43,3.29,6.68,0.0036268975728075414,0.011778905307634539,6,6,7,1.0,Echiichthys,Penaeus,Actinopterygii,Malacostraca
hermodice_carunculata,xyrichtys_novacula,19,6.17,3.08,6.67,7.152228114851152e-11,2.056314668688076e-09,16,17,16,0.632,Hermodice,Xyrichtys,Annelida,Actinopterygii
mactra_corallina,steromphala_varia,11,2.74,4.02,6.67,1.8029832821876038e-10,4.790380213125939e-09,9,11,8,1.0,Mactra,Steromphala,Mollusca,Mollusca
obelia_geniculata,pomatoschistus_pictus,10,1.98,5.04,6.67,1.946787841714099e-10,5.134563793883495e-09,6,8,7,0.0,Obelia,Pomatoschistus,Cnidaria,Actinopterygii
cronius_ruber,scyllarides_latus,10,2.14,4.66,6.67,2.1009220774993405e-10,5.502037440696386e-09,7,9,6,0.0,Cronius,Scyllarides,Malacostraca,Malacostraca
parietaria_officinalis,urtica_dioica,7,0.91,7.7,6.67,4.6037194686987526e-05,0.0003131040189338043,7,7,7,1.0,Parietaria,Urtica,Plantae,Plantae
melarhaphe_neritoides,xantho_hydrophilus,7,0.94,7.42,6.67,5.7924898739791786e-05,0.0003801515343750127,7,7,7,0.286,Melarhaphe,Xantho,Mollusca,Malacostraca
phragmites_australis,tamarix_gallica,5,0.51,9.8,6.67,0.00018903157991279063,0.0010359239906894268,5,5,5,1.0,Phragmites,Tamarix,Plantae,Plantae
alicia_mirabilis,cliona_viridis,8,1.2,6.67,6.66,3.463735140006602e-10,8.704976943048006e-09,7,8,8,1.0,Alicia,Cliona,Cnidaria,Porifera
coryphellina_flamma,hypselodoris_krakatoa,7,1.05,6.67,6.66,0.00011203959428085497,0.0006660169979118481,3,6,7,0.0,Coryphellina,Hypselodoris,Mollusca,Mollusca
epitonium_clathrus,peronidia_albicans,8,1.85,4.33,6.66,0.0006594500214003318,0.0029555059430229074,7,8,7,1.0,Epitonium,Peronidia,Mollusca,Mollusca
ardea_cinerea,passer_montanus,18,5.87,3.06,6.65,9.141108199688737e-11,2.5691442523467707e-09,9,18,8,0.944,Ardea,Passer,Aves,Aves
irus_irus,loripinus_fragilis,10,1.78,5.61,6.65,2.0994108889972847e-10,5.4993299694416365e-09,8,9,5,1.0,Irus,Loripinus,Mollusca,Mollusca
chromis_limbata,telmatactis_cricoides,11,2.77,3.97,6.65,2.1674321818321906e-10,5.669774229695633e-09,7,10,5,0.0,Chromis,Telmatactis,Actinopterygii,Cnidaria
galactites_tomentosus,hypericum_perforatum,9,1.88,4.79,6.65,3.079942449890271e-10,7.82579819137977e-09,8,9,7,0.667,Galactites,Hypericum,Plantae,Plantae
paguristes_eremita,synodus_saurus,6,0.81,7.4,6.65,0.00019827573283026645,0.0010774602606121707,6,6,6,1.0,Paguristes,Synodus,Malacostraca,Actinopterygii
ruditapes_decussatus,talochlamys_multistriata,7,1.61,4.36,6.65,0.0013615937150066593,0.0053497848758100736,6,6,7,1.0,Ruditapes,Talochlamys,Mollusca,Mollusca
acanthocardia_aculeata,pholas_dactylus,6,1.3,4.6,6.65,0.002263579538388738,0.008070482085309983,5,5,5,0.333,Acanthocardia,Pholas,Mollusca,Mollusca
actitis_hypoleucos,gallinula_chloropus,19,5.63,3.37,6.64,8.234108781086079e-11,2.333584915169104e-09,10,18,11,1.0,Actitis,Gallinula,Aves,Aves
clanculus_jussieui,harmothoe_areolata,14,3.34,4.2,6.64,1.2749542194161535e-10,3.4822149334665373e-09,7,14,5,1.0,Clanculus,Harmothoe,Mollusca,Annelida
anemonia_sargassensis,scartella_cristata,14,3.85,3.63,6.64,1.3996834362401912e-10,3.800356601192906e-09,5,14,9,0.0,Anemonia,Scartella,Cnidaria,Actinopterygii
placida_dendritica,rudmania_krohni,12,2.77,4.33,6.64,1.665258505039891e-10,4.4563168598052406e-09,4,11,6,1.0,Placida,Rudmania,Mollusca,Mollusca
cribrinopsis_crassa,felimare_orsinii,23,7.36,3.12,6.63,7.012453874769023e-11,2.019152052459112e-09,10,23,13,1.0,Cribrinopsis,Felimare,Cnidaria,Mollusca
axinella_polypoides,sertularella_crassicaulis,15,4.9,3.06,6.63,1.499355604597268e-10,4.049033358462815e-09,4,13,6,1.0,Axinella,Sertularella,Porifera,Cnidaria
chromis_limbata,pomadasys_incisus,13,3.2,4.06,6.63,1.5277016637225502e-10,4.118823834951852e-09,7,10,8,0.0,Chromis,Pomadasys,Actinopterygii,Actinopterygii
bittium_latreillii,irus_irus,9,2.22,4.05,6.63,4.211507999357819e-10,1.0377372405249252e-08,7,9,5,1.0,Bittium,Irus,Mollusca,Mollusca
centaurea_aspera,sonchus_tenerrimus,18,5.29,3.4,6.62,1.0122637645745497e-10,2.818874419483839e-09,13,16,14,1.0,Centaurea,Sonchus,Plantae,Plantae
gobius_xanthocephalus,haliclona_mucosa,15,3.6,4.17,6.62,1.2440130010780676e-10,3.407400707945737e-09,6,15,5,1.0,Gobius,Haliclona,Actinopterygii,Porifera
cyrillia_linearis,jujubinus_exasperatus,13,3.03,4.29,6.62,1.6035004660702585e-10,4.3130905368470245e-09,11,13,6,0.769,Cyrillia,Jujubinus,Mollusca,Mollusca
tritia_corniculum,tritia_corrugata,12,2.96,4.06,6.62,2.024820958862619e-10,5.3208821565878e-09,10,11,9,1.0,Tritia,Tritia,Mollusca,Mollusca
holothuria_sanctori,notospermus_geniculatus,10,2.15,4.65,6.62,2.867137302559736e-10,7.3254754004012384e-09,10,10,6,0.9,Holothuria,Notospermus,Echinodermata,Animalia
heteropriacanthus_fulgens,pseudocaranx_dentex,9,1.8,4.99,6.62,3.636227387245169e-10,9.096806512924919e-09,7,8,7,0.0,Heteropriacanthus,Pseudocaranx,Actinopterygii,Actinopterygii
calliactis_parasitica,trivia_arctica,6,0.82,7.35,6.62,0.00020514871206311902,0.0011089221380408078,5,6,5,0.0,Calliactis,Trivia,Cnidaria,Mollusca
mesophyllum_expansum,ophidiaster_ophidianus,9,2.9,3.11,6.62,0.0030396449154115324,0.010204250162749373,8,8,5,1.0,Mesophyllum,Ophidiaster,Plantae,Echinodermata
pachycerianthus_solitarius,penaeus_kerathurus,18,5.52,3.26,6.61,1.098379065780518e-10,3.0425020893046114e-09,10,13,7,1.0,Pachycerianthus,Penaeus,Cnidaria,Malacostraca
bittium_reticulatum,dosinia_lupinus,17,5.3,3.21,6.61,1.2249334613919414e-10,3.3607343292735703e-09,14,17,8,1.0,Bittium,Dosinia,Mollusca,Mollusca
axinella_verrucosa,sertularella_crassicaulis,16,4.48,3.57,6.61,1.2660193887783268e-10,3.460272779710993e-09,9,15,8,1.0,Axinella,Sertularella,Porifera,Cnidaria
diodora_graeca,trivia_arctica,11,2.27,4.84,6.61,2.2838417570894887e-10,5.9540100878872475e-09,10,11,8,0.273,Diodora,Trivia,Mollusca,Mollusca
cardita_calyculata,donacilla_cornea,8,2.32,3.45,6.61,0.0027280723984158817,0.009364585458928614,8,8,7,1.0,Cardita,Donacilla,Mollusca,Mollusca
gallinula_chloropus,passer_montanus,17,4.94,3.44,6.6,1.2767817814464599e-10,3.486379908740412e-09,9,17,11,0.941,Gallinula,Passer,Aves,Aves
limacia_clavigera,pomatoschistus_pictus,15,4.06,3.7,6.6,1.493214474386043e-10,4.034340532532122e-09,11,15,7,0.0,Limacia,Pomatoschistus,Mollusca,Actinopterygii
ariosoma_balearicum,athanas_nitescens,14,3.99,3.51,6.6,1.7882669027677986e-10,4.757863747493337e-09,5,13,5,0.929,Ariosoma,Athanas,Actinopterygii,Malacostraca
hirschfeldia_incana,rumex_crispus,7,1.03,6.82,6.6,9.794928693085403e-05,0.0005938401037565577,7,7,7,0.0,Hirschfeldia,Rumex,Plantae,Plantae
holothuria_mammata,ophidiaster_ophidianus,8,1.53,5.22,6.6,0.00019550842572713112,0.0010647828997054042,5,7,5,0.875,Holothuria,Ophidiaster,Echinodermata,Echinodermata
limacia_clavigera,polycera_kernowensis,5,1.36,3.68,6.6,0.012660332463529933,0.03192900882651336,5,5,5,0.0,Limacia,Polycera,Mollusca,Mollusca
naticarius_hebraeus,peronaea_planata,14,3.37,4.16,6.59,1.7295931733037837e-10,4.6166833164339455e-09,8,13,10,1.0,Naticarius,Peronaea,Mollusca,Mollusca
ophiocomina_nigra,reptadeonella_violacea,10,2.14,4.68,6.59,3.418727019007152e-10,8.595613869439108e-09,9,10,5,0.8,Ophiocomina,Reptadeonella,Echinodermata,Bryozoa
erithacus_rubecula,parus_major,5,0.65,7.71,6.59,0.0005606744073105574,0.002580271418519772,5,4,5,0.0,Erithacus,Parus,Aves,Aves
heteropriacanthus_fulgens,muraena_augusti,16,4.72,3.39,6.58,1.6379016735970258e-10,4.390247194161744e-09,13,12,13,0.0,Heteropriacanthus,Muraena,Actinopterygii,Actinopterygii
ruditapes_decussatus,tritia_neritea,12,2.81,4.27,6.58,2.4394431005757607e-10,6.329585652223647e-09,8,12,9,1.0,Ruditapes,Tritia,Mollusca,Mollusca
clanculus_jussieui,conus_ventricosus,16,4.42,3.62,6.57,1.672152230892506e-10,4.473725629534144e-09,14,16,10,1.0,Clanculus,Conus,Mollusca,Mollusca
galathea_squamifera,simnia_spelta,12,2.56,4.69,6.57,2.4715301191705346e-10,6.407069213522103e-09,4,10,5,1.0,Galathea,Simnia,Malacostraca,Mollusca
berthellina_edwardsii,limaria_hians,10,2.02,4.96,6.57,3.705146341313043e-10,9.251141723117203e-09,8,10,5,1.0,Berthellina,Limaria,Mollusca,Mollusca
aplysina_aerophoba,aulostomus_strigosus,8,1.36,5.88,6.57,6.055347040748342e-10,1.4473033205028465e-08,5,8,6,0.0,Aplysina,Aulostomus,Porifera,Actinopterygii
neverita_josephinia,peronidia_albicans,7,1.33,5.27,6.57,0.0004561316334488197,0.002172310405119381,7,7,7,1.0,Neverita,Peronidia,Mollusca,Mollusca
codium_bursa,mesophyllum_lichenoides,5,0.79,6.31,6.57,0.0013570463081278294,0.0053351930819901874,5,5,5,1.0,Codium,Mesophyllum,Plantae,Plantae
felimare_bilineata,luisella_babai,16,4.55,3.52,6.56,1.7946893452320298e-10,4.771645311057252e-09,8,16,8,0.562,Felimare,Luisella,Mollusca,Mollusca
sicyonia_carinata,xantho_poressa,10,2.18,4.58,6.56,4.061823358374042e-10,1.0063189208131681e-08,6,10,5,1.0,Sicyonia,Xantho,Malacostraca,Malacostraca
chloromyia_formosa,psilothrix_viridicoerulea,15,4.9,3.06,6.55,2.453860473239076e-10,6.362695069976019e-09,9,12,9,1.0,Chloromyia,Psilothrix,Insecta,Insecta
galeodea_echinophora,mactra_stultorum,5,0.54,9.21,6.55,0.0002505319908703285,0.0013132951483926527,5,5,5,1.0,Galeodea,Mactra,Mollusca,Mollusca
bittium_latreillii,ruditapes_decussatus,6,1.43,4.18,6.55,0.003604346236793843,0.011718880813467612,5,6,6,1.0,Bittium,Ruditapes,Mollusca,Mollusca
astropecten_platyacanthus,bunodactis_verrucosa,19,5.85,3.25,6.54,1.6106295665804737e-10,4.330244307779157e-09,6,16,7,1.0,Astropecten,Bunodactis,Echinodermata,Cnidaria
bulla_striata,modiolus_barbatus,18,5.62,3.2,6.54,1.7441888131705455e-10,4.6524086138573635e-09,14,18,9,1.0,Bulla,Modiolus,Mollusca,Mollusca
chroicocephalus_ridibundus,columba_livia,10,1.93,5.18,6.54,4.148851252002706e-10,1.0245750474506318e-08,8,10,8,0.7,Chroicocephalus,Columba,Aves,Aves
conus_ventricosus,smaragdia_viridis,10,2.21,4.53,6.54,4.585642763611073e-10,1.1223377712748035e-08,10,10,9,1.0,Conus,Smaragdia,Mollusca,Mollusca
alvania_cancellata,irus_irus,7,1.32,5.29,6.54,0.00044553968394500654,0.002129437178443434,6,7,6,1.0,Alvania,Irus,Mollusca,Mollusca
elysia_viridis,pseudoceros_maximus,13,3.98,3.27,6.53,3.3814271202273785e-10,8.507401833559181e-09,9,11,6,1.0,Elysia,Pseudoceros,Mollusca,Platyhelminthes
nemesignis_banyulensis,platydoris_argo,5,0.61,8.26,6.53,0.0004114057970733276,0.0019925860523439714,4,4,5,1.0,Nemesignis,Platydoris,Mollusca,Mollusca
bittium_reticulatum,steromphala_divaricata,13,3.9,3.33,6.52,3.6083164570660763e-10,9.03286590873186e-09,8,13,7,1.0,Bittium,Steromphala,Mollusca,Mollusca
arundo_donax,ficus_carica,7,0.94,7.41,6.52,5.84218770386391e-05,0.00038291141391360185,7,7,6,1.0,Arundo,Ficus,Plantae,Plantae
paractinia_striata,schizobrachiella_sanguinea,19,6.15,3.09,6.51,1.9140928076223126e-10,5.055276199204973e-09,7,19,6,1.0,Paractinia,Schizobrachiella,Cnidaria,Bryozoa
astropecten_platyacanthus,galathea_squamifera,19,6.22,3.05,6.51,1.9587192181447828e-10,5.160125515827843e-09,10,19,7,1.0,Astropecten,Galathea,Echinodermata,Malacostraca
acanthonyx_lunulatus,reptadeonella_violacea,15,4.5,3.34,6.51,2.774113880423241e-10,7.105135959988419e-09,11,15,5,0.933,Acanthonyx,Reptadeonella,Malacostraca,Bryozoa
corticium_candelabrum,thylacodes_arenarius,10,2.07,4.84,6.51,5.230925939554876e-10,1.26761378195305e-08,8,10,5,1.0,Corticium,Thylacodes,Porifera,Mollusca
alcedo_atthis,sylvia_atricapilla,8,1.33,6.02,6.51,8.469149531400163e-10,1.967096577853678e-08,7,8,8,0.75,Alcedo,Sylvia,Aves,Aves
ctena_decussata,pseudochama_gryphina,9,2.38,3.78,6.51,8.9263981917376e-10,2.0645588782994146e-08,8,9,5,1.0,Ctena,Pseudochama,Mollusca,Mollusca
holothuria_forskali,pilumnus_hirtellus,8,1.51,5.28,6.51,0.00018020958710185386,0.000994532468142849,5,7,5,1.0,Holothuria,Pilumnus,Echinodermata,Malacostraca
hippolyte_inermis,processa_edulis,9,2.63,3.42,6.51,0.0016091481139377528,0.006122404944617883,4,9,5,0.556,Hippolyte,Processa,Malacostraca,Malacostraca
antedon_mediterranea,candiella_manicata,9,2.82,3.19,6.51,0.002570229354854181,0.008925685856291707,7,9,6,1.0,Antedon,Candiella,Echinodermata,Mollusca
diodora_graeca,plakina_monolopha,16,4.68,3.42,6.5,2.6054659076581695e-10,6.722510513456926e-09,3,16,6,0.938,Diodora,Plakina,Mollusca,Porifera
bolma_rugosa,naticarius_hebraeus,12,2.93,4.1,6.5,4.086560557763943e-10,1.0117948044200244e-08,10,12,12,1.0,Bolma,Naticarius,Mollusca,Mollusca
glycymeris_bimaculata,laevicardium_crassum,8,1.32,6.08,6.5,8.846173184432573e-10,2.047236913498132e-08,6,8,6,0.5,Glycymeris,Laevicardium,Mollusca,Mollusca
hedera_helix,viburnum_tinus,16,4.59,3.49,6.49,2.7655004115322224e-10,7.090957253731541e-09,15,15,15,0.938,Hedera,Viburnum,Plantae,Plantae
dictyopteris_polypodioides,taonia_pseudociliata,14,4.46,3.14,6.49,3.8130876301733527e-10,9.497545820627156e-09,8,14,6,1.0,Dictyopteris,Taonia,,
phorbas_topsenti,schizomavella_mamillata,11,2.19,5.03,6.49,4.650854579597914e-10,1.1366080844038993e-08,9,11,6,1.0,Phorbas,Schizomavella,Porifera,Bryozoa
aequipecten_opercularis,gibbula_magus,9,1.8,5.0,6.49,7.64140903361845e-10,1.788906495242796e-08,7,9,7,0.667,Aequipecten,Gibbula,Mollusca,Mollusca
chromodoris_magnifica,hypselodoris_decorata,8,1.34,5.95,6.49,9.446647044428778e-10,2.1757127671059035e-08,6,8,7,0.0,Chromodoris,Hypselodoris,Mollusca,Mollusca
simnia_spelta,tenellia_ocellata,13,3.58,3.63,6.48,4.184992877418524e-10,1.0323938317989799e-08,6,13,7,1.0,Simnia,Tenellia,Mollusca,Mollusca
bittium_latreillii,gibberula_miliaria,13,3.76,3.46,6.48,4.376497629073304e-10,1.0750320530058868e-08,7,12,7,1.0,Bittium,Gibberula,Mollusca,Mollusca
elysia_timida,lysmata_seticaudata,10,2.54,3.94,6.48,7.447284847317803e-10,1.749861316643688e-08,6,10,7,1.0,Elysia,Lysmata,Mollusca,Malacostraca
okenia_nodosa,rostanga_rubra,11,2.42,4.55,6.47,5.690227363937668e-10,1.367126075568457e-08,5,11,6,0.0,Okenia,Rostanga,Mollusca,Mollusca
diaphorodoris_papillata,felimida_luteorosea,11,2.81,3.92,6.47,6.306901344073639e-10,1.5008887883550082e-08,9,11,11,1.0,Diaphorodoris,Felimida,Mollusca,Mollusca
learchis_poica,tenellia_maua,8,1.48,5.41,6.47,1.1838835132634502e-09,2.6695657909963306e-08,6,8,5,0.0,Learchis,Tenellia,Mollusca,Mollusca
callista_chione,glycymeris_glycymeris,18,5.41,3.32,6.46,2.703296166203027e-10,6.9469224075675555e-09,12,17,17,1.0,Callista,Glycymeris,Mollusca,Mollusca
tritia_mutabilis,turritellinella_tricarinata,18,5.52,3.26,6.46,2.7875157047333804e-10,7.136287983291208e-09,12,18,16,1.0,Tritia,Turritellinella,Mollusca,Mollusca
pecten_jacobaeus,turritellinella_tricarinata,16,4.45,3.59,6.46,3.20809074739638e-10,8.120959931071249e-09,12,16,12,1.0,Pecten,Turritellinella,Mollusca,Mollusca
euthria_cornea,lepidopleurus_cajetanus,16,4.65,3.44,6.46,3.274625368728038e-10,8.260344667811362e-09,9,16,6,1.0,Euthria,Lepidopleurus,Mollusca,Mollusca
echinaster_sepositus,prostheceraeus_roseus,16,4.65,3.44,6.46,3.3405726834306363e-10,8.411963615780175e-09,5,13,8,1.0,Echinaster,Prostheceraeus,Echinodermata,Platyhelminthes
astropecten_platyacanthus,ophidion_rochei,14,3.59,3.9,6.46,3.768599488091441e-10,9.395319961611911e-09,9,12,8,1.0,Astropecten,Ophidion,Echinodermata,Actinopterygii
acteon_tornatilis,fissurella_nubecula,12,3.75,3.2,6.46,6.335339312352006e-10,1.5073449610495674e-08,7,12,8,1.0,Acteon,Fissurella,Mollusca,Mollusca
petrosia_ficiformis,predaea_ollivieri,9,2.24,4.02,6.46,1.087843627914864e-09,2.468464394530313e-08,6,9,5,1.0,Petrosia,Predaea,Porifera,Plantae
ophidiaster_ophidianus,phorbas_topsenti,8,1.36,5.89,6.46,1.1865613650238955e-09,2.6745571413854987e-08,6,6,5,1.0,Ophidiaster,Phorbas,Echinodermata,Porifera
berthella_plumula,pisa_tetraodon,6,0.83,7.2,6.46,0.0002285240692870838,0.0012153029849605596,6,6,5,0.0,Berthella,Pisa,Mollusca,Malacostraca
felimare_villafranca,runcina_adriatica,6,1.35,4.43,6.46,0.002729058955311725,0.009367134664751876,3,4,5,1.0,Felimare,Runcina,Mollusca,Mollusca
monochirus_hispidus,mullus_barbatus,6,1.38,4.35,6.46,0.0029767198113966886,0.010040110936647854,4,6,6,1.0,Monochirus,Mullus,Actinopterygii,Actinopterygii
bulla_striata,spisula_subtruncata,20,6.51,3.07,6.45,2.670280949006233e-10,6.8758839170611105e-09,13,19,6,1.0,Bulla,Spisula,Mollusca,Mollusca
limaria_hians,planocera_ceratommata,18,5.9,3.05,6.45,3.107071540081614e-10,7.889510022119512e-09,12,17,7,1.0,Limaria,Planocera,Mollusca,Platyhelminthes
acteon_tornatilis,mactra_corallina,12,3.68,3.26,6.45,6.578297922659993e-10,1.5603175496852418e-08,9,12,8,1.0,Acteon,Mactra,Mollusca,Mollusca
nerocila_bivittata,schizobrachiella_sanguinea,10,1.89,5.28,6.45,7.302862912040112e-10,1.7180294443918093e-08,7,10,7,1.0,Nerocila,Schizobrachiella,Malacostraca,Bryozoa
dittrichia_viscosa,portulaca_oleracea,11,2.97,3.71,6.45,7.340039884694517e-10,1.726070534550617e-08,9,9,8,1.0,Dittrichia,Portulaca,Plantae,Plantae
glycymeris_glycymeris,venus_verrucosa,11,3.09,3.56,6.45,7.637652325400291e-10,1.788390444096372e-08,9,11,8,1.0,Glycymeris,Venus,Mollusca,Mollusca
closterotomus_trivialis,psilothrix_viridicoerulea,10,2.84,3.52,6.45,1.002141593890985e-09,2.2956993474372053e-08,6,9,6,1.0,Closterotomus,Psilothrix,Insecta,Insecta
capulus_ungaricus,laevicardium_crassum,6,0.74,8.1,6.45,0.00012225802365228855,0.0007164096315787513,6,6,5,0.833,Capulus,Laevicardium,Mollusca,Mollusca
cerastoderma_edule,ocenebra_erinaceus,6,1.02,5.85,6.45,0.0006741820291592537,0.0030112226762013983,4,6,5,0.833,Cerastoderma,Ocenebra,Mollusca,Mollusca
parablennius_rouxi,raspaciona_aculeata,20,6.44,3.11,6.44,2.76266302255911e-10,7.085258923662059e-09,7,19,6,1.0,Parablennius,Raspaciona,Actinopterygii,Porifera
anomia_ephippium,glycymeris_glycymeris,18,5.09,3.53,6.44,2.9415396890194407e-10,7.500600671398752e-09,9,18,11,1.0,Anomia,Glycymeris,Mollusca,Mollusca
sparisoma_cretense,stenorhynchus_lanceolatus,17,5.51,3.09,6.44,3.5362959620849516e-10,8.87242790833277e-09,13,16,10,0.0,Sparisoma,Stenorhynchus,Actinopterygii,Malacostraca
bittium_latreillii,melarhaphe_neritoides,12,3.07,3.91,6.44,6.102732740870286e-10,1.4571175599569335e-08,11,12,11,1.0,Bittium,Melarhaphe,Mollusca,Mollusca
galathea_squamifera,limaria_tuberculata,10,3.04,3.29,6.44,1.1461877488917586e-09,2.5901414951613605e-08,6,9,5,1.0,Galathea,Limaria,Malacostraca,Mollusca
aequipecten_opercularis,spisula_subtruncata,7,1.19,5.88,6.44,0.00023886870612954691,0.0012613967006301944,6,7,6,1.0,Aequipecten,Spisula,Mollusca,Mollusca
felimare_tricolor,platydoris_argo,17,4.82,3.53,6.43,3.540541818836242e-10,8.880569991230359e-09,9,17,10,0.941,Felimare,Platydoris,Mollusca,Mollusca
pagellus_erythrinus,pentapora_fascialis,16,4.85,3.3,6.43,3.99409917730699e-10,9.913120470626306e-09,4,16,5,1.0,Pagellus,Pentapora,Actinopterygii,Bryozoa
goniodoridella_picoensis,reptadeonella_violacea,15,4.14,3.63,6.43,4.1744290002099886e-10,1.0302290457159201e-08,9,14,10,1.0,Goniodoridella,Reptadeonella,Mollusca,Bryozoa
hermodice_carunculata,pinna_rudis,11,2.5,4.4,6.43,7.240775162355563e-10,1.705512700478451e-08,9,11,9,0.636,Hermodice,Pinna,Annelida,Mollusca
calmella_cavolini,cratena_peregrina,10,1.89,5.28,6.43,7.876264809096855e-10,1.8397753671273195e-08,6,10,5,1.0,Calmella,Cratena,Mollusca,Mollusca
naticarius_hebraeus,steromphala_varia,10,2.61,3.84,6.43,9.95105376008535e-10,2.2818333354984967e-08,9,10,9,1.0,Naticarius,Steromphala,Mollusca,Mollusca
ctena_decussata,tricolia_speciosa,10,2.79,3.59,6.43,1.0725979785376256e-09,2.4381921373214013e-08,8,10,5,1.0,Ctena,Tricolia,Mollusca,Mollusca
acanthocardia_paucicostata,spisula_subtruncata,9,1.78,5.06,6.43,1.0946708203643185e-09,2.481512341386284e-08,9,9,8,0.889,Acanthocardia,Spisula,Mollusca,Mollusca
hermodice_carunculata,pachycerianthus_solitarius,7,1.54,4.55,6.43,0.0010660588871928,0.004378560663130926,7,7,6,0.286,Hermodice,Pachycerianthus,Annelida,Cnidaria
neverita_josephinia,ocenebra_edwardsii,6,1.32,4.54,6.43,0.00240864904643312,0.008478100120170282,4,6,5,1.0,Neverita,Ocenebra,Mollusca,Mollusca
facelinopsis_marioni,thuridilla_hopei,11,2.71,4.05,6.42,7.919006393143149e-10,1.8490093484306108e-08,7,11,5,1.0,Facelinopsis,Thuridilla,Mollusca,Mollusca
columbella_rustica,echinolittorina_punctata,10,2.29,4.36,6.42,9.44963638779064e-10,2.1759662410934096e-08,10,10,9,1.0,Columbella,Echinolittorina,Mollusca,Mollusca
patella_rustica,semicassis_undulata,7,1.03,6.83,6.42,9.71853032279979e-05,0.0005899844903345245,7,7,6,1.0,Patella,Semicassis,Mollusca,Mollusca
estrilda_astrild,gallinula_chloropus,14,3.37,4.15,6.41,5.144860968238751e-10,1.2472823295138407e-08,7,13,8,0.929,Estrilda,Gallinula,Aves,Aves
acrosymphyton_purpuriferum,pennaria_disticha,13,3.26,3.99,6.41,5.962486893870667e-10,1.4265884530041044e-08,4,13,5,1.0,Acrosymphyton,Pennaria,Plantae,Cnidaria
donacilla_cornea,donax_semistriatus,10,2.75,3.64,6.41,1.1687500899088115e-09,2.6375060794878497e-08,8,9,9,1.0,Donacilla,Donax,Mollusca,Mollusca
necora_puber,phallusia_fumigata,9,2.17,4.14,6.41,1.4041563876402347e-09,3.1096584483219065e-08,5,8,7,1.0,Necora,Phallusia,Malacostraca,Animalia
ocenebra_edwardsii,striarca_lactea,17,5.43,3.13,6.4,4.6040070547425767e-10,1.1263538516342405e-08,8,17,8,0.882,Ocenebra,Striacta,Mollusca,Mollusca
porcellana_platycheles,pseudobiceros_splendidus,15,4.02,3.73,6.4,5.011862449607727e-10,1.2168316156893756e-08,3,15,5,1.0,Porcellana,Pseudobiceros,Malacostraca,Platyhelminthes
halocynthia_papillosa,sertularella_crassicaulis,14,4.16,3.37,6.4,6.036815711119723e-10,1.4431735156336097e-08,7,13,6,1.0,Halocynthia,Sertularella,Animalia,Cnidaria
felimare_villafranca,necora_puber,11,2.66,4.14,6.4,8.6807310308208e-10,2.0133983041567938e-08,6,10,7,0.818,Felimare,Necora,Mollusca,Malacostraca
sepia_officinalis,similiparma_lurida,11,3.39,3.24,6.4,1.0940639339855197e-09,2.481512341386284e-08,9,10,7,0.0,Sepia,Similiparma,Mollusca,Actinopterygii
filograna_implexa,zanardinia_typus,9,1.89,4.75,6.4,1.3730855490948058e-09,3.046705462209515e-08,7,9,5,1.0,Filograna,Zanardinia,Annelida,
ascidia_mentula,cliona_rhodensis,9,2.03,4.44,6.4,1.3799601072796217e-09,3.060780211764373e-08,7,8,5,1.0,Ascidia,Cliona,Animalia,Porifera
donax_variegatus,dosinia_lupinus,8,1.43,5.61,6.4,1.678883021676962e-09,3.6603716810990296e-08,5,8,6,1.0,Donax,Dosinia,Mollusca,Mollusca
chromodoris_annae,hypselodoris_tryoni,8,1.46,5.49,6.4,1.6957805236337847e-09,3.6909257405007847e-08,7,8,7,0.0,Chromodoris,Hypselodoris,Mollusca,Mollusca
pholas_dactylus,turritellinella_tricarinata,8,1.8,4.44,6.4,0.0005618061264857088,0.002584653687778427,6,8,8,1.0,Pholas,Turritellinella,Mollusca,Mollusca
limaria_tuberculata,talochlamys_multistriata,17,5.36,3.17,6.39,4.73900711185445e-10,1.1561892742780178e-08,13,17,13,1.0,Limaria,Talochlamys,Mollusca,Mollusca
bifurcaria_bifurcata,tritia_reticulata,16,4.93,3.25,6.39,5.276774188247529e-10,1.2776492088753013e-08,12,16,9,0.062,Bifurcaria,Tritia,,Mollusca
chama_gryphoides,ruditapes_decussatus,12,2.99,4.02,6.39,7.847343859579606e-10,1.8337634928985983e-08,5,12,5,1.0,Chama,Ruditapes,Mollusca,Mollusca
asparagopsis_armata,padina_pavonica,9,1.97,4.58,6.39,1.472687510938893e-09,3.2501818392759434e-08,4,8,5,1.0,Asparagopsis,Padina,Plantae,
cardites_antiquatus,mactra_corallina,6,0.91,6.58,6.39,0.0003688831940166226,0.0018193689307085792,5,6,6,1.0,Cardites,Mactra,Mollusca,Mollusca
calyptraea_chinensis,steromphala_varia,7,1.89,3.71,6.39,0.0033045050711684176,0.01092624425173315,5,7,5,1.0,Calyptraea,Steromphala,Mollusca,Mollusca
ocenebra_edwardsii,tritia_corniculum,15,4.38,3.42,6.38,5.961675803485532e-10,1.4265884530041044e-08,9,15,10,1.0,Ocenebra,Tritia,Mollusca,Mollusca
harmothoe_areolata,porcellana_platycheles,15,4.67,3.21,6.38,6.221541445580189e-10,1.4839471235954867e-08,10,14,5,1.0,Harmothoe,Porcellana,Annelida,Malacostraca
muraena_augusti,sphoeroides_marmoratus,14,3.94,3.56,6.38,6.572791057250513e-10,1.5593324154849425e-08,11,11,9,0.0,Muraena,Sphoeroides,Actinopterygii,Actinopterygii
patella_ulyssiponensis,tritia_incrassata,12,3.8,3.16,6.38,1.0330280707455108e-09,2.3575468673170724e-08,9,12,7,1.0,Patella,Tritia,Mollusca,Mollusca
felimare_orsinii,spondyliosoma_cantharus,8,1.29,6.19,6.38,1.8129006786433894e-09,3.9228664497076076e-08,6,8,5,1.0,Felimare,Spondyliosoma,Mollusca,Actinopterygii
capsella_bursa_pastoris,stellaria_media,6,1.36,4.41,6.38,0.0027885494113915055,0.009526341852094843,6,6,6,0.5,Capsella,Stellaria,Plantae,Plantae
holothuria_forskali,synodus_saurus,15,4.23,3.55,6.37,6.40221837127571e-10,1.5213720405207238e-08,10,15,8,1.0,Holothuria,Synodus,Echinodermata,Actinopterygii
ardeola_ralloides,egretta_garzetta,13,3.31,3.93,6.37,7.699838811571737e-10,1.802219078521557e-08,5,13,8,1.0,Ardeola,Egretta,Aves,Aves
lepadogaster_candolii,tritia_corniculum,12,3.48,3.45,6.37,1.010445083700457e-09,2.31243703748173e-08,3,12,5,1.0,Lepadogaster,Tritia,Actinopterygii,Mollusca
asterina_gibbosa,caulerpa_prolifera,10,2.59,3.86,6.37,1.4175494579706083e-09,3.135100168094566e-08,7,10,7,1.0,Asterina,Caulerpa,Echinodermata,Plantae
anomia_ephippium,epitonium_clathrus,9,2.35,3.83,6.37,1.9696236067387414e-09,4.2309997760717877e-08,7,9,6,1.0,Anomia,Epitonium,Mollusca,Mollusca
candiella_manicata,prostheceraeus_moseleyi,18,5.79,3.11,6.36,5.426616732042599e-10,1.3114494524821389e-08,7,18,8,1.0,Candiella,Prostheceraeus,Mollusca,Platyhelminthes
patinella_radiata,striarca_lactea,15,4.44,3.38,6.36,6.966223300370874e-10,1.6455542118021863e-08,11,15,5,1.0,Patinella,Striacta,Bryozoa,Mollusca
thuridilla_hopei,trapania_lineata,11,2.58,4.27,6.36,1.1013498227132386e-09,2.495180038856557e-08,6,10,7,1.0,Thuridilla,Trapania,Mollusca,Mollusca
caulerpa_prolifera,paranemonia_cinerea,11,3.08,3.57,6.36,1.3005696682959897e-09,2.9031355951631697e-08,5,11,8,1.0,Caulerpa,Paranemonia,Plantae,Cnidaria
epinephelus_costae,muraena_helena,11,3.34,3.29,6.36,1.360298780349672e-09,3.021242735519638e-08,11,11,11,1.0,Epinephelus,Muraena,Actinopterygii,Actinopterygii
modiolus_barbatus,patella_ulyssiponensis,8,1.5,5.32,6.36,2.1863677484572237e-09,4.641207114303777e-08,8,8,6,1.0,Modiolus,Patella,Mollusca,Mollusca
ebenomitra_ebenus,talochlamys_multistriata,6,1.2,5.01,6.36,0.0014803403339779253,0.005722856638778286,5,6,5,1.0,Ebenomitra,Talochlamys,Mollusca,Mollusca
bosemprella_incarnata,limaria_tuberculata,15,4.87,3.08,6.35,7.765750386825597e-10,1.816908016985898e-08,13,15,12,1.0,Bosemprella,Limaria,Mollusca,Mollusca
bittium_latreillii,conus_ventricosus,14,4.13,3.39,6.35,8.240049977642372e-10,1.9181384474122283e-08,11,14,10,1.0,Bittium,Conus,Mollusca,Mollusca
diplosoma_listerianum,euthria_cornea,14,4.27,3.28,6.35,8.384820009500867e-10,1.9494748826933156e-08,9,13,5,1.0,Diplosoma,Euthria,Animalia,Mollusca
ocenebra_edwardsii,ocenebra_erinaceus,13,3.67,3.55,6.35,9.416091942154101e-10,2.169109090389764e-08,9,13,9,0.923,Ocenebra,Ocenebra,Mollusca,Mollusca
chondria_coerulescens,codium_adhaerens,9,1.6,5.61,6.35,1.6100734548694403e-09,3.518340331843304e-08,7,8,7,0.0,Chondria,Codium,Plantae,Plantae
diplodus_cadenati,epinephelus_marginatus,8,1.67,4.79,6.35,0.0003454278557069035,0.0017226384437408818,7,6,5,0.125,Diplodus,Epinephelus,Actinopterygii,Actinopterygii
berthellina_edwardsii,ophioderma_longicaudum,18,5.82,3.09,6.34,6.115171571544934e-10,1.459784968355289e-08,14,16,5,1.0,Berthellina,Ophioderma,Mollusca,Echinodermata
elysia_timida,yungia_aurantiaca,16,4.69,3.41,6.34,6.740671569813583e-10,1.5968585801538228e-08,8,16,6,1.0,Elysia,Yungia,Mollusca,Platyhelminthes
barbatia_barbata,dictyopteris_polypodioides,15,4.19,3.58,6.34,7.497824133966708e-10,1.7588664865190404e-08,11,14,7,1.0,Barbatia,Dictyopteris,Mollusca,
hordeum_murinum,melilotus_indicus,10,2.49,4.02,6.34,1.6035428098206994e-09,3.506064639639094e-08,8,8,9,0.0,Hordeum,Melilotus,Plantae,Plantae
mactra_stultorum,melarhaphe_neritoides,8,1.42,5.63,6.34,2.327096118585562e-09,4.911145717198069e-08,8,8,8,1.0,Mactra,Melarhaphe,Mollusca,Mollusca
astropecten_platyacanthus,calliactis_parasitica,8,1.6,5.01,6.34,2.487868824082174e-09,5.2225298835561734e-08,6,8,7,1.0,Astropecten,Calliactis,Echinodermata,Cnidaria
clibanarius_aequabilis,scartella_cristata,8,1.8,4.45,6.34,0.0005601651248683392,0.0025781336361045165,5,8,6,0.0,Clibanarius,Scartella,Malacostraca,Actinopterygii
isarachnanthus_maderensis,lygdamis_wirtzi,8,1.96,4.08,6.34,0.0009737352449873393,0.004063716822820461,4,8,5,0.0,Isarachnanthus,Lygdamis,Cnidaria,Annelida
candiella_odhneri,paraflabellina_ischitana,20,6.56,3.05,6.33,5.489323234553958e-10,1.3254914984564121e-08,12,20,11,1.0,Candiella,Paraflabellina,Mollusca,Mollusca
diaphorodoris_alba,trapania_lineata,18,5.96,3.02,6.33,6.505623609632875e-10,1.545625618321604e-08,11,18,8,1.0,Diaphorodoris,Trapania,Mollusca,Mollusca
barnea_candida,mactra_corallina,13,3.23,4.02,6.33,9.57102908028805e-10,2.2008399883543008e-08,12,13,12,0.692,Barnea,Mactra,Mollusca,Mollusca
ctena_decussata,dosinia_exoleta,13,3.56,3.65,6.33,1.0445243520743582e-09,2.3809533727023023e-08,8,13,8,1.0,Ctena,Dosinia,Mollusca,Mollusca
chromis_limbata,parapristipoma_octolineatum,8,1.8,4.44,6.33,0.0005691291209392046,0.00261283428375292,8,8,7,0.0,Chromis,Parapristipoma,Actinopterygii,Actinopterygii
bosemprella_incarnata,solen_marginatus,10,2.48,4.03,6.32,1.8123929511625036e-09,3.922504556560681e-08,9,9,8,1.0,Bosemprella,Solen,Mollusca,Mollusca
ocenebra_erinaceus,turritellinella_tricarinata,16,4.7,3.41,6.31,8.06285231024755e-10,1.880309387752548e-08,15,16,15,0.438,Ocenebra,Turritellinella,Mollusca,Mollusca
ascidia_mentula,lithophaga_lithophaga,13,4.18,3.11,6.31,1.3234325065013146e-09,2.9470431382236082e-08,7,12,5,1.0,Ascidia,Lithophaga,Animalia,Mollusca
dendrodoris_temarana,thysanozoon_brocchii,12,3.35,3.59,6.31,1.4121856030489407e-09,3.125000869035986e-08,6,11,5,0.917,Dendrodoris,Thysanozoon,Mollusca,Platyhelminthes
lagurus_ovatus,petrosedum_sediforme,10,2.08,4.81,6.31,1.6854389112771659e-09,3.6725799949834424e-08,10,10,9,1.0,Lagurus,Petrosedum,Plantae,Plantae
condylactis_aurantiaca,sparus_aurata,7,1.06,6.61,6.31,0.00011775018306448004,0.0006939833268409658,6,7,7,1.0,Condylactis,Sparus,Cnidaria,Actinopterygii
spisula_subtruncata,talochlamys_multistriata,16,4.9,3.26,6.3,9.033649476983474e-10,2.0881070512568302e-08,11,16,6,1.0,Spisula,Talochlamys,Mollusca,Mollusca
barleeia_unifasciata,bittium_reticulatum,16,5.15,3.11,6.3,9.51165065533717e-10,2.1880595089805575e-08,12,15,8,0.562,Barleeia,Bittium,Mollusca,Mollusca
bulla_striata,ruditapes_decussatus,14,3.83,3.66,6.3,1.0186099712458357e-09,2.3278703258759222e-08,5,14,5,1.0,Bulla,Ruditapes,Mollusca,Mollusca
astropecten_aranciacus,gobius_roulei,12,2.86,4.2,6.3,1.3033951410126487e-09,2.9077523978547866e-08,10,11,11,1.0,Astropecten,Gobius,Echinodermata,Actinopterygii
ophidiaster_ophidianus,scorpaena_notata,9,1.76,5.13,6.3,2.224896246613907e-09,4.717779259983592e-08,5,9,5,0.889,Ophidiaster,Scorpaena,Echinodermata,Actinopterygii
cardita_calyculata,limaria_tuberculata,18,5.95,3.02,6.29,8.412062896014946e-10,1.9546254414532187e-08,13,18,10,1.0,Cardita,Limaria,Mollusca,Mollusca
bituminaria_bituminosa,silybum_marianum,15,4.07,3.68,6.29,9.454340557568691e-10,2.1766144076621572e-08,13,14,10,0.933,Bituminaria,Silybum,Plantae,Plantae
sphyraena_viridensis,spicara_smaris,16,5.06,3.16,6.29,9.703605731925695e-10,2.228212467093418e-08,8,15,9,1.0,Sphyraena,Spicara,Actinopterygii,Actinopterygii
crimora_papillata,luisella_babai,11,3.08,3.57,6.29,1.8941412973019348e-09,4.0854414822865565e-08,7,11,7,1.0,Crimora,Luisella,Mollusca,Mollusca
doris_berghi,hippolyte_varians,8,2.03,3.94,6.29,0.0012054821731576348,0.004843713284118751,5,7,6,0.375,Doris,Hippolyte,Mollusca,Malacostraca
amphipholis_squamata,ocinebrina_aciculata,6,1.27,4.72,6.29,0.0019944001239274867,0.007293133312498165,5,6,5,0.333,Amphipholis,Ocinebrina,Echinodermata,Mollusca
cronius_ruber,pomadasys_incisus,17,5.13,3.32,6.28,8.870349979149904e-10,2.0520076285100112e-08,7,17,7,0.0,Cronius,Pomadasys,Malacostraca,Actinopterygii
acanthella_acuta,gnathophyllum_elegans,15,4.07,3.68,6.28,1.0269142408787485e-09,2.3449876750484706e-08,6,15,7,1.0,Acanthella,Gnathophyllum,Porifera,Malacostraca
penaeus_kerathurus,sicyonia_carinata,16,5.24,3.05,6.28,1.0473131624125008e-09,2.3854224112805404e-08,12,15,10,1.0,Penaeus,Sicyonia,Malacostraca,Malacostraca
eunicella_gazella,hemimycale_columella,14,3.95,3.55,6.28,1.196564206182365e-09,2.695423134873143e-08,5,14,8,1.0,Eunicella,Hemimycale,Cnidaria,Porifera
bispira_volutacornis,palinurus_elephas,14,4.12,3.4,6.28,1.2469325738212374e-09,2.792605370033084e-08,7,14,7,1.0,Bispira,Palinurus,Annelida,Malacostraca
antiopella_cristata,felimare_orsinii,20,6.6,3.03,6.27,7.788725337156623e-10,1.8211737644444726e-08,7,18,8,1.0,Antiopella,Felimare,Mollusca,Mollusca
mytilus_galloprovincialis,pisania_striata,8,1.44,5.55,6.27,3.414707286782901e-09,6.96261837639889e-08,4,8,6,1.0,Mytilus,Pisania,Mollusca,Mollusca
geitodoris_planata,trivia_monacha,8,1.71,4.68,6.27,3.938288855436896e-09,7.930547619327953e-08,7,8,7,0.0,Geitodoris,Trivia,Mollusca,Mollusca
lagurus_ovatus,polygonum_maritimum,7,1.11,6.3,6.27,0.0001584880138972844,0.0008927465848338917,6,7,5,0.857,Lagurus,Polygonum,Plantae,Plantae
galium_aparine,urtica_dioica,5,0.67,7.49,6.27,0.0006348889720666495,0.0028624667007657438,5,5,5,0.6,Galium,Urtica,Plantae,Plantae
epitonium_clathrus,trivia_monacha,7,1.64,4.27,6.27,0.0015368827242014937,0.00590301518166663,6,7,5,0.571,Epitonium,Trivia,Mollusca,Mollusca
donax_trunculus,donax_venustus,9,2.44,3.69,6.26,3.6399967468111e-09,7.376291736492981e-08,9,9,9,1.0,Donax,Donax,Mollusca,Mollusca
haliclona_viscosa,pawsonia_saxicola,8,1.59,5.03,6.26,3.832647775494316e-09,7.73946282783606e-08,7,8,6,0.0,Haliclona,Pawsonia,Porifera,Echinodermata
ferussacia_folliculum,monacha_cartusiana,7,1.15,6.08,6.26,0.00019673788156548966,0.001070365568258355,7,7,6,1.0,Ferussacia,Monacha,Mollusca,Mollusca
cornu_aspersum,lobularia_maritima,6,0.89,6.73,6.26,0.0003275950029956176,0.001647686301030654,6,6,6,1.0,Cornu,Lobularia,Mollusca,Plantae
amphorina_farrani,simnia_spelta,7,1.47,4.77,6.26,0.0008121159868204053,0.0035047390951735524,6,7,5,1.0,Amphorina,Simnia,Mollusca,Mollusca
heteropriacanthus_fulgens,pomadasys_incisus,15,4.43,3.39,6.25,1.270798568108339e-09,2.8416358354105806e-08,6,14,9,0.0,Heteropriacanthus,Pomadasys,Actinopterygii,Actinopterygii
eunicella_verrucosa,leptopsammia_pruvoti,14,4.04,3.47,6.25,1.449873255912172e-09,3.202285248736692e-08,10,14,10,0.286,Eunicella,Leptopsammia,Cnidaria,Cnidaria
acteon_tornatilis,turritellinella_tricarinata,14,4.2,3.33,6.25,1.5204005533214666e-09,3.342610523111573e-08,10,14,12,0.857,Acteon,Turritellinella,Mollusca,Mollusca
bopyrina_ocellata,hippolyte_varians,12,3.16,3.8,6.25,1.8175343499424203e-09,3.931416208238202e-08,6,12,5,0.0,Bopyrina,Hippolyte,Crustacea,Malacostraca
eryngium_maritimum,sporobolus_pungens,11,2.35,4.68,6.25,1.9854079888607606e-09,4.261728003516211e-08,8,9,9,1.0,Eryngium,Sporobolus,Plantae,Plantae
chamelea_striatula,talochlamys_pusio,7,1.36,5.14,6.25,0.0005298438827872065,0.002459907095696677,7,7,7,0.429,Chamelea,Talochlamys,Mollusca,Mollusca
adeonella_calveti,phycis_phycis,18,5.86,3.07,6.24,1.0923538415203832e-09,2.4782105545197763e-08,11,18,7,1.0,Adeonella,Phycis,Bryozoa,Actinopterygii
didemnum_lahillei,xantho_poressa,12,2.86,4.2,6.24,1.8091949590233654e-09,3.916318978942649e-08,5,12,5,1.0,Didemnum,Xantho,Animalia,Malacostraca
felimare_cantabrica,yungia_aurantiaca,9,1.96,4.58,6.24,3.3423533278431918e-09,6.836869190000836e-08,7,9,7,0.889,Felimare,Yungia,Mollusca,Platyhelminthes
aporrhais_pespelecani,mactra_stultorum,8,1.59,5.02,6.24,4.311145674043163e-09,8.606155367050225e-08,7,8,7,1.0,Aporrhais,Mactra,Mollusca,Mollusca
doriprismatica_atromarginata,nembrotha_cristata,6,1.28,4.7,6.24,0.0020309666757634126,0.00739866825558589,5,6,5,0.0,Doriprismatica,Nembrotha,Mollusca,Mollusca
felimare_orsinii,tenellia_ocellata,17,4.97,3.42,6.23,1.2104601180321569e-09,2.7225663302963022e-08,5,17,5,1.0,Felimare,Tenellia,Mollusca,Mollusca
aglaophenia_pluma,ophiothrix_fragilis,16,5.15,3.11,6.23,1.3988961730824804e-09,3.099796782531142e-08,12,16,6,1.0,Aglaophenia,Ophiothrix,Cnidaria,Echinodermata
conus_ventricosus,haliotis_tuberculata,14,4.65,3.01,6.23,1.8876035394954103e-09,4.074520645988824e-08,12,13,11,1.0,Conus,Haliotis,Mollusca,Mollusca
diodora_graeca,polititapes_aureus,13,3.94,3.3,6.23,2.0157203809018376e-09,4.313933694248844e-08,10,13,6,1.0,Diodora,Polititapes,Mollusca,Mollusca
aegithalos_caudatus,lophophanes_cristatus,9,1.79,5.04,6.23,3.3303425661174644e-09,6.818354096090214e-08,6,9,7,0.556,Aegithalos,Lophophanes,Aves,Aves
amathia_verticillata,halimeda_tuna,10,2.85,3.51,6.23,3.403907939822142e-09,6.944285643691696e-08,7,9,8,1.0,Amathia,Halimeda,Bryozoa,Plantae
acanthocardia_paucicostata,cardites_antiquatus,8,1.69,4.75,6.23,4.713671386662631e-09,9.327272387995221e-08,5,6,6,1.0,Acanthocardia,Cardites,Mollusca,Mollusca
phorcus_sauciatus,siphonaria_pectinata,17,5.41,3.14,6.22,1.3217049711751061e-09,2.945177940024312e-08,10,15,12,0.0,Phorcus,Siphonaria,Mollusca,Mollusca
marsenia_perspicua,trivia_monacha,14,4.02,3.48,6.22,1.7141241700902787e-09,3.728737932233393e-08,9,14,11,0.0,Marsenia,Trivia,Mollusca,Mollusca
galathea_strigosa,tripterygion_delaisi,13,3.56,3.65,6.22,1.971876747430753e-09,4.235050126976369e-08,9,13,9,0.769,Galathea,Tripterygion,Malacostraca,Actinopterygii
cernuella_virgata,cochlicella_barbara,9,1.72,5.22,6.22,3.448363118154171e-09,7.020060517120217e-08,9,9,8,0.889,Cernuella,Cochlicella,Mollusca,Mollusca
agelas_oroides,aglaophenia_elongata,8,1.7,4.69,6.22,5.281224632390919e-09,1.0326174517141266e-07,8,8,5,1.0,Agelas,Aglaophenia,Porifera,Cnidaria
chromodoris_alcalai,chromodoris_willani,9,2.72,3.31,6.22,5.284419736282946e-09,1.0328551287572093e-07,8,9,8,0.0,Chromodoris,Chromodoris,Mollusca,Mollusca
coscinasterias_tenuispina,sparisoma_cretense,17,5.18,3.28,6.21,1.3311613981963525e-09,2.963383917252417e-08,14,16,12,0.294,Coscinasterias,Sparisoma,Echinodermata,Actinopterygii
chelidonichthys_lastoviza,conger_conger,16,4.79,3.34,6.21,1.5307445201440406e-09,3.362209565275006e-08,8,14,11,1.0,Chelidonichthys,Conger,Actinopterygii,Actinopterygii
bulla_striata,euthria_cornea,15,4.64,3.23,6.21,1.6587675658943188e-09,3.619254898888051e-08,11,15,9,1.0,Bulla,Euthria,Mollusca,Mollusca
ariosoma_balearicum,diadema_africanum,13,3.25,4.0,6.21,1.8767915432228933e-09,4.0527440102239965e-08,4,12,5,0.0,Ariosoma,Diadema,Actinopterygii,Echinodermata
dasycladus_vermicularis,sarcotragus_spinosulus,14,4.11,3.4,6.21,1.8859302208022375e-09,4.071714864267259e-08,10,13,6,1.0,Dasycladus,Sarcotragus,Plantae,Porifera
cerastoderma_edule,chamelea_striatula,10,2.75,3.63,6.21,3.6613942688744013e-09,7.414436023051618e-08,7,10,7,1.0,Cerastoderma,Chamelea,Mollusca,Mollusca
conger_conger,simnia_spelta,10,2.93,3.41,6.21,3.870584098306672e-09,7.807858001423952e-08,6,10,8,1.0,Conger,Simnia,Actinopterygii,Mollusca
diodora_graeca,dosinia_exoleta,8,1.38,5.8,6.21,4.69779280293016e-09,9.300644819879122e-08,6,8,6,0.875,Diodora,Dosinia,Mollusca,Mollusca
glycymeris_bimaculata,mactra_glauca,8,1.65,4.85,6.21,5.164393987744832e-09,1.0123512761003158e-07,6,8,6,0.875,Glycymeris,Mactra,Mollusca,Mollusca
cribrinopsis_crassa,nausithoe_punctata,7,1.07,6.54,6.21,0.00012604903794188882,0.0007353701001193781,6,7,6,1.0,Cribrinopsis,Nausithoe,Cnidaria,Cnidaria
hirschfeldia_incana,otala_lactea,5,0.75,6.67,6.21,0.0010646777727858492,0.004373823704169346,5,5,5,0.0,Hirschfeldia,Otala,Plantae,Mollusca
pachycerianthus_solitarius,trinchesia_morrowae,15,4.29,3.5,6.2,1.6988482128510046e-09,3.6969042220114685e-08,5,14,5,1.0,Pachycerianthus,Trinchesia,Cnidaria,Mollusca
acteon_tornatilis,ocenebra_erinaceus,11,3.25,3.39,6.2,3.336392535798258e-09,6.827100633998269e-08,7,11,9,0.545,Acteon,Ocenebra,Mollusca,Mollusca
chamelea_gallina,patella_ulyssiponensis,7,1.13,6.21,6.2,0.00017207551542364197,0.0009569233643852111,7,7,6,1.0,Chamelea,Patella,Mollusca,Mollusca
dysidea_avara,scopalina_lophyropoda,19,6.15,3.09,6.19,1.366452543585618e-09,3.034325343701572e-08,6,18,8,1.0,Dysidea,Scopalina,Porifera,Porifera
doris_verrucosa,dysidea_fragilis,14,4.54,3.08,6.19,2.254225098055536e-09,4.775574626634607e-08,9,14,8,0.143,Doris,Dysidea,Mollusca,Porifera
clanculus_corallinus,tritia_incrassata,13,3.63,3.58,6.19,2.2844593287312967e-09,4.8298559828805344e-08,11,13,6,1.0,Clanculus,Tritia,Mollusca,Mollusca
marionia_blainvillea,stenopus_spinosus,11,3.18,3.46,6.19,3.349281256072052e-09,6.849824211335428e-08,7,11,6,1.0,Marionia,Stenopus,Mollusca,Malacostraca
aequipecten_opercularis,glycymeris_nummaria,6,0.87,6.9,6.19,0.0002872087597485251,0.0014732444880924836,6,6,6,1.0,Aequipecten,Glycymeris,Mollusca,Mollusca
eudendrium_racemosum,phorbas_topsenti,15,4.29,3.49,6.18,1.9522518483161253e-09,4.199948122005806e-08,9,15,7,1.0,Eudendrium,Phorbas,Cnidaria,Porifera
mytilaster_minimus,spisula_subtruncata,14,4.33,3.24,6.18,2.3025993730522693e-09,4.8673148288644704e-08,12,14,5,1.0,Mytilaster,Spisula,Mollusca,Mollusca
ocenebra_edwardsii,tritia_mutabilis,5,0.62,8.03,6.18,0.0004660108973977284,0.0022114977518457694,5,5,5,1.0,Ocenebra,Tritia,Mollusca,Mollusca
gobius_roulei,pecten_jacobaeus,6,1.1,5.46,6.18,0.0009641454238222824,0.004032727350180526,5,5,5,1.0,Gobius,Pecten,Actinopterygii,Mollusca
acanthocardia_aculeata,peronaea_planata,11,2.64,4.17,6.17,3.33349457070331e-09,6.822382457333525e-08,10,11,9,1.0,Acanthocardia,Peronaea,Mollusca,Mollusca
diodora_graeca,parvicardium_exiguum,11,2.91,3.78,6.17,3.64870479267377e-09,7.39133790988551e-08,9,10,6,0.909,Diodora,Parvicardium,Mollusca,Mollusca
canthigaster_capistrata,coscinasterias_tenuispina,10,2.84,3.52,6.17,4.78124237537113e-09,9.447997368992378e-08,5,9,6,0.0,Canthigaster,Coscinasterias,Actinopterygii,Echinodermata
barnea_candida,donax_semistriatus,9,1.87,4.82,6.17,4.876480706732216e-09,9.616399920205035e-08,8,9,9,0.889,Barnea,Donax,Mollusca,Mollusca
calmella_cavolini,simnia_spelta,19,6.11,3.11,6.16,1.55796456137732e-09,3.4148354134115825e-08,7,18,9,1.0,Calmella,Simnia,Mollusca,Mollusca
codium_coralloides,placida_verticilata,18,5.87,3.07,6.16,1.747451553694531e-09,3.796217401316703e-08,8,18,5,1.0,Codium,Placida,Plantae,Mollusca
clanculus_jussieui,didemnum_lahillei,14,3.76,3.73,6.16,2.2663369616639346e-09,4.798530254899739e-08,4,13,6,1.0,Clanculus,Didemnum,Mollusca,Animalia
gaidropsarus_mediterraneus,gnathophyllum_elegans,15,4.87,3.08,6.16,2.39963343936118e-09,5.049267045628592e-08,6,14,7,1.0,Gaidropsarus,Gnathophyllum,Actinopterygii,Malacostraca
mimachlamys_varia,ocenebra_edwardsii,13,3.22,4.04,6.16,2.5190012655037305e-09,5.281146893377466e-08,8,13,5,1.0,Mimachlamys,Ocenebra,Mollusca,Mollusca
columbella_rustica,steromphala_rarilineata,12,3.01,3.98,6.16,2.918879993046553e-09,6.038187299675616e-08,10,12,9,1.0,Columbella,Steromphala,Mollusca,Mollusca
gymnothorax_unicolor,ophidiaster_ophidianus,13,4.25,3.06,6.16,3.2406010702430205e-09,6.651170598544039e-08,7,9,5,1.0,Gymnothorax,Ophidiaster,Actinopterygii,Echinodermata
euphorbia_peplis,pancratium_maritimum,9,1.93,4.67,6.16,5.204467702316019e-09,1.019166236915884e-07,9,8,6,1.0,Euphorbia,Pancratium,Plantae,Plantae
candiella_striata,trinchesia_caerulea,7,1.18,5.92,6.16,0.00022979349711549357,0.0012208037833384053,5,7,6,1.0,Candiella,Trinchesia,Mollusca,Mollusca
lobularia_maritima,sisymbrium_irio,7,1.52,4.62,6.16,0.000980602881939463,0.004087317718114038,7,7,6,0.286,Lobularia,Sisymbrium,Plantae,Plantae
aplus_dorbignyi,irus_irus,13,4.04,3.22,6.15,3.1159522704162925e-09,6.418204279653827e-08,5,11,5,1.0,Aplus,Irus,Mollusca,Mollusca
donax_variegatus,glycymeris_glycymeris,12,3.91,3.07,6.15,4.054662014075625e-09,8.142117529537534e-08,6,11,8,1.0,Donax,Glycymeris,Mollusca,Mollusca
bosellia_mimetica,phorbas_topsenti,10,2.5,3.99,6.15,4.809522859454342e-09,9.495737300781114e-08,6,10,5,1.0,Bosellia,Phorbas,Mollusca,Porifera
modiolus_barbatus,neverita_josephinia,7,1.18,5.91,6.15,0.00023253257974986674,0.001232570319200499,5,6,7,1.0,Modiolus,Neverita,Mollusca,Mollusca
barbatia_barbata,naticarius_hebraeus,11,3.05,3.61,6.14,4.444573456591702e-09,8.847980654798522e-08,8,11,9,1.0,Barbatia,Naticarius,Mollusca,Mollusca
bittium_latreillii,ctena_decussata,9,1.97,4.57,6.14,5.877360480688744e-09,1.1370200450331924e-07,8,9,7,1.0,Bittium,Ctena,Mollusca,Mollusca
clanculus_corallinus,ebenomitra_ebenus,6,0.95,6.29,6.14,0.0004656009295168628,0.0022097342623408033,6,6,5,1.0,Clanculus,Ebenomitra,Mollusca,Mollusca
arca_noae,steromphala_divaricata,14,4.01,3.49,6.13,2.8511479018009266e-09,5.909745283898416e-08,11,14,11,1.0,Arca,Steromphala,Mollusca,Mollusca
mnemiopsis_leidyi,tritia_nitida,12,3.25,3.69,6.13,3.797036523473422e-09,7.6715853323436e-08,6,10,6,1.0,Mnemiopsis,Tritia,Ctenophora,Mollusca
ichthyaetus_audouinii,phalacrocorax_carbo,15,4.09,3.67,6.12,2.564088610115629e-09,5.364933967304048e-08,3,15,5,1.0,Ichthyaetus,Phalacrocorax,Aves,Aves
conus_ventricosus,irus_irus,16,5.2,3.08,6.12,2.698506549292019e-09,5.6267646788169734e-08,11,16,9,1.0,Conus,Irus,Mollusca,Mollusca
necora_puber,tritia_incrassata,10,2.4,4.17,6.12,5.3002778573085985e-09,1.0353537077301596e-07,6,9,5,0.2,Necora,Tritia,Malacostraca,Mollusca
periclimenes_scriptus,synodus_saurus,11,3.42,3.22,6.12,5.356681240344948e-09,1.0454194572466532e-07,6,9,6,1.0,Periclimenes,Synodus,Malacostraca,Actinopterygii
ctenolabrus_rupestris,diaphorodoris_papillata,11,2.74,4.02,6.11,4.601813794564781e-09,9.129453356105408e-08,9,10,8,1.0,Ctenolabrus,Diaphorodoris,Actinopterygii,Mollusca
inachus_phalangium,sicyonia_carinata,11,2.77,3.96,6.11,4.903529995368078e-09,9.664068561264524e-08,6,11,6,1.0,Inachus,Sicyonia,Malacostraca,Malacostraca
anomia_ephippium,gastroclonium_clavatum,9,1.71,5.27,6.11,6.280635244621552e-09,1.2085423462859218e-07,6,8,6,1.0,Anomia,Gastroclonium,Mollusca,Plantae
cernuella_virgata,cochlicella_acuta,7,1.21,5.78,6.11,0.00026628344467372056,0.0013816564410300998,6,7,6,1.0,Cernuella,Cochlicella,Mollusca,Mollusca
doris_berghi,okenia_nodosa,5,0.62,8.02,6.11,0.00046744577962143374,0.0022176676520820186,4,5,5,0.0,Doris,Okenia,Mollusca,Mollusca
aequipecten_opercularis,ensis_minor,6,1.01,5.97,6.11,0.0006096671143946963,0.0027684702501665987,5,5,6,0.833,Aequipecten,Ensis,Mollusca,Mollusca
clanculus_cruciatus,porcellana_platycheles,16,4.77,3.35,6.1,2.873845105438687e-09,5.953577621416265e-08,7,16,5,1.0,Clanculus,Porcellana,Mollusca,Malacostraca
polycera_quadrilineata,trapania_lineata,16,4.98,3.21,6.1,2.960349018527185e-09,6.115188243328058e-08,9,16,10,0.688,Polycera,Trapania,Mollusca,Mollusca
arca_noae,turritellinella_tricarinata,15,4.74,3.17,6.1,3.276613867442199e-09,6.713125093096409e-08,14,15,11,1.0,Arca,Turritellinella,Mollusca,Mollusca
haliclona_fulva,smittina_cervicornis,12,3.02,3.97,6.1,4.2286102118657115e-09,8.457514077218358e-08,8,12,7,1.0,Haliclona,Smittina,Porifera,Bryozoa
axinella_verrucosa,caloria_quatrefagesi,11,2.42,4.54,6.1,4.5655603054668795e-09,9.0606513252542e-08,6,11,8,1.0,Axinella,Caloria,Porifera,Mollusca
diodora_graeca,melarhaphe_neritoides,12,3.38,3.55,6.1,4.652714837268005e-09,9.219321639364006e-08,7,12,7,0.833,Diodora,Melarhaphe,Mollusca,Mollusca
felimare_orsinii,tripterygion_delaisi,11,2.55,4.31,6.1,4.701330095764174e-09,9.304449963106269e-08,8,11,8,1.0,Felimare,Tripterygion,Mollusca,Actinopterygii
acanthocardia_aculeata,barnea_candida,7,1.2,5.82,6.1,0.0002549790904725624,0.0013324840616376085,7,7,7,0.571,Acanthocardia,Barnea,Mollusca,Mollusca
nemesignis_banyulensis,peltodoris_atromaculata,18,5.73,3.14,6.09,2.5164702136155854e-09,5.2777614143340594e-08,8,15,16,1.0,Nemesignis,Peltodoris,Mollusca,Mollusca
epitonium_clathrus,tritia_neritea,15,4.39,3.42,6.09,3.2375110516384325e-09,6.646012530166678e-08,10,15,7,1.0,Epitonium,Tritia,Mollusca,Mollusca
ascidia_mentula,spirastrella_cunctatrix,12,2.97,4.04,6.09,4.317401433004195e-09,8.615657624940503e-08,11,12,6,1.0,Ascidia,Spirastrella,Animalia,Porifera
berthellina_edwardsii,luria_lurida,11,3.16,3.48,6.09,5.850980690181148e-09,1.1324871966257206e-07,6,9,6,1.0,Berthellina,Luria,Mollusca,Mollusca
melilotus_indicus,sisymbrium_irio,8,1.63,4.91,6.09,1.0100225012878683e-08,1.8644228847679472e-07,6,8,5,0.0,Melilotus,Sisymbrium,Plantae,Plantae
astropecten_platyacanthus,thysanozoon_brocchii,17,5.2,3.27,6.08,2.876785478529637e-09,5.9573974645948675e-08,7,17,6,1.0,Astropecten,Thysanozoon,Echinodermata,Platyhelminthes
moerella_pulchella,steromphala_varia,10,2.88,3.48,6.08,7.833988986442752e-09,1.4817055773996893e-07,8,10,6,1.0,Moerella,Steromphala,Mollusca,Mollusca
coscinasterias_tenuispina,stenorhynchus_lanceolatus,7,1.36,5.16,6.08,0.0005194255070520848,0.002419239786312043,6,6,6,0.0,Coscinasterias,Stenorhynchus,Echinodermata,Malacostraca
gobius_xanthocephalus,tritia_mutabilis,9,2.13,4.22,6.07,9.236775343631855e-09,1.718807085588377e-07,4,7,5,1.0,Gobius,Tritia,Actinopterygii,Mollusca
hermodice_carunculata,spirastrella_cunctatrix,7,1.09,6.4,6.07,0.0001438344284317994,0.0008213284507091458,7,7,7,1.0,Hermodice,Spirastrella,Annelida,Porifera
clanculus_corallinus,mitrella_scripta,7,1.79,3.91,6.07,0.002495117108623157,0.008723217752543767,7,7,5,1.0,Clanculus,Mitrella,Mollusca,Mollusca
limaria_tuberculata,lysmata_seticaudata,13,4.23,3.07,6.06,5.458475906730409e-09,1.062944993845453e-07,9,12,7,1.0,Limaria,Lysmata,Mollusca,Malacostraca
echium_plantagineum,erodium_moschatum,12,3.46,3.47,6.06,5.770386499501775e-09,1.11876742896096e-07,10,12,6,0.333,Echium,Erodium,Plantae,Plantae
salvia_pratensis,urtica_dioica,5,0.69,7.21,6.06,0.0007555558768187476,0.003305097935640454,4,4,5,0.6,Salvia,Urtica,Plantae,Plantae
crella_elegans,dysidea_avara,7,1.49,4.7,6.06,0.0008910592436872644,0.003782152557966876,5,7,5,1.0,Crella,Dysidea,Porifera,Porifera
bulla_striata,haminoea_orteai,17,5.32,3.19,6.05,3.5792181959443506e-09,7.262068563676875e-08,6,15,5,1.0,Bulla,Haminoea,Mollusca,Mollusca
patella_rustica,venus_verrucosa,12,3.63,3.31,6.05,6.2579671320265465e-09,1.2047841669083994e-07,7,11,8,1.0,Patella,Venus,Mollusca,Mollusca
dasycladus_vermicularis,reptadeonella_violacea,11,3.28,3.35,6.05,7.624908858489774e-09,1.4454829687896262e-07,9,10,5,1.0,Dasycladus,Reptadeonella,Plantae,Bryozoa
bittium_reticulatum,tritia_corrugata,9,1.98,4.55,6.05,9.747827777896351e-09,1.8042878395320873e-07,5,9,5,1.0,Bittium,Tritia,Mollusca,Mollusca
ocenebra_erinaceus,pilumnus_hirtellus,16,4.64,3.45,6.04,3.772666882754456e-09,7.626361038091671e-08,11,16,5,0.938,Ocenebra,Pilumnus,Mollusca,Malacostraca
conger_conger,pagurus_cuanensis,16,5.15,3.11,6.04,4.077863186956917e-09,8.183002100508356e-08,7,15,5,1.0,Conger,Pagurus,Actinopterygii,Malacostraca
dysidea_fragilis,trivia_monacha,15,4.42,3.39,6.04,4.409425480693077e-09,8.785601056343225e-08,8,14,12,0.0,Dysidea,Trivia,Porifera,Mollusca
canthigaster_capistrata,telmatactis_cricoides,15,4.99,3.01,6.04,4.810615061153978e-09,9.496266235524037e-08,10,15,6,0.0,Canthigaster,Telmatactis,Actinopterygii,Cnidaria
columbella_rustica,modiolus_barbatus,10,2.53,3.95,6.04,8.695343133793911e-09,1.6280486110606108e-07,7,10,7,1.0,Columbella,Modiolus,Mollusca,Mollusca
aglaophenia_pluma,amathia_verticillata,18,5.86,3.07,6.03,3.597973687382336e-09,7.294983468518032e-08,8,17,6,1.0,Aglaophenia,Amathia,Cnidaria,Bryozoa
holothuria_forskali,reptadeonella_violacea,18,5.94,3.03,6.03,3.839712201162222e-09,7.75101111657075e-08,12,15,11,1.0,Holothuria,Reptadeonella,Echinodermata,Bryozoa
adeonella_calveti,oscarella_lobularis,15,4.44,3.38,6.03,4.657420399451229e-09,9.22547214061863e-08,8,14,6,1.0,Adeonella,Oscarella,Bryozoa,Porifera
hexaplex_trunculus,tridentata_perpusilla,14,4.36,3.21,6.03,5.28098402949762e-09,1.0326174517141266e-07,10,14,6,1.0,Hexaplex,Tridentata,Mollusca,Cnidaria
rissoa_ventricosa,tritia_incrassata,6,1.3,4.61,6.03,0.0022406129738513636,0.008003211392415357,5,6,5,1.0,Rissoa,Tritia,Mollusca,Mollusca
donax_semistriatus,glycymeris_nummaria,17,5.51,3.08,6.02,4.363257629066373e-09,8.699631912408489e-08,17,17,17,1.0,Donax,Glycymeris,Mollusca,Mollusca
pinus_pinea,pistacia_lentiscus,11,2.44,4.5,6.02,7.066977488873021e-09,1.3474744697585693e-07,8,10,9,0.909,Pinus,Pistacia,Plantae,Plantae
diodora_graeca,ocenebra_edwardsii,9,1.94,4.63,6.02,1.1125301463974872e-08,2.0327981441011278e-07,6,9,7,1.0,Diodora,Ocenebra,Mollusca,Mollusca
branchiomma_luctuosum,callinectes_sapidus,7,1.49,4.69,6.02,0.0008986356623451597,0.00380667829257287,4,7,5,1.0,Branchiomma,Callinectes,Annelida,Malacostraca
axinella_polypoides,dictyonella_incisa,19,6.3,3.02,6.01,3.865068180079656e-09,7.798096578246877e-08,13,18,8,0.947,Axinella,Dictyonella,Porifera,Porifera
antiopella_cristata,felimare_tricolor,17,5.39,3.15,6.01,4.499619438781897e-09,8.94519685634909e-08,6,16,5,1.0,Antiopella,Felimare,Mollusca,Mollusca
talochlamys_multistriata,turritellinella_tricarinata,9,2.1,4.29,6.01,1.2624089347230272e-08,2.2795385410004958e-07,6,9,5,1.0,Talochlamys,Turritellinella,Mollusca,Mollusca
callista_chione,patella_ulyssiponensis,12,3.59,3.34,6.0,8.276530461863373e-09,1.5567174127812378e-07,10,11,10,1.0,Callista,Patella,Mollusca,Mollusca
chamelea_striatula,diodora_graeca,11,3.45,3.19,6.0,1.0807936991354166e-08,1.980148812264576e-07,8,11,8,0.636,Chamelea,Diodora,Mollusca,Mollusca
donax_semistriatus,tritia_neritea,7,1.25,5.58,6.0,0.0003260745720141678,0.001641257208769669,7,7,7,1.0,Donax,Tritia,Mollusca,Mollusca
lutraria_magna,neverita_josephinia,7,1.32,5.31,6.0,0.0004374846485912798,0.00209743583842413,4,7,5,1.0,Lutraria,Neverita,Mollusca,Mollusca
pomatoschistus_pictus,turritellinella_tricarinata,6,1.18,5.09,6.0,0.0013691080805415812,0.00537307877059146,5,5,5,0.667,Pomatoschistus,Turritellinella,Actinopterygii,Mollusca
aglaophenia_elongata,trididemnum_cereum,5,0.83,6.04,6.0,0.0016413138518980297,0.006226075765362549,3,3,5,1.0,Aglaophenia,Trididemnum,Cnidaria,Animalia
eupolymnia_nebulosa,reptadeonella_violacea,17,5.35,3.18,5.99,4.816438813719055e-09,9.506133580532636e-08,11,17,6,1.0,Eupolymnia,Reptadeonella,Annelida,Bryozoa
eunicella_gazella,spicara_smaris,17,5.62,3.02,5.99,5.219280576179395e-09,1.0217196253154988e-07,8,17,10,1.0,Eunicella,Spicara,Cnidaria,Actinopterygii
bittium_reticulatum,ditrupa_arietina,16,5.03,3.18,5.99,5.295992346740896e-09,1.034802412337073e-07,13,16,5,1.0,Bittium,Ditrupa,Mollusca,Annelida
aulostomus_strigosus,stenorhynchus_lanceolatus,16,4.96,3.23,5.99,5.5089811770811055e-09,1.0718741218112678e-07,10,16,8,0.0,Aulostomus,Stenorhynchus,Actinopterygii,Malacostraca
pinnoctopus_macropus,torpedo_marmorata,16,5.08,3.15,5.99,5.5903111895409016e-09,1.0858644584047715e-07,8,16,6,1.0,Pinnoctopus,Torpedo,Mollusca,Elasmobranchii
pomatoschistus_marmoratus,xantho_poressa,14,4.46,3.14,5.99,6.881891098015191e-09,1.3143590551321984e-07,8,13,6,1.0,Pomatoschistus,Xantho,Actinopterygii,Malacostraca
rudmania_krohni,rudmania_purpurea,13,3.97,3.27,5.99,7.844403027271172e-09,1.483431724152574e-07,6,12,6,1.0,Rudmania,Rudmania,Mollusca,Mollusca
striarca_lactea,tectura_virginea,11,3.48,3.16,5.99,1.1133165313002966e-08,2.0339124274011952e-07,7,10,5,0.727,Striacta,Tectura,Mollusca,Mollusca
bulla_striata,mactra_stultorum,9,2.0,4.51,5.99,1.3644572400946197e-08,2.4454096435572583e-07,9,9,7,1.0,Bulla,Mactra,Mollusca,Mollusca
felimare_picta,similiparma_lurida,9,2.2,4.09,5.99,1.4006276665256095e-08,2.502070053522881e-07,6,7,5,0.0,Felimare,Similiparma,Mollusca,Actinopterygii
conus_ventricosus,papillicardium_papillosum,9,2.19,4.12,5.99,1.462367266871973e-08,2.6014601391710745e-07,8,9,6,1.0,Conus,Papillicardium,Mollusca,Mollusca
astropecten_irregularis,calliactis_parasitica,6,0.98,6.13,5.99,0.0005305326478216577,0.0024625093940228143,5,6,6,0.833,Astropecten,Calliactis,Echinodermata,Cnidaria
didemnum_coriaceum,reteporella_grimaldii,12,3.54,3.39,5.98,9.255679462706612e-09,1.7217686045884912e-07,9,11,6,1.0,Didemnum,Reteporella,Animalia,Bryozoa
bosemprella_incarnata,bulla_striata,8,1.49,5.38,5.98,1.7015808550563084e-08,2.9782576849879517e-07,8,8,5,1.0,Bosemprella,Bulla,Mollusca,Mollusca
laevicardium_crassum,mactra_stultorum,8,1.52,5.25,5.98,1.7264005635014628e-08,3.015285787107679e-07,7,8,8,0.625,Laevicardium,Mactra,Mollusca,Mollusca
alcedo_atthis,egretta_garzetta,6,1.18,5.07,5.98,0.0014008630251798326,0.005475133123653733,5,6,5,1.0,Alcedo,Egretta,Aves,Aves
pachycerianthus_solitarius,synapturichthys_kleinii,7,1.8,3.89,5.98,0.00254878911845291,0.008867319008215042,5,5,6,1.0,Pachycerianthus,Synapturichthys,Cnidaria,Actinopterygii
pagrus_auriga,pagrus_pagrus,12,3.0,4.0,5.97,8.804947634819943e-09,1.6464294551563005e-07,4,10,8,1.0,Pagrus,Pagrus,Actinopterygii,Actinopterygii
didemnum_lahillei,striarca_lactea,13,4.32,3.01,5.97,9.467957577161506e-09,1.7575678129540994e-07,3,12,6,1.0,Didemnum,Striacta,Animalia,Mollusca
alpheus_dentipes,porcellana_platycheles,9,1.93,4.66,5.97,1.4331058320661043e-08,2.5557201900517566e-07,7,9,6,0.889,Alpheus,Porcellana,Malacostraca,Malacostraca
didemnum_coccineum,spirastrella_cunctatrix,10,3.02,3.31,5.97,1.4912168532470972e-08,2.646541376949073e-07,5,10,8,1.0,Didemnum,Spirastrella,Animalia,Porifera
fissurella_nubecula,turritellinella_tricarinata,9,2.52,3.56,5.97,1.83941904642781e-08,3.1962056082152256e-07,7,8,7,1.0,Fissurella,Turritellinella,Mollusca,Mollusca
patella_rustica,peronaea_planata,15,4.36,3.44,5.96,6.876175620299931e-09,1.3137030450431728e-07,13,14,14,1.0,Patella,Peronaea,Mollusca,Mollusca
diplosoma_spongiforme,hexadella_pruvoti,14,4.09,3.43,5.96,7.689068841714815e-09,1.4562082637529402e-07,3,14,5,1.0,Diplosoma,Hexadella,Animalia,Porifera
aglaophenia_elongata,echinocardium_cordatum,11,2.77,3.97,5.96,1.0796326886632905e-08,1.9789356244504417e-07,6,9,6,1.0,Aglaophenia,Echinocardium,Cnidaria,Echinodermata
aplus_dorbignyi,ctena_decussata,9,1.94,4.64,5.95,1.6562431994269625e-08,2.909069088988928e-07,6,8,6,1.0,Aplus,Ctena,Mollusca,Mollusca
atriplex_halimus,calystegia_soldanella,5,0.66,7.54,5.95,0.0006194549360966084,0.0028047353583585,5,5,5,1.0,Atriplex,Calystegia,Plantae,Plantae
hippolyte_varians,palaemon_serratus,6,1.16,5.19,5.95,0.001245342528949589,0.0049715309690591325,5,5,5,0.333,Hippolyte,Palaemon,Malacostraca,Malacostraca
alcyonium_acaule,facelinopsis_marioni,15,4.94,3.04,5.94,8.245525089444442e-09,1.5513922462916177e-07,9,15,5,1.0,Alcyonium,Facelinopsis,Cnidaria,Mollusca
echinolittorina_punctata,ocenebra_erinaceus,11,2.84,3.87,5.94,1.2360578562619298e-08,2.2351092336022501e-07,6,10,6,1.0,Echinolittorina,Ocenebra,Mollusca,Mollusca
didemnum_coccineum,felimare_fontandraui,5,0.73,6.84,5.94,0.0009482136694919374,0.0039782223526038515,5,5,5,1.0,Didemnum,Felimare,Animalia,Mollusca
ebenomitra_tricolor,tricolia_pullus,15,4.93,3.04,5.93,8.70346546304407e-09,1.629304574592995e-07,13,14,8,1.0,Ebenomitra,Tricolia,Mollusca,Mollusca
mnemiopsis_leidyi,pomatoschistus_marmoratus,12,3.52,3.41,5.93,1.2260271223829077e-08,2.21801552460742e-07,8,10,8,1.0,Mnemiopsis,Pomatoschistus,Ctenophora,Actinopterygii
prostheceraeus_moseleyi,simnia_spelta,11,3.28,3.35,5.93,1.4636382032735233e-08,2.602515443277095e-07,7,11,10,1.0,Prostheceraeus,Simnia,Platyhelminthes,Mollusca
luria_lurida,naria_spurca,10,2.81,3.56,5.93,1.756188454937707e-08,3.0626693121804967e-07,9,10,6,0.8,Luria,Naria,Mollusca,Mollusca
epitonium_clathrus,naticarius_hebraeus,9,2.37,3.79,5.93,2.146645968112566e-08,3.668083686004747e-07,6,9,7,1.0,Epitonium,Naticarius,Mollusca,Mollusca
clibanarius_aequabilis,parablennius_parvicornis,13,3.82,3.41,5.92,1.08474499142382e-08,1.9867561524958623e-07,11,13,10,0.0,Clibanarius,Parablennius,Malacostraca,Actinopterygii
glycymeris_glycymeris,laevicardium_crassum,11,2.51,4.38,5.92,1.2364770640096607e-08,2.2355163791928589e-07,8,11,7,1.0,Glycymeris,Laevicardium,Mollusca,Mollusca
asparagus_acutifolius,salvia_verbenaca,8,1.77,4.52,5.92,2.566219209153241e-08,4.2999731746275143e-07,6,8,5,1.0,Asparagus,Salvia,Plantae,Plantae
diplodus_cadenati,percnon_gibbesi,7,1.29,5.41,5.92,0.0003936882435811029,0.0019218806056831804,7,7,6,0.0,Diplodus,Percnon,Actinopterygii,Malacostraca
berthella_plumula,dysidea_fragilis,7,1.45,4.84,5.92,0.0007534443315728723,0.003297238395993207,7,7,6,0.143,Berthella,Dysidea,Mollusca,Porifera
petrosia_ficiformis,sparisoma_cretense,14,4.07,3.44,5.91,9.733467527352724e-09,1.801944640693813e-07,8,14,7,0.857,Petrosia,Sparisoma,Porifera,Actinopterygii
trivia_monacha,xantho_hydrophilus,11,2.57,4.28,5.91,1.3435493088015095e-08,2.413946577841065e-07,11,11,10,0.0,Trivia,Xantho,Mollusca,Malacostraca
phycis_phycis,platydoris_argo,11,2.83,3.89,5.91,1.4515211473575159e-08,2.5841607519730374e-07,7,11,8,1.0,Phycis,Platydoris,Actinopterygii,Mollusca
barbatia_barbata,ruditapes_decussatus,10,2.41,4.15,5.91,1.6732817390835384e-08,2.9340753343893446e-07,8,9,10,1.0,Barbatia,Ruditapes,Mollusca,Mollusca
bolinus_brandaris,tritia_nitida,11,3.5,3.14,5.91,1.711702398892156e-08,2.993244735306192e-07,10,11,9,1.0,Bolinus,Tritia,Mollusca,Mollusca
acteon_tornatilis,gibbula_magus,9,2.44,3.68,5.91,2.3683712558616094e-08,4.005370554320036e-07,8,9,7,0.667,Acteon,Gibbula,Mollusca,Mollusca
acanthocardia_paucicostata,barnea_candida,8,1.58,5.07,5.91,2.4742003391402925e-08,4.1647833996247554e-07,8,8,8,0.875,Acanthocardia,Barnea,Mollusca,Mollusca
condylactis_aurantiaca,symphodus_cinereus,12,3.83,3.13,5.89,1.578146869295475e-08,2.7871965649289574e-07,8,12,12,1.0,Condylactis,Symphodus,Cnidaria,Actinopterygii
nembrotha_milleri,nembrotha_mullineri,7,1.21,5.77,5.89,0.0002689348357186594,0.0013929668561340003,6,7,7,0.0,Nembrotha,Nembrotha,Mollusca,Mollusca
acteon_tornatilis,styela_plicata,6,0.9,6.7,5.89,0.00033376885212943463,0.001673478123372041,4,6,5,1.0,Acteon,Styela,Mollusca,Animalia
pilumnus_hirtellus,tritia_nitida,16,4.99,3.2,5.88,9.791410727283889e-09,1.811190882186919e-07,7,13,5,1.0,Pilumnus,Tritia,Malacostraca,Mollusca
dactylopterus_volitans,sicyonia_carinata,14,4.62,3.03,5.88,1.2882578353058031e-08,2.3211206702935526e-07,8,14,10,1.0,Dactylopterus,Sicyonia,Actinopterygii,Malacostraca
chelidonichthys_obscurus,dalophis_imberbis,11,2.87,3.84,5.88,1.7477868644444832e-08,3.0494023615244924e-07,5,10,6,1.0,Chelidonichthys,Dalophis,Actinopterygii,Actinopterygii
pisidia_longicornis,trivia_monacha,9,1.85,4.87,5.88,2.231958552766364e-08,3.799771732124962e-07,8,8,9,0.111,Pisidia,Trivia,Malacostraca,Mollusca
calyptraea_chinensis,limaria_tuberculata,9,2.28,3.95,5.88,2.590580721661962e-08,4.3347169420238876e-07,8,8,6,0.889,Calyptraea,Limaria,Mollusca,Mollusca
diaphorodoris_alba,serranus_cabrilla,7,1.98,3.53,5.88,0.004323679030917016,0.013543883629616164,7,7,6,1.0,Diaphorodoris,Serranus,Mollusca,Actinopterygii
epinephelus_costae,pennaria_disticha,16,4.87,3.29,5.87,1.0186603415147166e-08,1.8785616453315417e-07,5,16,7,1.0,Epinephelus,Pennaria,Actinopterygii,Cnidaria
donax_trunculus,gastrana_fragilis,14,4.13,3.39,5.87,1.2879292184201929e-08,2.3208915638804926e-07,8,14,7,1.0,Donax,Gastrana,Mollusca,Mollusca
ascidia_mentula,caryophyllia_inornata,11,2.62,4.2,5.87,1.661140207784119e-08,2.915892069138529e-07,9,10,6,1.0,Ascidia,Caryophyllia,Animalia,Cnidaria
pseudoceros_maximus,rudmania_krohni,10,2.67,3.74,5.87,2.2329719528566957e-08,3.8009352963490366e-07,9,9,7,1.0,Pseudoceros,Rudmania,Platyhelminthes,Mollusca
clanculus_jussieui,tritia_mutabilis,7,1.32,5.29,5.87,0.00044616118480134137,0.0021319653711831155,7,7,6,1.0,Clanculus,Tritia,Mollusca,Mollusca
hippolyte_coerulescens,scyllaea_pelagica,6,1.09,5.5,5.87,0.000931913867133205,0.003921547472302069,6,6,6,0.0,Hippolyte,Scyllaea,Malacostraca,Mollusca
callista_chione,turritellinella_tricarinata,14,4.1,3.41,5.86,1.3477529874739276e-08,2.4207442340029057e-07,13,14,14,1.0,Callista,Turritellinella,Mollusca,Mollusca
epinephelus_marginatus,sparisoma_cretense,11,2.92,3.77,5.86,1.931022538809286e-08,3.337757247726706e-07,8,10,9,0.273,Epinephelus,Sparisoma,Actinopterygii,Actinopterygii
cronius_ruber,isarachnanthus_maderensis,9,2.54,3.55,5.86,3.292368321222823e-08,5.374720137142612e-07,8,9,5,0.0,Cronius,Isarachnanthus,Malacostraca,Cnidaria
naticarius_hebraeus,ocenebra_edwardsii,5,0.68,7.32,5.86,0.0007044287846039721,0.0031200742146806227,5,5,5,1.0,Naticarius,Ocenebra,Mollusca,Mollusca
serranus_atricauda,sphyraena_viridensis,5,0.72,6.93,5.86,0.0008972178239955442,0.003802210123067231,5,5,5,0.2,Serranus,Sphyraena,Actinopterygii,Actinopterygii
patinella_radiata,schizoporella_dunkeri,15,4.69,3.2,5.85,1.3304977119749923e-08,2.392735847804668e-07,11,15,6,1.0,Patinella,Schizoporella,Bryozoa,Bryozoa
chthamalus_montagui,trivia_monacha,11,2.57,4.29,5.85,1.8924390963744998e-08,3.2774587140518325e-07,9,10,11,0.091,Chthamalus,Trivia,Crustacea,Mollusca
dendroxea_lenis,polysyncraton_lacazei,11,3.13,3.52,5.85,2.184335426509031e-08,3.724199770246358e-07,9,11,5,1.0,Dendroxea,Polysyncraton,Porifera,Animalia
diaphorodoris_papillata,lysmata_seticaudata,14,4.48,3.13,5.84,1.6040240859152623e-08,2.825967132493988e-07,7,13,8,1.0,Diaphorodoris,Lysmata,Mollusca,Malacostraca
astropecten_platyacanthus,petalifera_petalifera,9,2.08,4.32,5.84,2.9884989213571184e-08,4.922605515242e-07,7,7,8,1.0,Astropecten,Petalifera,Echinodermata,Mollusca
diplodus_cervinus,trachinotus_ovatus,10,3.19,3.13,5.84,3.1016085334191855e-08,5.092172003477609e-07,5,10,5,0.9,Diplodus,Trachinotus,Actinopterygii,Actinopterygii
halopteris_scoparia,scinaia_furcellata,9,2.61,3.45,5.84,3.665790031560886e-08,5.919731914717414e-07,9,9,5,0.556,Halopteris,Scinaia,,Plantae
felimare_picta,umbraculum_umbraculum,8,1.79,4.47,5.84,3.9500562061443224e-08,6.320309377397925e-07,5,8,8,0.25,Felimare,Umbraculum,Mollusca,Mollusca
cytisus_scoparius,hedera_helix,5,0.68,7.33,5.84,0.000702120882856927,0.003112480151941258,5,5,5,0.2,Cytisus,Hedera,Plantae,Plantae
chondrilla_nucula,symphodus_cinereus,6,1.08,5.58,5.84,0.0008632953678723299,0.0036862520222521824,5,6,5,1.0,Chondrilla,Symphodus,Porifera,Actinopterygii
caryophyllia_smithii,hemimycale_columella,16,5.32,3.01,5.83,1.3381852642469391e-08,2.4050592072122367e-07,12,16,7,1.0,Caryophyllia,Hemimycale,Cnidaria,Porifera
chamelea_gallina,perforatus_perforatus,13,3.81,3.41,5.83,1.801170638555222e-08,3.1349457961038795e-07,8,13,9,1.0,Chamelea,Perforatus,Mollusca,Crustacea
condylactis_aurantiaca,pagellus_erythrinus,13,4.0,3.25,5.83,1.8427750148906094e-08,3.2010713633211364e-07,6,11,8,1.0,Condylactis,Pagellus,Cnidaria,Actinopterygii
diaphorodoris_alba,limacia_inesae,13,4.13,3.15,5.83,1.8434796395567778e-08,3.201812579458752e-07,8,11,6,1.0,Diaphorodoris,Limacia,Mollusca,Mollusca
bittium_reticulatum,patella_rustica,13,4.0,3.25,5.83,1.872519146978372e-08,3.244423158497464e-07,9,12,10,1.0,Bittium,Patella,Mollusca,Mollusca
berthella_perforata,spurilla_neapolitana,12,3.25,3.7,5.83,1.9731859028001694e-08,3.405016607941742e-07,3,9,5,1.0,Berthella,Spurilla,Mollusca,Mollusca
gnathophyllum_elegans,notospermus_geniculatus,12,3.84,3.13,5.83,2.168356087900164e-08,3.700241367952163e-07,10,12,7,1.0,Gnathophyllum,Notospermus,Malacostraca,Animalia
pisidia_longicornis,xantho_poressa,10,2.32,4.32,5.83,2.5221140520703885e-08,4.232449049595296e-07,7,10,6,1.0,Pisidia,Xantho,Malacostraca,Malacostraca
ocenebra_erinaceus,talochlamys_multistriata,9,2.67,3.37,5.83,4.0521686290338347e-08,6.462154412226106e-07,9,9,8,0.889,Ocenebra,Talochlamys,Mollusca,Mollusca
dasycladus_vermicularis,spirastrella_cunctatrix,8,1.98,4.05,5.83,4.548305999226336e-08,7.182769627619887e-07,6,7,5,1.0,Dasycladus,Spirastrella,Plantae,Porifera
chelonaplysilla_noevus,harmothoe_areolata,6,1.14,5.25,5.83,0.00117485101765058,0.00474188195485469,5,6,5,1.0,Chelonaplysilla,Harmothoe,Porifera,Annelida
acteon_tornatilis,striarca_lactea,8,2.26,3.55,5.83,0.002298268983392804,0.008169637445240043,7,8,7,1.0,Acteon,Striacta,Mollusca,Mollusca
eudendrium_racemosum,phallusia_fumigata,14,3.94,3.56,5.82,1.6233870154434782e-08,2.856585882498098e-07,8,14,6,1.0,Eudendrium,Phallusia,Cnidaria,Animalia
rudmania_krohni,trapania_lineata,13,3.75,3.46,5.82,1.812818142175586e-08,3.153312717064717e-07,11,13,7,1.0,Rudmania,Trapania,Mollusca,Mollusca
aglaophenia_pluma,ericaria_mediterranea,10,2.62,3.81,5.82,2.8333602317980334e-08,4.693234107031785e-07,6,10,7,1.0,Aglaophenia,Ericaria,Cnidaria,
gari_depressa,phallusia_mammillata,9,2.61,3.45,5.82,4.1141245374444447e-08,6.550982767266756e-07,5,8,7,1.0,Gari,Phallusia,Mollusca,Animalia
phorcus_turbinatus,semicassis_undulata,6,0.87,6.87,5.82,0.0002929836876384151,0.0014981975565136478,6,6,5,1.0,Phorcus,Semicassis,Mollusca,Mollusca
coccinella_septempunctata,sphaerophoria_scripta,6,0.89,6.72,5.82,0.0003298107660214544,0.0016566188268609284,6,6,6,1.0,Coccinella,Sphaerophoria,Insecta,Insecta
gibbula_ardens,tricolia_speciosa,7,1.26,5.56,5.82,0.0003330257019035221,0.0016704063463119714,6,7,6,1.0,Gibbula,Tricolia,Mollusca,Mollusca
aequipecten_opercularis,mactra_stultorum,5,0.7,7.17,5.82,0.0007737668098288797,0.003368897640193736,5,5,5,1.0,Aequipecten,Mactra,Mollusca,Mollusca
ericaria_mediterranea,hypnea_musciformis,13,3.84,3.39,5.81,1.9333403254232884e-08,3.3402600307448187e-07,8,13,6,1.0,Ericaria,Hypnea,,Plantae
gastrana_fragilis,modiolus_barbatus,13,3.99,3.26,5.81,2.0596709670649274e-08,3.536776480693813e-07,5,13,6,1.0,Gastrana,Modiolus,Mollusca,Mollusca
ircinia_variabilis,madracis_pharensis,11,2.8,3.93,5.81,2.4028867444941613e-08,4.059571264301296e-07,8,11,6,1.0,Ircinia,Madracis,Porifera,Cnidaria
aporrhais_pespelecani,neverita_josephinia,11,3.13,3.52,5.81,2.6173360223809866e-08,4.3748173375727584e-07,8,11,8,1.0,Aporrhais,Neverita,Mollusca,Mollusca
scorpaenopsis_oxycephala,taeniura_lymma,7,1.24,5.67,5.81,0.0002988250347990551,0.0015235368786064055,7,7,6,0.0,Scorpaenopsis,Taeniura,Actinopterygii,Elasmobranchii
ophiothrix_fragilis,rudmania_purpurea,6,1.05,5.73,5.81,0.0007531031586492931,0.003296246202235218,5,5,5,0.833,Ophiothrix,Rudmania,Echinodermata,Mollusca
gibberula_miliaria,steromphala_rarilineata,6,1.05,5.73,5.81,0.000753858761665338,0.0032986761158801886,5,6,5,1.0,Gibberula,Steromphala,Mollusca,Mollusca
acanthocardia_aculeata,patella_ulyssiponensis,5,0.74,6.8,5.81,0.000976738344140582,0.004074010289586227,5,5,5,1.0,Acanthocardia,Patella,Mollusca,Mollusca
carapus_acus,pagellus_erythrinus,6,1.25,4.8,5.81,0.001834435848220739,0.006816630735873494,3,4,6,1.0,Carapus,Pagellus,Actinopterygii,Actinopterygii
naticarius_hebraeus,steromphala_divaricata,8,2.24,3.58,5.81,0.00218562054045357,0.007844272323147427,7,8,7,1.0,Naticarius,Steromphala,Mollusca,Mollusca
pseudocaranx_dentex,xyrichtys_novacula,15,4.44,3.38,5.8,1.6652431054934687e-08,2.9213136397939633e-07,7,15,9,0.133,Pseudocaranx,Xyrichtys,Actinopterygii,Actinopterygii
tritia_corniculum,tritia_neritea,14,4.13,3.39,5.8,1.868188046998285e-08,3.237405772659302e-07,7,14,7,1.0,Tritia,Tritia,Mollusca,Mollusca
cestopagurus_timidus,episcomitra_cornicula,11,3.38,3.25,5.8,3.062562608676484e-08,5.033087913979539e-07,8,11,6,1.0,Cestopagurus,Episcomitra,Malacostraca,Mollusca
calystegia_soldanella,donax_trunculus,9,1.92,4.7,5.8,3.4985126726825736e-08,5.684663666343063e-07,6,9,8,1.0,Calystegia,Donax,Plantae,Mollusca
limaria_tuberculata,pisania_striata,6,0.91,6.6,5.8,0.00036277992068334264,0.001795339060200344,6,6,5,1.0,Limaria,Pisania,Mollusca,Mollusca
acanthonyx_lunulatus,clinitrachus_argentatus,6,1.03,5.84,5.8,0.0006818334482361355,0.003037859789248395,5,6,5,1.0,Acanthonyx,Clinitrachus,Malacostraca,Actinopterygii
caulerpa_prolifera,hexaplex_trunculus,12,3.09,3.88,5.79,2.3017748904068063e-08,3.9030567335064134e-07,5,12,10,1.0,Caulerpa,Hexaplex,Plantae,Mollusca
cernuella_virgata,xerotricha_conspurcata,7,1.21,5.77,5.79,0.00026787505288783375,0.0013882865719484104,7,7,7,1.0,Cernuella,Xerotricha,Mollusca,Mollusca
enchelycore_anatina,mycteroperca_fusca,6,1.02,5.91,5.79,0.0006446243674188556,0.002899777650297612,4,5,5,0.0,Enchelycore,Mycteroperca,Actinopterygii,Actinopterygii
ophidiaster_ophidianus,peltodoris_atromaculata,6,1.02,5.88,5.79,0.0006579958349874904,0.0029496771148254347,5,6,5,0.667,Ophidiaster,Peltodoris,Echinodermata,Mollusca
astropecten_platyacanthus,paractinia_striata,16,5.17,3.1,5.78,1.7429498883340723e-08,3.041884546820761e-07,5,15,7,1.0,Astropecten,Paractinia,Echinodermata,Cnidaria
hermodice_carunculata,sarcotragus_spinosulus,12,3.53,3.4,5.78,2.644637151832361e-08,4.4123501584315033e-07,10,11,8,0.833,Hermodice,Sarcotragus,Annelida,Porifera
fasciospongia_cavernosa,reptadeonella_violacea,12,3.41,3.52,5.78,2.6509552184008888e-08,4.4216106121421164e-07,8,12,5,1.0,Fasciospongia,Reptadeonella,Porifera,Bryozoa
branchiomma_bairdi,palaemon_elegans,9,1.9,4.75,5.78,3.785632071937017e-08,6.091257662700624e-07,7,9,5,0.667,Branchiomma,Palaemon,Annelida,Malacostraca
tritia_incrassata,tritia_nitida,9,2.39,3.76,5.78,4.613032230000198e-08,7.271032494526512e-07,7,9,5,1.0,Tritia,Tritia,Mollusca,Mollusca
barbatia_barbata,solecurtus_strigilatus,8,2.03,3.94,5.78,5.860862982169828e-08,9.018229718150031e-07,8,8,8,1.0,Barbatia,Solecurtus,Mollusca,Mollusca
didemnum_coriaceum,pseudodistoma_crucigaster,6,1.43,4.2,5.78,0.0035258769673571777,0.011514369062617366,5,6,6,1.0,Didemnum,Pseudodistoma,Animalia,Animalia
bulla_striata,tritia_pellucida,13,3.75,3.47,5.77,2.3636004456820173e-08,3.999063382939508e-07,11,13,6,1.0,Bulla,Tritia,Mollusca,Mollusca
pisidia_bluteli,pomatoschistus_marmoratus,12,3.36,3.57,5.77,2.7906507071316814e-08,4.630478526060755e-07,7,11,5,1.0,Pisidia,Pomatoschistus,Malacostraca,Actinopterygii
botryllus_schlosseri,necora_puber,10,2.45,4.08,5.77,3.589633584107439e-08,5.810596422980377e-07,8,9,7,0.5,Botryllus,Necora,Animalia,Malacostraca
spirobranchus_lamarcki,tritia_reticulata,7,1.21,5.81,5.77,6.820277356833873e-08,1.0345269685539032e-06,5,7,6,0.429,Spirobranchus,Tritia,Annelida,Mollusca
aplidium_conicum,symphodus_ocellatus,7,1.23,5.69,5.77,6.912783891640016e-08,1.0469046344846805e-06,4,7,7,1.0,Aplidium,Symphodus,Animalia,Actinopterygii
ocenebra_erinaceus,patella_ulyssiponensis,8,2.55,3.13,5.77,0.004804916521821467,0.014732928856060905,7,8,5,1.0,Ocenebra,Patella,Mollusca,Mollusca
bulla_striata,parvicardium_exiguum,11,2.55,4.32,5.76,2.994864598833547e-08,4.931680692453114e-07,7,11,5,1.0,Bulla,Parvicardium,Mollusca,Mollusca
aplysia_dactylomela,holothuria_sanctori,11,3.0,3.67,5.76,3.320017248626439e-08,5.417553358509352e-07,9,11,5,0.182,Aplysia,Holothuria,Mollusca,Echinodermata
parietaria_judaica,urtica_dioica,5,0.97,5.17,5.76,0.0031912355182539542,0.010621532275299123,5,5,5,0.8,Parietaria,Urtica,Plantae,Plantae
chama_gryphoides,plakina_monolopha,17,5.47,3.11,5.75,1.8865006000326272e-08,3.2676652402068677e-07,4,17,5,1.0,Chama,Plakina,Mollusca,Porifera
fistularia_commersonii,pseudanthias_squamipinnis,11,2.76,3.98,5.75,3.248260155143066e-08,5.310239292083182e-07,10,10,6,0.0,Fistularia,Pseudanthias,Actinopterygii,Actinopterygii
diodora_graeca,harmothoe_areolata,9,1.87,4.81,5.75,4.5815567118450704e-08,7.227353956338484e-07,4,9,5,1.0,Diodora,Harmothoe,Mollusca,Annelida
clanculus_corallinus,venus_verrucosa,8,1.82,4.4,5.75,6.390573360821947e-08,9.760302445447854e-07,7,8,5,1.0,Clanculus,Venus,Mollusca,Mollusca
columbella_rustica,symphodus_melops,12,3.88,3.09,5.74,3.5497038997702965e-08,5.757286893835523e-07,6,12,6,1.0,Columbella,Symphodus,Mollusca,Actinopterygii
peronidia_albicans,tritia_mutabilis,11,3.23,3.41,5.74,3.892887872913362e-08,6.243578651136168e-07,9,11,8,1.0,Peronidia,Tritia,Mollusca,Mollusca
chamelea_striatula,ctena_decussata,9,2.68,3.36,5.74,6.20515422955425e-08,9.503570697441742e-07,6,9,5,1.0,Chamelea,Ctena,Mollusca,Mollusca
laevicardium_crassum,turritellinella_tricarinata,8,1.73,4.64,5.74,6.345515110751483e-08,9.699200249688389e-07,8,8,7,0.875,Laevicardium,Turritellinella,Mollusca,Mollusca
loligo_vulgaris,scyllarides_latus,6,1.02,5.91,5.74,0.0006422681825165588,0.0028901942775140677,6,6,6,0.833,Loligo,Scyllarides,Mollusca,Malacostraca
caryophyllia_inornata,phyllangia_americana,5,1.18,4.22,5.74,0.0073394422993250386,0.020683295270338593,5,5,5,1.0,Caryophyllia,Phyllangia,Cnidaria,Cnidaria
ircinia_oros,schizomavella_mamillata,14,4.14,3.38,5.73,2.6746707706983157e-08,4.4572945388041196e-07,6,13,6,1.0,Ircinia,Schizomavella,Porifera,Bryozoa
steromphala_varia,tritia_neritea,13,3.77,3.45,5.73,3.004311476217388e-08,4.945823082397085e-07,8,13,9,1.0,Steromphala,Tritia,Mollusca,Mollusca
aplus_dorbignyi,ocenebra_erinaceus,12,3.24,3.7,5.73,3.220921083343722e-08,5.26778808185023e-07,8,11,7,1.0,Aplus,Ocenebra,Mollusca,Mollusca
pagrus_pagrus,scyllarides_latus,9,1.95,4.62,5.73,5.1238540633158636e-08,8.021313813157232e-07,5,8,5,0.111,Pagrus,Scyllarides,Actinopterygii,Malacostraca
chromodoris_magnifica,nembrotha_milleri,9,2.07,4.35,5.73,5.35841541109414e-08,8.335280705099774e-07,8,9,8,0.0,Chromodoris,Nembrotha,Mollusca,Mollusca
bittium_reticulatum,gibbula_magus,10,3.18,3.14,5.73,5.430996143232661e-08,8.437929597909312e-07,8,10,9,0.9,Bittium,Gibbula,Mollusca,Mollusca
spisula_subtruncata,steromphala_divaricata,7,1.21,5.8,5.73,8.140141219072116e-08,1.211597970286801e-06,4,7,6,1.0,Spisula,Steromphala,Mollusca,Mollusca
alicia_mirabilis,paradoris_indecora,6,1.61,3.73,5.73,0.006216611452709242,0.01811505010238815,5,6,5,1.0,Alicia,Paradoris,Cnidaria,Mollusca
crella_elegans,diaphorodoris_alba,10,2.8,3.57,5.72,5.201785438546832e-08,8.124545684142479e-07,5,9,6,1.0,Crella,Diaphorodoris,Porifera,Mollusca
gari_depressa,tritia_nitida,10,3.18,3.14,5.72,5.670979992508823e-08,8.767036755998209e-07,7,8,6,1.0,Gari,Tritia,Mollusca,Mollusca
candiella_odhneri,elysia_timida,9,2.17,4.15,5.72,5.7505361244794385e-08,8.872167720430283e-07,6,8,7,1.0,Candiella,Elysia,Mollusca,Mollusca
acrosymphyton_purpuriferum,oscarella_lobularis,5,0.75,6.67,5.72,0.0010600439919781213,0.004357895587619009,5,5,5,1.0,Acrosymphyton,Oscarella,Plantae,Porifera
trachinotus_ovatus,trachinus_araneus,7,1.23,5.67,5.71,9.221731237389679e-08,1.3516289128145553e-06,7,7,6,1.0,Trachinotus,Trachinus,Actinopterygii,Actinopterygii
elysia_viridis,tenellia_ocellata,15,4.98,3.01,5.7,3.1071753791887846e-08,5.099857990939802e-07,6,15,8,1.0,Elysia,Tenellia,Mollusca,Mollusca
caloria_elegans,felimare_orsinii,14,4.67,3.0,5.7,3.3866855646943626e-08,5.517744644251865e-07,9,13,6,1.0,Caloria,Felimare,Mollusca,Mollusca
hedera_helix,urtica_dioica,11,2.92,3.77,5.7,4.414428007910879e-08,6.983792422732284e-07,9,11,9,0.545,Hedera,Urtica,Plantae,Plantae
loripes_orbiculatus,mactra_corallina,9,2.36,3.82,5.7,6.831491710567904e-08,1.035818861574447e-06,8,9,6,1.0,Loripes,Mactra,Mollusca,Mollusca
centaurea_aspera,euphorbia_serrata,7,1.29,5.44,5.7,9.70558723825374e-08,1.4133769083501249e-06,6,6,6,1.0,Centaurea,Euphorbia,Plantae,Plantae
psilothrix_viridicoerulea,runcinia_grammica,6,1.25,4.81,5.7,0.001812066204305518,0.006747582587658246,6,6,6,1.0,Psilothrix,Runcinia,Insecta,Arachnida
asparagopsis_taxiformis,sparisoma_cretense,12,3.34,3.59,5.69,4.143795683809504e-08,6.59640511202971e-07,10,11,8,0.333,Asparagopsis,Sparisoma,Plantae,Actinopterygii
aphia_minuta,mullus_barbatus,12,3.42,3.5,5.69,4.2406423148181593e-08,6.729186738792165e-07,6,12,5,1.0,Aphia,Mullus,Actinopterygii,Actinopterygii
placida_dendritica,planocera_ceratommata,9,1.94,4.64,5.69,6.266570560773788e-08,9.584891063241948e-07,4,8,5,1.0,Placida,Planocera,Mollusca,Platyhelminthes
amphibalanus_amphitrite,lissoclinum_weigelei,9,2.02,4.46,5.69,6.457720205433919e-08,9.853711239030586e-07,5,9,5,1.0,Amphibalanus,Lissoclinum,Crustacea,Animalia
phorbas_fictitius,tripterygion_delaisi,8,1.78,4.5,5.69,8.403171559584553e-08,1.2460792590428354e-06,7,7,6,0.25,Phorbas,Tripterygion,Porifera,Actinopterygii
synema_globosum,thomisus_onustus,6,0.92,6.49,5.69,0.00039591531396132584,0.0019302986935376266,5,6,6,1.0,Synema,Thomisus,Arachnida,Arachnida
janua_heterostropha,paranemonia_cinerea,5,0.97,5.13,5.69,0.0032873624766347476,0.010881430489548026,5,5,5,1.0,Janua,Paranemonia,Annelida,Cnidaria
echinaster_sepositus,phoronis_hippocrepia,13,3.46,3.75,5.68,3.61494181104872e-08,5.849097702247987e-07,4,13,7,1.0,Echinaster,Phoronis,Echinodermata,Animalia
carcinus_aestuarii,idotea_balthica,13,4.21,3.08,5.68,4.216760367010222e-08,6.696824666681081e-07,6,12,5,1.0,Carcinus,Idotea,Malacostraca,Crustacea
dactylopterus_volitans,scyllarus_arctus,11,3.64,3.02,5.68,6.042428975304083e-08,9.277782056123305e-07,4,10,7,1.0,Dactylopterus,Scyllarus,Actinopterygii,Malacostraca
aplidium_elegans,astropecten_aranciacus,8,1.47,5.44,5.68,7.700937914701356e-08,1.152909536836115e-06,6,7,8,1.0,Aplidium,Astropecten,Animalia,Echinodermata
astropecten_aranciacus,pagellus_erythrinus,13,3.59,3.62,5.67,4.0012548892843755e-08,6.394237318145612e-07,8,13,8,1.0,Astropecten,Pagellus,Echinodermata,Actinopterygii
patella_pellucida,venerupis_corrugata,12,3.07,3.91,5.67,4.4485623546978885e-08,7.031035498842305e-07,8,10,8,0.0,Patella,Venerupis,Mollusca,Mollusca
bonnemaisonia_asparagoides,sycon_raphanus,12,3.43,3.5,5.67,4.781651270331834e-08,7.524455032745643e-07,8,12,5,1.0,Bonnemaisonia,Sycon,Plantae,Porifera
conus_ventricosus,sarcotragus_spinosulus,12,3.72,3.23,5.67,4.995220239766876e-08,7.836978789351807e-07,11,10,8,1.0,Conus,Sarcotragus,Mollusca,Porifera
holothuria_forskali,homarus_gammarus,11,2.94,3.75,5.67,5.2442117169150496e-08,8.183044380813779e-07,9,10,10,1.0,Holothuria,Homarus,Echinodermata,Malacostraca
cardita_calyculata,donax_venustus,6,1.07,5.59,5.67,0.0008538364303055657,0.00365317433398657,6,6,5,0.667,Cardita,Donax,Mollusca,Mollusca
elysia_timida,rudmania_krohni,10,2.33,4.3,5.66,5.9306831089684436e-08,9.120790507083175e-07,6,9,8,1.0,Elysia,Rudmania,Mollusca,Mollusca
harmothoe_areolata,lysmata_seticaudata,8,1.58,5.07,5.66,9.006992750587522e-08,1.3245361154438152e-06,8,8,5,0.875,Harmothoe,Lysmata,Annelida,Malacostraca
parietaria_judaica,rhamnus_alaternus,7,1.46,4.81,5.66,0.0007775433232154461,0.0033827832706839977,6,7,6,1.0,Parietaria,Rhamnus,Plantae,Plantae
halcampoides_purpureus,inachus_phalangium,15,4.8,3.13,5.65,3.8371039647524616e-08,6.164408383145203e-07,5,15,5,1.0,Halcampoides,Inachus,Cnidaria,Malacostraca
paraflabellina_ischitana,trapania_lineata,14,4.57,3.06,5.65,4.281933050345897e-08,6.790966618007278e-07,8,14,7,1.0,Paraflabellina,Trapania,Mollusca,Mollusca
necora_puber,tritia_mutabilis,14,4.49,3.12,5.65,4.399762570365785e-08,6.964416696295959e-07,7,13,7,1.0,Necora,Tritia,Malacostraca,Mollusca
nemesignis_banyulensis,trinchesia_caerulea,14,4.54,3.08,5.65,4.419161694475175e-08,6.989361667357469e-07,6,14,8,1.0,Nemesignis,Trinchesia,Mollusca,Mollusca
patella_pellucida,trivia_arctica,13,3.62,3.59,5.65,4.43399724180432e-08,7.00993849656683e-07,12,13,11,0.0,Patella,Trivia,Mollusca,Mollusca
axinella_damicornis,rugulopteryx_okamurae,11,2.81,3.91,5.65,5.650985522798366e-08,8.740509814186826e-07,6,11,8,1.0,Axinella,Rugulopteryx,Porifera,
okenia_nodosa,polycera_faeroensis,11,2.78,3.95,5.65,5.7156512089750516e-08,8.826620400519596e-07,7,10,7,0.0,Okenia,Polycera,Mollusca,Mollusca
achelous_hastatus,pagurus_cuanensis,10,2.48,4.03,5.65,6.640049787228699e-08,1.0101152722671267e-06,8,9,9,1.0,Achelous,Pagurus,Malacostraca,Malacostraca
parietaria_judaica,sonchus_oleraceus,9,1.96,4.59,5.65,7.680834437606939e-08,1.1505928167588787e-06,5,9,8,0.222,Parietaria,Sonchus,Plantae,Plantae
limaria_hians,rudmania_krohni,9,2.08,4.32,5.65,7.885009366665943e-08,1.1771377940552115e-06,9,9,7,1.0,Limaria,Rudmania,Mollusca,Mollusca
cymodocea_nodosa,pinctada_radiata,8,1.8,4.44,5.65,1.0413112172325582e-07,1.5048070430263376e-06,6,8,6,1.0,Cymodocea,Pinctada,Plantae,Mollusca
actinothoe_sphyrodeta,caryophyllia_smithii,17,5.57,3.05,5.64,3.466894308853451e-08,5.634877143865024e-07,9,15,8,0.0,Actinothoe,Caryophyllia,Cnidaria,Cnidaria
anomia_ephippium,ericaria_mediterranea,15,4.6,3.26,5.64,3.887721030756861e-08,6.23702845881233e-07,6,15,9,1.0,Anomia,Ericaria,Mollusca,
chama_gryphoides,scopalina_lophyropoda,12,3.13,3.84,5.64,5.065882809790216e-08,7.938111578061372e-07,7,12,5,1.0,Chama,Scopalina,Mollusca,Porifera
aglaophenia_pluma,gastroclonium_clavatum,12,3.46,3.47,5.64,5.542072982145399e-08,8.593122151212363e-07,8,12,6,1.0,Aglaophenia,Gastroclonium,Cnidaria,Plantae
acanthonyx_lunulatus,rugulopteryx_okamurae,10,2.91,3.44,5.64,8.018020070909744e-08,1.1946559547970591e-06,7,9,6,0.8,Acanthonyx,Rugulopteryx,Malacostraca,
episcomitra_cornicula,xantho_poressa,8,1.59,5.03,5.64,9.939044311755119e-08,1.443178297065083e-06,7,8,5,1.0,Episcomitra,Xantho,Mollusca,Malacostraca
chromis_limbata,holothuria_sanctori,8,2.32,3.45,5.64,1.3207489549938449e-07,1.8585020472836315e-06,6,7,6,0.0,Chromis,Holothuria,Actinopterygii,Echinodermata
conger_conger,echinaster_sepositus,12,3.65,3.29,5.63,6.148190745469447e-08,9.422591015578852e-07,8,12,9,1.0,Conger,Echinaster,Actinopterygii,Echinodermata
calliostoma_zizyphinum,striarca_lactea,10,2.59,3.86,5.63,7.710176170781504e-08,1.1540121288537252e-06,8,10,6,1.0,Calliostoma,Striacta,Mollusca,Mollusca
anilocra_physodes,diplodus_vulgaris,9,1.96,4.59,5.63,8.450968484215523e-08,1.2526831874106602e-06,7,9,5,1.0,Anilocra,Diplodus,Malacostraca,Actinopterygii
aplidium_conicum,symphodus_mediterraneus,9,2.34,3.84,5.63,9.782222762439755e-08,1.4232775841425986e-06,5,9,6,1.0,Aplidium,Symphodus,Animalia,Actinopterygii
homarus_gammarus,paraflabellina_ischitana,8,1.98,4.03,5.63,1.217226956651285e-07,1.7278143705526693e-06,5,8,6,1.0,Homarus,Paraflabellina,Malacostraca,Mollusca
clanculus_cruciatus,steromphala_rarilineata,8,2.3,3.48,5.63,1.4308292848020216e-07,1.9975431038091626e-06,7,7,7,1.0,Clanculus,Steromphala,Mollusca,Mollusca
arca_noae,dosinia_exoleta,13,4.03,3.22,5.62,5.48294083597722e-08,8.51404119245073e-07,12,13,11,1.0,Arca,Dosinia,Mollusca,Mollusca
lajonkairia_lajonkairii,striarca_lactea,10,2.64,3.79,5.62,7.93236826163977e-08,1.1828120026067151e-06,7,10,6,1.0,Lajonkairia,Striacta,Mollusca,Mollusca
abra_alba,acteon_tornatilis,9,2.11,4.27,5.62,9.339264280147763e-08,1.366769057584023e-06,7,9,5,0.667,Abra,Acteon,Mollusca,Mollusca
polititapes_aureus,turritellinella_tricarinata,8,1.82,4.4,5.62,1.169781986132575e-07,1.6670406225929883e-06,6,8,6,1.0,Polititapes,Turritellinella,Mollusca,Mollusca
asparagopsis_armata,chondria_coerulescens,11,2.76,3.98,5.61,6.994745953212021e-08,1.0586215354622144e-06,7,11,7,0.273,Asparagopsis,Chondria,Plantae,Plantae
pachycerianthus_solitarius,pegusa_lascaris,11,3.1,3.55,5.61,7.337980355645586e-08,1.1040416467177668e-06,10,9,6,1.0,Pachycerianthus,Pegusa,Cnidaria,Actinopterygii
ericaria_mediterranea,holothuria_sanctori,11,3.42,3.22,5.61,7.972836723124295e-08,1.1883848904784723e-06,7,10,5,1.0,Ericaria,Holothuria,,Echinodermata
pyura_dura,tethya_aurantium,9,2.97,3.04,5.61,1.3163865728180922e-07,1.8530425065363573e-06,7,9,5,1.0,Pyura,Tethya,Animalia,Porifera
cardita_calyculata,notocochlis_dillwynii,5,0.76,6.57,5.61,0.0011329591772091252,0.0046016580542659734,5,5,5,1.0,Cardita,Notocochlis,Mollusca,Mollusca
echium_plantagineum,galactites_tomentosus,14,4.36,3.21,5.6,5.537852350001577e-08,8.58888990481397e-07,11,14,5,0.286,Echium,Galactites,Plantae,Plantae
similiparma_lurida,synodus_saurus,14,4.66,3.01,5.6,5.68467200561446e-08,8.783489186357407e-07,11,13,9,0.0,Similiparma,Synodus,Actinopterygii,Actinopterygii
cronius_ruber,pseudocaranx_dentex,13,3.91,3.32,5.6,6.010616570919199e-08,9.231396766246839e-07,7,13,5,0.0,Cronius,Pseudocaranx,Malacostraca,Actinopterygii
ariosoma_balearicum,solea_senegalensis,12,3.43,3.5,5.6,6.610174044834977e-08,1.006234792099853e-06,11,11,7,1.0,Ariosoma,Solea,Actinopterygii,Actinopterygii
antiopella_cristata,chelidonichthys_lastoviza,9,2.62,3.43,5.6,1.2149310943901002e-07,1.7247679827247948e-06,5,6,8,1.0,Antiopella,Chelidonichthys,Mollusca,Actinopterygii
atriplex_halimus,medicago_marina,8,1.68,4.75,5.6,1.2423934508426563e-07,1.760284037767524e-06,7,7,8,0.625,Atriplex,Medicago,Plantae,Plantae
rugulopteryx_okamurae,valonia_utricularis,7,1.92,3.65,5.6,0.003599155410857313,0.011705968209604638,6,7,6,0.571,Rugulopteryx,Valonia,,Plantae
bosellia_mimetica,diaphorodoris_papillata,15,4.83,3.11,5.59,5.191086122144956e-08,8.114435354349898e-07,11,15,8,1.0,Bosellia,Diaphorodoris,Mollusca,Mollusca
irus_irus,ocenebra_edwardsii,14,4.63,3.02,5.59,6.147958527108376e-08,9.422591015578852e-07,9,14,6,1.0,Irus,Ocenebra,Mollusca,Mollusca
bunodactis_verrucosa,electra_posidoniae,12,3.59,3.35,5.59,7.220447326867022e-08,1.088348048991742e-06,6,11,5,1.0,Bunodactis,Electra,Cnidaria,Bryozoa
patella_ulyssiponensis,talochlamys_multistriata,12,3.98,3.01,5.59,7.76888758529331e-08,1.1615923755692803e-06,11,12,6,1.0,Patella,Talochlamys,Mollusca,Mollusca
pycnoclavella_communis,sparus_aurata,11,3.35,3.29,5.59,8.903640150250176e-08,1.311346151712377e-06,6,9,5,1.0,Pycnoclavella,Sparus,Animalia,Actinopterygii
coscinasterias_tenuispina,isara_cornea,9,2.04,4.41,5.59,1.0769348410450844e-07,1.54890388798699e-06,6,9,6,0.444,Coscinasterias,Isara,Echinodermata,Mollusca
patella_pellucida,polycera_quadrilineata,9,2.28,3.94,5.59,1.170419400626472e-07,1.6675364411300035e-06,8,9,5,0.0,Patella,Polycera,Mollusca,Mollusca
barbatia_barbata,tricolia_speciosa,8,1.79,4.47,5.59,1.355084695774373e-07,1.9014759718878302e-06,8,8,7,1.0,Barbatia,Tricolia,Mollusca,Mollusca
quercus_ilex,viburnum_tinus,6,1.48,4.05,5.59,0.004201451095222408,0.013230844161878532,5,5,5,1.0,Quercus,Viburnum,Plantae,Plantae
isara_cornea,pseudodistoma_crucigaster,5,1.08,4.62,5.59,0.005063221556907083,0.015355728199678493,3,3,5,1.0,Isara,Pseudodistoma,Mollusca,Animalia
bolinus_brandaris,gastrana_fragilis,8,2.62,3.05,5.59,0.005588326469003979,0.01662031450081326,6,8,5,1.0,Bolinus,Gastrana,Mollusca,Mollusca
ericaria_mediterranea,gobius_incognitus,15,4.61,3.26,5.58,5.4938471462769926e-08,8.529827043661652e-07,7,15,11,1.0,Ericaria,Gobius,,Actinopterygii
archidoris_pseudoargus,diodora_graeca,12,3.27,3.67,5.58,7.372044715306389e-08,1.1080091837992918e-06,11,12,10,0.0,Archidoris,Diodora,Mollusca,Mollusca
donax_variegatus,mactra_glauca,12,3.57,3.36,5.58,7.818121677713568e-08,1.1681957065620154e-06,8,12,7,0.917,Donax,Mactra,Mollusca,Mollusca
galathea_strigosa,pagurus_cuanensis,9,2.12,4.25,5.58,1.1434332933414822e-07,1.6323183287002741e-06,5,8,6,1.0,Galathea,Pagurus,Malacostraca,Malacostraca
calmella_cavolini,tritia_neritea,8,1.62,4.93,5.58,1.3857275749668548e-07,1.9399849258291596e-06,5,8,5,1.0,Calmella,Tritia,Mollusca,Mollusca
cestum_veneris,tylodina_perversa,8,1.78,4.5,5.58,1.468566904190148e-07,2.041568500426232e-06,5,8,5,1.0,Cestum,Tylodina,Ctenophora,Mollusca
antiopella_cristata,simnia_spelta,13,3.9,3.34,5.57,6.9962529318561e-08,1.058710525103836e-06,9,11,8,1.0,Antiopella,Simnia,Mollusca,Mollusca
fulica_atra,trachemys_scripta,11,3.02,3.64,5.57,8.747848603113603e-08,1.291372565957329e-06,5,11,6,1.0,Fulica,Trachemys,Aves,Reptilia
bosemprella_incarnata,donacilla_cornea,8,1.71,4.68,5.57,1.460718176902456e-07,2.0326196020276666e-06,6,8,5,1.0,Bosemprella,Donacilla,Mollusca,Mollusca
dictyota_dichotoma,scartella_cristata,15,4.87,3.08,5.56,6.285058747944325e-08,9.610617308178631e-07,8,15,10,1.0,Dictyota,Scartella,,Actinopterygii
barnea_candida,ensis_minor,13,3.84,3.39,5.56,7.331623421186846e-08,1.103229290248706e-06,9,13,9,1.0,Barnea,Ensis,Mollusca,Mollusca
ericaria_mediterranea,phallusia_fumigata,12,3.45,3.47,5.56,8.089495433437658e-08,1.2042599493811618e-06,9,11,5,1.0,Ericaria,Phallusia,,Animalia
lipophrys_pholis,palaemon_elegans,11,2.75,4.0,5.56,8.967067063193732e-08,1.3197994902154196e-06,8,11,5,0.0,Lipophrys,Palaemon,Actinopterygii,Malacostraca
conus_ventricosus,ctena_decussata,10,2.71,3.69,5.56,1.1386681763403564e-07,1.6261203494125997e-06,10,10,7,1.0,Conus,Ctena,Mollusca,Mollusca
ocenebra_erinaceus,ruditapes_decussatus,9,2.56,3.51,5.56,1.4485463035816337e-07,2.018332241491456e-06,8,8,8,1.0,Ocenebra,Ruditapes,Mollusca,Mollusca
chromis_limbata,sepia_officinalis,8,2.28,3.5,5.56,1.9666110049281333e-07,2.647983335808096e-06,6,8,6,0.0,Chromis,Sepia,Actinopterygii,Mollusca
bunodactis_verrucosa,xantho_poressa,14,4.33,3.23,5.55,7.051403673223483e-08,1.0663558791940641e-06,9,13,5,1.0,Bunodactis,Xantho,Cnidaria,Malacostraca
notocochlis_dillwynii,tritia_incrassata,11,2.91,3.78,5.55,9.418450174934462e-08,1.3767835730911684e-06,9,11,9,1.0,Notocochlis,Tritia,Mollusca,Mollusca
flexopecten_flexuosus,peronaea_planata,10,2.75,3.64,5.55,1.1598293789604119e-07,1.6542897582487963e-06,6,10,6,1.0,Flexopecten,Peronaea,Mollusca,Mollusca
barnea_candida,moerella_pulchella,9,2.45,3.68,5.55,1.4643393888348494e-07,2.0371664648149982e-06,7,9,6,1.0,Barnea,Moerella,Mollusca,Mollusca
spicara_smaris,stenopus_spinosus,7,1.31,5.33,5.55,2.035674388208105e-07,2.730028001189099e-06,4,6,5,1.0,Spicara,Stenopus,Actinopterygii,Malacostraca
hedera_helix,pinus_pinea,7,1.28,5.46,5.55,2.0856777463392546e-07,2.786806066913332e-06,6,7,6,0.857,Hedera,Pinus,Plantae,Plantae
glycymeris_glycymeris,loripes_orbiculatus,9,2.49,3.62,5.54,1.5572779727614217e-07,2.1544609488946926e-06,9,9,7,1.0,Glycymeris,Loripes,Mollusca,Mollusca
eunicella_verrucosa,labrus_bergylta,6,1.13,5.29,5.54,0.0011258727420931924,0.004577878917873298,5,6,5,0.0,Eunicella,Labrus,Cnidaria,Actinopterygii
aplidium_punctum,tripterygion_delaisi,6,1.14,5.28,5.54,0.0011457966857260082,0.004645609959258783,4,6,5,0.0,Aplidium,Tripterygion,Animalia,Actinopterygii
trochoidea_elegans,zonites_algirus,6,1.14,5.28,5.54,0.0011457966857260082,0.004645609959258783,6,6,6,1.0,Trochoidea,Zonites,Mollusca,Mollusca
acteon_tornatilis,barnea_candida,7,1.77,3.97,5.54,0.0023094552801408152,0.00819978691692121,6,7,5,0.714,Acteon,Barnea,Mollusca,Mollusca
hedera_helix,rumex_crispus,5,0.97,5.16,5.54,0.003212588655705395,0.010679027714224668,5,4,5,0.6,Hedera,Rumex,Plantae,Plantae
antipathella_wollastoni,muraena_augusti,12,3.5,3.43,5.53,9.484791020398498e-08,1.3854264799213753e-06,7,12,8,0.0,Antipathella,Muraena,Cnidaria,Actinopterygii
tritia_grana,tritia_reticulata,10,2.6,3.84,5.53,1.2484881905839314e-07,1.7680495821515826e-06,8,10,6,1.0,Tritia,Tritia,Mollusca,Mollusca
syngnathus_abaster,tritia_nitida,8,1.73,4.62,5.53,1.815026909157728e-07,2.4672372866384293e-06,5,8,5,1.0,Syngnathus,Tritia,Actinopterygii,Mollusca
conus_ventricosus,ophioderma_longicaudum,13,4.03,3.23,5.52,9.113971044754833e-08,1.338108464300235e-06,11,12,7,1.0,Conus,Ophioderma,Mollusca,Echinodermata
electra_posidoniae,jania_virgata,13,4.16,3.13,5.52,9.761507662050765e-08,1.420622446562527e-06,10,12,5,1.0,Electra,Jania,Bryozoa,Plantae
hemimycale_columella,xantho_poressa,10,2.91,3.43,5.52,1.4696837109285958e-07,2.0428745443269542e-06,10,10,5,1.0,Hemimycale,Xantho,Porifera,Malacostraca
bolinus_brandaris,venus_verrucosa,9,1.94,4.64,5.52,1.4896591225304933e-07,2.0668997898591227e-06,8,9,7,1.0,Bolinus,Venus,Mollusca,Mollusca
cribrinopsis_crassa,elysia_viridis,14,4.63,3.03,5.51,9.034211631677914e-08,1.3280302626206743e-06,6,13,6,1.0,Cribrinopsis,Elysia,Cnidaria,Mollusca
bryopsis_plumosa,tricleocarpa_fragilis,11,3.28,3.35,5.51,1.2856277661323027e-07,1.814622165762139e-06,7,10,6,1.0,Bryopsis,Tricleocarpa,Plantae,Plantae
ctena_decussata,epitonium_clathrus,9,2.97,3.03,5.51,2.198199687752196e-07,2.919209185334916e-06,8,9,5,1.0,Ctena,Epitonium,Mollusca,Mollusca
cerianthus_membranaceus,dactylopterus_volitans,8,2.16,3.71,5.51,2.3400441491122113e-07,3.0854132001921983e-06,5,8,6,1.0,Cerianthus,Dactylopterus,Cnidaria,Actinopterygii
diaphorodoris_alba,pinna_rudis,6,1.44,4.17,5.51,0.0036549051467189564,0.011848153878175774,4,5,5,1.0,Diaphorodoris,Pinna,Mollusca,Mollusca
calmella_cavolini,electra_posidoniae,15,4.98,3.01,5.5,8.72171271249739e-08,1.2881746042699352e-06,8,15,8,1.0,Calmella,Electra,Mollusca,Bryozoa
arca_noae,bolinus_brandaris,10,2.42,4.14,5.5,1.4104952116756505e-07,1.9720229413335154e-06,8,10,8,1.0,Arca,Bolinus,Mollusca,Mollusca
bittium_reticulatum,mactra_stultorum,10,2.55,3.92,5.5,1.4350844168606355e-07,2.0022703785880177e-06,8,10,7,0.9,Bittium,Mactra,Mollusca,Mollusca
paraflabellina_ischitana,scorpaena_scrofa,9,2.1,4.29,5.5,1.69487576761557e-07,2.3225463058449403e-06,6,9,6,1.0,Paraflabellina,Scorpaena,Mollusca,Actinopterygii
atherina_boyeri,carcinus_aestuarii,9,2.43,3.7,5.5,1.8962039213951532e-07,2.563970382164404e-06,6,8,5,1.0,Atherina,Carcinus,Actinopterygii,Malacostraca
necora_puber,xantho_hydrophilus,8,1.64,4.87,5.5,1.990965852761215e-07,2.677646860862748e-06,7,8,5,0.125,Necora,Xantho,Malacostraca,Malacostraca
barnea_candida,peronidia_albicans,7,1.32,5.3,5.5,2.6934211345219186e-07,3.5003896497906265e-06,7,7,5,0.714,Barnea,Peronidia,Mollusca,Mollusca
bittium_latreillii,rissoa_decorata,7,1.5,4.66,5.5,0.0009286238463173113,0.003911954860524205,7,7,5,1.0,Bittium,Rissoa,Mollusca,Mollusca
steromphala_rarilineata,tritia_neritea,5,0.76,6.61,5.5,0.0011029681034165906,0.004502226460192216,5,5,5,1.0,Steromphala,Tritia,Mollusca,Mollusca
lissoclinum_perforatum,pseudoceros_maximus,12,3.53,3.4,5.49,1.220068279398418e-07,1.7309944096036372e-06,5,11,6,1.0,Lissoclinum,Pseudoceros,Animalia,Platyhelminthes
modiolus_barbatus,venerupis_geographica,11,3.39,3.24,5.49,1.4293503413413298e-07,1.9957202366244885e-06,7,9,8,1.0,Modiolus,Venerupis,Mollusca,Mollusca
frondipora_verrucosa,peyssonnelia_rosa_marina,9,1.9,4.74,5.49,1.6588264372579093e-07,2.2780240896156897e-06,4,9,6,1.0,Frondipora,Peyssonnelia,Bryozoa,Plantae
clavularia_crassa,codium_coralloides,9,2.05,4.39,5.49,1.7371389131422068e-07,2.373095926396453e-06,6,8,6,1.0,Clavularia,Codium,Cnidaria,Plantae
armadillidium_vulgare,hedera_helix,5,0.71,7.03,5.49,0.0008421633276359808,0.0036098122296538246,5,5,5,0.2,Armadillidium,Hedera,Malacostraca,Plantae
serranus_atricauda,thalassoma_pavo,5,0.75,6.67,5.49,0.0010611443917000196,0.004360552113479902,5,5,5,0.0,Serranus,Thalassoma,Actinopterygii,Actinopterygii
clathrina_coriacea,clathrina_rubra,12,3.78,3.17,5.48,1.3304774962745157e-07,1.8705922562949633e-06,9,11,6,0.75,Clathrina,Clathrina,Porifera,Porifera
serranus_atricauda,tripterygion_delaisi,11,2.97,3.7,5.48,1.3498259450369616e-07,1.8947891820645562e-06,7,10,6,0.0,Serranus,Tripterygion,Actinopterygii,Actinopterygii
placida_dendritica,spurilla_neapolitana,11,3.13,3.52,5.48,1.403789022789445e-07,1.963123459352212e-06,5,9,5,1.0,Placida,Spurilla,Mollusca,Mollusca
hoplangia_durotrix,leptopsammia_pruvoti,11,3.09,3.55,5.48,1.4433434596537346e-07,2.0120878500235826e-06,7,11,5,1.0,Hoplangia,Leptopsammia,Cnidaria,Cnidaria
dromia_personata,pagurus_cuanensis,10,2.45,4.08,5.48,1.5741343960049799e-07,2.1754627993924867e-06,8,10,7,1.0,Dromia,Pagurus,Malacostraca,Malacostraca
grantia_compressa,sycon_ciliatum,9,2.15,4.18,5.48,1.8624117437310213e-07,2.5250945336564503e-06,6,9,7,0.0,Grantia,Sycon,Porifera,Porifera
acanthocardia_paucicostata,peronidia_albicans,8,2.2,3.64,5.48,2.767183811663953e-07,3.585139944207535e-06,6,8,6,0.875,Acanthocardia,Peronidia,Mollusca,Mollusca
petrosedum_sediforme,scirpoides_holoschoenus,7,1.38,5.09,5.48,3.0133265135835094e-07,3.865352050672248e-06,7,7,6,0.857,Petrosedum,Scirpoides,Plantae,Plantae
crimora_papillata,felimare_villafranca,6,1.08,5.55,5.48,0.0008867304150721456,0.003767745758048591,4,6,5,1.0,Crimora,Felimare,Mollusca,Mollusca
trinchesia_caerulea,tylodina_perversa,7,1.56,4.48,5.48,0.0011631888485114095,0.004703380299178983,5,6,6,1.0,Trinchesia,Tylodina,Mollusca,Mollusca
axinella_verrucosa,hermodice_carunculata,7,1.85,3.79,5.48,0.0029397860546068744,0.009940858629103594,6,7,5,1.0,Axinella,Hermodice,Porifera,Annelida
felimare_fontandraui,phyllidia_flava,14,4.37,3.2,5.47,1.1005186751834e-07,1.579471202888108e-06,10,14,8,1.0,Felimare,Phyllidia,Mollusca,Mollusca
epinephelus_costae,pseudodistoma_crucigaster,10,3.17,3.16,5.47,2.0053116274664262e-07,2.6937957174748386e-06,4,9,5,1.0,Epinephelus,Pseudodistoma,Actinopterygii,Animalia
laevicardium_crassum,venerupis_corrugata,8,1.85,4.32,5.47,2.5286508777286513e-07,3.308093296818664e-06,5,8,6,0.125,Laevicardium,Venerupis,Mollusca,Mollusca
barbatia_barbata,donax_semistriatus,13,4.08,3.19,5.46,1.3050300513971674e-07,1.8382535499801975e-06,12,12,11,1.0,Barbatia,Donax,Mollusca,Mollusca
paranemonia_cinerea,phallusia_fumigata,11,2.92,3.76,5.46,1.5095378845594673e-07,2.0922136964964974e-06,5,10,8,1.0,Paranemonia,Phallusia,Cnidaria,Animalia
aglaophenia_pluma,cystoseira_compressa,11,3.62,3.04,5.46,1.8045542659119355e-07,2.453870038363062e-06,10,11,5,1.0,Aglaophenia,Cystoseira,Cnidaria,
calliostoma_laugieri,muricopsis_cristata,6,1.19,5.06,5.46,0.001411767935056596,0.005509529579615856,5,6,5,1.0,Calliostoma,Muricopsis,Mollusca,Mollusca
asparagus_acutifolius,lantana_camara,5,0.8,6.23,5.46,0.0014316063923988098,0.005572401182142274,5,5,5,1.0,Asparagus,Lantana,Plantae,Plantae
sparisoma_cretense,tripterygion_delaisi,7,1.67,4.19,5.46,0.0016990161245613589,0.00640510008881072,6,6,6,0.857,Sparisoma,Tripterygion,Actinopterygii,Actinopterygii
luisella_babai,marionia_blainvillea,10,2.55,3.93,5.45,1.8075107752907726e-07,2.4576002756591308e-06,7,10,7,1.0,Luisella,Marionia,Mollusca,Mollusca
halocynthia_papillosa,ophidiaster_ophidianus,10,3.05,3.28,5.45,2.134821585764764e-07,2.8450887847581886e-06,7,9,6,1.0,Halocynthia,Ophidiaster,Animalia,Echinodermata
penaeus_kerathurus,uranoscopus_scaber,8,1.76,4.54,5.45,2.6823328824483485e-07,3.4877593384828392e-06,7,8,7,1.0,Penaeus,Uranoscopus,Malacostraca,Actinopterygii
chama_gryphoides,idotea_balthica,5,0.77,6.47,5.45,0.0012152783847826365,0.0048763631201910705,5,5,5,1.0,Chama,Idotea,Mollusca,Crustacea
candiella_odhneri,facelinopsis_marioni,12,3.98,3.02,5.44,1.7036433309387536e-07,2.3328958314212307e-06,8,12,6,1.0,Candiella,Facelinopsis,Mollusca,Mollusca
glycymeris_nummaria,ocenebra_erinaceus,10,2.9,3.45,5.44,2.0806723977464795e-07,2.781408481201966e-06,8,9,9,1.0,Glycymeris,Ocenebra,Mollusca,Mollusca
lysmata_grabhami,telmatactis_cricoides,9,2.5,3.6,5.44,2.62188786533187e-07,3.418037452050388e-06,6,8,6,0.0,Lysmata,Telmatactis,Malacostraca,Cnidaria
steromphala_divaricata,steromphala_rarilineata,9,2.62,3.43,5.44,2.673854864890381e-07,3.4779132421229703e-06,9,9,7,1.0,Steromphala,Steromphala,Mollusca,Mollusca
patella_ulyssiponensis,tritia_corrugata,8,1.75,4.57,5.44,2.8431452297503056e-07,3.6695238970216696e-06,6,8,5,1.0,Patella,Tritia,Mollusca,Mollusca
placida_dendritica,tylodina_perversa,8,2.21,3.62,5.44,3.2865916426631194e-07,4.175435637421284e-06,5,7,6,1.0,Placida,Tylodina,Mollusca,Mollusca
galathea_bolivari,pachycerianthus_solitarius,6,1.01,5.92,5.44,0.000634729233105813,0.002861858501456776,4,6,5,1.0,Galathea,Pachycerianthus,Malacostraca,Cnidaria
oedemera_atrata,psilothrix_viridicoerulea,6,1.06,5.68,5.44,0.0007908878911576656,0.003429830551964152,5,6,5,1.0,Oedemera,Psilothrix,Insecta,Insecta
helicigona_lapicida,iberus_splendidus,6,1.08,5.54,5.44,0.0008955720391494726,0.0037970663161554985,6,6,6,1.0,Helicigona,Iberus,Mollusca,Mollusca
diodora_graeca,tritia_neritea,6,1.29,4.67,5.44,0.0021103056240884266,0.007631227607429314,4,6,5,1.0,Diodora,Tritia,Mollusca,Mollusca
glycymeris_nummaria,moerella_pulchella,12,3.81,3.15,5.43,1.7244794044171236e-07,2.356945370820623e-06,11,12,11,1.0,Glycymeris,Moerella,Mollusca,Mollusca
conus_ventricosus,ocenebra_erinaceus,11,3.14,3.5,5.43,1.8489054768244805e-07,2.5091448527752087e-06,11,11,10,1.0,Conus,Ocenebra,Mollusca,Mollusca
anas_platyrhynchos,ardeola_ralloides,8,1.78,4.48,5.43,2.97151226142138e-07,3.816814567563704e-06,4,8,7,1.0,Anas,Ardeola,Aves,Aves
pinus_pinea,rhamnus_alaternus,6,1.38,4.35,5.43,0.00298573045749273,0.010063726019631718,5,6,5,0.5,Pinus,Rhamnus,Plantae,Plantae
hypnea_musciformis,microlipophrys_canevae,10,2.73,3.66,5.42,2.1932989613667087e-07,2.9133726916325414e-06,7,10,5,1.0,Hypnea,Microlipophrys,Plantae,Actinopterygii
chamelea_striatula,laevicardium_crassum,9,2.54,3.55,5.42,2.85099112599091e-07,3.678413950931311e-06,7,9,8,0.778,Chamelea,Laevicardium,Mollusca,Mollusca
bituminaria_bituminosa,carduus_pycnocephalus,5,0.72,6.98,5.42,0.0008702655900650891,0.003709827087432323,5,5,5,1.0,Bituminaria,Carduus,Plantae,Plantae
bonellia_viridis,gongolaria_squarrosa,7,1.87,3.74,5.42,0.003174468763699978,0.010577645035381856,4,7,5,1.0,Bonellia,Gongolaria,Annelida,
bittium_reticulatum,donax_semistriatus,13,4.12,3.15,5.41,1.6641291851732192e-07,2.2844892593981834e-06,10,12,8,1.0,Bittium,Donax,Mollusca,Mollusca
iberus_splendidus,trochoidea_elegans,7,1.96,3.57,5.41,0.004054967173321988,0.01285954679696706,7,6,6,1.0,Iberus,Trochoidea,Mollusca,Mollusca
bulla_striata,gari_depressa,13,3.93,3.31,5.4,1.679348965549568e-07,2.303735630235442e-06,8,13,7,1.0,Bulla,Gari,Mollusca,Mollusca
galathea_strigosa,inachus_phalangium,13,3.84,3.38,5.4,1.6897749886794892e-07,2.316474226746467e-06,6,13,5,1.0,Galathea,Inachus,Malacostraca,Malacostraca
lissoclinum_weigelei,spirastrella_cunctatrix,11,2.86,3.85,5.4,1.9578840607960185e-07,2.6386999922782463e-06,4,11,5,1.0,Lissoclinum,Spirastrella,Animalia,Porifera
lipophrys_pholis,tritia_incrassata,11,3.4,3.24,5.4,2.3113378818981382e-07,3.0515169533141547e-06,6,11,6,0.182,Lipophrys,Tritia,Actinopterygii,Mollusca
diplodus_cervinus,stenorhynchus_lanceolatus,10,2.76,3.63,5.4,2.4598811576300573e-07,3.225818427815744e-06,9,10,6,0.0,Diplodus,Stenorhynchus,Actinopterygii,Malacostraca
ciona_robusta,halichondria_bowerbanki,9,2.66,3.39,5.4,3.2716358990526553e-07,4.158269440803863e-06,3,7,5,1.0,Ciona,Halichondria,Animalia,Porifera
axinella_verrucosa,yungia_aurantiaca,8,1.62,4.94,5.4,3.2967617800396573e-07,4.186509524996569e-06,7,8,5,1.0,Axinella,Yungia,Porifera,Platyhelminthes
maniola_jurtina,sphaerophoria_scripta,5,0.87,5.77,5.4,0.001999677649657694,0.007308488434731289,5,5,5,0.4,Maniola,Sphaerophoria,Insecta,Insecta
micromelo_undatus,parablennius_parvicornis,12,3.72,3.22,5.39,2.0146302430353975e-07,2.7044216093993233e-06,5,11,5,0.0,Micromelo,Parablennius,Mollusca,Actinopterygii
gibbula_magus,striarca_lactea,10,3.09,3.24,5.39,2.888755940724378e-07,3.7213042535526254e-06,9,10,7,1.0,Gibbula,Striacta,Mollusca,Mollusca
coryphoblennius_galerita,echinolittorina_punctata,8,2.48,3.23,5.39,4.698844158751584e-07,5.741071613795922e-06,7,8,8,1.0,Coryphoblennius,Echinolittorina,Actinopterygii,Mollusca
ebenomitra_tricolor,polititapes_aureus,7,1.58,4.42,5.39,4.892491901976879e-07,5.948022763564208e-06,7,7,5,1.0,Ebenomitra,Polititapes,Mollusca,Mollusca
cistus_monspeliensis,lonicera_implexa,6,1.12,5.37,5.39,0.0010484729064780263,0.004318339448639468,6,6,6,0.833,Cistus,Lonicera,Plantae,Plantae
phallusia_fumigata,smittina_cervicornis,13,3.96,3.28,5.38,1.8365844080153221e-07,2.4947750281923966e-06,7,13,8,1.0,Phallusia,Smittina,Animalia,Bryozoa
manupecten_pesfelis,parablennius_rouxi,13,4.16,3.12,5.38,1.9631851342894445e-07,2.644720610715347e-06,7,13,9,1.0,Manupecten,Parablennius,Mollusca,Actinopterygii
notospermus_geniculatus,rhyssoplax_olivacea,11,2.93,3.75,5.38,2.2048870724797e-07,2.9270777863326963e-06,11,11,5,1.0,Notospermus,Rhyssoplax,Animalia,Mollusca
haliclona_viscosa,leptopsammia_pruvoti,8,2.13,3.75,5.38,4.271153595317777e-07,5.264861746147969e-06,5,8,5,0.125,Haliclona,Leptopsammia,Porifera,Cnidaria
calliactis_parasitica,solea_senegalensis,7,1.3,5.37,5.38,4.661258259459096e-07,5.699380137154805e-06,5,7,7,0.857,Calliactis,Solea,Cnidaria,Actinopterygii
bosemprella_incarnata,ruditapes_decussatus,8,2.38,3.36,5.38,4.711175887668828e-07,5.754307749819759e-06,7,7,8,1.0,Bosemprella,Ruditapes,Mollusca,Mollusca
modiolus_barbatus,semicassis_undulata,7,1.48,4.74,5.38,5.044973517268723e-07,6.11018848910246e-06,5,6,5,1.0,Modiolus,Semicassis,Mollusca,Mollusca
clanculus_jussieui,ruditapes_decussatus,14,4.54,3.09,5.37,1.8029358315648498e-07,2.4519586771289924e-06,4,14,5,1.0,Clanculus,Ruditapes,Mollusca,Mollusca
thylacodes_arenarius,valonia_utricularis,13,4.0,3.25,5.37,1.9309339276540855e-07,2.6051213514634184e-06,10,13,6,1.0,Thylacodes,Valonia,Mollusca,Plantae
ctenolabrus_rupestris,labrus_mixtus,13,3.97,3.27,5.37,1.939006511334522e-07,2.6150937266656786e-06,10,13,8,0.923,Ctenolabrus,Labrus,Actinopterygii,Actinopterygii
modiolus_barbatus,spisula_subtruncata,9,2.27,3.97,5.37,3.352456030469281e-07,4.247870045470557e-06,8,9,5,1.0,Modiolus,Spisula,Mollusca,Mollusca
carcinus_aestuarii,ruditapes_decussatus,6,1.46,4.1,5.37,0.003960022844527344,0.012627265403994802,5,5,6,1.0,Carcinus,Ruditapes,Malacostraca,Mollusca
dendrodoris_temarana,tritia_corniculum,10,2.99,3.35,5.36,3.2048534451347844e-07,4.082576385473119e-06,3,9,5,1.0,Dendrodoris,Tritia,Mollusca,Mollusca
boops_boops,diplodus_cadenati,10,3.23,3.09,5.36,3.406841715618133e-07,4.3073067713572365e-06,8,10,7,0.3,Boops,Diplodus,Actinopterygii,Actinopterygii
ensis_minor,phoronis_hippocrepia,10,3.13,3.2,5.36,3.428375941399317e-07,4.330114034516452e-06,4,9,7,1.0,Ensis,Phoronis,Mollusca,Animalia
aplysina_aerophoba,similiparma_lurida,7,1.78,3.92,5.36,0.00245304705822591,0.008606170883328493,5,7,6,0.0,Aplysina,Similiparma,Porifera,Actinopterygii
bugulina_turbinata,prostheceraeus_moseleyi,6,1.65,3.64,5.36,0.006965758544273393,0.019857548434486585,4,5,5,1.0,Bugulina,Prostheceraeus,Bryozoa,Platyhelminthes
limaria_hians,pinnoctopus_macropus,14,4.57,3.06,5.35,2.071961208092251e-07,2.771049675145806e-06,8,12,11,1.0,Limaria,Pinnoctopus,Mollusca,Mollusca
apletodon_incognitus,gobius_xanthocephalus,13,4.01,3.24,5.35,2.1845976250086257e-07,2.903488518591298e-06,5,13,6,1.0,Apletodon,Gobius,Actinopterygii,Actinopterygii
ensis_minor,peronidia_albicans,8,2.12,3.78,5.35,5.008876816995897e-07,6.0734937882875e-06,8,8,6,1.0,Ensis,Peronidia,Mollusca,Mollusca
limacia_clavigera,trivia_arctica,7,1.44,4.85,5.35,5.546910172311748e-07,6.654443814339296e-06,7,7,6,0.0,Limacia,Trivia,Mollusca,Mollusca
jania_rubens,lissoclinum_weigelei,6,1.03,5.81,5.35,0.0007041305691944943,0.003119348513496732,4,6,6,1.0,Jania,Lissoclinum,Plantae,Animalia
caloria_elegans,candiella_striata,7,1.8,3.89,5.35,0.0025503758726119763,0.008870775765712059,5,7,5,1.0,Caloria,Candiella,Mollusca,Mollusca
eryngium_campestre,foeniculum_vulgare,13,3.95,3.29,5.34,2.2393289601140952e-07,2.966306238024425e-06,10,13,5,0.308,Eryngium,Foeniculum,Plantae,Plantae
glans_trapezia,tricolia_speciosa,8,2.39,3.34,5.34,5.86215572476213e-07,6.9889660365879785e-06,7,8,5,1.0,Glans,Tricolia,Mollusca,Mollusca
hypselodoris_tryoni,thor_amboinensis,5,0.83,6.03,5.34,0.0016459472391586738,0.006240569548791702,4,5,5,0.0,Hypselodoris,Thor,Mollusca,Malacostraca
aplysina_aerophoba,pinctada_radiata,7,1.76,3.98,5.34,0.0022494735980639335,0.008028139912991247,4,7,5,1.0,Aplysina,Pinctada,Porifera,Mollusca
ensis_ensis,mactra_stultorum,7,1.95,3.6,5.34,0.003928343685456914,0.012548479299580712,6,7,5,0.857,Ensis,Mactra,Mollusca,Mollusca
callista_chione,mactra_glauca,14,4.42,3.17,5.33,2.2313219382610324e-07,2.956719721364435e-06,10,13,9,1.0,Callista,Mactra,Mollusca,Mollusca
caloria_quatrefagesi,pinna_rudis,14,4.5,3.11,5.33,2.2631665043076734e-07,2.994348378461782e-06,10,14,8,1.0,Caloria,Pinna,Mollusca,Mollusca
carduelis_carduelis,passer_montanus,11,3.17,3.47,5.33,3.095171013952817e-07,3.9588773342002924e-06,6,11,7,0.909,Carduelis,Passer,Aves,Aves
crimora_papillata,felimare_orsinii,10,2.69,3.72,5.33,3.411123251232422e-07,4.3113005269882606e-06,4,10,5,1.0,Crimora,Felimare,Mollusca,Mollusca
flabellina_affinis,spondyliosoma_cantharus,10,3.11,3.22,5.33,3.841799413455128e-07,4.78683387008095e-06,5,10,7,1.0,Flabellina,Spondyliosoma,Mollusca,Actinopterygii
hydrolithon_farinosum,pyura_dura,8,2.27,3.53,5.33,5.638380979911042e-07,6.752926940530947e-06,7,8,5,1.0,Hydrolithon,Pyura,Plantae,Animalia
cistus_salviifolius,pancratium_maritimum,10,2.67,3.75,5.32,3.597061953775118e-07,4.52446692130919e-06,9,10,9,0.8,Cistus,Pancratium,Plantae,Plantae
loripes_orbiculatus,parvicardium_scriptum,11,3.63,3.03,5.32,3.5988028325054915e-07,4.526162461964658e-06,8,11,5,1.0,Loripes,Parvicardium,Mollusca,Mollusca
chamelea_striatula,trivia_monacha,9,2.49,3.62,5.32,4.486407326178409e-07,5.504868139365826e-06,8,9,7,0.0,Chamelea,Trivia,Mollusca,Mollusca
lepadogaster_lepadogaster,pisania_striata,8,1.86,4.3,5.32,5.190401427097825e-07,6.271816719187936e-06,5,7,5,1.0,Lepadogaster,Pisania,Actinopterygii,Mollusca
chelidonichthys_obscurus,torpedo_torpedo,7,2.16,3.25,5.32,0.006717938903725185,0.01929286883870762,3,4,6,1.0,Chelidonichthys,Torpedo,Actinopterygii,Elasmobranchii
berghia_coerulescens,trapania_lineata,11,3.16,3.48,5.31,3.387587843757001e-07,4.288140533481832e-06,8,11,6,1.0,Berghia,Trapania,Mollusca,Mollusca
canthigaster_capistrata,serranus_atricauda,10,2.66,3.76,5.31,3.772703384364581e-07,4.718083987925411e-06,9,10,5,0.1,Canthigaster,Serranus,Actinopterygii,Actinopterygii
prostheceraeus_giesbrechtii,rudmania_krohni,8,2.1,3.8,5.31,5.848781006211048e-07,6.97518599419811e-06,7,8,6,1.0,Prostheceraeus,Rudmania,Platyhelminthes,Mollusca
urospermum_dalechampii,viburnum_tinus,7,1.49,4.7,5.31,6.776028758270194e-07,7.955825693719522e-06,6,7,7,1.0,Urospermum,Viburnum,Plantae,Plantae
periclimenes_scriptus,uranoscopus_scaber,7,1.56,4.48,5.31,7.258324293451099e-07,8.449757395945235e-06,4,6,5,0.857,Periclimenes,Uranoscopus,Malacostraca,Actinopterygii
loligo_vulgaris,palinurus_elephas,5,0.95,5.28,5.31,0.0029027051135980253,0.009842916345056423,3,4,5,1.0,Loligo,Palinurus,Mollusca,Malacostraca
gobius_roulei,pachycerianthus_solitarius,12,3.56,3.37,5.3,3.0416993847425686e-07,3.897841333925282e-06,7,10,7,1.0,Gobius,Pachycerianthus,Actinopterygii,Cnidaria
pinnoctopus_macropus,pseudaphya_ferreri,12,3.78,3.17,5.3,3.2089760282097954e-07,4.086744133914231e-06,6,9,7,1.0,Pinnoctopus,Pseudaphya,Mollusca,Actinopterygii
cymodocea_nodosa,velella_velella,9,2.35,3.82,5.3,4.793226363667473e-07,5.838634300856231e-06,6,9,5,1.0,Cymodocea,Velella,Plantae,Cnidaria
bolma_rugosa,placida_dendritica,8,2.13,3.75,5.3,6.149114548121039e-07,7.294095885520348e-06,6,7,6,1.0,Bolma,Placida,Mollusca,Mollusca
halcampoides_purpureus,necora_puber,7,1.61,4.35,5.3,7.621697694579754e-07,8.825510716718925e-06,5,6,5,1.0,Halcampoides,Necora,Cnidaria,Malacostraca
alicia_mirabilis,inachus_phalangium,7,1.66,4.22,5.3,7.7697973649375e-07,8.977394018027799e-06,6,6,7,1.0,Alicia,Inachus,Cnidaria,Malacostraca
acanthocardia_aculeata,astropecten_irregularis,5,0.86,5.8,5.3,0.001945579117104801,0.007149553320795581,4,4,5,0.8,Acanthocardia,Astropecten,Mollusca,Echinodermata
columbella_rustica,tripterygion_delaisi,14,4.35,3.22,5.29,2.701329789395141e-07,3.5088961219695327e-06,9,14,9,0.929,Columbella,Tripterygion,Mollusca,Actinopterygii
oscarella_lobularis,sertularella_crassicaulis,14,4.53,3.09,5.29,2.7685124507649037e-07,3.5864579824347233e-06,6,13,5,1.0,Oscarella,Sertularella,Porifera,Cnidaria
harmothoe_areolata,xantho_poressa,12,3.81,3.15,5.29,3.373301581989862e-07,4.2719339941910525e-06,7,12,6,1.0,Harmothoe,Xantho,Annelida,Malacostraca
egretta_garzetta,ichthyaetus_audouinii,8,1.96,4.09,5.29,6.126530242444325e-07,7.271049655409045e-06,5,8,5,1.0,Egretta,Ichthyaetus,Aves,Aves
fissurella_nubecula,tritia_neritea,14,4.39,3.19,5.28,2.8425115147534675e-07,3.6691170481306266e-06,8,14,12,1.0,Fissurella,Tritia,Mollusca,Mollusca
barbatia_barbata,pisania_striata,12,3.94,3.04,5.28,3.7451619051339137e-07,4.689756870859211e-06,12,12,11,0.917,Barbatia,Pisania,Mollusca,Mollusca
flexopecten_flexuosus,laevicardium_crassum,11,3.18,3.46,5.28,3.867451481517834e-07,4.815670995209474e-06,10,11,11,0.273,Flexopecten,Laevicardium,Mollusca,Mollusca
astropecten_spinulosus,felimare_villafranca,9,2.14,4.2,5.28,4.834664953541344e-07,5.883929234183151e-06,6,9,5,1.0,Astropecten,Felimare,Echinodermata,Mollusca
ellisolandia_elongata,ericaria_mediterranea,8,1.93,4.14,5.28,6.479443057164575e-07,7.645782627856065e-06,5,7,7,1.0,Ellisolandia,Ericaria,Plantae,
prostheceraeus_vittatus,yungia_aurantiaca,7,1.62,4.32,5.28,8.222653999535173e-07,9.418200749278685e-06,3,6,6,1.0,Prostheceraeus,Yungia,Platyhelminthes,Platyhelminthes
gastrana_fragilis,spisula_subtruncata,7,2.14,3.28,5.28,0.006410405417881293,0.018569382593955155,6,7,7,1.0,Gastrana,Spisula,Mollusca,Mollusca
glans_trapezia,smaragdia_viridis,13,4.25,3.06,5.27,3.3779817286252005e-07,4.276920618359574e-06,11,13,8,1.0,Glans,Smaragdia,Mollusca,Mollusca
oscarella_tuberculata,terpios_gelatinosus,12,3.65,3.29,5.27,3.6228728964061135e-07,4.55096989594995e-06,3,11,5,1.0,Oscarella,Terpios,Porifera,Porifera
lithophaga_lithophaga,patinella_radiata,12,3.8,3.16,5.27,3.764283685230524e-07,4.7096061867213e-06,7,12,5,1.0,Lithophaga,Patinella,Mollusca,Bryozoa
candelabrum_cocksii,trivia_monacha,10,2.5,4.0,5.27,4.3508459439971134e-07,5.352214160515147e-06,6,9,8,0.0,Candelabrum,Trivia,Cnidaria,Mollusca
diplodus_cadenati,platybelone_argalus,9,2.26,3.98,5.27,5.426370075932402e-07,6.5268275028995235e-06,8,9,7,0.0,Diplodus,Platybelone,Actinopterygii,Actinopterygii
calliactis_parasitica,felimare_fontandraui,13,4.03,3.22,5.26,3.3270329491701607e-07,4.219932978215301e-06,10,13,9,0.462,Calliactis,Felimare,Cnidaria,Mollusca
ardea_cinerea,buteo_buteo,13,3.85,3.38,5.25,3.3896771470315783e-07,4.290313843623664e-06,5,11,6,1.0,Ardea,Buteo,Aves,Aves
larus_michahellis,oryctolagus_cuniculus,12,3.64,3.3,5.25,4.0376938108142634e-07,5.008166212112903e-06,5,11,7,1.0,Larus,Oryctolagus,Aves,Mammalia
amphorina_farrani,candiella_striata,8,1.88,4.26,5.25,7.054808148918634e-07,8.236138204175338e-06,5,8,7,1.0,Amphorina,Candiella,Mollusca,Mollusca
bunodeopsis_strumosa,mesochaetopterus_rogeri,8,1.87,4.27,5.25,7.217440006816874e-07,8.41321419149379e-06,3,6,5,1.0,Bunodeopsis,Mesochaetopterus,Cnidaria,Annelida
echiichthys_vipera,fissurella_nubecula,7,1.77,3.95,5.25,0.0023508583301199426,0.008314247039452872,5,7,5,1.0,Echiichthys,Fissurella,Actinopterygii,Mollusca
loligo_vulgaris,phycis_phycis,11,3.24,3.39,5.24,4.797335308192513e-07,5.842818657839204e-06,6,11,8,1.0,Loligo,Phycis,Mollusca,Actinopterygii
lobophora_variegata,sparisoma_cretense,10,2.99,3.34,5.24,5.788495938383371e-07,6.9111605978393395e-06,4,8,5,0.0,Lobophora,Sparisoma,,Actinopterygii
glycymeris_glycymeris,semicassis_undulata,9,2.42,3.72,5.24,6.53803113844451e-07,7.707022810532706e-06,9,9,7,1.0,Glycymeris,Semicassis,Mollusca,Mollusca
felimare_orsinii,felimida_luteorosea,9,2.56,3.52,5.24,6.794033908245348e-07,7.969655659968405e-06,6,9,7,1.0,Felimare,Felimida,Mollusca,Mollusca
acanthocardia_aculeata,gibbula_magus,8,2.35,3.4,5.24,8.935099675668243e-07,1.014746868134547e-05,8,8,8,0.75,Acanthocardia,Gibbula,Mollusca,Mollusca
lithophaga_lithophaga,tritia_nitida,7,1.57,4.47,5.24,9.673949646096424e-07,1.0899537359695769e-05,5,6,6,1.0,Lithophaga,Tritia,Mollusca,Mollusca
chromis_limbata,serranus_papilionaceus,7,1.58,4.44,5.24,9.973254229404082e-07,1.1196246153228103e-05,5,6,5,0.0,Chromis,Serranus,Actinopterygii,Actinopterygii
mesophyllum_alternans,palaemon_elegans,5,0.73,6.82,5.24,0.0009626114533050067,0.0040280661750953465,3,5,5,1.0,Mesophyllum,Palaemon,Plantae,Malacostraca
epinephelus_costae,myriapora_truncata,12,3.92,3.06,5.23,4.588806862223922e-07,5.616754204798605e-06,7,12,6,1.0,Epinephelus,Myriapora,Actinopterygii,Bryozoa
caryophyllia_smithii,paraleucilla_magna,11,3.09,3.56,5.23,4.7412855085335314e-07,5.783725706534275e-06,9,11,6,1.0,Caryophyllia,Paraleucilla,Cnidaria,Porifera
glycymeris_glycymeris,glycymeris_nummaria,11,3.07,3.59,5.23,4.860576800312384e-07,5.911717585548858e-06,9,11,9,1.0,Glycymeris,Glycymeris,Mollusca,Mollusca
berthella_plumula,doris_verrucosa,10,2.73,3.66,5.23,5.454190248926146e-07,6.552763931977139e-06,8,8,10,0.1,Berthella,Doris,Mollusca,Mollusca
cacospongia_mollior,ircinia_variabilis,7,1.91,3.67,5.23,0.0034961215029276627,0.011437050818471106,6,7,6,1.0,Cacospongia,Ircinia,Porifera,Porifera
ascandra_contorta,dicentrarchus_labrax,15,4.9,3.06,5.22,3.503376514273227e-07,4.412408308192116e-06,6,15,6,1.0,Ascandra,Dicentrarchus,Porifera,Actinopterygii
haminoea_orteai,pilumnus_hirtellus,10,3.22,3.1,5.22,6.711049557064663e-07,7.888376218468295e-06,5,8,5,1.0,Haminoea,Pilumnus,Mollusca,Malacostraca
acanthella_acuta,episcomitra_cornicula,9,2.62,3.43,5.22,7.35828151700292e-07,8.549707149619813e-06,5,9,5,1.0,Acanthella,Episcomitra,Porifera,Mollusca
cliona_rhodensis,cliona_schmidtii,9,2.93,3.08,5.22,8.16765542936821e-07,9.370111293417e-06,7,9,6,1.0,Cliona,Cliona,Porifera,Porifera
acanthocardia_paucicostata,donax_semistriatus,7,1.61,4.34,5.22,1.0945690504448037e-06,1.2141222115101403e-05,7,7,5,1.0,Acanthocardia,Donax,Mollusca,Mollusca
callista_chione,venus_casina,5,0.91,5.5,5.22,0.0024453796898896707,0.008584851251094525,4,4,5,1.0,Callista,Venus,Mollusca,Mollusca
diplodus_cadenati,serranus_papilionaceus,10,2.7,3.7,5.21,6.00432037460353e-07,7.14230517123671e-06,6,9,8,0.2,Diplodus,Serranus,Actinopterygii,Actinopterygii
ciona_robusta,sycon_raphanus,10,2.99,3.35,5.21,6.581020303877913e-07,7.750560857574639e-06,6,8,5,1.0,Ciona,Sycon,Animalia,Porifera
chromodoris_annae,nembrotha_kubaryana,7,1.58,4.44,5.21,1.1416940238159788e-06,1.2608101832792948e-05,6,6,7,0.0,Chromodoris,Nembrotha,Mollusca,Mollusca
didemnum_lahillei,lepidopleurus_cajetanus,6,1.16,5.18,5.21,0.0012538996145279313,0.005000083176306021,5,6,5,1.0,Didemnum,Lepidopleurus,Animalia,Mollusca
calystegia_soldanella,cyperus_capitatus,14,4.42,3.17,5.2,4.118665874020559e-07,5.096774492538814e-06,7,14,12,0.929,Calystegia,Cyperus,Plantae,Plantae
discocelis_tigrina,steromphala_varia,12,3.49,3.44,5.2,4.953076728854324e-07,6.012795062918161e-06,4,12,5,1.0,Discocelis,Steromphala,Platyhelminthes,Mollusca
hippolyte_varians,trivia_arctica,11,3.33,3.31,5.2,5.720370361993702e-07,6.841166274090341e-06,5,11,6,0.0,Hippolyte,Trivia,Malacostraca,Mollusca
dictyonella_incisa,ircinia_variabilis,10,2.88,3.47,5.2,6.686944480325117e-07,7.864054225310073e-06,7,10,5,1.0,Dictyonella,Ircinia,Porifera,Porifera
dasycladus_vermicularis,phorbas_topsenti,8,2.02,3.96,5.2,9.455006204742274e-07,1.0678451324603002e-05,6,8,5,1.0,Dasycladus,Phorbas,Plantae,Porifera
melanargia_lachesis,pontia_daplidice,8,2.08,3.85,5.2,9.791565427671749e-07,1.1013742467579537e-05,5,8,6,1.0,Melanargia,Pontia,Insecta,Insecta
acanthocardia_tuberculata,aporrhais_pespelecani,7,1.44,4.86,5.2,1.0933933235910981e-06,1.2131684912933533e-05,6,6,7,1.0,Acanthocardia,Aporrhais,Mollusca,Mollusca
frondipora_verrucosa,trinchesia_morrowae,7,1.46,4.79,5.2,1.1330339957966796e-06,1.25172658661067e-05,6,6,5,1.0,Frondipora,Trinchesia,Bryozoa,Mollusca
oscarella_lobularis,oscarella_tuberculata,7,1.5,4.67,5.2,1.1606524376210572e-06,1.2786822551754447e-05,5,7,5,1.0,Oscarella,Oscarella,Porifera,Porifera
phycis_phycis,trachinus_radiatus,7,1.68,4.17,5.2,1.210697797662482e-06,1.3257031563720994e-05,4,7,6,1.0,Phycis,Trachinus,Actinopterygii,Actinopterygii
antalis_vulgaris,cardites_antiquatus,7,1.6,4.37,5.2,1.215045176099667e-06,1.329326348218291e-05,5,7,5,1.0,Antalis,Cardites,Mollusca,Mollusca
clanculus_jussieui,gibbula_fanulum,6,1.78,3.37,5.2,0.00983305771789289,0.026174532251949732,5,6,5,1.0,Clanculus,Gibbula,Mollusca,Mollusca
canthigaster_capistrata,xyrichtys_novacula,8,2.48,3.23,5.19,1.1770618976537456e-06,1.2941614702930149e-05,7,8,7,0.125,Canthigaster,Xyrichtys,Actinopterygii,Actinopterygii
luria_lurida,sicyonia_carinata,7,1.51,4.62,5.19,1.204252725252205e-06,1.3196493004846859e-05,5,7,6,1.0,Luria,Sicyonia,Mollusca,Malacostraca
aplidium_elegans,frondipora_verrucosa,7,1.55,4.53,5.19,1.2139196051685202e-06,1.3283472092879386e-05,3,7,5,1.0,Aplidium,Frondipora,Animalia,Bryozoa
hydrolithon_farinosum,taonia_pseudociliata,5,0.78,6.44,5.19,0.001238931691233569,0.0049509135438923334,5,5,5,1.0,Hydrolithon,Taonia,Plantae,
dictyota_spiralis,perforatus_perforatus,8,1.67,4.78,5.18,9.326794590881334e-07,1.0547600314595986e-05,7,8,8,0.75,Dictyota,Perforatus,,Crustacea
torpedo_marmorata,trachinus_radiatus,8,2.02,3.96,5.18,1.0176239183442363e-06,1.1395251350012577e-05,6,8,5,1.0,Torpedo,Trachinus,Elasmobranchii,Actinopterygii
canthigaster_capistrata,sepia_officinalis,8,2.43,3.29,5.18,1.2331813795041023e-06,1.3473769693132646e-05,7,8,5,0.0,Canthigaster,Sepia,Actinopterygii,Mollusca
calliactis_parasitica,ocenebra_erinaceus,7,1.73,4.05,5.18,1.3520295934941734e-06,1.4608817978700315e-05,6,7,5,0.286,Calliactis,Ocenebra,Cnidaria,Mollusca
bittium_reticulatum,neverita_josephinia,7,1.81,3.86,5.18,1.3997264567876072e-06,1.5043762172568292e-05,7,7,6,1.0,Bittium,Neverita,Mollusca,Mollusca
eunicella_gazella,sertularella_crassicaulis,5,0.8,6.28,5.18,0.0013810572210615213,0.0054113093019240695,4,5,5,1.0,Eunicella,Sertularella,Cnidaria,Cnidaria
chthamalus_stellatus,pseudocaranx_dentex,5,0.97,5.14,5.18,0.0032475380763403727,0.010771892679566863,5,5,5,0.2,Chthamalus,Pseudocaranx,Crustacea,Actinopterygii
chelon_auratus,taonia_atomaria,11,2.84,3.87,5.17,6.149798708677853e-07,7.294156392819143e-06,6,11,8,1.0,Chelon,Taonia,Actinopterygii,
diaphorodoris_papillata,phyllidia_flava,9,2.41,3.74,5.17,8.870867897176796e-07,1.0084253014718667e-05,6,9,6,1.0,Diaphorodoris,Phyllidia,Mollusca,Mollusca
electra_posidoniae,pinna_rudis,7,1.41,4.98,5.17,1.269522136874058e-06,1.3824938865340674e-05,6,7,6,1.0,Electra,Pinna,Bryozoa,Mollusca
bombus_terrestris,coccinella_septempunctata,5,0.75,6.66,5.17,0.001065969139429579,0.004378348143855006,5,5,5,0.6,Bombus,Coccinella,Insecta,Insecta
processa_macrophthalma,sicyonia_carinata,13,4.22,3.08,5.16,5.58397663792961e-07,6.695425110283543e-06,10,13,6,1.0,Processa,Sicyonia,Malacostraca,Malacostraca
caloria_elegans,elysia_viridis,11,3.24,3.4,5.16,6.776782385723485e-07,7.95589970411585e-06,6,11,8,1.0,Caloria,Elysia,Mollusca,Mollusca
antalis_vulgaris,diodora_graeca,9,2.44,3.69,5.16,9.455615626747627e-07,1.0678451324603002e-05,7,9,6,0.889,Antalis,Diodora,Mollusca,Mollusca
dardanus_calidus,periclimenes_scriptus,9,2.6,3.46,5.16,9.85250421573892e-07,1.1074718466874688e-05,8,9,8,1.0,Dardanus,Periclimenes,Malacostraca,Malacostraca
mactra_corallina,polybius_vernalis,8,2.06,3.88,5.16,1.125582812769477e-06,1.2445689832257875e-05,7,8,8,1.0,Mactra,Polybius,Mollusca,Malacostraca
atriplex_halimus,sonchus_tenerrimus,8,2.1,3.81,5.16,1.1758732552029717e-06,1.2931013983620003e-05,8,8,8,1.0,Atriplex,Sonchus,Plantae,Plantae
dalophis_imberbis,scophthalmus_rhombus,7,1.65,4.24,5.16,1.4660240358101642e-06,1.566859940824512e-05,4,4,5,1.0,Dalophis,Scophthalmus,Actinopterygii,Actinopterygii
cochlicella_acuta,zonites_algirus,6,1.26,4.77,5.16,0.001900837489840268,0.007015448015428442,3,6,6,1.0,Cochlicella,Zonites,Mollusca,Mollusca
euphorbia_serrata,salvia_verbenaca,11,3.25,3.39,5.15,7.242880585447673e-07,8.435188182025008e-06,11,11,6,1.0,Euphorbia,Salvia,Plantae,Plantae
diplodus_cadenati,stenorhynchus_lanceolatus,11,3.51,3.13,5.15,7.598817510210043e-07,8.80344099402894e-06,9,10,5,0.0,Diplodus,Stenorhynchus,Actinopterygii,Malacostraca
donacilla_cornea,patella_rustica,5,0.87,5.76,5.15,0.0020054592856586506,0.007325668449014496,5,5,5,1.0,Donacilla,Patella,Mollusca,Mollusca
bittium_latreillii,ebenomitra_ebenus,9,2.64,3.4,5.14,1.0992770046647826e-06,1.2188749571260981e-05,6,9,7,1.0,Bittium,Ebenomitra,Mollusca,Mollusca
ophidiaster_ophidianus,reteporella_grimaldii,8,2.33,3.43,5.14,1.386069949887316e-06,1.4926229436045836e-05,7,5,6,1.0,Ophidiaster,Reteporella,Echinodermata,Bryozoa
parietaria_officinalis,sambucus_nigra,6,1.22,4.91,5.14,0.001643973923123987,0.006234729296493261,6,6,6,1.0,Parietaria,Sambucus,Plantae,Plantae
barnea_candida,ruditapes_decussatus,5,0.91,5.49,5.14,0.0024661971928522375,0.008641779402176267,5,5,5,1.0,Barnea,Ruditapes,Mollusca,Mollusca
diaphorodoris_papillata,placida_cremoniana,7,1.96,3.57,5.14,0.004076550259157541,0.01291387351622502,3,5,5,1.0,Diaphorodoris,Placida,Mollusca,Mollusca
chamelea_gallina,ruditapes_decussatus,6,1.48,4.06,5.14,0.0041280818206944625,0.013044367164169315,6,6,6,1.0,Chamelea,Ruditapes,Mollusca,Mollusca
oscarella_lobularis,schizomavella_mamillata,14,4.3,3.26,5.13,5.755112962757336e-07,6.8777181925466405e-06,8,14,9,1.0,Oscarella,Schizomavella,Porifera,Bryozoa
aplus_dorbignyi,limaria_tuberculata,13,4.34,3.0,5.13,6.602364284326743e-07,7.773314001140297e-06,7,13,5,1.0,Aplus,Limaria,Mollusca,Mollusca
phorbas_topsenti,xantho_poressa,12,3.81,3.15,5.13,7.13498741864802e-07,8.321310898743941e-06,7,12,6,1.0,Phorbas,Xantho,Porifera,Malacostraca
antiopella_cristata,galathea_strigosa,11,3.08,3.57,5.13,7.58632858361958e-07,8.792509035687225e-06,6,11,5,1.0,Antiopella,Galathea,Mollusca,Malacostraca
loripes_orbiculatus,varicorbula_gibba,11,3.28,3.35,5.13,8.130335405138955e-07,9.338456231441956e-06,6,10,5,1.0,Loripes,Varicorbula,Mollusca,Mollusca
berthella_plumula,pruvotfolia_pselliotes,9,2.39,3.76,5.13,1.077794547268204e-06,1.1984001836066612e-05,7,9,7,0.0,Berthella,Pruvotfolia,Mollusca,Mollusca
hemimycale_mediterranea,pinna_rudis,15,4.95,3.03,5.12,5.734074038984984e-07,6.856131453941112e-06,5,15,9,1.0,Hemimycale,Pinna,Porifera,Mollusca
felimare_picta,muraena_augusti,13,4.14,3.14,5.12,6.864058257632023e-07,8.041152811798247e-06,8,13,9,0.0,Felimare,Muraena,Mollusca,Actinopterygii
donax_trunculus,tritia_reticulata,9,2.17,4.14,5.12,1.0599140712992467e-06,1.1809123855895398e-05,7,9,7,1.0,Donax,Tritia,Mollusca,Mollusca
felimare_orsinii,pseudodistoma_crucigaster,6,1.83,3.29,5.12,0.011077813339970377,0.028747013165838567,5,6,6,1.0,Felimare,Pseudodistoma,Mollusca,Animalia
caloria_elegans,dysidea_avara,12,3.91,3.07,5.11,8.085085980303807e-07,9.292968624911899e-06,7,11,9,1.0,Caloria,Dysidea,Mollusca,Porifera
galathea_squamifera,ocenebra_erinaceus,11,2.93,3.75,5.11,8.17071499756381e-07,9.37210652093968e-06,7,11,5,0.818,Galathea,Ocenebra,Malacostraca,Mollusca
modiolus_barbatus,tritia_mutabilis,8,1.95,4.11,5.11,1.3580789002427961e-06,1.4667303048989508e-05,6,8,5,1.0,Modiolus,Tritia,Mollusca,Mollusca
dosinia_exoleta,pecten_jacobaeus,8,2.5,3.2,5.11,1.679763003606437e-06,1.764363758820897e-05,7,8,6,1.0,Dosinia,Pecten,Mollusca,Mollusca
gymnothorax_unicolor,similiparma_lurida,6,1.3,4.61,5.11,0.0022403600263003476,0.00800255601109715,5,5,5,0.0,Gymnothorax,Similiparma,Actinopterygii,Actinopterygii
carduus_pycnocephalus,geranium_rotundifolium,6,1.41,4.25,5.11,0.003339756845522013,0.011020977560984158,6,6,6,0.833,Carduus,Geranium,Plantae,Plantae
bosemprella_incarnata,papillicardium_papillosum,13,4.3,3.02,5.1,7.814754155066485e-07,9.021855272875832e-06,11,13,7,1.0,Bosemprella,Papillicardium,Mollusca,Mollusca
donax_semistriatus,glycymeris_glycymeris,12,3.77,3.19,5.1,8.285986877230255e-07,9.479432295972536e-06,9,11,9,1.0,Donax,Glycymeris,Mollusca,Mollusca
aglaophenia_elongata,bunodeopsis_strumosa,12,3.68,3.26,5.1,8.326693578640136e-07,9.52221964496385e-06,4,9,7,1.0,Aglaophenia,Bunodeopsis,Cnidaria,Cnidaria
asparagus_acutifolius,erica_arborea,11,3.27,3.36,5.1,9.298330212710314e-07,1.051954074266011e-05,10,11,9,1.0,Asparagus,Erica,Plantae,Plantae
ciona_edwardsi,clathrina_clathrus,7,1.45,4.84,5.1,1.7252529651630583e-06,1.806708868272384e-05,4,7,5,1.0,Ciona,Clathrina,Animalia,Porifera
irus_irus,ruditapes_decussatus,7,1.63,4.28,5.1,1.8604757030837153e-06,1.9305912709246654e-05,4,6,5,1.0,Irus,Ruditapes,Mollusca,Mollusca
felimare_orsinii,gobius_geniporus,5,1.35,3.7,5.1,0.012455421486384122,0.03151718452199517,5,5,5,1.0,Felimare,Gobius,Mollusca,Actinopterygii
phallusia_fumigata,phorbas_fictitius,14,4.44,3.16,5.09,6.982242784833201e-07,8.163831297918645e-06,10,14,11,0.857,Phallusia,Phorbas,Animalia,Porifera
bituminaria_bituminosa,sonchus_tenerrimus,12,3.62,3.32,5.09,8.344963586211243e-07,9.542165607800298e-06,11,11,8,1.0,Bituminaria,Sonchus,Plantae,Plantae
bulla_striata,rissoina_bruguieri,12,3.89,3.08,5.09,8.888110345890043e-07,1.0099892331126514e-05,9,12,6,1.0,Bulla,Rissoina,Mollusca,Mollusca
paguristes_eremita,tritia_mutabilis,12,3.97,3.02,5.09,9.249927234488009e-07,1.0468892986756623e-05,5,10,6,1.0,Paguristes,Tritia,Malacostraca,Mollusca
chelidonichthys_obscurus,pachycerianthus_solitarius,11,3.17,3.47,5.09,9.331354221170183e-07,1.0550685363585138e-05,4,8,7,1.0,Chelidonichthys,Pachycerianthus,Actinopterygii,Cnidaria
bispira_volutacornis,serranus_cabrilla,11,3.61,3.04,5.09,1.0502065613737335e-06,1.1720236045384054e-05,6,11,6,0.818,Bispira,Serranus,Annelida,Actinopterygii
pseudobiceros_splendidus,rudmania_krohni,10,2.71,3.69,5.09,1.0804794137957115e-06,1.2009060797248729e-05,7,10,6,1.0,Pseudobiceros,Rudmania,Platyhelminthes,Mollusca
bituminaria_bituminosa,parietaria_judaica,6,1.18,5.1,5.09,0.001364275360802747,0.00535812834234206,6,6,5,1.0,Bituminaria,Parietaria,Plantae,Plantae
prostheceraeus_moseleyi,tenellia_genovae,6,1.43,4.19,5.09,0.0035764986753324957,0.011643455319552513,6,6,5,1.0,Prostheceraeus,Tenellia,Platyhelminthes,Mollusca
symphodus_cinereus,symphodus_melops,15,4.88,3.07,5.08,7.016412855027536e-07,8.19673183146345e-06,10,13,10,0.667,Symphodus,Symphodus,Actinopterygii,Actinopterygii
patella_rustica,pisania_striata,9,2.48,3.62,5.08,1.3950257269292262e-06,1.5003038073670143e-05,9,9,8,1.0,Patella,Pisania,Mollusca,Mollusca
pagurus_cuanensis,spicara_smaris,8,1.78,4.48,5.08,1.5136018458338525e-06,1.61232535411413e-05,7,8,6,1.0,Pagurus,Spicara,Malacostraca,Actinopterygii
salvia_verbenaca,ulex_parviflorus,5,0.79,6.34,5.08,0.0013222343087319066,0.0052223903354069725,4,5,5,1.0,Salvia,Ulex,Plantae,Plantae
astropecten_irregularis,diogenes_pugilator,13,4.18,3.11,5.07,8.829889178115577e-07,1.0040850388664762e-05,8,11,5,1.0,Astropecten,Diogenes,Echinodermata,Malacostraca
cronius_ruber,diplodus_cadenati,12,3.96,3.03,5.07,1.000288718520388e-06,1.1224044173412173e-05,9,12,10,0.0,Cronius,Diplodus,Malacostraca,Actinopterygii
ensis_minor,laevicardium_crassum,11,3.4,3.24,5.07,1.0783241280073308e-06,1.1988733144465987e-05,10,11,8,0.909,Ensis,Laevicardium,Mollusca,Mollusca
limaria_tuberculata,moerella_pulchella,11,3.58,3.08,5.07,1.1069299964677484e-06,1.2258268125835865e-05,9,11,7,1.0,Limaria,Moerella,Mollusca,Mollusca
ascidia_mentula,muricopsis_cristata,9,2.17,4.14,5.07,1.2972080386610205e-06,1.4087587279866855e-05,7,8,6,1.0,Ascidia,Muricopsis,Animalia,Mollusca
marthasterias_glacialis,ophidiaster_ophidianus,9,2.39,3.77,5.07,1.393839036537508e-06,1.4994474961739386e-05,7,9,5,1.0,Marthasterias,Ophidiaster,Echinodermata,Echinodermata
ariosoma_balearicum,mesochaetopterus_rogeri,6,1.1,5.45,5.07,0.0009758090278590981,0.00407071778134965,6,6,5,1.0,Ariosoma,Mesochaetopterus,Actinopterygii,Annelida
phlomis_purpurea,quercus_suber,5,0.87,5.77,5.07,0.001997120090299509,0.0073014573603777935,5,5,5,0.2,Phlomis,Quercus,Plantae,Plantae
calyx_nicaeensis,holothuria_sanctori,5,1.34,3.72,5.07,0.012118602945173085,0.030839662772160815,4,5,5,0.8,Calyx,Holothuria,Porifera,Echinodermata
chromis_limbata,muraena_augusti,10,3.03,3.3,5.06,1.3340741600007502e-06,1.4428340173556742e-05,9,10,8,0.0,Chromis,Muraena,Actinopterygii,Actinopterygii
hippolyte_inermis,syngnathus_typhle,9,2.86,3.15,5.06,1.6975614509859684e-06,1.7814344088120558e-05,6,8,6,0.333,Hippolyte,Syngnathus,Malacostraca,Actinopterygii
nerocila_bivittata,serpula_vermicularis,15,4.96,3.02,5.05,7.876262048254094e-07,9.0828517818525e-06,10,15,9,1.0,Nerocila,Serpula,Malacostraca,Annelida
gobius_xanthocephalus,hexadella_pruvoti,14,4.67,3.0,5.05,8.964053359558025e-07,1.0176338226591671e-05,4,14,5,1.0,Gobius,Hexadella,Actinopterygii,Porifera
boops_boops,pinnoctopus_macropus,10,3.08,3.25,5.05,1.4290567778268389e-06,1.5324681842386965e-05,5,9,7,1.0,Boops,Pinnoctopus,Actinopterygii,Mollusca
pagellus_acarne,solea_senegalensis,9,2.67,3.38,5.05,1.6317756244628413e-06,1.7207544045001127e-05,4,8,5,1.0,Pagellus,Solea,Actinopterygii,Actinopterygii
chelon_labrosus,hydrolithon_farinosum,8,1.97,4.07,5.05,1.7940592738627603e-06,1.8682346975150087e-05,5,8,5,1.0,Chelon,Hydrolithon,Actinopterygii,Plantae
limaria_tuberculata,lutraria_magna,8,2.04,3.93,5.05,1.8640013574307599e-06,1.933727261426864e-05,8,8,6,0.75,Limaria,Lutraria,Mollusca,Mollusca
flexopecten_flexuosus,glycymeris_nummaria,8,2.22,3.61,5.05,1.9451932036383232e-06,2.007831178496097e-05,8,8,8,1.0,Flexopecten,Glycymeris,Mollusca,Mollusca
laevicardium_crassum,pitar_rudis,8,2.25,3.55,5.05,2.0032455211703883e-06,2.0603381318185292e-05,8,8,8,0.875,Laevicardium,Pitar,Mollusca,Mollusca
condylactis_aurantiaca,dromia_personata,6,1.09,5.5,5.05,0.0009291349903453039,0.003913284372015515,5,6,6,1.0,Condylactis,Dromia,Cnidaria,Malacostraca
hemibdella_soleae,sicyonia_carinata,5,0.85,5.87,5.05,0.0018449051832107877,0.006846426257138757,3,5,5,1.0,Hemibdella,Sicyonia,Annelida,Malacostraca
donacilla_cornea,ocenebra_edwardsii,5,1.07,4.68,5.05,0.004799048478866363,0.014720421240729552,4,5,5,1.0,Donacilla,Ocenebra,Mollusca,Mollusca
aplysia_dactylomela,similiparma_lurida,11,3.34,3.3,5.04,1.2541697573008503e-06,1.3677146224923056e-05,9,10,5,0.0,Aplysia,Similiparma,Mollusca,Actinopterygii
paguristes_eremita,schizobrachiella_sanguinea,11,3.5,3.14,5.04,1.306141942000487e-06,1.4159478336898853e-05,6,10,5,1.0,Paguristes,Schizobrachiella,Malacostraca,Bryozoa
donax_venustus,smaragdia_viridis,8,2.07,3.87,5.04,1.9802259402533948e-06,2.039788530230258e-05,8,8,6,0.625,Donax,Smaragdia,Mollusca,Mollusca
hedera_helix,silybum_marianum,7,1.54,4.55,5.04,2.3115522490831985e-06,2.3371533014604476e-05,7,6,7,1.0,Hedera,Silybum,Plantae,Plantae
glycymeris_glycymeris,spondylus_gaederopus,7,1.54,4.56,5.04,2.3591398949328857e-06,2.378838971167161e-05,7,7,5,1.0,Glycymeris,Spondylus,Mollusca,Mollusca
diodora_graeca,timoclea_ovata,7,1.56,4.49,5.04,2.3931308425161847e-06,2.4097390576106508e-05,6,7,5,1.0,Diodora,Timoclea,Mollusca,Mollusca
mnemiopsis_leidyi,salaria_pavo,7,1.76,3.98,5.04,2.5304301869881e-06,2.5298592316391312e-05,6,7,5,1.0,Mnemiopsis,Salaria,Ctenophora,Actinopterygii
amphipholis_squamata,janua_heterostropha,7,1.74,4.02,5.04,2.559989118099601e-06,2.555862608211686e-05,5,7,7,0.429,Amphipholis,Janua,Echinodermata,Annelida
hermodice_carunculata,pachycerianthus_dohrni,6,1.14,5.25,5.04,0.001169143007591189,0.004722814651514266,6,6,5,0.333,Hermodice,Pachycerianthus,Annelida,Cnidaria
anemonia_sargassensis,valonia_utricularis,6,1.15,5.21,5.04,0.001225853758557549,0.0049093874099448076,6,6,5,0.0,Anemonia,Valonia,Cnidaria,Plantae
astropecten_platyacanthus,pagrus_pagrus,12,3.71,3.24,5.03,1.156681241358745e-06,1.2750388070949466e-05,7,11,6,1.0,Astropecten,Pagrus,Echinodermata,Actinopterygii
dosinia_exoleta,dosinia_lupinus,12,3.97,3.02,5.03,1.1930984173303436e-06,1.3089201987441663e-05,8,12,6,1.0,Dosinia,Dosinia,Mollusca,Mollusca
limaria_tuberculata,parvicardium_exiguum,11,3.56,3.09,5.03,1.3704570074203215e-06,1.4778819534105654e-05,6,10,6,1.0,Limaria,Parvicardium,Mollusca,Mollusca
galathea_bolivari,gnathophyllum_elegans,9,2.48,3.62,5.03,1.7038828226944652e-06,1.787254090009043e-05,6,9,6,1.0,Galathea,Gnathophyllum,Malacostraca,Malacostraca
hermodice_carunculata,scorpaena_maderensis,11,3.6,3.05,5.02,1.4110325302709446e-06,1.5149728948493374e-05,9,10,9,0.455,Hermodice,Scorpaena,Annelida,Actinopterygii
aglaophenia_pluma,elysia_viridis,10,2.96,3.38,5.02,1.5835958349674002e-06,1.677115044783824e-05,7,10,5,0.9,Aglaophenia,Elysia,Cnidaria,Mollusca
pagellus_erythrinus,periclimenes_scriptus,10,2.99,3.34,5.02,1.597135484004165e-06,1.6891250922538862e-05,4,10,5,1.0,Pagellus,Periclimenes,Actinopterygii,Malacostraca
clathrina_rubra,holothuria_forskali,9,2.34,3.85,5.02,1.7306492644567498e-06,1.8113747757214557e-05,5,7,5,1.0,Clathrina,Holothuria,Porifera,Echinodermata
cystodytes_dellechiajei,lissoclinum_weigelei,8,2.06,3.89,5.02,2.135706722407902e-06,2.1800634170501504e-05,5,8,6,1.0,Cystodytes,Lissoclinum,Animalia,Animalia
caulerpa_cylindracea,phallusia_mammillata,8,2.19,3.65,5.02,2.2654279133052663e-06,2.2980219892966442e-05,6,7,6,1.0,Caulerpa,Phallusia,Plantae,Animalia
eunicella_verrucosa,loligo_vulgaris,6,1.13,5.3,5.02,0.0011218860356073668,0.004564890998697103,5,6,5,0.5,Eunicella,Loligo,Cnidaria,Mollusca
plantago_lanceolata,sherardia_arvensis,5,0.83,6.02,5.02,0.0016612351973144257,0.006288185959303799,5,5,5,0.2,Plantago,Sherardia,Plantae,Plantae
ctena_decussata,ebenomitra_ebenus,6,1.65,3.64,5.02,0.006921407835408067,0.019755069451486532,6,6,6,1.0,Ctena,Ebenomitra,Mollusca,Mollusca
loligo_vulgaris,pagurus_cuanensis,9,2.19,4.1,5.01,1.7497842500018186e-06,1.8282945376895252e-05,7,9,7,1.0,Loligo,Pagurus,Mollusca,Malacostraca
bittium_reticulatum,venerupis_corrugata,9,2.75,3.27,5.01,2.067668320403643e-06,2.1196268124557863e-05,8,9,7,0.111,Bittium,Venerupis,Mollusca,Mollusca
calliostoma_laugieri,smaragdia_viridis,8,2.43,3.29,5.01,2.5764144268762984e-06,2.5689219978696304e-05,6,8,7,1.0,Calliostoma,Smaragdia,Mollusca,Mollusca
solecurtus_strigilatus,tritia_mutabilis,12,3.64,3.3,5.0,1.3058691381656573e-06,1.4157853208473215e-05,8,12,8,1.0,Solecurtus,Tritia,Mollusca,Mollusca
berghia_coerulescens,marionia_blainvillea,12,3.71,3.23,5.0,1.3109996988591705e-06,1.4205843981899532e-05,7,12,9,1.0,Berghia,Marionia,Mollusca,Mollusca
acanthocardia_tuberculata,bolinus_brandaris,11,3.46,3.18,5.0,1.4998406878945876e-06,1.5991452717094688e-05,11,10,11,1.0,Acanthocardia,Bolinus,Mollusca,Mollusca
dentex_dentex,mycteroperca_rubra,10,2.89,3.46,5.0,1.7105685199689153e-06,1.793613686852634e-05,6,9,7,1.0,Dentex,Mycteroperca,Actinopterygii,Actinopterygii
muraena_helena,palaemon_elegans,10,3.06,3.27,5.0,1.7442906815236715e-06,1.8237404282395845e-05,6,9,9,1.0,Muraena,Palaemon,Actinopterygii,Malacostraca
clavelina_lepadiformis,felimare_orsinii,10,3.04,3.29,5.0,1.7581308226029714e-06,1.835788555252348e-05,8,10,7,1.0,Clavelina,Felimare,Animalia,Mollusca
dictyota_cyanoloma,thuridilla_hopei,9,2.47,3.64,5.0,1.9086387772673623e-06,1.9742912956439124e-05,5,9,6,0.889,Dictyota,Thuridilla,,Mollusca
hexadella_racovitzai,leptopsammia_pruvoti,8,2.59,3.09,5.0,2.8241507179750288e-06,2.7858270163611334e-05,5,8,5,1.0,Hexadella,Leptopsammia,Porifera,Cnidaria
callista_chione,echinolittorina_punctata,7,1.83,3.82,5.0,3.1879428560459245e-06,3.092487106668194e-05,6,7,7,1.0,Callista,Echinolittorina,Mollusca,Mollusca
lepas_anatifera,planes_minutus,5,0.9,5.56,5.0,0.0023441225662775844,0.008296027774804706,5,5,5,0.6,Lepas,Planes,Crustacea,Malacostraca
cliona_viridis,polysyncraton_lacazei,10,2.93,3.42,4.99,1.7263142181686487e-06,1.8076559097427834e-05,7,10,10,1.0,Cliona,Polysyncraton,Porifera,Animalia
hypericum_perforatum,rumex_crispus,9,2.44,3.68,4.99,1.9951061247074025e-06,2.0534638255230196e-05,9,8,9,0.333,Hypericum,Rumex,Plantae,Plantae
doto_floridicola,prostheceraeus_moseleyi,9,2.49,3.62,4.99,2.085984109443303e-06,2.1366738655493425e-05,5,9,6,1.0,Doto,Prostheceraeus,Mollusca,Platyhelminthes
aulostomus_strigosus,diplodus_cadenati,9,2.65,3.39,4.99,2.102448961021061e-06,2.150497470527127e-05,7,8,5,0.0,Aulostomus,Diplodus,Actinopterygii,Actinopterygii
acteon_tornatilis,solecurtus_strigilatus,7,1.63,4.29,4.99,3.002736414663179e-06,2.9365640570021808e-05,5,7,5,1.0,Acteon,Solecurtus,Mollusca,Mollusca
alpheus_dentipes,xantho_poressa,5,0.8,6.24,4.99,0.0014206398887773863,0.005538337035860378,5,5,5,0.8,Alpheus,Xantho,Malacostraca,Malacostraca
ligia_italica,phorcus_turbinatus,6,1.24,4.85,4.99,0.0017423761931588677,0.006536690991164328,6,6,6,1.0,Ligia,Phorcus,Malacostraca,Mollusca
calmella_cavolini,scopalina_lophyropoda,12,3.8,3.16,4.98,1.4507242674868042e-06,1.5518035144990694e-05,5,12,5,1.0,Calmella,Scopalina,Mollusca,Porifera
atherina_hepsetus,harmothoe_areolata,12,3.81,3.15,4.98,1.4901060825854806e-06,1.589501677205349e-05,9,12,5,1.0,Atherina,Harmothoe,Actinopterygii,Annelida
gibbula_magus,naticarius_hebraeus,9,2.66,3.38,4.98,2.28122103917044e-06,2.3105836873271616e-05,4,9,5,1.0,Gibbula,Naticarius,Mollusca,Mollusca
bolma_rugosa,notocochlis_dillwynii,7,1.54,4.54,4.98,2.997840686108486e-06,2.932025115904933e-05,6,7,6,1.0,Bolma,Notocochlis,Mollusca,Mollusca
barnea_candida,calyptraea_chinensis,7,1.9,3.69,4.98,3.4569388905951323e-06,3.326260652736337e-05,7,7,5,0.857,Barnea,Calyptraea,Mollusca,Mollusca
cistus_salviifolius,rhamnus_alaternus,9,2.39,3.76,4.97,2.202473736472767e-06,2.2418606143895447e-05,8,9,8,0.889,Cistus,Rhamnus,Plantae,Plantae
mytilus_galloprovincialis,patella_ulyssiponensis,9,2.82,3.19,4.97,2.483966197050722e-06,2.4896529279786313e-05,8,9,7,1.0,Mytilus,Patella,Mollusca,Mollusca
dasyatis_pastinaca,raja_brachyura,7,1.68,4.17,4.97,3.3794397095221866e-06,3.259586171264183e-05,4,6,5,1.0,Dasyatis,Raja,Elasmobranchii,Elasmobranchii
donax_semistriatus,echinocyamus_pusillus,8,2.08,3.84,4.96,2.8525453406322503e-06,2.8089976358850995e-05,5,8,5,1.0,Donax,Echinocyamus,Mollusca,Echinodermata
apogon_imberbis,sertularella_crassicaulis,7,2.14,3.27,4.96,0.00648902055617484,0.01875561052118938,5,7,5,1.0,Apogon,Sertularella,Actinopterygii,Cnidaria
aplidium_elegans,limacia_clavigera,5,1.36,3.68,4.96,0.012732460794238287,0.03206887654874131,5,5,5,0.2,Aplidium,Limacia,Animalia,Mollusca
dictyopteris_polypodioides,lithophyllum_incrustans,12,3.75,3.2,4.95,1.653737994013273e-06,1.740042303975752e-05,8,12,7,0.833,Dictyopteris,Lithophyllum,,Plantae
mullus_barbatus,pagurus_cuanensis,12,3.93,3.05,4.95,1.722654098064955e-06,1.8043153260612334e-05,10,11,8,1.0,Mullus,Pagurus,Actinopterygii,Malacostraca
columbella_rustica,tridentata_perpusilla,10,2.96,3.38,4.95,2.0941750596141358e-06,2.143176188751771e-05,8,10,5,1.0,Columbella,Tridentata,Mollusca,Cnidaria
lepas_anatifera,sepia_officinalis,10,3.21,3.11,4.95,2.2208261014476752e-06,2.25874503567739e-05,6,9,8,0.9,Lepas,Sepia,Crustacea,Mollusca
pomadasys_incisus,similiparma_lurida,9,2.4,3.75,4.95,2.3443093371048424e-06,2.365540972863504e-05,7,8,6,0.0,Pomadasys,Similiparma,Actinopterygii,Actinopterygii
asterina_gibbosa,harmothoe_areolata,9,2.67,3.37,4.95,2.620241124596244e-06,2.607655999637057e-05,7,8,6,1.0,Asterina,Harmothoe,Echinodermata,Annelida
ctena_decussata,mactra_corallina,6,1.18,5.11,4.95,0.0013507449359825285,0.00531350200112447,6,6,5,1.0,Ctena,Mactra,Mollusca,Mollusca
filograna_implexa,phallusia_fumigata,11,3.13,3.52,4.94,1.8391605507096204e-06,1.9110548577969795e-05,7,11,6,1.0,Filograna,Phallusia,Annelida,Animalia
alcyonium_acaule,oscarella_lobularis,12,3.99,3.01,4.94,1.8482799458606544e-06,1.9193189371095262e-05,7,12,5,1.0,Alcyonium,Oscarella,Cnidaria,Porifera
diplosoma_spongiforme,sicyonia_carinata,9,2.38,3.79,4.94,2.4866965135562713e-06,2.4917577206900642e-05,7,9,6,1.0,Diplosoma,Sicyonia,Animalia,Malacostraca
ebenomitra_tricolor,ocenebra_edwardsii,7,1.95,3.6,4.94,4.187755991189428e-06,3.9475418817672286e-05,5,6,5,1.0,Ebenomitra,Ocenebra,Mollusca,Mollusca
oblada_melanurus,pomatomus_saltatrix,5,0.94,5.34,4.94,0.002774322231247517,0.009490824870193577,5,5,5,0.8,Oblada,Pomatomus,Actinopterygii,Actinopterygii
gobius_xanthocephalus,suberites_domuncula,5,1.34,3.72,4.94,0.012127352100078426,0.030859124509067196,3,5,5,1.0,Gobius,Suberites,Actinopterygii,Porifera
microcosmus_squamiger,styela_plicata,12,3.97,3.03,4.93,1.8596361522124213e-06,1.9298939129761262e-05,6,12,5,0.917,Microcosmus,Styela,Animalia,Animalia
coscinasterias_tenuispina,mesochaetopterus_rogeri,11,2.97,3.71,4.93,1.8618017858285565e-06,1.9316193527971273e-05,6,11,7,1.0,Coscinasterias,Mesochaetopterus,Echinodermata,Annelida
quercus_ilex,salvia_rosmarinus,9,2.44,3.69,4.93,2.6309387194715314e-06,2.6164459584470014e-05,6,7,7,1.0,Quercus,Salvia,Plantae,Plantae
berthella_ocellata,pagurus_cuanensis,9,2.51,3.58,4.93,2.7066338791865897e-06,2.6843582077979675e-05,5,8,5,1.0,Berthella,Pagurus,Mollusca,Malacostraca
ruditapes_decussatus,solen_marginatus,6,1.27,4.73,4.93,0.0019759442700404417,0.007238280507670802,6,6,6,0.833,Ruditapes,Solen,Mollusca,Mollusca
diodora_graeca,pholas_dactylus,5,1.3,3.85,4.93,0.010667538924234776,0.027902875072080745,5,5,5,0.4,Diodora,Pholas,Mollusca,Mollusca
erodium_malacoides,galactites_tomentosus,11,3.52,3.12,4.92,2.2249653192100934e-06,2.2619564475315883e-05,8,9,9,0.636,Erodium,Galactites,Plantae,Plantae
bispira_volutacornis,conger_conger,10,2.97,3.37,4.92,2.3924844397269194e-06,2.4092987534466784e-05,7,10,7,0.9,Bispira,Conger,Annelida,Actinopterygii
rhyssoplax_olivacea,scopalina_lophyropoda,10,3.0,3.33,4.92,2.4832137564238334e-06,2.4891338866705932e-05,5,10,6,1.0,Rhyssoplax,Scopalina,Mollusca,Porifera
aplidium_punctum,trivia_monacha,8,1.89,4.24,4.92,3.0767585337402e-06,2.9987953912095174e-05,6,8,6,0.0,Aplidium,Trivia,Animalia,Mollusca
haliclona_fulva,pycnoclavella_communis,8,1.87,4.28,4.92,3.1666763803672785e-06,3.075482934781925e-05,7,8,5,0.875,Haliclona,Pycnoclavella,Porifera,Animalia
galathea_strigosa,marionia_blainvillea,7,1.54,4.54,4.92,3.865489788880988e-06,3.678201748065131e-05,5,6,6,1.0,Galathea,Marionia,Malacostraca,Mollusca
berthella_plumula,callochiton_septemvalvis,11,3.19,3.45,4.91,2.182885086774615e-06,2.2232635193898625e-05,7,11,10,0.0,Berthella,Callochiton,Mollusca,Mollusca
donax_semistriatus,talochlamys_multistriata,11,3.23,3.41,4.91,2.216135696763232e-06,2.254513387992671e-05,8,10,5,1.0,Donax,Talochlamys,Mollusca,Mollusca
naticarius_hebraeus,striarca_lactea,10,2.94,3.4,4.91,2.512403577552739e-06,2.513606016212804e-05,6,10,5,1.0,Naticarius,Striacta,Mollusca,Mollusca
gari_depressa,irus_irus,10,3.08,3.25,4.91,2.6438752970975336e-06,2.627544942432922e-05,7,10,5,0.9,Gari,Irus,Mollusca,Mollusca
holothuria_sanctori,scartella_cristata,6,1.07,5.62,4.91,5.078131068871463e-06,4.67381170934144e-05,6,6,6,0.833,Holothuria,Scartella,Echinodermata,Actinopterygii
chloromyia_formosa,oedemera_atrata,6,1.35,4.43,4.91,0.0027152521725840595,0.009328537248026266,4,6,5,1.0,Chloromyia,Oedemera,Insecta,Insecta
sparisoma_cretense,trachinotus_ovatus,6,1.43,4.19,4.91,0.003554847708970521,0.011590328733351444,6,6,6,0.5,Sparisoma,Trachinotus,Actinopterygii,Actinopterygii
harmothoe_areolata,limaria_tuberculata,11,3.29,3.34,4.9,2.3271581526364645e-06,2.3511174937852428e-05,9,11,6,1.0,Harmothoe,Limaria,Annelida,Mollusca
chromis_limbata,mycteroperca_fusca,9,2.5,3.6,4.9,3.062395608829489e-06,2.9870478682549528e-05,8,8,7,0.0,Chromis,Mycteroperca,Actinopterygii,Actinopterygii
felimida_binza,galathea_squamifera,8,2.1,3.8,4.9,3.7140834434738306e-06,3.5496703917534356e-05,6,7,5,1.0,Felimida,Galathea,Mollusca,Malacostraca
pagurus_cuanensis,pseudaphya_ferreri,7,1.61,4.34,4.9,4.329438437655336e-06,4.064281500746784e-05,3,6,5,1.0,Pagurus,Pseudaphya,Malacostraca,Actinopterygii
steromphala_rarilineata,tritia_reticulata,7,1.67,4.2,4.9,4.448793564650899e-06,4.159380082957654e-05,6,7,5,1.0,Steromphala,Tritia,Mollusca,Mollusca
clanculus_corallinus,tricolia_speciosa,7,1.71,4.1,4.9,4.5674168602035635e-06,4.2561246619986356e-05,7,7,6,1.0,Clanculus,Tricolia,Mollusca,Mollusca
antiopella_cristata,prostheceraeus_vittatus,5,0.89,5.63,4.9,0.002216329174008269,0.007935170654891651,4,4,5,1.0,Antiopella,Prostheceraeus,Mollusca,Platyhelminthes
cardita_calyculata,pseudochama_gryphina,5,1.27,3.94,4.9,0.009686304364107001,0.025866368604403767,5,5,5,1.0,Cardita,Pseudochama,Mollusca,Mollusca
harmothoe_areolata,limaria_hians,11,3.56,3.09,4.89,2.5905266557907906e-06,2.582322686282965e-05,8,11,5,1.0,Harmothoe,Limaria,Annelida,Mollusca
elysia_timida,felimare_fontandraui,8,2.04,3.92,4.89,3.7365273511138827e-06,3.568752254665261e-05,7,7,6,1.0,Elysia,Felimare,Mollusca,Mollusca
glycymeris_nummaria,modiolus_barbatus,7,1.63,4.31,4.89,4.534648747360827e-06,4.2303803894319925e-05,7,7,7,1.0,Glycymeris,Modiolus,Mollusca,Mollusca
dactylopterus_volitans,solea_senegalensis,7,1.75,4.01,4.89,4.775051515256093e-06,4.423844268303682e-05,6,6,5,1.0,Dactylopterus,Solea,Actinopterygii,Actinopterygii
ocenebra_erinaceus,scyliorhinus_canicula,5,0.92,5.44,4.89,0.002571242151525266,0.008927857404512395,3,4,5,1.0,Ocenebra,Scyliorhinus,Mollusca,Elasmobranchii
daphne_gnidium,lonicera_implexa,5,0.98,5.11,4.89,0.003333159537550312,0.011002043188469032,5,5,5,0.8,Daphne,Lonicera,Plantae,Plantae
chamelea_gallina,styela_plicata,6,1.48,4.04,4.89,0.004236311076610377,0.013319868484438372,6,6,6,1.0,Chamelea,Styela,Mollusca,Animalia
ctena_decussata,truncatella_subcylindrica,6,1.63,3.68,4.89,0.0065695051633940516,0.018942615829294896,5,6,5,1.0,Ctena,Truncatella,Mollusca,Mollusca
acanthocardia_tuberculata,talochlamys_multistriata,11,3.09,3.56,4.88,2.4566732792399092e-06,2.466142681032059e-05,8,11,8,1.0,Acanthocardia,Talochlamys,Mollusca,Mollusca
limaria_hians,pseudoceros_maximus,10,2.89,3.46,4.88,2.8241791712164228e-06,2.7858270163611334e-05,8,10,5,1.0,Limaria,Pseudoceros,Mollusca,Platyhelminthes
arundo_donax,pinus_pinea,7,1.56,4.48,4.88,4.7821870223385695e-06,4.42938634604834e-05,6,6,6,1.0,Arundo,Pinus,Plantae,Plantae
aporrhais_pespelecani,tritia_mutabilis,8,2.64,3.03,4.88,4.829035260127667e-06,4.4695654015114646e-05,7,8,7,1.0,Aporrhais,Tritia,Mollusca,Mollusca
felimare_fontandraui,felimida_luteorosea,7,2.08,3.37,4.88,5.733919489768833e-06,5.196841010930129e-05,6,7,7,1.0,Felimare,Felimida,Mollusca,Mollusca
percnon_gibbesi,similiparma_lurida,11,3.38,3.26,4.87,2.6394760330558424e-06,2.6236255126157485e-05,10,11,9,0.0,Percnon,Similiparma,Malacostraca,Actinopterygii
didemnum_coccineum,polysyncraton_lacazei,11,3.66,3.0,4.87,2.794349434876949e-06,2.76018376314468e-05,8,11,9,1.0,Didemnum,Polysyncraton,Animalia,Animalia
moerella_pulchella,patella_ulyssiponensis,9,2.76,3.26,4.87,3.7267507870571107e-06,3.560595435993758e-05,9,9,7,1.0,Moerella,Patella,Mollusca,Mollusca
candiella_odhneri,tenellia_ocellata,8,2.65,3.02,4.87,4.9746425144021954e-06,4.5895628752237565e-05,7,8,6,1.0,Candiella,Tenellia,Mollusca,Mollusca
atherina_presbyter,labrus_bergylta,5,1.29,3.86,4.87,0.01049852262021278,0.027547778329056104,5,5,5,0.0,Atherina,Labrus,Actinopterygii,Actinopterygii
pisidia_longicornis,xantho_hydrophilus,10,2.77,3.6,4.86,3.023381595593247e-06,2.9532444746373106e-05,9,9,10,0.2,Pisidia,Xantho,Malacostraca,Malacostraca
condylactis_aurantiaca,trachinus_draco,10,3.22,3.11,4.85,3.5300542320150436e-06,3.389817185505219e-05,9,10,9,0.9,Condylactis,Trachinus,Cnidaria,Actinopterygii
pagurus_prideaux,sicyonia_carinata,9,2.63,3.42,4.85,3.888249813782405e-06,3.6971106928605824e-05,5,9,6,1.0,Pagurus,Sicyonia,Malacostraca,Malacostraca
coris_julis,ophidiaster_ophidianus,9,2.75,3.27,4.85,4.0249589478467245e-06,3.8121124228851825e-05,8,8,7,1.0,Coris,Ophidiaster,Actinopterygii,Echinodermata
cochlicella_acuta,lagurus_ovatus,5,0.95,5.28,4.85,0.002910579444511563,0.009865262123790347,5,5,5,1.0,Cochlicella,Lagurus,Mollusca,Plantae
hermodice_carunculata,trachinotus_ovatus,6,1.63,3.68,4.85,0.006605228825102394,0.01902467077271604,6,6,5,0.667,Hermodice,Trachinotus,Annelida,Actinopterygii
didemnum_coccineum,dysidea_avara,6,1.76,3.4,4.85,0.009482733264309706,0.02542940396086355,5,6,6,1.0,Didemnum,Dysidea,Animalia,Porifera
cardita_calyculata,peronaea_planata,5,1.28,3.92,4.85,0.009917600648459146,0.026358770477208682,5,5,5,1.0,Cardita,Peronaea,Mollusca,Mollusca
hydrolithon_farinosum,phallusia_fumigata,12,3.59,3.34,4.84,2.6144113493629e-06,2.6027535870377077e-05,12,11,5,1.0,Hydrolithon,Phallusia,Plantae,Animalia
parazoanthus_brevitentacularis,phallusia_fumigata,9,2.69,3.34,4.84,4.104446626910568e-06,3.877079937738644e-05,9,9,7,1.0,Parazoanthus,Phallusia,Cnidaria,Animalia
diaphorodoris_alba,lophius_piscatorius,5,1.29,3.88,4.84,0.01028479981900643,0.02711228410766307,4,4,5,1.0,Diaphorodoris,Lophius,Mollusca,Actinopterygii
steromphala_varia,tritia_nitida,9,2.77,3.25,4.83,4.478380853228205e-06,4.182629816094869e-05,8,8,9,1.0,Steromphala,Tritia,Mollusca,Mollusca
ophidion_rochei,pachycerianthus_solitarius,5,0.9,5.57,4.83,0.0023147719440299586,0.008215372367222038,4,4,5,1.0,Ophidion,Pachycerianthus,Actinopterygii,Cnidaria
laevicardium_crassum,limaria_tuberculata,10,3.01,3.32,4.82,3.87963007546437e-06,3.690437645229934e-05,8,10,7,0.8,Laevicardium,Limaria,Mollusca,Mollusca
calliostoma_zizyphinum,ophioderma_longicaudum,9,2.51,3.58,4.82,4.385850073139627e-06,4.1102047655249125e-05,8,8,6,0.778,Calliostoma,Ophioderma,Mollusca,Echinodermata
caloria_quatrefagesi,felimare_bilineata,8,2.58,3.1,4.82,6.031899072275323e-06,5.430594722744656e-05,5,7,5,1.0,Caloria,Felimare,Mollusca,Mollusca
pagurus_anachoretus,pomadasys_incisus,11,3.23,3.41,4.81,3.3721499771990318e-06,3.253312115058409e-05,8,11,8,0.545,Pagurus,Pomadasys,Malacostraca,Actinopterygii
conus_ventricosus,donax_semistriatus,8,2.4,3.34,4.81,5.855177622570396e-06,5.2925844082432326e-05,7,8,6,1.0,Conus,Donax,Mollusca,Mollusca
limaria_tuberculata,ocenebra_edwardsii,7,1.62,4.31,4.81,6.417422823602809e-06,5.7319954951956735e-05,5,7,5,1.0,Limaria,Ocenebra,Mollusca,Mollusca
alpheus_dentipes,bunodactis_verrucosa,5,0.99,5.05,4.81,0.003518770514213565,0.011496453257691488,3,5,5,1.0,Alpheus,Bunodactis,Malacostraca,Cnidaria
patella_ulyssiponensis,pecten_jacobaeus,6,1.64,3.66,4.81,0.0067584137388032595,0.019385909826583936,6,5,5,1.0,Patella,Pecten,Mollusca,Mollusca
schizobrachiella_sanguinea,solecurtus_strigilatus,10,3.1,3.23,4.8,4.231499572179937e-06,3.982726116939685e-05,9,10,5,1.0,Schizobrachiella,Solecurtus,Bryozoa,Mollusca
disporella_hispida,spirastrella_cunctatrix,10,3.32,3.01,4.8,4.4236069337170735e-06,4.1415458203327245e-05,7,10,6,1.0,Disporella,Spirastrella,Bryozoa,Porifera
amphipholis_squamata,phorcus_sauciatus,8,2.22,3.61,4.8,5.756748924220259e-06,5.214660348056854e-05,6,7,5,0.0,Amphipholis,Phorcus,Echinodermata,Mollusca
acanthocardia_paucicostata,neverita_josephinia,7,1.69,4.15,4.8,6.952841066944775e-06,6.14354273873528e-05,5,7,5,1.0,Acanthocardia,Neverita,Mollusca,Mollusca
felimare_orsinii,rudmania_purpurea,7,2.06,3.39,4.8,7.997073286571903e-06,6.938506031828811e-05,4,7,5,1.0,Felimare,Rudmania,Mollusca,Mollusca
lagurus_ovatus,urospermum_picroides,5,0.9,5.58,4.8,0.0023040731498031874,0.008185470678115406,5,5,5,1.0,Lagurus,Urospermum,Plantae,Plantae
caloria_elegans,placida_cremoniana,5,1.21,4.12,4.8,0.008080758796420673,0.02233263131540955,5,5,5,1.0,Caloria,Placida,Mollusca,Mollusca
aeolidia_filomenae,berthella_plumula,13,4.23,3.07,4.79,3.1687084770605734e-06,3.076678393521166e-05,8,11,9,0.0,Aeolidia,Berthella,Mollusca,Mollusca
pachycerianthus_solitarius,uranoscopus_scaber,9,2.81,3.2,4.79,5.281359706847328e-06,4.836516404353256e-05,7,9,6,1.0,Pachycerianthus,Uranoscopus,Cnidaria,Actinopterygii
pentapora_fascialis,phallusia_mammillata,9,2.91,3.09,4.79,5.508385117619504e-06,5.017695889066477e-05,6,7,8,1.0,Pentapora,Phallusia,Bryozoa,Animalia
donax_semistriatus,laevicardium_oblongum,9,2.93,3.07,4.79,5.6031690363298455e-06,5.093966900736612e-05,6,9,6,1.0,Donax,Laevicardium,Mollusca,Mollusca
micromelo_undatus,stiliger_llerae,7,1.93,3.63,4.79,7.823211884268172e-06,6.805083825998417e-05,3,6,5,0.0,Micromelo,Stiliger,Mollusca,Mollusca
gibbula_magus,peronaea_planata,6,1.27,4.73,4.79,0.001980136374077457,0.007250409396409095,5,6,5,1.0,Gibbula,Peronaea,Mollusca,Mollusca
apogon_imberbis,chromis_limbata,6,1.32,4.53,4.79,0.002447939162230739,0.008591913696055511,5,6,6,0.0,Apogon,Chromis,Actinopterygii,Actinopterygii
calliostoma_zizyphinum,naticarius_hebraeus,6,1.37,4.39,4.79,0.0028399681087835082,0.009667169542734172,4,6,5,1.0,Calliostoma,Naticarius,Mollusca,Mollusca
necora_puber,spicara_smaris,5,1.21,4.15,4.79,0.007887641593125494,0.021916160872471887,5,5,5,1.0,Necora,Spicara,Malacostraca,Actinopterygii
aglaophenia_elongata,cymodocea_nodosa,9,2.6,3.46,4.78,5.236664927287721e-06,4.800547038141597e-05,5,5,7,1.0,Aglaophenia,Cymodocea,Cnidaria,Plantae
gobius_geniporus,periclimenes_aegylios,8,2.11,3.79,4.78,6.097385650223952e-06,5.479276259347895e-05,3,8,5,1.0,Gobius,Periclimenes,Actinopterygii,Malacostraca
echium_sabulicola,sonchus_tenerrimus,6,1.25,4.81,4.78,0.0018181098729157519,0.006765513414496149,5,5,6,1.0,Echium,Sonchus,Plantae,Plantae
crithmum_maritimum,salsola_kali,11,3.51,3.13,4.77,4.26666067055164e-06,4.0122143163025976e-05,7,10,6,1.0,Crithmum,Salsola,Plantae,Plantae
euthria_cornea,tritia_nitida,9,2.75,3.28,4.77,5.759715152784985e-06,5.216116849787292e-05,7,9,7,1.0,Euthria,Tritia,Mollusca,Mollusca
astropecten_spinulosus,petalifera_petalifera,9,2.91,3.09,4.77,5.9502899714279775e-06,5.366767445928041e-05,5,8,5,1.0,Astropecten,Petalifera,Echinodermata,Mollusca
astropecten_spinulosus,phallusia_mammillata,6,1.26,4.77,4.77,0.001891930810666076,0.006990533247623322,5,6,5,1.0,Astropecten,Phallusia,Echinodermata,Animalia
foeniculum_vulgare,rumex_crispus,6,1.63,3.68,4.77,0.006621903608156732,0.019063166157081517,5,5,6,1.0,Foeniculum,Rumex,Plantae,Plantae
limaria_hians,talochlamys_multistriata,11,3.61,3.04,4.76,4.515646385262539e-06,4.214359414839482e-05,8,11,6,1.0,Limaria,Talochlamys,Mollusca,Mollusca
dactylopterus_volitans,octopus_vulgaris,10,3.12,3.2,4.76,5.114836833607945e-06,4.7042125385515706e-05,8,10,8,1.0,Dactylopterus,Octopus,Actinopterygii,Mollusca
gobius_cobitis,nerophis_maculatus,9,2.53,3.55,4.76,5.6138850068790506e-06,5.102501051932893e-05,3,7,5,1.0,Gobius,Nerophis,Actinopterygii,Actinopterygii
tricolia_pullus,tritia_pellucida,8,2.0,4.01,4.76,6.315385695894153e-06,5.648301325283674e-05,7,8,5,1.0,Tricolia,Tritia,Mollusca,Mollusca
anthias_anthias,spicara_smaris,9,2.99,3.01,4.76,6.493994277681371e-06,5.7933750445347204e-05,9,9,8,1.0,Anthias,Spicara,Actinopterygii,Actinopterygii
alcyonium_acaule,tripterygion_delaisi,8,2.35,3.4,4.76,7.137453870616894e-06,6.28449431145329e-05,6,8,5,1.0,Alcyonium,Tripterygion,Cnidaria,Actinopterygii
dysidea_avara,neogoniolithon_brassica_florida,11,3.33,3.3,4.75,4.492251197302226e-06,4.194224061382653e-05,4,11,5,1.0,Dysidea,Neogoniolithon,Porifera,Plantae
quercus_rotundifolia,scirpoides_holoschoenus,10,3.09,3.24,4.75,5.209518639925568e-06,4.780606861510158e-05,8,10,5,0.9,Quercus,Scirpoides,Plantae,Plantae
calendula_arvensis,erodium_malacoides,8,2.03,3.95,4.75,6.667725719562277e-06,5.922046671778988e-05,7,8,8,0.75,Calendula,Erodium,Plantae,Plantae
gnathophyllum_elegans,steromphala_varia,8,2.06,3.89,4.75,6.923825457844966e-06,6.12401065677982e-05,5,8,5,1.0,Gnathophyllum,Steromphala,Malacostraca,Mollusca
asphodelus_fistulosus,petrosedum_sediforme,7,1.64,4.27,4.75,8.211169081224024e-06,7.093809695038114e-05,6,6,5,1.0,Asphodelus,Petrosedum,Plantae,Plantae
sagartia_undata,tritia_neritea,7,1.82,3.85,4.75,8.729765367676975e-06,7.481245922917937e-05,4,6,5,1.0,Sagartia,Tritia,Cnidaria,Mollusca
polypodium_cambricum,rhamnus_alaternus,7,1.82,3.86,4.75,8.900050939171422e-06,7.609064700529161e-05,7,7,6,0.429,Polypodium,Rhamnus,Plantae,Plantae
bonnemaisonia_asparagoides,simnia_spelta,5,0.82,6.08,4.75,0.001594634759611857,0.00607923170344235,4,5,5,1.0,Bonnemaisonia,Simnia,Plantae,Mollusca
rugulopteryx_okamurae,taonia_atomaria,6,1.26,4.76,4.75,0.0019081631060960946,0.007037874899141812,4,5,6,1.0,Rugulopteryx,Taonia,,
anredera_cordifolia,mirabilis_jalapa,5,1.01,4.97,4.75,0.003767990715122571,0.012133147059423111,5,5,5,0.4,Anredera,Mirabilis,Plantae,Plantae
calyptraea_chinensis,ocenebra_erinaceus,5,1.3,3.85,4.75,0.010642932392290305,0.027854704514548873,5,5,5,1.0,Calyptraea,Ocenebra,Mollusca,Mollusca
dalophis_imberbis,neverita_josephinia,10,3.01,3.32,4.74,5.335958854293721e-06,4.8803096526679404e-05,6,9,5,1.0,Dalophis,Neverita,Actinopterygii,Mollusca
dalophis_imberbis,echiichthys_vipera,9,2.65,3.4,4.74,6.2495609484235364e-06,5.601170215514121e-05,6,8,5,1.0,Dalophis,Echiichthys,Actinopterygii,Actinopterygii
cardites_antiquatus,lutraria_magna,9,2.66,3.38,4.74,6.257281988906467e-06,5.6054736722393515e-05,5,8,7,1.0,Cardites,Lutraria,Mollusca,Mollusca
clathrina_clathrus,didemnum_coccineum,8,2.43,3.29,4.74,8.119790251709297e-06,7.026985548061282e-05,8,7,6,1.0,Clathrina,Didemnum,Porifera,Animalia
dasycladus_vermicularis,symphodus_cinereus,7,2.14,3.28,4.74,1.0391338631523798e-05,8.697499096963584e-05,5,7,5,1.0,Dasycladus,Symphodus,Plantae,Actinopterygii
asparagus_acutifolius,cakile_maritima,8,2.21,3.63,4.73,7.754530418269711e-06,6.75349956385201e-05,7,8,8,1.0,Asparagus,Cakile,Plantae,Plantae
arundo_donax,rhamnus_alaternus,7,1.69,4.14,4.73,8.965095191126862e-06,7.657854425732772e-05,6,6,5,1.0,Arundo,Rhamnus,Plantae,Plantae
aglaophenia_elongata,myxicola_infundibulum,9,2.57,3.5,4.72,6.7548463340324065e-06,5.99249435596696e-05,6,8,6,1.0,Aglaophenia,Myxicola,Cnidaria,Annelida
oxythyrea_funesta,tropinota_squalida,6,1.46,4.1,4.72,0.003941200877209838,0.012580452929902487,6,6,5,0.833,Oxythyrea,Tropinota,Insecta,Insecta
candiella_odhneri,dendrodoris_limbata,6,1.5,3.99,4.72,0.004511129235667211,0.014011111087722565,4,6,5,1.0,Candiella,Dendrodoris,Mollusca,Mollusca
goniodoridella_picoensis,lamprohaminoea_ovalis,5,1.16,4.29,4.72,0.00686628604790207,0.019633736698913107,3,4,5,1.0,Goniodoridella,Lamprohaminoea,Mollusca,Mollusca
aplidium_punctum,eunicella_verrucosa,8,2.21,3.62,4.71,8.290472365717986e-06,7.14891900015101e-05,8,8,6,0.0,Aplidium,Eunicella,Animalia,Cnidaria
felimare_fontandraui,pomatoschistus_flavescens,6,1.35,4.46,4.71,0.0026443293438354054,0.009131540353323163,4,6,5,0.0,Felimare,Pomatoschistus,Mollusca,Actinopterygii
gibbula_magus,timoclea_ovata,5,0.99,5.05,4.71,0.0035155839894727148,0.011488322968265009,5,5,5,0.8,Gibbula,Timoclea,Mollusca,Mollusca
cribrinopsis_crassa,periclimenes_scriptus,12,4.0,3.0,4.7,5.170144667651078e-06,4.7482569060273814e-05,6,11,6,1.0,Cribrinopsis,Periclimenes,Cnidaria,Malacostraca
aplidium_elegans,hexadella_racovitzai,9,2.5,3.61,4.7,7.016428835697408e-06,6.194028104120185e-05,4,9,5,0.889,Aplidium,Hexadella,Animalia,Porifera
gobius_xanthocephalus,sabella_discifera,9,2.46,3.66,4.7,7.203432565038816e-06,6.33435802780499e-05,5,8,7,1.0,Gobius,Sabella,Actinopterygii,Annelida
okenia_nodosa,ophiocomina_nigra,8,2.04,3.93,4.7,8.232765330605609e-06,7.110334336510147e-05,5,8,5,0.0,Okenia,Ophiocomina,Mollusca,Echinodermata
ensis_minor,pagellus_acarne,7,1.6,4.39,4.7,9.808079568451003e-06,8.283336988518652e-05,4,6,5,1.0,Ensis,Pagellus,Mollusca,Actinopterygii
electra_posidoniae,taonia_pseudociliata,6,1.35,4.44,4.7,0.0027052268286358316,0.009301129661448722,6,6,5,1.0,Electra,Taonia,Bryozoa,
bulla_striata,chamelea_gallina,11,3.62,3.04,4.69,6.217997685660683e-06,5.5742578404018714e-05,9,11,5,1.0,Bulla,Chamelea,Mollusca,Mollusca
diodora_graeca,pawsonia_saxicola,10,3.23,3.1,4.69,6.9448459578998375e-06,6.139303512384077e-05,6,8,10,0.1,Diodora,Pawsonia,Mollusca,Echinodermata
astropecten_platyacanthus,limaria_hians,10,3.21,3.12,4.69,7.009228423098033e-06,6.188145844544301e-05,7,9,6,1.0,Astropecten,Limaria,Echinodermata,Mollusca
chama_gryphoides,dosinia_exoleta,9,2.9,3.11,4.69,8.166088407081826e-06,7.060157965099097e-05,6,9,7,1.0,Chama,Dosinia,Mollusca,Mollusca
jania_rubens,nerocila_bivittata,7,1.89,3.7,4.69,1.172529820595482e-05,9.652027542113748e-05,5,7,5,1.0,Jania,Nerocila,Plantae,Malacostraca
atriplex_halimus,tamarix_africana,6,1.6,3.75,4.69,0.006040291111581442,0.01769479980721732,6,6,5,0.333,Atriplex,Tamarix,Plantae,Plantae
aplysia_fasciata,dictyota_cyanoloma,10,2.88,3.47,4.68,6.878445479677914e-06,6.087611838678762e-05,3,6,7,0.3,Aplysia,Dictyota,Mollusca,
frondipora_verrucosa,smittina_cervicornis,10,2.97,3.37,4.68,7.0294461233521765e-06,6.204568734252713e-05,6,9,7,1.0,Frondipora,Smittina,Bryozoa,Bryozoa
hypnea_musciformis,perforatus_perforatus,8,2.28,3.51,4.68,9.900858297507186e-06,8.348228641630812e-05,7,8,5,1.0,Hypnea,Perforatus,Plantae,Crustacea
leptopsammia_pruvoti,salpa_fusiformis,8,2.62,3.05,4.68,1.1064351884421108e-05,9.17019852153129e-05,6,7,5,1.0,Leptopsammia,Salpa,Cnidaria,Animalia
amphipholis_squamata,pomatoschistus_pictus,6,1.29,4.64,4.68,1.4198501110205445e-05,0.00011383701871390551,6,6,5,0.333,Amphipholis,Pomatoschistus,Echinodermata,Actinopterygii
centrolabrus_melanocercus,gongolaria_squarrosa,6,1.59,3.77,4.68,0.005869121637137487,0.01729274396636284,4,6,6,1.0,Centrolabrus,Gongolaria,Actinopterygii,
epinephelus_marginatus,pomadasys_incisus,11,3.32,3.31,4.67,6.4425255960380375e-06,5.7499590855745745e-05,8,10,10,0.636,Epinephelus,Pomadasys,Actinopterygii,Actinopterygii
talochlamys_pusio,trivia_monacha,8,1.94,4.13,4.67,9.108727321522921e-06,7.764997945454541e-05,6,7,5,0.0,Talochlamys,Trivia,Mollusca,Mollusca
actinia_equina,cereus_pedunculatus,8,2.01,3.97,4.67,9.379156590802534e-06,7.963124444592934e-05,7,8,6,0.125,Actinia,Cereus,Cnidaria,Cnidaria
eunicella_verrucosa,limacia_clavigera,8,2.17,3.68,4.67,9.819593471604837e-06,8.291237513212868e-05,7,8,6,0.0,Eunicella,Limacia,Cnidaria,Mollusca
bulla_striata,mactra_corallina,7,1.76,3.98,4.67,1.2122533621572153e-05,9.934303338594383e-05,7,7,5,1.0,Bulla,Mactra,Mollusca,Mollusca
aequipecten_opercularis,turritellinella_tricarinata,9,2.65,3.4,4.66,8.844439266759411e-06,7.564888123006543e-05,8,9,7,1.0,Aequipecten,Turritellinella,Mollusca,Mollusca
acanthonyx_lunulatus,conus_ventricosus,7,2.12,3.31,4.66,1.438597009931076e-05,0.00011506778444219931,7,7,5,1.0,Acanthonyx,Conus,Malacostraca,Mollusca
conus_ventricosus,steromphala_rarilineata,6,1.8,3.34,4.66,0.010314925300655031,0.02717341598263617,6,6,6,1.0,Conus,Steromphala,Mollusca,Mollusca
harmothoe_areolata,lepadogaster_candolii,10,2.96,3.38,4.65,7.822816459419725e-06,6.805083825998417e-05,7,9,5,1.0,Harmothoe,Lepadogaster,Annelida,Actinopterygii
dictyota_spiralis,jania_rubens,10,3.2,3.13,4.65,8.112099456115272e-06,7.022967654184293e-05,9,10,6,1.0,Dictyota,Jania,,Plantae
cyperus_capitatus,juncus_acutus,9,2.52,3.57,4.65,8.972183344951778e-06,7.663340822003445e-05,6,8,7,0.667,Cyperus,Juncus,Plantae,Plantae
lissoclinum_weigelei,pentapora_fascialis,8,2.16,3.71,4.65,1.0466794132975245e-05,8.747943639692978e-05,6,7,7,1.0,Lissoclinum,Pentapora,Animalia,Bryozoa
dittrichia_viscosa,pinus_pinea,7,1.69,4.15,4.65,1.2398949172378559e-05,0.00010131275554682599,7,7,6,1.0,Dittrichia,Pinus,Plantae,Plantae
ensis_minor,tritia_incrassata,12,3.83,3.13,4.64,6.546363595922661e-06,5.830889683815326e-05,7,12,5,1.0,Ensis,Tritia,Mollusca,Mollusca
filograna_implexa,ophiothrix_fragilis,12,3.85,3.12,4.64,6.660480230740081e-06,5.916979985365363e-05,8,12,6,1.0,Filograna,Ophiothrix,Annelida,Echinodermata
dosinia_exoleta,limaria_tuberculata,10,3.12,3.21,4.64,8.437625029909122e-06,7.260592724422247e-05,8,10,8,1.0,Dosinia,Limaria,Mollusca,Mollusca
bulla_striata,tricolia_speciosa,9,2.87,3.14,4.64,1.0034718838367976e-05,8.44403257778319e-05,9,9,6,0.889,Bulla,Tricolia,Mollusca,Mollusca
chromodoris_annae,nembrotha_cristata,5,1.04,4.81,4.64,0.00431058285373509,0.013512826859365912,4,5,5,0.0,Chromodoris,Nembrotha,Mollusca,Mollusca
arca_noae,neverita_josephinia,11,3.41,3.22,4.63,7.793357286120606e-06,6.782699499812935e-05,9,11,10,1.0,Arca,Neverita,Mollusca,Mollusca
scophthalmus_rhombus,torpedo_marmorata,10,2.97,3.37,4.63,8.567831802421776e-06,7.359991760243071e-05,6,7,6,0.9,Scophthalmus,Torpedo,Actinopterygii,Elasmobranchii
antedon_mediterranea,condylactis_aurantiaca,10,3.33,3.0,4.63,9.049252048472353e-06,7.719437489760896e-05,10,10,10,1.0,Antedon,Condylactis,Echinodermata,Cnidaria
antedon_bifida,pawsonia_saxicola,9,2.74,3.29,4.63,1.0043161107199062e-05,8.450279960515344e-05,5,8,6,0.0,Antedon,Pawsonia,Echinodermata,Echinodermata
pagellus_erythrinus,trachinus_radiatus,7,1.72,4.06,4.63,1.4051237440689213e-05,0.00011283755909460166,5,7,5,1.0,Pagellus,Trachinus,Actinopterygii,Actinopterygii
tritia_corrugata,xantho_poressa,7,1.85,3.78,4.63,1.475870140437256e-05,0.00011765019118474008,7,7,6,1.0,Tritia,Xantho,Mollusca,Malacostraca
conus_ventricosus,salaria_pavo,7,2.05,3.41,4.63,1.5622230406564766e-05,0.00012342226249882645,7,7,5,1.0,Conus,Salaria,Mollusca,Actinopterygii
cardites_antiquatus,ruditapes_decussatus,5,1.03,4.85,4.63,0.0041441514659917855,0.013086172340216475,4,5,5,1.0,Cardites,Ruditapes,Mollusca,Mollusca
peyssonnelia_rosa_marina,turbicellepora_avicularis,12,3.74,3.21,4.62,6.991545849011737e-06,6.174900705224993e-05,7,12,7,1.0,Peyssonnelia,Turbicellepora,Plantae,Bryozoa
dictyonella_incisa,disporella_hispida,12,3.92,3.06,4.62,7.435217485552358e-06,6.512105080142486e-05,5,12,6,1.0,Dictyonella,Disporella,Porifera,Bryozoa
nerocila_bivittata,pseudodistoma_crucigaster,11,3.64,3.03,4.62,8.191467030103274e-06,7.079443118799831e-05,4,10,7,1.0,Nerocila,Pseudodistoma,Malacostraca,Animalia
ascidia_mentula,clathrina_clathrus,9,2.31,3.9,4.62,9.450271432556384e-06,8.01582292825965e-05,8,9,5,1.0,Ascidia,Clathrina,Animalia,Porifera
acteon_tornatilis,arnoglossus_grohmanni,10,3.33,3.0,4.62,9.543092447149159e-06,8.081624373868846e-05,8,9,5,1.0,Acteon,Arnoglossus,Mollusca,Actinopterygii
gobius_roulei,uranoscopus_scaber,9,2.67,3.37,4.62,1.0491979146933955e-05,8.763906363423574e-05,7,8,5,1.0,Gobius,Uranoscopus,Actinopterygii,Actinopterygii
calliactis_parasitica,paraflabellina_ischitana,9,2.75,3.27,4.62,1.0693870087142886e-05,8.904782143254131e-05,5,9,6,0.444,Calliactis,Paraflabellina,Cnidaria,Mollusca
juncus_acutus,tamarix_gallica,7,1.92,3.65,4.62,1.5614899701089085e-05,0.0001233728074318817,6,7,6,1.0,Juncus,Tamarix,Plantae,Plantae
asparagus_acutifolius,laurus_nobilis,5,0.96,5.19,4.62,0.003125450287002063,0.010443005158612073,5,5,5,1.0,Asparagus,Laurus,Plantae,Plantae
foeniculum_vulgare,theba_pisana,5,1.01,4.94,4.62,0.0038656208690915905,0.012384176490623683,5,5,5,1.0,Foeniculum,Theba,Plantae,Mollusca
eriphia_verrucosa,mactra_stultorum,9,2.98,3.02,4.61,1.1618734918484058e-05,9.57251475040433e-05,6,9,7,1.0,Eriphia,Mactra,Malacostraca,Mollusca
bituminaria_bituminosa,pinus_pinea,7,1.79,3.9,4.61,1.548529222691539e-05,0.00012251683302723444,7,7,5,1.0,Bituminaria,Pinus,Plantae,Plantae
limaria_hians,thylacodes_arenarius,7,1.8,3.88,4.61,1.5489366696887926e-05,0.0001225248986831756,5,7,5,1.0,Limaria,Thylacodes,Mollusca,Mollusca
cliona_rhodensis,holothuria_poli,10,3.29,3.04,4.6,1.0511610785117754e-05,8.778395135112038e-05,6,10,7,1.0,Cliona,Holothuria,Porifera,Echinodermata
aulostomus_strigosus,ophioblennius_atlanticus,9,2.64,3.41,4.6,1.1181333397533351e-05,9.255833388872833e-05,8,9,6,0.0,Aulostomus,Ophioblennius,Actinopterygii,Actinopterygii
donax_venustus,fissurella_nubecula,9,2.96,3.04,4.6,1.2297855398555617e-05,0.00010058659093611653,9,9,8,1.0,Donax,Fissurella,Mollusca,Mollusca
boops_boops,processa_macrophthalma,7,1.76,3.98,4.6,1.6034131247899982e-05,0.00012619183332989955,5,7,5,1.0,Boops,Processa,Actinopterygii,Malacostraca
leptogorgia_ruberrima,leptogorgia_viminalis,6,1.48,4.07,4.6,0.004124141623619848,0.013033703991646805,5,6,5,0.0,Leptogorgia,Leptogorgia,Cnidaria,Cnidaria
steromphala_umbilicaris,tritia_corrugata,10,3.18,3.15,4.59,1.0396346360299491e-05,8.701058380617091e-05,8,10,7,1.0,Steromphala,Tritia,Mollusca,Mollusca
aglaja_tricolorata,chelidonichthys_obscurus,10,3.25,3.08,4.59,1.0654919765672504e-05,8.878123656043217e-05,5,10,7,1.0,Aglaja,Chelidonichthys,Mollusca,Actinopterygii
acanthocardia_aculeata,acanthocardia_paucicostata,9,2.82,3.19,4.59,1.2129147349436982e-05,9.938365397092882e-05,8,9,8,0.889,Acanthocardia,Acanthocardia,Mollusca,Mollusca
galathea_strigosa,palinurus_elephas,8,2.14,3.74,4.59,1.3250942975502348e-05,0.0001074081806311785,6,8,7,1.0,Galathea,Palinurus,Malacostraca,Malacostraca
chamelea_striatula,glycymeris_glycymeris,6,1.83,3.28,4.59,0.011161880105687083,0.02891597111975657,4,6,5,1.0,Chamelea,Glycymeris,Mollusca,Mollusca
necora_puber,palaemon_serratus,9,2.85,3.15,4.58,1.2731070920908815e-05,0.00010365893662961193,9,9,7,0.889,Necora,Palaemon,Malacostraca,Malacostraca
hirschfeldia_incana,melilotus_indicus,9,2.9,3.11,4.58,1.333053592479969e-05,0.0001079675942548245,9,9,8,0.0,Hirschfeldia,Melilotus,Plantae,Plantae
palaemon_elegans,syngnathus_typhle,7,1.91,3.67,4.58,1.783423286486813e-05,0.00013828072169634324,6,7,6,0.857,Palaemon,Syngnathus,Malacostraca,Actinopterygii
gobius_vittatus,serranus_hepatus,6,1.29,4.63,4.58,2.156948815712614e-05,0.00016299713438199803,4,5,5,1.0,Gobius,Serranus,Actinopterygii,Actinopterygii
donax_semistriatus,epitonium_clathrus,6,1.46,4.11,4.58,0.003898310668984717,0.01246913908181457,5,6,5,1.0,Donax,Epitonium,Mollusca,Mollusca
actinothoe_sphyrodeta,facelina_annulicornis,5,1.02,4.89,4.58,0.004006719847516105,0.012740917791109245,5,5,5,0.0,Actinothoe,Facelina,Cnidaria,Mollusca
callista_chione,solen_marginatus,5,1.05,4.78,4.58,0.004411811651009234,0.01376255300728076,5,5,5,1.0,Callista,Solen,Mollusca,Mollusca
barbatia_barbata,gastrana_fragilis,10,3.26,3.07,4.57,1.1838249199453605e-05,9.731794354030634e-05,6,10,6,1.0,Barbatia,Gastrana,Mollusca,Mollusca
fulica_atra,saxicola_rubicola,9,2.64,3.41,4.57,1.2586558584167293e-05,0.00010264915015789388,3,9,5,1.0,Fulica,Saxicola,Aves,Aves
amphipholis_squamata,hippolyte_varians,8,2.12,3.77,4.57,1.4665134897644597e-05,0.00011700147770269573,7,7,8,0.125,Amphipholis,Hippolyte,Echinodermata,Malacostraca
archidoris_pseudoargus,marsenia_perspicua,8,2.23,3.59,4.57,1.4959427675310492e-05,0.00011901014473492645,6,8,5,0.0,Archidoris,Marsenia,Mollusca,Mollusca
doto_coronata,tergipes_tergipes,6,1.32,4.53,4.57,2.1973949682735814e-05,0.00016561903168138022,5,6,5,0.0,Doto,Tergipes,Mollusca,Mollusca
isara_cornea,reteporella_grimaldii,10,2.83,3.54,4.56,1.1267733802544274e-05,9.320657751046964e-05,6,10,8,1.0,Isara,Reteporella,Mollusca,Bryozoa
bittium_latreillii,felimare_tricolor,9,2.49,3.61,4.56,1.2805138761335295e-05,0.000104225180575164,8,8,9,0.889,Bittium,Felimare,Mollusca,Mollusca
ophidion_rochei,pagellus_acarne,9,2.95,3.05,4.56,1.4312771513652265e-05,0.00011459368472157868,7,8,7,1.0,Ophidion,Pagellus,Actinopterygii,Actinopterygii
ctenolabrus_rupestris,galathea_strigosa,8,2.13,3.76,4.56,1.4814376410903966e-05,0.00011805183786690049,7,8,5,1.0,Ctenolabrus,Galathea,Actinopterygii,Malacostraca
cronius_ruber,muraena_augusti,8,2.46,3.25,4.56,1.6889835348044315e-05,0.00013188129262817522,6,8,7,0.0,Cronius,Muraena,Malacostraca,Actinopterygii
acanthella_acuta,didemnum_maculosum,8,2.63,3.04,4.56,1.8074545363110117e-05,0.00013988244885611298,8,8,5,1.0,Acanthella,Didemnum,Porifera,Animalia
solen_marginatus,styela_plicata,6,1.87,3.21,4.56,0.012351806257852593,0.031310702315436666,5,6,5,1.0,Solen,Styela,Mollusca,Animalia
chamelea_striatula,tritia_reticulata,7,2.07,3.38,4.55,2.2020965220175995e-05,0.0001659082648110101,5,6,6,0.714,Chamelea,Tritia,Mollusca,Mollusca
chromis_limbata,diadema_africanum,6,1.39,4.32,4.55,2.4810909383757778e-05,0.00018394465568224668,5,6,6,0.0,Chromis,Diadema,Actinopterygii,Echinodermata
ruditapes_decussatus,venerupis_geographica,6,1.82,3.3,4.55,0.010859186925869846,0.028294057912652035,4,6,5,1.0,Ruditapes,Venerupis,Mollusca,Mollusca
ariosoma_balearicum,ilia_nucleus,9,2.94,3.06,4.54,1.5748503218119815e-05,0.0001243005319772729,8,9,8,1.0,Ariosoma,Ilia,Actinopterygii,Malacostraca
laurus_nobilis,quercus_pubescens,5,1.09,4.57,4.54,0.005301102658064938,0.015931657595797694,5,5,5,1.0,Laurus,Quercus,Plantae,Plantae
cardites_antiquatus,melarhaphe_neritoides,5,1.38,3.62,4.54,0.013497557795965731,0.033568771821735593,5,5,5,1.0,Cardites,Melarhaphe,Mollusca,Mollusca
periclimenes_scriptus,simnia_spelta,9,2.95,3.05,4.53,1.646989263150773e-05,0.000129048324200518,6,9,7,1.0,Periclimenes,Simnia,Malacostraca,Mollusca
lithophaga_lithophaga,pisania_striata,8,2.23,3.59,4.53,1.7401210909176454e-05,0.0001353970756166935,8,8,6,1.0,Lithophaga,Pisania,Mollusca,Mollusca
dosinia_lupinus,patella_rustica,8,2.57,3.11,4.53,1.9224517966001508e-05,0.0001475381175104269,7,8,6,1.0,Dosinia,Patella,Mollusca,Mollusca
lissoclinum_weigelei,reptadeonella_violacea,6,1.35,4.46,4.53,2.632498272482881e-05,0.00019359995594198394,5,6,5,1.0,Lissoclinum,Reptadeonella,Animalia,Bryozoa
bosemprella_incarnata,pholas_dactylus,6,1.38,4.34,4.53,2.6669766049259605e-05,0.00019573572835184452,5,6,5,1.0,Bosemprella,Pholas,Mollusca,Mollusca
eristalis_tenax,sphaerophoria_scripta,5,1.39,3.6,4.53,0.013775444796315983,0.0341228679434675,4,4,5,0.8,Eristalis,Sphaerophoria,Insecta,Insecta
ctena_decussata,gastrana_fragilis,11,3.59,3.06,4.52,1.2587617079554747e-05,0.0001026505158938929,8,10,8,1.0,Ctena,Gastrana,Mollusca,Mollusca
plocamium_cartilagineum,pterocladiella_capillacea,9,2.71,3.32,4.52,1.5597987778682975e-05,0.00012326454822715006,5,9,5,0.778,Plocamium,Pterocladiella,Plantae,Plantae
donax_variegatus,tricolia_pullus,9,2.79,3.22,4.52,1.5939928971518848e-05,0.0001255619539989646,6,9,6,1.0,Donax,Tricolia,Mollusca,Mollusca
antalis_vulgaris,bulla_striata,8,2.28,3.5,4.52,1.8229465403407146e-05,0.00014091842798994274,6,8,5,1.0,Antalis,Bulla,Mollusca,Mollusca
barbatia_barbata,glycymeris_glycymeris,8,2.47,3.24,4.52,1.9650801764332527e-05,0.00015045198155500526,7,7,7,1.0,Barbatia,Glycymeris,Mollusca,Mollusca
parazoanthus_axinellae,spongia_lamella,7,1.78,3.93,4.52,2.1994746825254382e-05,0.00016574325047466023,7,7,7,0.714,Parazoanthus,Spongia,Cnidaria,Porifera
caloria_elegans,marionia_blainvillea,7,1.89,3.7,4.52,2.303218123170061e-05,0.00017257882319459103,6,7,5,1.0,Caloria,Marionia,Mollusca,Mollusca
clathrina_rubra,tripterygion_delaisi,6,1.42,4.22,4.52,2.7902650205781162e-05,0.00020350069095383724,5,6,5,1.0,Clathrina,Tripterygion,Porifera,Actinopterygii
aporrhais_pespelecani,ensis_minor,6,1.6,3.76,4.52,0.0059955442012127325,0.017591001506596503,5,6,5,1.0,Aporrhais,Ensis,Mollusca,Mollusca
cronius_ruber,stephanolepis_hispida,5,1.57,3.19,4.52,0.02181910722486713,0.049117719804861515,3,5,5,0.0,Cronius,Stephanolepis,Malacostraca,Actinopterygii
aphia_minuta,naticarius_hebraeus,11,3.52,3.12,4.51,1.2764832883244508e-05,0.00010392648816122263,6,11,6,1.0,Aphia,Naticarius,Actinopterygii,Mollusca
aulostomus_strigosus,scorpaena_maderensis,11,3.64,3.02,4.51,1.2912365381601558e-05,0.00010495307390584982,8,9,7,0.0,Aulostomus,Scorpaena,Actinopterygii,Actinopterygii
diplosoma_spongiforme,isara_cornea,10,3.14,3.18,4.51,1.4271223018755487e-05,0.00011432459332819048,4,9,6,1.0,Diplosoma,Isara,Animalia,Mollusca
clathrina_clathrus,hexadella_pruvoti,10,3.22,3.1,4.51,1.467845602067016e-05,0.00011709832057373348,5,10,5,1.0,Clathrina,Hexadella,Porifera,Porifera
caloria_quatrefagesi,elysia_timida,9,2.66,3.39,4.51,1.608825825258373e-05,0.00012657873908713873,5,7,6,1.0,Caloria,Elysia,Mollusca,Mollusca
paraflabellina_gabinierei,simnia_spelta,8,2.14,3.74,4.51,1.887418473221747e-05,0.0001452007731479387,6,8,8,1.0,Paraflabellina,Simnia,Mollusca,Mollusca
patella_pellucida,talochlamys_pusio,8,2.21,3.62,4.51,1.8935984157606024e-05,0.0001456361476841295,5,8,5,0.0,Patella,Talochlamys,Mollusca,Mollusca
gobius_roulei,semicassis_undulata,8,2.43,3.29,4.51,2.0211956417281425e-05,0.00015401128496138482,7,8,6,1.0,Gobius,Semicassis,Actinopterygii,Mollusca
rhyssoplax_olivacea,tridentata_perpusilla,7,2.32,3.02,4.51,2.810438741725969e-05,0.0002046998702673064,6,7,5,1.0,Rhyssoplax,Tridentata,Mollusca,Cnidaria
felimare_villafranca,holothuria_sanctori,9,2.62,3.43,4.5,1.672095522206096e-05,0.0001307134027050972,7,7,7,1.0,Felimare,Holothuria,Mollusca,Echinodermata
dentex_dentex,parazoanthus_brevitentacularis,8,2.51,3.18,4.5,2.1442312170698392e-05,0.0001621424438013218,4,8,5,1.0,Dentex,Parazoanthus,Actinopterygii,Cnidaria
cerianthus_membranaceus,diplodus_cadenati,7,1.94,3.61,4.5,2.5190542304717362e-05,0.0001863634238166362,3,7,5,0.143,Cerianthus,Diplodus,Cnidaria,Actinopterygii
silybum_marianum,stellaria_media,6,1.4,4.29,4.5,2.9739622374193067e-05,0.00021497919658634235,6,6,6,1.0,Silybum,Stellaria,Plantae,Plantae
elysia_viridis,runcina_adriatica,6,1.76,3.4,4.5,0.009491702493560461,0.025446978056553007,3,4,5,1.0,Elysia,Runcina,Mollusca,Mollusca
clanculus_jussieui,eupolymnia_nebulosa,11,3.46,3.18,4.49,1.3533341336819308e-05,0.0001093794763131003,5,11,5,1.0,Clanculus,Eupolymnia,Mollusca,Annelida
cliona_rhodensis,hexadella_topsenti,10,3.16,3.16,4.49,1.5950859601350205e-05,0.0001256308764281089,6,10,7,1.0,Cliona,Hexadella,Porifera,Porifera
palaemon_elegans,sparisoma_cretense,9,2.56,3.52,4.49,1.744081619698953e-05,0.00013565942807089204,4,8,6,0.778,Palaemon,Sparisoma,Malacostraca,Actinopterygii
arca_noae,lutraria_magna,8,2.19,3.65,4.49,2.0322147862982623e-05,0.0001547179964583036,6,8,5,1.0,Arca,Lutraria,Mollusca,Mollusca
facelina_auriculata,stenopus_spinosus,8,2.3,3.48,4.49,2.0693794563756963e-05,0.00015718388006349688,7,7,7,1.0,Facelina,Stenopus,Mollusca,Malacostraca
alpheus_dentipes,athanas_nitescens,7,1.99,3.51,4.49,2.68859738629132e-05,0.00019721425295342516,7,7,6,0.857,Alpheus,Athanas,Malacostraca,Malacostraca
chondrosia_reniformis,pomadasys_incisus,6,1.23,4.87,4.49,2.866556764386003e-05,0.0002083131303124488,5,5,5,0.5,Chondrosia,Pomadasys,Porifera,Actinopterygii
epitonium_clathrus,mactra_corallina,7,2.2,3.18,4.49,2.914992756446941e-05,0.00021140624835613056,6,7,6,1.0,Epitonium,Mactra,Mollusca,Mollusca
arca_noae,pholas_dactylus,7,2.19,3.19,4.49,2.9183152504841385e-05,0.00021159392668939185,6,7,7,1.0,Arca,Pholas,Mollusca,Mollusca
glycymeris_nummaria,talochlamys_multistriata,6,1.42,4.23,4.49,3.1348268431294525e-05,0.00022492812134771142,5,6,6,1.0,Glycymeris,Talochlamys,Mollusca,Mollusca
jacobaea_maritima,pistacia_lentiscus,5,1.11,4.51,4.49,0.0056192026672583495,0.01669773850444507,4,5,5,0.8,Jacobaea,Pistacia,Plantae,Plantae
halopteris_filicina,phorbas_topsenti,9,2.49,3.62,4.48,1.790938540914761e-05,0.00013877003206049513,7,9,6,1.0,Halopteris,Phorbas,,Porifera
ciona_edwardsi,paraflabellina_ischitana,5,1.23,4.05,4.48,0.008688994278740592,0.02367120872734394,4,5,5,1.0,Ciona,Paraflabellina,Animalia,Mollusca
felimare_villafranca,pseudodistoma_crucigaster,11,3.64,3.03,4.47,1.5514659539875968e-05,0.00012269020027676214,5,11,5,1.0,Felimare,Pseudodistoma,Mollusca,Animalia
berthella_plumula,pleurehdera_stellata,9,2.96,3.04,4.47,2.084599914861577e-05,0.00015821480241894268,7,9,7,0.0,Berthella,Pleurehdera,Mollusca,Mollusca
ensis_minor,pholas_dactylus,9,2.99,3.01,4.47,2.0897245468384287e-05,0.00015853063788619408,8,9,7,0.889,Ensis,Pholas,Mollusca,Mollusca
dictyota_cyanoloma,dictyota_spiralis,8,2.38,3.36,4.47,2.320383947914596e-05,0.0001736955895617629,6,8,5,0.5,Dictyota,Dictyota,,
epinephelus_costae,tripterygion_tripteronotum,8,2.53,3.16,4.47,2.4640922977212045e-05,0.00018284913949544198,7,8,5,1.0,Epinephelus,Tripterygion,Actinopterygii,Actinopterygii
acanthella_acuta,ciona_edwardsi,7,1.7,4.11,4.47,2.5981034343407303e-05,0.00019148609049311592,6,7,5,1.0,Acanthella,Ciona,Porifera,Animalia
pinctada_radiata,sciaena_umbra,7,1.91,3.67,4.47,2.7902394220940703e-05,0.00020350069095383724,7,7,5,1.0,Pinctada,Sciaena,Mollusca,Actinopterygii
gobius_geniporus,loligo_vulgaris,6,1.38,4.35,4.47,3.306965123913107e-05,0.00023547537557036007,6,6,5,1.0,Gobius,Loligo,Actinopterygii,Mollusca
berthella_plumula,flabelligera_affinis,6,1.77,3.39,4.47,0.009663179703770508,0.025816584833217634,6,6,6,0.167,Berthella,Flabelligera,Mollusca,Annelida
maja_crispata,nerocila_bivittata,9,2.91,3.1,4.46,2.083878189908691e-05,0.00015817044603389172,5,9,6,1.0,Maja,Nerocila,Malacostraca,Malacostraca
octopus_vulgaris,stenorhynchus_lanceolatus,9,2.8,3.21,4.46,2.0867517167243226e-05,0.00015834682174516458,5,8,6,0.0,Octopus,Stenorhynchus,Mollusca,Malacostraca
alicia_mirabilis,herbstia_condyliata,9,2.92,3.08,4.46,2.159124053330264e-05,0.00016314011112996638,5,7,7,1.0,Alicia,Herbstia,Cnidaria,Malacostraca
mactra_corallina,tritia_nitida,8,2.19,3.65,4.46,2.321265138728025e-05,0.00017373897416971375,8,8,8,1.0,Mactra,Tritia,Mollusca,Mollusca
marionia_blainvillea,trinchesia_caerulea,8,2.34,3.41,4.46,2.409027260663482e-05,0.00017937537263280494,5,7,5,1.0,Marionia,Trinchesia,Mollusca,Mollusca
felimare_fontandraui,rudmania_purpurea,8,2.5,3.2,4.46,2.4660784256239297e-05,0.00018297294966547253,6,7,6,1.0,Felimare,Rudmania,Mollusca,Mollusca
astrospartus_mediterraneus,diazona_violacea,7,1.76,3.97,4.46,2.7568410719921568e-05,0.00020140909383412054,5,6,6,1.0,Astrospartus,Diazona,Echinodermata,Animalia
galathea_strigosa,pagurus_anachoretus,6,1.39,4.31,4.46,3.470724582762259e-05,0.0002453315467128134,6,6,6,1.0,Galathea,Pagurus,Malacostraca,Malacostraca
capulus_ungaricus,epitonium_clathrus,6,1.98,3.04,4.46,0.01569583691637233,0.037830520024138205,6,6,5,0.833,Capulus,Epitonium,Mollusca,Mollusca
pycnoclavella_communis,spicara_smaris,10,3.16,3.16,4.45,1.8696947905545725e-05,0.00014400267287981264,5,9,6,1.0,Pycnoclavella,Spicara,Animalia,Actinopterygii
bittium_reticulatum,tricolia_speciosa,9,2.9,3.11,4.45,2.182277172588791e-05,0.00016466273211351788,6,9,5,1.0,Bittium,Tricolia,Mollusca,Mollusca
alicia_mirabilis,peltodoris_atromaculata,10,3.01,3.32,4.44,1.876982117804673e-05,0.00014447507710267223,7,8,10,1.0,Alicia,Peltodoris,Cnidaria,Mollusca
ascandra_contorta,tenellia_ocellata,8,2.08,3.84,4.44,2.4109091201621378e-05,0.00017950389341379107,5,8,5,1.0,Ascandra,Tenellia,Porifera,Mollusca
astrospartus_mediterraneus,phallusia_mammillata,8,2.33,3.44,4.44,2.54666197451574e-05,0.00018814008343729085,4,6,7,1.0,Astrospartus,Phallusia,Echinodermata,Animalia
gregariella_petagnae,lithophaga_lithophaga,6,1.4,4.28,4.44,3.7760976455790354e-05,0.0002638573137388774,4,6,5,1.0,Gregariella,Lithophaga,Mollusca,Mollusca
callochiton_septemvalvis,trivia_monacha,6,1.43,4.19,4.44,3.866772959471842e-05,0.0002692298513374798,5,6,6,0.0,Callochiton,Trivia,Mollusca,Mollusca
elysia_timida,symphodus_cinereus,9,2.8,3.21,4.43,2.332417800642612e-05,0.0001744176717591174,7,9,6,1.0,Elysia,Symphodus,Mollusca,Actinopterygii
galathea_strigosa,tylodina_perversa,9,2.99,3.01,4.43,2.4342171761417093e-05,0.00018095860847920853,4,9,5,1.0,Galathea,Tylodina,Malacostraca,Mollusca
steromphala_rarilineata,vermetus_triquetrus,9,2.94,3.06,4.43,2.4414294052864422e-05,0.000181424519903644,9,9,5,1.0,Steromphala,Vermetus,Mollusca,Mollusca
limaria_tuberculata,spirobranchus_triqueter,8,2.03,3.94,4.43,2.4479382262313367e-05,0.0001818260963344648,4,8,5,1.0,Limaria,Spirobranchus,Mollusca,Annelida
aglaophenia_pluma,anilocra_physodes,7,1.74,4.01,4.43,3.057719043283966e-05,0.0002202407645266551,6,7,6,1.0,Aglaophenia,Anilocra,Cnidaria,Malacostraca
mylabris_quadripunctata,pyronia_bathseba,7,1.89,3.7,4.43,3.246797958898289e-05,0.00023179284381044709,4,6,6,1.0,Mylabris,Pyronia,Insecta,Insecta
scyllarus_arctus,umbraculum_umbraculum,6,1.78,3.38,4.43,0.009776705536109875,0.026058849303178984,4,5,6,0.833,Scyllarus,Umbraculum,Malacostraca,Mollusca
nerocila_bivittata,peltodoris_atromaculata,9,2.93,3.07,4.42,2.4716145248586306e-05,0.00018332467146652955,4,8,5,1.0,Nerocila,Peltodoris,Malacostraca,Mollusca
peltodoris_atromaculata,platydoris_argo,8,2.57,3.12,4.42,2.95389546951116e-05,0.00021381036294895934,5,8,8,1.0,Peltodoris,Platydoris,Mollusca,Mollusca
berthella_perforata,jorunna_tomentosa,7,1.89,3.7,4.42,3.286200654356277e-05,0.0002341532882809966,3,7,5,1.0,Berthella,Jorunna,Mollusca,Mollusca
conus_ventricosus,gari_depressa,6,1.5,4.0,4.42,4.289069749352899e-05,0.0002948373956706554,5,6,5,1.0,Conus,Gari,Mollusca,Mollusca
bromus_diandrus,plantago_lagopus,10,3.21,3.11,4.41,2.2007142803121634e-05,0.00016582581460467162,4,5,6,1.0,Bromus,Plantago,Plantae,Plantae
gari_fervensis,turritellinella_tricarinata,8,2.46,3.25,4.41,2.959931924766651e-05,0.00021418001222336364,8,8,7,0.375,Gari,Turritellinella,Mollusca,Mollusca
condylactis_aurantiaca,dardanus_calidus,8,2.64,3.03,4.41,3.189382559639369e-05,0.0002283164285097209,6,7,6,1.0,Condylactis,Dardanus,Cnidaria,Malacostraca
brissus_unicolor,haliotis_tuberculata,6,1.34,4.47,4.41,4.065781147108332e-05,0.00028113213568901527,5,6,6,1.0,Brissus,Haliotis,Echinodermata,Mollusca
loligo_vulgaris,ophiocomina_nigra,6,1.87,3.22,4.41,0.012188618556554731,0.03097678385593054,5,6,5,0.667,Loligo,Ophiocomina,Mollusca,Echinodermata
filograna_implexa,nausithoe_punctata,8,2.48,3.22,4.4,3.17696733389133e-05,0.00022755492709128125,5,8,5,1.0,Filograna,Nausithoe,Annelida,Cnidaria
simnia_spelta,spicara_smaris,7,1.83,3.82,4.4,3.594012925172397e-05,0.0002528362634535667,6,7,5,1.0,Simnia,Spicara,Mollusca,Actinopterygii
anilocra_physodes,scorpaena_scrofa,10,3.29,3.04,4.39,2.4474999215258776e-05,0.000181805262079739,6,10,7,1.0,Anilocra,Scorpaena,Malacostraca,Actinopterygii
echinolittorina_punctata,spisula_subtruncata,10,3.34,3.0,4.39,2.485214239332204e-05,0.00018420293458664815,5,10,8,1.0,Echinolittorina,Spisula,Mollusca,Mollusca
antalis_inaequicostata,turritellinella_tricarinata,9,2.91,3.09,4.39,2.8120202364739832e-05,0.00020480211109037095,5,9,7,1.0,Antalis,Turritellinella,Mollusca,Mollusca
hypselodoris_krakatoa,nembrotha_cristata,6,1.4,4.3,4.39,4.524558463797115e-05,0.00030875201701120877,5,6,6,0.0,Hypselodoris,Nembrotha,Mollusca,Mollusca
diodora_graeca,geitodoris_planata,6,1.5,4.0,4.39,4.6986896599148475e-05,0.00031871634690345624,6,6,5,0.167,Diodora,Geitodoris,Mollusca,Mollusca
fistularia_commersonii,priacanthus_hamrur,5,1.05,4.75,4.39,0.004519139186631493,0.014032420574784939,5,5,5,0.0,Fistularia,Priacanthus,Actinopterygii,Actinopterygii
ericaria_mediterranea,hamigera_hamigera,9,2.77,3.25,4.38,2.750568603166483e-05,0.00020101275397056044,5,9,6,1.0,Ericaria,Hamigera,,Porifera
atherina_boyeri,halichondria_bowerbanki,8,2.66,3.01,4.38,3.5275867760576906e-05,0.0002486795416405276,5,7,5,1.0,Atherina,Halichondria,Actinopterygii,Porifera
elysia_timida,haliotis_tuberculata,7,2.01,3.48,4.38,4.0078282516692384e-05,0.0002777417263626702,7,7,5,1.0,Elysia,Haliotis,Mollusca,Mollusca
dictyonella_incisa,gobius_geniporus,6,1.37,4.39,4.38,4.6446501989822054e-05,0.00031557105539251355,4,6,5,1.0,Dictyonella,Gobius,Porifera,Actinopterygii
diaphorodoris_papillata,sycon_raphanus,10,3.2,3.12,4.37,2.6152529093645903e-05,0.00019248278090038646,7,10,5,1.0,Diaphorodoris,Sycon,Mollusca,Porifera
chenopodiastrum_murale,pistacia_lentiscus,9,2.93,3.07,4.37,3.0873797175989195e-05,0.0002221047164894879,9,9,8,0.889,Chenopodiastrum,Pistacia,Plantae,Plantae
tricleocarpa_fragilis,zanardinia_typus,7,1.81,3.88,4.37,3.881063326781058e-05,0.00027011056575755756,5,6,5,1.0,Tricleocarpa,Zanardinia,Plantae,
galactites_tomentosus,thomisus_onustus,6,1.38,4.34,4.36,4.967492005753033e-05,0.00033390218159214216,4,5,6,0.833,Galactites,Thomisus,Plantae,Arachnida
conus_ventricosus,gibbula_ardens,6,1.47,4.08,4.36,5.1649163419694226e-05,0.00034511862552070375,6,6,5,1.0,Conus,Gibbula,Mollusca,Mollusca
caryophyllia_inornata,limaria_tuberculata,10,3.12,3.2,4.35,2.693454974554393e-05,0.00019751545950895245,6,10,5,1.0,Caryophyllia,Limaria,Cnidaria,Mollusca
achelous_hastatus,callista_chione,7,1.9,3.68,4.35,4.3444262347796346e-05,0.00029819600629200346,7,7,7,1.0,Achelous,Callista,Malacostraca,Mollusca
glycymeris_nummaria,patella_ulyssiponensis,6,1.75,3.43,4.35,0.009096937599365473,0.024573911393469646,6,6,6,1.0,Glycymeris,Patella,Mollusca,Mollusca
necora_puber,ocenebra_erinaceus,8,2.36,3.39,4.34,3.790763348028769e-05,0.0002646413166563485,7,8,6,0.375,Necora,Ocenebra,Malacostraca,Mollusca
donacilla_cornea,donax_variegatus,7,2.22,3.16,4.34,5.007077095699833e-05,0.0003361902959161928,5,7,5,0.857,Donacilla,Donax,Mollusca,Mollusca
parietaria_judaica,pistacia_lentiscus,6,1.51,3.98,4.34,5.8271650445796276e-05,0.00038205720892137693,5,6,5,0.833,Parietaria,Pistacia,Plantae,Plantae
corticium_candelabrum,cribrinopsis_crassa,10,3.13,3.2,4.33,2.9987086767794317e-05,0.0002165253222886206,9,10,6,1.0,Corticium,Cribrinopsis,Porifera,Cnidaria
ascidia_mentula,diaphorodoris_papillata,8,2.38,3.36,4.33,3.99441286481292e-05,0.00027701200317716565,7,8,5,1.0,Ascidia,Diaphorodoris,Animalia,Mollusca
crithmum_maritimum,eryngium_maritimum,8,2.53,3.16,4.33,4.1047614604742034e-05,0.00028347017101814536,4,7,6,1.0,Crithmum,Eryngium,Plantae,Plantae
cyperus_capitatus,paronychia_argentea,7,1.74,4.01,4.33,4.470429141424092e-05,0.0003055177782574723,5,7,5,0.571,Cyperus,Paronychia,Plantae,Plantae
galactites_tomentosus,parietaria_judaica,7,1.83,3.83,4.33,4.579793453190274e-05,0.00031177127281293643,7,7,5,0.714,Galactites,Parietaria,Plantae,Plantae
anadyomene_stellata,tricleocarpa_fragilis,7,2.14,3.27,4.33,5.0644209018134755e-05,0.00033936804651728687,7,7,6,1.0,Anadyomene,Tricleocarpa,Plantae,Plantae
patella_rustica,tritia_nitida,6,1.58,3.81,4.33,6.20310423610052e-05,0.00040285383641452407,5,6,6,1.0,Patella,Tritia,Mollusca,Mollusca
actinia_striata,caranx_crysos,5,1.18,4.25,4.33,0.007131571549771287,0.020226632088920244,5,5,5,1.0,Actinia,Caranx,Cnidaria,Actinopterygii
centaurea_aspera,petrosedum_sediforme,6,1.7,3.53,4.33,0.00796992218493131,0.022092031360959233,6,6,5,1.0,Centaurea,Petrosedum,Plantae,Plantae
filograna_implexa,turbicellepora_avicularis,10,3.21,3.11,4.32,3.178572560059555e-05,0.00022764159717089457,7,8,6,1.0,Filograna,Turbicellepora,Annelida,Bryozoa
miniacina_miniacea,stenopus_spinosus,9,2.93,3.07,4.32,3.635979998731233e-05,0.0002554610232199994,8,9,5,0.889,Miniacina,Stenopus,,Malacostraca
pagurus_anachoretus,sparisoma_cretense,8,2.39,3.34,4.32,4.1661528913085373e-05,0.00028715895518146987,7,8,7,0.5,Pagurus,Sparisoma,Malacostraca,Actinopterygii
diplodus_vulgaris,mytilus_galloprovincialis,8,2.57,3.12,4.32,4.353294663585681e-05,0.00029871758795861863,4,6,6,1.0,Diplodus,Mytilus,Actinopterygii,Mollusca
sicyonia_carinata,spondyliosoma_cantharus,7,2.07,3.38,4.32,5.099041173094013e-05,0.0003412922509976325,7,7,6,1.0,Sicyonia,Spondyliosoma,Malacostraca,Actinopterygii
ebenomitra_ebenus,patella_rustica,7,2.24,3.12,4.32,5.610697537981146e-05,0.0003698431076074726,6,7,6,1.0,Ebenomitra,Patella,Mollusca,Mollusca
patella_rustica,solecurtus_strigilatus,6,1.66,3.61,4.32,6.564283461835137e-05,0.0004228301436607521,6,6,6,1.0,Patella,Solecurtus,Mollusca,Mollusca
elysia_gordanae,placida_dendritica,6,1.78,3.38,4.32,0.009806519214171971,0.026118697911486,5,6,5,1.0,Elysia,Placida,Mollusca,Mollusca
haliclona_fulva,parazoanthus_axinellae,11,3.6,3.06,4.31,2.917757289210959e-05,0.00021157658965301302,7,11,5,1.0,Haliclona,Parazoanthus,Porifera,Cnidaria
matricaria_chamomilla,silybum_marianum,7,1.94,3.61,4.31,5.0806980328736904e-05,0.00034033893287469414,7,7,7,1.0,Matricaria,Silybum,Plantae,Plantae
cerastoderma_edule,donax_semistriatus,7,1.94,3.61,4.31,5.084035055993154e-05,0.0003404843475122866,4,6,5,1.0,Cerastoderma,Donax,Mollusca,Mollusca
euspira_nitida,pomatoschistus_pictus,7,1.95,3.59,4.31,5.1725312936620644e-05,0.00034552724988695606,5,6,6,0.429,Euspira,Pomatoschistus,Mollusca,Actinopterygii
polycyathus_muellerae,schizomavella_mamillata,5,0.97,5.15,4.31,0.0032441281264882216,0.010764301171772727,4,4,5,1.0,Polycyathus,Schizomavella,Cnidaria,Bryozoa
muricopsis_cristata,tricolia_speciosa,5,1.07,4.69,4.31,0.004761443905889284,0.014625323514479526,5,5,5,1.0,Muricopsis,Tricolia,Mollusca,Mollusca
gymnothorax_unicolor,thalassoma_pavo,6,1.85,3.25,4.31,0.011695320070192028,0.029995784059549703,6,6,5,0.667,Gymnothorax,Thalassoma,Actinopterygii,Actinopterygii
cyperus_capitatus,marcus_kochia_littorea,10,3.12,3.2,4.3,3.38468062889568e-05,0.00024010390835671054,5,10,5,0.4,Cyperus,Marcus-kochia,Plantae,Plantae
eupolymnia_nebulosa,pycnoclavella_communis,9,2.64,3.41,4.3,3.7041907654838936e-05,0.0002594464937662977,6,9,5,1.0,Eupolymnia,Pycnoclavella,Annelida,Animalia
cornularia_cornucopiae,lithophaga_lithophaga,8,2.22,3.6,4.3,4.230731751277183e-05,0.00029120942861572365,6,7,5,1.0,Cornularia,Lithophaga,Cnidaria,Mollusca
bifurcaria_bifurcata,necora_puber,8,2.29,3.5,4.3,4.313590990196159e-05,0.00029631085590278353,5,8,5,0.0,Bifurcaria,Necora,,Malacostraca
pitar_rudis,turritellinella_tricarinata,8,2.54,3.15,4.3,4.624015918645699e-05,0.00031433594730138616,7,8,5,0.875,Pitar,Turritellinella,Mollusca,Mollusca
bolma_rugosa,muraena_helena,7,1.8,3.88,4.3,5.0209269314023786e-05,0.00033700236903127454,4,7,6,1.0,Bolma,Muraena,Mollusca,Actinopterygii
pagurus_anachoretus,phallusia_mammillata,7,1.83,3.82,4.3,5.0497989944214406e-05,0.00033860487943270336,4,7,5,1.0,Pagurus,Phallusia,Malacostraca,Animalia
centaurea_aspera,portulaca_oleracea,7,2.01,3.49,4.3,5.448020078683174e-05,0.000360874945460336,6,6,7,1.0,Centaurea,Portulaca,Plantae,Plantae
spondylus_senegalensis,stenorhynchus_lanceolatus,7,2.13,3.28,4.3,5.7510331829530985e-05,0.00037783976436209227,6,6,5,0.0,Spondylus,Stenorhynchus,Mollusca,Malacostraca
cyrillia_linearis,flexopecten_hyalinus,6,1.55,3.88,4.3,6.855367088583389e-05,0.00043905142877093654,6,6,5,1.0,Cyrillia,Flexopecten,Mollusca,Mollusca
papillicardium_papillosum,tritia_nitida,6,1.83,3.27,4.3,0.011277395811581714,0.029145753478945165,6,6,6,1.0,Papillicardium,Tritia,Mollusca,Mollusca
periclimenes_scriptus,scorpaena_scrofa,9,2.96,3.04,4.29,4.1691888661460775e-05,0.0002873338323375764,6,8,5,1.0,Periclimenes,Scorpaena,Malacostraca,Actinopterygii
neverita_josephinia,ostrea_edulis,7,2.22,3.15,4.29,6.157496217676558e-05,0.00040050146469128853,6,7,6,1.0,Neverita,Ostrea,Mollusca,Mollusca
bituminaria_bituminosa,scirpoides_holoschoenus,9,2.71,3.32,4.28,4.032996879953223e-05,0.0002792339518950244,8,8,8,1.0,Bituminaria,Scirpoides,Plantae,Plantae
elysia_gordanae,pomatoschistus_bathi,8,2.34,3.42,4.28,4.7133762310755824e-05,0.0003195432209291069,6,8,5,1.0,Elysia,Pomatoschistus,Mollusca,Actinopterygii
edmundsella_pedata,homarus_gammarus,8,2.6,3.08,4.28,5.129548621979418e-05,0.0003430936596879452,7,8,7,1.0,Edmundsella,Homarus,Mollusca,Malacostraca
hippolyte_inermis,nerophis_ophidion,6,1.52,3.95,4.28,7.127108850426486e-05,0.00045365569810737217,5,6,5,0.167,Hippolyte,Nerophis,Malacostraca,Actinopterygii
amathia_verticillata,tricleocarpa_fragilis,6,1.58,3.79,4.28,7.489592961337077e-05,0.0004733547660291182,4,6,5,1.0,Amathia,Tricleocarpa,Bryozoa,Plantae
felimida_binza,gnathophyllum_elegans,6,1.69,3.55,4.28,7.785951153592026e-05,0.0004891866910440749,3,6,6,1.0,Felimida,Gnathophyllum,Mollusca,Malacostraca
tritia_corrugata,tritia_mutabilis,6,1.92,3.13,4.28,0.013750084137050145,0.034071769184477435,6,6,6,1.0,Tritia,Tritia,Mollusca,Mollusca
diodora_graeca,phorbas_fictitius,9,2.75,3.27,4.27,4.265034611882299e-05,0.0002933427148819632,6,9,5,0.889,Diodora,Phorbas,Mollusca,Porifera
petrosia_ficiformis,schizoporella_errata,9,2.98,3.02,4.27,4.4576325022545466e-05,0.00030472861164317815,7,9,7,1.0,Petrosia,Schizoporella,Porifera,Bryozoa
aglaophenia_tubiformis,eupolymnia_nebulosa,7,1.84,3.81,4.27,5.699676987248238e-05,0.0003750431732002205,6,7,5,1.0,Aglaophenia,Eupolymnia,Cnidaria,Annelida
haliclona_fulva,pleraplysilla_spinifera,7,2.0,3.5,4.27,6.011747502754412e-05,0.00039250629600868196,4,7,5,1.0,Haliclona,Pleraplysilla,Porifera,Porifera
tricleocarpa_fragilis,valonia_macrophysa,7,2.1,3.33,4.27,6.376010801659265e-05,0.00041257130329945736,4,7,5,1.0,Tricleocarpa,Valonia,Plantae,Plantae
barbatia_barbata,conger_conger,6,1.4,4.28,4.27,7.115279015793221e-05,0.00045307793706358734,4,4,5,1.0,Barbatia,Conger,Mollusca,Actinopterygii
alcedo_atthis,ardea_cinerea,6,1.7,3.52,4.27,8.193682979861897e-05,0.000510820419942643,6,6,5,1.0,Alcedo,Ardea,Aves,Aves
donax_vittatus,ostrea_edulis,6,1.7,3.52,4.27,8.193682979861897e-05,0.000510820419942643,6,6,5,0.0,Donax,Ostrea,Mollusca,Mollusca
callinectes_sapidus,mugil_cephalus,5,0.98,5.08,4.27,0.0034262975217942415,0.011253690084127835,5,5,5,1.0,Callinectes,Mugil,Malacostraca,Actinopterygii
calystegia_soldanella,sporobolus_pungens,9,2.8,3.21,4.26,4.441589742280451e-05,0.0003039074090809985,8,9,8,1.0,Calystegia,Sporobolus,Plantae,Plantae
edmundsella_pedata,parablennius_tentacularis,9,2.88,3.12,4.26,4.64020724810772e-05,0.0003152877828434101,4,8,5,1.0,Edmundsella,Parablennius,Mollusca,Actinopterygii
ensis_ensis,spisula_subtruncata,9,2.99,3.01,4.26,4.742265313215845e-05,0.0003210860612070046,7,9,7,1.0,Ensis,Spisula,Mollusca,Mollusca
anilocra_physodes,derbesia_tenuissima,7,1.92,3.64,4.26,6.233010022762033e-05,0.00040456796814596725,5,7,5,1.0,Anilocra,Derbesia,Malacostraca,Plantae
ischnura_elegans,sympetrum_fonscolombii,6,1.66,3.62,4.26,8.118616591107975e-05,0.0005071092133021055,6,6,6,1.0,Ischnura,Sympetrum,Insecta,Insecta
heteropriacanthus_fulgens,spondylus_senegalensis,6,1.65,3.64,4.26,8.16821375967766e-05,0.0005095910852214368,5,6,5,0.0,Heteropriacanthus,Spondylus,Actinopterygii,Mollusca
chthamalus_stellatus,pusia_zebrina,6,1.65,3.64,4.26,8.23581190063928e-05,0.0005130581702272468,5,6,5,0.0,Chthamalus,Pusia,Crustacea,Mollusca
donax_semistriatus,striarca_lactea,6,1.88,3.19,4.26,0.012690823164357656,0.03198841188770123,6,6,6,1.0,Donax,Striacta,Mollusca,Mollusca
bothus_podas,diplodus_cadenati,7,2.22,3.15,4.25,7.01828370694071e-05,0.00044779262083207664,7,7,5,0.0,Bothus,Diplodus,Actinopterygii,Actinopterygii
actinothoe_sphyrodeta,maja_brachydactyla,6,1.6,3.74,4.25,8.14334654658724e-05,0.0005083149629134355,6,6,6,0.333,Actinothoe,Maja,Cnidaria,Malacostraca
alopochen_aegyptiaca,fulica_atra,6,1.61,3.72,4.25,8.296004015347361e-05,0.0005159987293942757,4,6,5,0.667,Alopochen,Fulica,Aves,Aves
felimida_binza,luria_lurida,8,2.65,3.02,4.24,6.14577441780311e-05,0.0003999422674284525,7,7,8,1.0,Felimida,Luria,Mollusca,Mollusca
berthella_plumula,chondria_coerulescens,6,1.53,3.91,4.24,8.219085320107687e-05,0.000512182347172438,4,6,5,0.0,Berthella,Chondria,Mollusca,Plantae
donacilla_cornea,mactra_corallina,5,1.18,4.24,4.24,0.00718758819383325,0.020346436107879343,5,5,5,1.0,Donacilla,Mactra,Mollusca,Mollusca
chthamalus_montagui,ocenebra_erinaceus,9,2.64,3.41,4.23,4.860389866261588e-05,0.00032794679287384326,7,9,8,0.111,Chthamalus,Ocenebra,Crustacea,Mollusca
diplosoma_spongiforme,necora_puber,7,2.12,3.3,4.23,7.397467424986271e-05,0.0004684574742898628,7,7,5,1.0,Diplosoma,Necora,Animalia,Malacostraca
chamelea_striatula,fabulina_fabula,5,1.15,4.35,4.23,0.006489785277512539,0.018757350237350524,5,5,5,0.2,Chamelea,Fabulina,Mollusca,Mollusca
ariosoma_balearicum,diplodus_cadenati,9,2.73,3.3,4.22,5.0827353329399165e-05,0.00034041709278298364,4,8,7,0.111,Ariosoma,Diplodus,Actinopterygii,Actinopterygii
bunodactis_verrucosa,phycis_phycis,9,2.86,3.14,4.22,5.393568300348653e-05,0.00035794725645104335,4,9,5,1.0,Bunodactis,Phycis,Cnidaria,Actinopterygii
donax_venustus,mactra_corallina,7,2.16,3.23,4.22,7.608998932436724e-05,0.0004796908793982929,7,7,5,1.0,Donax,Mactra,Mollusca,Mollusca
coryphoblennius_galerita,steromphala_umbilicalis,6,1.48,4.07,4.22,8.631439783272687e-05,0.0005337500744992735,5,6,5,0.167,Coryphoblennius,Steromphala,Actinopterygii,Mollusca
ellisolandia_elongata,hypnea_musciformis,6,1.68,3.57,4.22,9.592234517246889e-05,0.0005837940648343339,6,6,5,1.0,Ellisolandia,Hypnea,Plantae,Plantae
donax_variegatus,tritia_pellucida,6,1.74,3.45,4.22,9.821506654043029e-05,0.0005952008693173978,3,4,5,1.0,Donax,Tritia,Mollusca,Mollusca
pomadasys_incisus,protula_tubularia,5,0.99,5.04,4.22,0.003541994274957716,0.011556925015640328,4,5,5,1.0,Pomadasys,Protula,Actinopterygii,Annelida
bispira_volutacornis,schizomavella_mamillata,5,1.51,3.3,4.22,0.019273338198398937,0.044558813040504734,5,5,5,1.0,Bispira,Schizomavella,Annelida,Bryozoa
aplidium_elegans,yungia_aurantiaca,9,2.85,3.15,4.21,5.426953216630361e-05,0.0003598104962987363,5,8,7,1.0,Aplidium,Yungia,Animalia,Platyhelminthes
asparagus_acutifolius,asplenium_onopteris,8,2.54,3.15,4.21,6.530540431756353e-05,0.00042100972574149914,6,8,5,1.0,Asparagus,Asplenium,Plantae,Plantae
buglossidium_luteum,uranoscopus_scaber,7,1.85,3.79,4.21,7.288138988511998e-05,0.0004623982619410377,4,6,5,1.0,Buglossidium,Uranoscopus,Actinopterygii,Actinopterygii
caryophyllia_inornata,semicassis_undulata,6,1.41,4.26,4.21,8.86478717767559e-05,0.0005460401764513387,4,6,5,1.0,Caryophyllia,Semicassis,Cnidaria,Mollusca
celtis_australis,plantago_lagopus,6,1.77,3.39,4.21,0.00010153276210302353,0.000612503551621549,5,4,5,1.0,Celtis,Plantago,Plantae,Plantae
periclimenes_scriptus,pinnoctopus_macropus,9,2.83,3.19,4.2,5.5880367632794304e-05,0.0003686235611983758,5,9,7,0.778,Periclimenes,Pinnoctopus,Malacostraca,Mollusca
berthella_plumula,marsenia_perspicua,9,2.98,3.02,4.2,5.908339859591939e-05,0.0003866721866863175,6,8,9,0.0,Berthella,Marsenia,Mollusca,Mollusca
bolinus_brandaris,galeodea_echinophora,8,2.23,3.59,4.2,6.23808189656324e-05,0.00040487435876713894,7,8,8,1.0,Bolinus,Galeodea,Mollusca,Mollusca
conger_conger,torpedo_torpedo,6,1.9,3.15,4.2,0.013283802476565021,0.033153101830810154,5,5,6,1.0,Conger,Torpedo,Actinopterygii,Elasmobranchii
moerella_pulchella,scrobicularia_plana,6,1.96,3.06,4.2,0.01519764376228383,0.03687198534222362,5,6,6,1.0,Moerella,Scrobicularia,Mollusca,Mollusca
dendroxea_lenis,pleraplysilla_spinifera,8,2.62,3.05,4.19,7.112410831303467e-05,0.00045294537170231325,5,8,6,1.0,Dendroxea,Pleraplysilla,Porifera,Porifera
caryophyllia_smithii,stolonica_socialis,6,1.62,3.69,4.19,0.00010417205470052547,0.0006259342507546725,5,6,5,0.0,Caryophyllia,Stolonica,Cnidaria,Animalia
cribrinopsis_crassa,prostheceraeus_vittatus,10,3.33,3.0,4.18,5.596282368435228e-05,0.000368956228667284,4,9,7,1.0,Cribrinopsis,Prostheceraeus,Cnidaria,Platyhelminthes
lipophrys_pholis,xantho_hydrophilus,8,2.38,3.36,4.18,6.960676885257679e-05,0.00044475752628354165,7,8,6,0.25,Lipophrys,Xantho,Actinopterygii,Malacostraca
bromus_diandrus,bromus_hordeaceus,7,1.93,3.64,4.18,8.140943224900699e-05,0.0005081924807810676,4,5,5,1.0,Bromus,Bromus,Plantae,Plantae
halocynthia_papillosa,hexadella_topsenti,7,2.02,3.46,4.18,8.352390973605722e-05,0.0005188056557520212,6,7,5,1.0,Halocynthia,Hexadella,Animalia,Porifera
prostheceraeus_roseus,salpa_fusiformis,7,2.04,3.43,4.18,8.488103935165471e-05,0.0005261573988414328,4,6,7,1.0,Prostheceraeus,Salpa,Platyhelminthes,Animalia
hirschfeldia_incana,lobularia_maritima,5,1.03,4.84,4.18,0.004192055384287907,0.013206671091979438,5,5,5,0.0,Hirschfeldia,Lobularia,Plantae,Plantae
sarcodictyon_catenatum,thylacodes_arenarius,5,1.26,3.98,4.18,0.00932391794137799,0.02507476171899972,4,5,5,1.0,Sarcodictyon,Thylacodes,Cnidaria,Mollusca
axinella_polypoides,simnia_spelta,8,2.17,3.69,4.17,6.968289772820662e-05,0.0004450958388711641,5,8,6,1.0,Axinella,Simnia,Porifera,Mollusca
acanthocardia_tuberculata,bittium_reticulatum,10,3.33,3.01,4.16,5.895876336158501e-05,0.0003859253053584113,9,9,8,1.0,Acanthocardia,Bittium,Mollusca,Mollusca
columbella_rustica,lissoclinum_weigelei,9,2.82,3.2,4.16,6.613726644725444e-05,0.0004255866415566945,4,7,7,1.0,Columbella,Lissoclinum,Mollusca,Animalia
pomadasys_incisus,spondylus_gaederopus,8,2.29,3.49,4.16,7.34918354400524e-05,0.0004657070082527941,5,7,7,1.0,Pomadasys,Spondylus,Actinopterygii,Mollusca
pagurus_prideaux,petalifera_petalifera,8,2.6,3.08,4.16,8.14533851270819e-05,0.000508324380163916,5,7,6,0.875,Pagurus,Petalifera,Malacostraca,Mollusca
chelidonichthys_lastoviza,nemesignis_banyulensis,6,1.52,3.95,4.16,0.00010874484250065399,0.0006492118378735214,5,5,5,1.0,Chelidonichthys,Nemesignis,Actinopterygii,Mollusca
dardanus_calidus,lepadogaster_lepadogaster,6,1.7,3.52,4.16,0.00012002330504883566,0.0007052876732897763,3,6,5,1.0,Dardanus,Lepadogaster,Malacostraca,Actinopterygii
polititapes_rhomboides,venerupis_corrugata,5,1.14,4.37,4.16,0.006363479070116473,0.018461765413223658,4,5,5,0.0,Polititapes,Venerupis,Mollusca,Mollusca
coryphoblennius_galerita,xantho_hydrophilus,8,2.39,3.35,4.15,7.738609129186343e-05,0.0004865571828405738,7,8,5,0.25,Coryphoblennius,Xantho,Actinopterygii,Malacostraca
hedera_helix,quercus_ilex,8,2.57,3.12,4.15,8.111220950119163e-05,0.0005067490601564486,6,6,6,1.0,Hedera,Quercus,Plantae,Plantae
pagellus_acarne,solecurtus_strigilatus,8,2.55,3.14,4.15,8.124812989321748e-05,0.0005073780115035899,6,8,5,1.0,Pagellus,Solecurtus,Actinopterygii,Mollusca
dosinia_lupinus,epitonium_clathrus,8,2.53,3.17,4.15,8.125846565178663e-05,0.0005074150510568826,7,8,6,1.0,Dosinia,Epitonium,Mollusca,Mollusca
diaphorodoris_alba,phorbas_topsenti,7,2.17,3.23,4.15,9.773719411389444e-05,0.0005927726091443587,6,6,7,1.0,Diaphorodoris,Phorbas,Mollusca,Porifera
aplysilla_rosea,berthella_plumula,6,1.43,4.2,4.15,0.00011130891566560906,0.0006623570413399187,6,6,6,0.167,Aplysilla,Berthella,Porifera,Mollusca
pecten_jacobaeus,solecurtus_strigilatus,6,1.51,3.97,4.15,0.00011184380490532655,0.0006651276946269481,6,6,6,1.0,Pecten,Solecurtus,Mollusca,Mollusca
condylactis_aurantiaca,gobius_xanthocephalus,9,2.73,3.3,4.14,6.938628402346585e-05,0.0004436439929314774,4,8,6,1.0,Condylactis,Gobius,Cnidaria,Actinopterygii
acteon_tornatilis,euspira_macilenta,8,2.55,3.14,4.14,8.576726295200303e-05,0.0005308225938069495,6,8,6,1.0,Acteon,Euspira,Mollusca,Mollusca
pomatoschistus_pictus,trapania_lineata,8,2.61,3.07,4.14,8.77362593130262e-05,0.0005411772778228768,5,8,5,0.0,Pomatoschistus,Trapania,Actinopterygii,Mollusca
hacelia_attenuata,platydoris_argo,6,1.46,4.12,4.14,0.00011277614269114527,0.0006696697460229215,5,6,6,1.0,Hacelia,Platydoris,Echinodermata,Mollusca
bispira_volutacornis,manupecten_pesfelis,5,1.1,4.53,4.14,0.005527616540267677,0.016472749130968946,5,5,5,1.0,Bispira,Manupecten,Annelida,Mollusca
sicyonia_carinata,synapturichthys_kleinii,6,1.88,3.19,4.14,0.012560632687664164,0.03172209593453311,3,6,5,1.0,Sicyonia,Synapturichthys,Malacostraca,Actinopterygii
carduus_pycnocephalus,sonchus_oleraceus,5,1.52,3.28,4.14,0.019666730853941883,0.04526302663611796,5,5,5,1.0,Carduus,Sonchus,Plantae,Plantae
caloria_quatrefagesi,centrolabrus_melanocercus,8,2.45,3.27,4.13,8.658109335925334e-05,0.0005350874543919095,6,8,6,1.0,Caloria,Centrolabrus,Mollusca,Actinopterygii
echinocardium_cordatum,turritellinella_tricarinata,7,1.93,3.63,4.13,9.827829669367033e-05,0.0005955527269632106,5,5,5,1.0,Echinocardium,Turritellinella,Echinodermata,Mollusca
hordeum_murinum,plantago_lanceolata,5,1.28,3.91,4.13,0.010035397236655919,0.026604945420589308,5,5,5,0.4,Hordeum,Plantago,Plantae,Plantae
tritia_corrugata,tritia_reticulata,7,1.96,3.57,4.12,0.00010264567893916325,0.0006179553091820319,5,7,5,1.0,Tritia,Tritia,Mollusca,Mollusca
amphorina_farrani,felimare_fontandraui,7,2.03,3.45,4.12,0.00010659817452740368,0.0006385138095073578,4,7,6,1.0,Amphorina,Felimare,Mollusca,Mollusca
mesochaetopterus_rogeri,pagellus_acarne,7,2.09,3.35,4.12,0.00010891773851947997,0.0006500082443223255,4,6,5,1.0,Mesochaetopterus,Pagellus,Annelida,Actinopterygii
donax_vittatus,euspira_nitida,6,1.68,3.58,4.12,0.0001364685541021503,0.000786439822746417,6,6,6,0.167,Donax,Euspira,Mollusca,Mollusca
ciona_edwardsi,diaphorodoris_papillata,5,1.41,3.55,4.12,0.014539833315971529,0.03560974844986467,5,5,5,1.0,Ciona,Diaphorodoris,Animalia,Mollusca
cinetorhynchus_rigens,heteropriacanthus_fulgens,7,2.19,3.2,4.11,0.00011536398287311453,0.0006824334933460481,5,6,6,0.0,Cinetorhynchus,Heteropriacanthus,Malacostraca,Actinopterygii
echinolittorina_punctata,ensis_minor,5,1.35,3.7,4.11,0.012368141670726307,0.03134590357784128,4,5,5,1.0,Echinolittorina,Ensis,Mollusca,Mollusca
berthella_plumula,geitodoris_planata,9,2.84,3.17,4.1,8.403358698022589e-05,0.0005216621055323819,9,9,7,0.0,Berthella,Geitodoris,Mollusca,Mollusca
donax_trunculus,schizoporella_errata,8,2.5,3.2,4.1,9.752496972535421e-05,0.0005918282033417461,5,8,5,1.0,Donax,Schizoporella,Mollusca,Bryozoa
cymodocea_nodosa,hemimycale_columella,7,1.87,3.74,4.1,0.00010710939358041111,0.0006409760832184137,6,7,6,1.0,Cymodocea,Hemimycale,Plantae,Porifera
acteon_tornatilis,tritia_varicosa,7,2.11,3.32,4.1,0.0001169422346672982,0.0006901041492988127,6,7,5,0.857,Acteon,Tritia,Mollusca,Mollusca
atherina_boyeri,tritia_mutabilis,6,1.53,3.91,4.1,0.00013504270956551085,0.0007797834851779416,5,6,6,1.0,Atherina,Tritia,Actinopterygii,Mollusca
donax_vittatus,trivia_monacha,6,1.66,3.61,4.1,0.000141782159524447,0.0008116209642660566,5,6,5,0.0,Donax,Trivia,Mollusca,Mollusca
scopalina_lophyropoda,spondylus_gaederopus,10,3.22,3.11,4.09,7.440106355187608e-05,0.0004706980569007566,7,9,5,1.0,Scopalina,Spondylus,Porifera,Mollusca
mesophyllum_expansum,platydoris_argo,7,1.99,3.51,4.09,0.00011798465462792843,0.0006951874054703288,7,7,6,1.0,Mesophyllum,Platydoris,Plantae,Mollusca
necora_puber,porcellana_platycheles,7,2.12,3.31,4.09,0.00012233081560789874,0.0007167268108270541,6,7,6,0.714,Necora,Porcellana,Malacostraca,Malacostraca
actitis_hypoleucos,plegadis_falcinellus,5,1.29,3.89,4.09,0.010218786370237543,0.026983086135296385,4,5,5,1.0,Actitis,Plegadis,Aves,Aves
bulla_striata,steromphala_rarilineata,8,2.54,3.14,4.08,0.00010608965386126848,0.0006358976318123607,8,8,6,1.0,Bulla,Steromphala,Mollusca,Mollusca
agelas_oroides,aplidium_conicum,8,2.62,3.06,4.08,0.0001084760997880254,0.0006478760226025028,3,8,6,1.0,Agelas,Aplidium,Porifera,Animalia
mycteroperca_fusca,stenorhynchus_lanceolatus,7,2.02,3.47,4.08,0.00012115268370351527,0.000710981293534704,6,7,6,0.0,Mycteroperca,Stenorhynchus,Actinopterygii,Malacostraca
ilia_nucleus,luria_lurida,7,2.03,3.44,4.08,0.00012223610614950839,0.0007163176343073384,6,7,5,1.0,Ilia,Luria,Malacostraca,Mollusca
thuridilla_hopei,trinchesia_caerulea,5,1.12,4.46,4.08,0.0058738851875469456,0.017303681416272233,5,5,5,1.0,Thuridilla,Trinchesia,Mollusca,Mollusca
ophisurus_serpens,pegusa_nasuta,9,2.97,3.04,4.07,9.433370610008567e-05,0.0005755240310095996,8,9,5,1.0,Ophisurus,Pegusa,Actinopterygii,Actinopterygii
sonchus_oleraceus,washingtonia_robusta,6,1.62,3.69,4.07,0.0001563106534119286,0.000881602492689113,6,6,6,0.167,Sonchus,Washingtonia,Plantae,Plantae
cerastoderma_glaucum,ensis_minor,5,1.21,4.14,4.07,0.00791424443616695,0.021974178541024233,5,5,5,1.0,Cerastoderma,Ensis,Mollusca,Mollusca
cerianthus_membranaceus,flabellina_affinis,5,1.23,4.06,4.07,0.00862734190237524,0.023537442299961527,4,4,5,1.0,Cerianthus,Flabellina,Cnidaria,Mollusca
bituminaria_bituminosa,geranium_rotundifolium,9,2.91,3.09,4.06,9.531785694971885e-05,0.0005806979583307991,6,8,5,0.889,Bituminaria,Geranium,Plantae,Plantae
diplosoma_spongiforme,tridentata_perpusilla,9,2.96,3.04,4.06,9.646437831943795e-05,0.0005864732830182347,8,9,7,1.0,Diplosoma,Tridentata,Animalia,Cnidaria
mactra_stultorum,papillicardium_papillosum,8,2.5,3.2,4.06,0.0001118779998088751,0.0006652967062396968,8,8,5,1.0,Mactra,Papillicardium,Mollusca,Mollusca
cymodocea_nodosa,paranemonia_cinerea,7,2.16,3.23,4.06,0.00013516595800462962,0.0007804169310863204,5,7,7,1.0,Cymodocea,Paranemonia,Plantae,Cnidaria
hermodice_carunculata,scorpaena_notata,7,2.24,3.12,4.06,0.0001376157868221268,0.0007919816717482413,4,6,5,0.857,Hermodice,Scorpaena,Annelida,Actinopterygii
calliactis_parasitica,holothuria_sanctori,7,2.26,3.1,4.06,0.00013917107858186833,0.0007994148851688054,5,7,7,0.857,Calliactis,Holothuria,Cnidaria,Echinodermata
foeniculum_vulgare,graphosoma_semipunctatum,5,1.22,4.09,4.06,0.00833920029926516,0.022912762796072968,4,5,5,1.0,Foeniculum,Graphosoma,Plantae,Insecta
dalophis_imberbis,sicyonia_carinata,5,1.31,3.82,4.06,0.010898370020765435,0.028375614615053252,5,5,5,1.0,Dalophis,Sicyonia,Actinopterygii,Malacostraca
microlipophrys_dalmatinus,polysyncraton_lacazei,8,2.38,3.36,4.05,0.00011212168315345991,0.0006663674363398264,5,7,5,1.0,Microlipophrys,Polysyncraton,Actinopterygii,Animalia
bunodactis_verrucosa,perforatus_perforatus,8,2.62,3.06,4.05,0.00011757527226425138,0.0006929879088269118,7,8,6,0.625,Bunodactis,Perforatus,Cnidaria,Crustacea
berthellina_edwardsii,xantho_poressa,7,1.9,3.69,4.05,0.00012938197599482074,0.00075207231255398,7,7,5,0.857,Berthellina,Xantho,Mollusca,Malacostraca
hoplangia_durotrix,oscarella_lobularis,7,2.17,3.22,4.05,0.0001402084099638893,0.0008043702989040818,4,7,5,1.0,Hoplangia,Oscarella,Cnidaria,Porifera
chelonaplysilla_noevus,styela_plicata,6,1.59,3.76,4.05,0.00016300185113802287,0.0009141498032569753,5,6,5,1.0,Chelonaplysilla,Styela,Porifera,Animalia
berthella_plumula,lineus_longissimus,6,1.72,3.49,4.05,0.0001718838524948034,0.0009566504344563183,6,6,6,0.0,Berthella,Lineus,Mollusca,Animalia
donax_semistriatus,ruditapes_decussatus,6,1.86,3.22,4.05,0.0001878008061110718,0.0010304045371824506,5,5,6,1.0,Donax,Ruditapes,Mollusca,Mollusca
arundo_donax,eryngium_maritimum,9,2.84,3.17,4.04,0.00010141225980317439,0.0006119688847291867,7,8,7,1.0,Arundo,Eryngium,Plantae,Plantae
phorbas_topsenti,scartella_cristata,8,2.49,3.21,4.04,0.00012114075857245006,0.0007109681518559018,5,8,5,0.875,Phorbas,Scartella,Porifera,Actinopterygii
luria_lurida,scartella_cristata,8,2.51,3.18,4.03,0.0001248978107019066,0.0007295405052021725,6,8,5,0.375,Luria,Scartella,Mollusca,Actinopterygii
acanthocardia_tuberculata,echinocyamus_pusillus,7,2.12,3.3,4.03,0.0001506929931888073,0.0008543101022254493,5,7,6,1.0,Acanthocardia,Echinocyamus,Mollusca,Echinodermata
dysidea_fragilis,suberites_massa,5,1.15,4.36,4.03,0.00642269834101572,0.018597977621675883,3,5,5,0.8,Dysidea,Suberites,Porifera,Porifera
echiichthys_vipera,pagellus_acarne,8,2.36,3.39,4.02,0.00012295758883580735,0.0007199230567310606,7,7,5,1.0,Echiichthys,Pagellus,Actinopterygii,Actinopterygii
bittium_reticulatum,haloa_japonica,6,1.64,3.66,4.02,0.0001864916107032218,0.0010242457818198877,3,6,5,1.0,Bittium,Haloa,Mollusca,Mollusca
barbatia_barbata,spirobranchus_triqueter,7,1.9,3.69,4.01,0.00015058802970083926,0.0008537990734610702,6,7,6,1.0,Barbatia,Spirobranchus,Mollusca,Annelida
aglaophenia_pluma,eunicella_verrucosa,7,2.1,3.33,4.01,0.00016142547526221685,0.0009065448207130949,7,7,6,0.571,Aglaophenia,Eunicella,Cnidaria,Cnidaria
barnea_candida,spisula_subtruncata,9,2.89,3.11,4.0,0.00012179666431331887,0.0007142147467958663,9,9,7,0.667,Barnea,Spisula,Mollusca,Mollusca
elysia_timida,phorbas_topsenti,8,2.66,3.0,4.0,0.00014640276203308094,0.0008336389777213847,7,8,6,1.0,Elysia,Phorbas,Mollusca,Porifera
halcampoides_purpureus,oestergrenia_digitata,7,2.03,3.44,4.0,0.00016205182519382893,0.0009094416635634191,4,7,6,1.0,Halcampoides,Oestergrenia,Cnidaria,Echinodermata
microcosmus_polymorphus,palaemon_serratus,6,1.52,3.95,4.0,0.00019031792037428168,0.0010417839826474746,3,5,5,0.833,Microcosmus,Palaemon,Animalia,Malacostraca
dosinia_exoleta,gibbula_magus,6,1.68,3.57,4.0,0.00020056192432718422,0.0010880873995850685,6,6,6,0.5,Dosinia,Gibbula,Mollusca,Mollusca
monochirus_hispidus,pagurus_prideaux,8,2.66,3.01,3.99,0.00014843317439647288,0.000843407912363564,5,8,6,1.0,Monochirus,Pagurus,Actinopterygii,Malacostraca
acanthocardia_aculeata,laevicardium_crassum,6,1.64,3.65,3.99,0.00020347387561542483,0.0011010335540817004,6,6,6,0.5,Acanthocardia,Laevicardium,Mollusca,Mollusca
platybelone_argalus,scartella_cristata,6,1.82,3.3,3.99,0.00021953422882343786,0.00117524262534272,3,6,5,0.0,Platybelone,Scartella,Actinopterygii,Actinopterygii
limaria_tuberculata,planocera_ceratommata,6,1.78,3.38,3.99,0.00022071505894750531,0.0011805217350382283,3,6,5,1.0,Limaria,Planocera,Mollusca,Platyhelminthes
pistacia_lentiscus,quercus_suber,5,1.14,4.38,3.99,0.00631497617568999,0.018348773369925842,4,5,5,1.0,Pistacia,Quercus,Plantae,Plantae
hedera_helix,parietaria_officinalis,5,1.19,4.21,3.99,0.0074022110440309374,0.020828754575978263,4,5,5,1.0,Hedera,Parietaria,Plantae,Plantae
convolvulus_althaeoides,cynodon_dactylon,6,1.61,3.73,3.98,0.00021126978495744205,0.0011375548843819945,6,6,5,1.0,Convolvulus,Cynodon,Plantae,Plantae
bothus_podas,pagrus_auriga,6,1.67,3.59,3.98,0.00021351970234880389,0.0011478452538213535,4,5,6,1.0,Bothus,Pagrus,Actinopterygii,Actinopterygii
aplysina_aerophoba,pomadasys_incisus,6,1.69,3.54,3.98,0.00021692659314502958,0.0011639080505620944,3,6,5,0.0,Aplysina,Pomadasys,Porifera,Actinopterygii
perforatus_perforatus,siphonaria_pectinata,8,2.52,3.17,3.97,0.00015204955031600763,0.0008606454279273494,6,7,5,0.0,Perforatus,Siphonaria,Crustacea,Mollusca
athanas_nitescens,pisidia_bluteli,7,2.28,3.07,3.97,0.00019133722682317626,0.001046269882235485,7,7,5,1.0,Athanas,Pisidia,Malacostraca,Malacostraca
chaetaster_longipes,hacelia_attenuata,8,2.66,3.01,3.96,0.00016425150802501173,0.0009202621695610082,8,8,6,1.0,Chaetaster,Hacelia,Echinodermata,Echinodermata
antipathozoanthus_macaronesicus,xyrichtys_novacula,8,2.56,3.12,3.96,0.00016427509307191288,0.0009203495512452779,3,8,7,0.0,Antipathozoanthus,Xyrichtys,Cnidaria,Actinopterygii
smaragdia_viridis,steromphala_umbilicaris,6,1.75,3.42,3.96,0.00023676845633419723,0.0012514531677154,5,6,6,1.0,Smaragdia,Steromphala,Mollusca,Mollusca
botryllus_schlosseri,phorbas_fictitius,7,1.99,3.52,3.95,0.00019112318157615943,0.0010453710979835048,4,7,5,0.857,Botryllus,Phorbas,Animalia,Porifera
acteon_tornatilis,mactra_stultorum,7,2.08,3.36,3.95,0.0001914496827642132,0.0010466364187903202,6,7,7,0.714,Acteon,Mactra,Mollusca,Mollusca
hermodice_carunculata,semicassis_undulata,6,1.78,3.37,3.95,0.00024786049243872513,0.00130124499502875,5,6,5,1.0,Hermodice,Semicassis,Annelida,Mollusca
ciona_edwardsi,smittina_cervicornis,6,1.96,3.06,3.95,0.00026559643684524395,0.0013785966352186053,3,6,5,1.0,Ciona,Smittina,Animalia,Bryozoa
condylactis_aurantiaca,peltodoris_atromaculata,5,1.07,4.65,3.95,0.004939127372887153,0.015047130235781876,5,5,5,1.0,Condylactis,Peltodoris,Cnidaria,Mollusca
dysidea_fragilis,obelia_geniculata,5,1.18,4.22,3.95,0.007349962888760664,0.02070939723229348,5,5,5,0.2,Dysidea,Obelia,Porifera,Cnidaria
microcosmus_polymorphus,phorbas_topsenti,5,1.4,3.56,3.95,0.014433492455842245,0.035408020802002727,5,5,5,1.0,Microcosmus,Phorbas,Animalia,Porifera
myxicola_infundibulum,rugulopteryx_okamurae,8,2.5,3.2,3.94,0.00016945786743857084,0.0009451154109591726,5,7,5,1.0,Myxicola,Rugulopteryx,Annelida,
aglaophenia_elongata,mactra_stultorum,8,2.54,3.14,3.94,0.00017237461203002607,0.0009579933814610991,3,6,5,1.0,Aglaophenia,Mactra,Cnidaria,Mollusca
condylactis_aurantiaca,spondyliosoma_cantharus,6,1.47,4.07,3.94,0.0002297351532554305,0.0012206064011270864,4,6,6,1.0,Condylactis,Spondyliosoma,Cnidaria,Actinopterygii
loligo_vulgaris,scorpaena_scrofa,6,1.81,3.32,3.94,0.00026349993960449446,0.0013694341607883873,3,6,6,1.0,Loligo,Scorpaena,Mollusca,Actinopterygii
philinopsis_depicta,solea_senegalensis,6,1.96,3.07,3.94,0.0002767943589291212,0.0014273255874735226,5,6,5,1.0,Philinopsis,Solea,Mollusca,Actinopterygii
axinella_damicornis,sphacelaria_tribuloides,8,2.58,3.1,3.93,0.00017955626674563227,0.0009913068555213408,4,8,7,1.0,Axinella,Sphacelaria,Porifera,
donax_trunculus,papillicardium_papillosum,8,2.66,3.01,3.93,0.00018167574268461851,0.001001332949188646,7,8,7,1.0,Donax,Papillicardium,Mollusca,Mollusca
pachycerianthus_solitarius,paraflabellina_ischitana,7,2.15,3.26,3.93,0.00021341166269831546,0.0011473715320840364,5,7,6,1.0,Pachycerianthus,Paraflabellina,Cnidaria,Mollusca
haliclona_mediterranea,holothuria_sanctori,6,1.87,3.21,3.93,0.00027526629095636315,0.0014209695650551982,4,6,5,0.833,Haliclona,Holothuria,Porifera,Echinodermata
chama_gryphoides,notocochlis_dillwynii,5,1.3,3.84,3.93,0.010759666666320888,0.028089388806155403,5,5,5,1.0,Chama,Notocochlis,Mollusca,Mollusca
herbstia_condyliata,hermodice_carunculata,7,2.29,3.06,3.92,0.00023250592296558087,0.0012324857290446224,7,7,6,1.0,Herbstia,Hermodice,Malacostraca,Annelida
halichondria_panicea,trivia_monacha,7,2.29,3.05,3.92,0.00023256800620490725,0.001232701384257195,5,6,5,0.0,Halichondria,Trivia,Porifera,Mollusca
haliotis_tuberculata,hippocampus_hippocampus,6,1.49,4.04,3.92,0.00024236233063461952,0.001277211012233233,3,5,5,1.0,Haliotis,Hippocampus,Mollusca,Actinopterygii
homarus_gammarus,stenopus_spinosus,6,1.66,3.61,3.92,0.0002626905729944573,0.0013655974356415984,5,6,6,1.0,Homarus,Stenopus,Malacostraca,Malacostraca
pitar_rudis,timoclea_ovata,5,1.3,3.84,3.92,0.01074807021554014,0.02806483864712344,5,5,5,1.0,Pitar,Timoclea,Mollusca,Mollusca
chloromyia_formosa,runcinia_grammica,5,1.39,3.6,3.92,0.01379002992722167,0.03415312167287912,5,5,5,1.0,Chloromyia,Runcinia,Insecta,Arachnida
aplysilla_sulfurea,pawsonia_saxicola,7,2.1,3.34,3.91,0.00022398211983034333,0.0011954429526492877,5,6,6,0.0,Aplysilla,Pawsonia,Porifera,Echinodermata
pagurus_prideaux,sabella_pavonina,6,1.59,3.78,3.91,0.00026489600331749665,0.0013754486485865094,6,6,6,0.667,Pagurus,Sabella,Malacostraca,Annelida
asparagopsis_taxiformis,rugulopteryx_okamurae,6,1.62,3.7,3.91,0.0002700023747456523,0.0013977421398489317,4,6,6,1.0,Asparagopsis,Rugulopteryx,Plantae,
crematogaster_scutellaris,pyrrhocoris_apterus,6,1.62,3.7,3.91,0.00027066550623710937,0.0014005456782491892,6,6,6,1.0,Crematogaster,Pyrrhocoris,Insecta,Insecta
bolma_rugosa,cardita_calyculata,6,1.65,3.63,3.91,0.00027353967573738483,0.0014131963228687242,6,6,5,1.0,Bolma,Cardita,Mollusca,Mollusca
galathea_strigosa,phallusia_mammillata,5,1.29,3.87,3.91,0.0103843114901212,0.027312486493639935,5,5,5,1.0,Galathea,Phallusia,Malacostraca,Animalia
eryngium_maritimum,glycymeris_nummaria,5,1.33,3.77,3.91,0.011495287092132767,0.02958476988052774,5,5,5,0.8,Eryngium,Glycymeris,Plantae,Mollusca
laevicardium_crassum,tritia_reticulata,7,2.06,3.4,3.9,0.0002297332845581239,0.0012206064011270864,5,7,5,0.857,Laevicardium,Tritia,Mollusca,Mollusca
aplidium_elegans,diodora_graeca,6,1.62,3.7,3.9,0.0002739526248083717,0.0014150759175188831,6,6,5,0.167,Aplidium,Diodora,Animalia,Mollusca
eudendrium_racemosum,felimare_villafranca,5,1.35,3.7,3.9,0.012369480168387459,0.03134791661135353,5,5,5,1.0,Eudendrium,Felimare,Cnidaria,Mollusca
passer_montanus,phoenicurus_ochruros,8,2.63,3.04,3.89,0.00021017941414600577,0.0011324778647994224,5,8,5,1.0,Passer,Phoenicurus,Aves,Aves
donax_venustus,patella_rustica,6,1.59,3.77,3.89,0.00028113636898144053,0.0014462817831623594,6,6,5,1.0,Donax,Patella,Mollusca,Mollusca
anas_platyrhynchos,phragmites_australis,7,2.32,3.02,3.88,0.00026256614384445034,0.0013650121857155262,6,7,5,0.714,Anas,Phragmites,Aves,Plantae
papilloculiceps_longiceps,pterois_miles,5,1.22,4.11,3.88,0.008188273138295288,0.022574528408935084,4,5,5,0.0,Papilloculiceps,Pterois,Actinopterygii,Actinopterygii
calliactis_parasitica,phallusia_fumigata,8,2.41,3.32,3.87,0.0002118516896774008,0.001140101931965959,6,8,7,0.875,Calliactis,Phallusia,Cnidaria,Animalia
donax_vittatus,fabulina_fabula,7,2.23,3.14,3.87,0.00026472257695261687,0.0013747340315204324,7,7,6,0.286,Donax,Fabulina,Mollusca,Mollusca
asparagopsis_armata,sargassum_muticum,6,1.89,3.18,3.87,0.00033642074797110225,0.0016843338106088688,6,6,5,0.333,Asparagopsis,Sargassum,Plantae,
asparagopsis_armata,symphodus_melops,5,1.15,4.35,3.87,0.0064934586187039844,0.018766084005448005,4,5,5,0.4,Asparagopsis,Symphodus,Plantae,Actinopterygii
aloe_maculata,plantago_lagopus,5,1.46,3.42,3.87,0.016750195603524753,0.03984656674462017,5,5,5,1.0,Aloe,Plantago,Plantae,Plantae
axinella_polypoides,caryophyllia_smithii,7,2.16,3.24,3.86,0.00027012192721367873,0.0013981725525778247,6,7,5,1.0,Axinella,Caryophyllia,Porifera,Cnidaria
aplidium_elegans,bispira_volutacornis,5,1.34,3.73,3.86,0.01203946285611679,0.030687134643668335,4,5,5,1.0,Aplidium,Bispira,Animalia,Annelida
eurydema_oleracea,eurydema_ornata,5,1.53,3.27,3.86,0.019935886997477614,0.04575269782974244,4,5,5,1.0,Eurydema,Eurydema,Insecta,Insecta
clanculus_cruciatus,harmothoe_areolata,9,2.97,3.03,3.85,0.00020515309822630932,0.0011089221380408078,6,9,5,1.0,Clanculus,Harmothoe,Mollusca,Annelida
ascandra_contorta,smittina_cervicornis,8,2.36,3.39,3.85,0.00022157905429344478,0.0011843181484096693,5,7,6,1.0,Ascandra,Smittina,Porifera,Bryozoa
alicia_mirabilis,pagurus_cuanensis,6,1.62,3.7,3.85,0.0003256236708558188,0.001639274138143408,3,4,5,1.0,Alicia,Pagurus,Cnidaria,Malacostraca
lepadogaster_purpurea,xantho_hydrophilus,6,1.9,3.15,3.85,0.00036194264767984414,0.0017915033634074656,4,5,6,0.0,Lepadogaster,Xantho,Actinopterygii,Malacostraca
parasmittina_rouvillei,tricleocarpa_fragilis,8,2.63,3.04,3.84,0.00024673052844337946,0.001296317042859994,5,8,8,1.0,Parasmittina,Tricleocarpa,Bryozoa,Plantae
alicia_mirabilis,aplidium_elegans,7,2.25,3.11,3.84,0.00029655934670581933,0.0015137272032741342,4,7,5,1.0,Alicia,Aplidium,Cnidaria,Animalia
acteon_tornatilis,lutraria_lutraria,6,1.8,3.34,3.84,0.00035953399774301477,0.0017813415910883483,3,5,5,0.0,Acteon,Lutraria,Mollusca,Mollusca
trivia_monacha,turritellinella_tricarinata,8,2.53,3.16,3.83,0.00025123561370033143,0.001316230854101776,6,8,7,0.0,Trivia,Turritellinella,Mollusca,Mollusca
aplysina_cavernicola,oscarella_viridis,6,1.62,3.7,3.83,0.00034856061956680973,0.0017355567971895555,3,5,5,1.0,Aplysina,Oscarella,Porifera,Porifera
limaria_tuberculata,pitar_rudis,6,1.65,3.63,3.83,0.0003500888469360468,0.00174211202636691,6,6,6,0.833,Limaria,Pitar,Mollusca,Mollusca
luisella_babai,pagurus_anachoretus,6,1.8,3.34,3.83,0.00036430637838556177,0.0018008818715095581,6,6,6,0.833,Luisella,Pagurus,Mollusca,Malacostraca
naticarius_hebraeus,patella_ulyssiponensis,6,1.89,3.18,3.83,0.00038291457301137466,0.001877640694185852,6,5,6,1.0,Naticarius,Patella,Mollusca,Mollusca
clavularia_crassa,salpa_fusiformis,5,1.48,3.37,3.83,0.017719671483189425,0.04166160602357914,4,5,5,1.0,Clavularia,Salpa,Cnidaria,Animalia
cribrinopsis_crassa,homarus_gammarus,7,2.08,3.36,3.82,0.0002985291168178725,0.001522567220377465,7,7,7,1.0,Cribrinopsis,Homarus,Cnidaria,Malacostraca
echinolittorina_punctata,striarca_lactea,7,2.25,3.11,3.82,0.00032023730355371425,0.0016161125949974635,4,7,5,1.0,Echinolittorina,Striacta,Mollusca,Mollusca
dictyota_spiralis,oedalechilus_labeo,7,2.31,3.03,3.82,0.0003204691161543431,0.001616999126552424,6,7,5,1.0,Dictyota,Oedalechilus,,Actinopterygii
cerastoderma_edule,laevicardium_crassum,6,1.65,3.64,3.82,0.00035739455891167164,0.0017723422480676776,6,6,6,1.0,Cerastoderma,Laevicardium,Mollusca,Mollusca
ciona_edwardsi,tylodina_perversa,6,1.84,3.26,3.82,0.0003897808780099397,0.0019054704349595643,5,6,6,1.0,Ciona,Tylodina,Animalia,Mollusca
felimida_luteorosea,rudmania_krohni,6,1.96,3.07,3.82,0.0004022640773406671,0.0019555418501963967,5,6,6,1.0,Felimida,Rudmania,Mollusca,Mollusca
lobularia_maritima,melilotus_indicus,6,1.99,3.02,3.82,0.000412641204145011,0.0019975593445802947,6,6,6,0.333,Lobularia,Melilotus,Plantae,Plantae
asparagus_acutifolius,crithmum_maritimum,5,1.52,3.29,3.82,0.019576374233291505,0.045091398963358426,5,5,5,1.0,Asparagus,Crithmum,Plantae,Plantae
crithmum_maritimum,pistacia_lentiscus,5,1.52,3.29,3.82,0.019576374233291505,0.045091398963358426,4,5,5,1.0,Crithmum,Pistacia,Plantae,Plantae
bolma_rugosa,peronaea_planata,5,1.56,3.21,3.82,0.021438108903125808,0.048429435027074245,4,5,5,1.0,Bolma,Peronaea,Mollusca,Mollusca
donax_trunculus,laevicardium_crassum,7,2.2,3.18,3.81,0.00032427163649653386,0.0016336098308092832,6,7,6,1.0,Donax,Laevicardium,Mollusca,Mollusca
gyroscala_commutata,steromphala_varia,6,1.69,3.54,3.81,0.0003837992349695537,0.0018809378936245568,4,6,5,1.0,Gyroscala,Steromphala,Mollusca,Mollusca
holothuria_poli,sparisoma_cretense,5,1.15,4.33,3.81,0.0004574067106553401,0.002177212853544511,4,5,5,1.0,Holothuria,Sparisoma,Echinodermata,Actinopterygii
rudmania_purpurea,tenellia_ocellata,5,1.23,4.05,3.81,0.008686697591012371,0.023668579053175563,4,4,5,1.0,Rudmania,Tenellia,Mollusca,Mollusca
hemimycale_mediterranea,prostheceraeus_roseus,8,2.56,3.12,3.8,0.0002819727518159441,0.0014500664628249273,5,8,5,1.0,Hemimycale,Prostheceraeus,Porifera,Platyhelminthes
marionia_blainvillea,paraflabellina_gabinierei,7,2.09,3.35,3.8,0.0003173650070851795,0.001603935875246371,3,7,5,1.0,Marionia,Paraflabellina,Mollusca,Mollusca
pterocladiella_capillacea,sphaerococcus_coronopifolius,7,2.3,3.05,3.8,0.0003363186972635948,0.0016841371468119262,5,7,5,1.0,Pterocladiella,Sphaerococcus,Plantae,Plantae
penaeus_kerathurus,telmatactis_forskalii,5,1.55,3.23,3.8,0.020901673247482933,0.04748390615059896,3,5,5,1.0,Penaeus,Telmatactis,Malacostraca,Cnidaria
acanthocardia_tuberculata,laevicardium_crassum,7,2.33,3.01,3.79,0.00035632549598044205,0.0017678777966809152,6,7,6,0.429,Acanthocardia,Laevicardium,Mollusca,Mollusca
lantana_camara,salvia_rosmarinus,6,1.7,3.53,3.79,0.0004091795142102734,0.001983468684468583,5,6,6,1.0,Lantana,Salvia,Plantae,Plantae
prostheceraeus_vittatus,simnia_spelta,5,1.23,4.07,3.79,0.008549594296771712,0.023371322430041568,3,4,5,1.0,Prostheceraeus,Simnia,Platyhelminthes,Mollusca
balanophyllia_europaea,manupecten_pesfelis,7,2.0,3.5,3.78,0.00033244796244875376,0.001668089506356543,6,7,6,1.0,Balanophyllia,Manupecten,Cnidaria,Mollusca
phoronis_hippocrepia,symphodus_mediterraneus,6,1.56,3.84,3.78,0.00039273112949706276,0.001917777087257529,3,6,5,1.0,Phoronis,Symphodus,Animalia,Actinopterygii
atherina_hepsetus,condylactis_aurantiaca,6,1.58,3.8,3.78,0.00039987082863169324,0.00194530294082537,4,6,5,1.0,Atherina,Condylactis,Actinopterygii,Cnidaria
ficus_carica,rhamnus_alaternus,6,1.68,3.56,3.78,0.00042147054769204115,0.002034743870272552,5,6,6,1.0,Ficus,Rhamnus,Plantae,Plantae
arundo_donax,hordeum_murinum,6,1.86,3.22,3.78,0.0004453823454612218,0.002128861825844934,5,5,6,0.833,Arundo,Hordeum,Plantae,Plantae
dactylopterus_volitans,galathea_squamifera,5,1.39,3.59,3.78,0.01399090872291231,0.034535387834300206,3,5,5,1.0,Dactylopterus,Galathea,Actinopterygii,Malacostraca
arnoglossus_grohmanni,caloria_quatrefagesi,7,2.11,3.32,3.77,0.0003613775766935097,0.0017891676627873603,5,7,5,1.0,Arnoglossus,Caloria,Actinopterygii,Mollusca
columbella_adansoni,dolabrifera_edmundsi,7,2.18,3.2,3.77,0.00036638036253571713,0.001809038371574008,4,7,6,0.0,Columbella,Dolabrifera,Mollusca,Mollusca
mesophyllum_expansum,pseudoceros_maximus,7,2.23,3.14,3.77,0.00037014896496435326,0.0018249867910533834,6,7,5,1.0,Mesophyllum,Pseudoceros,Plantae,Platyhelminthes
collozoum_inerme,diplodus_cervinus,5,1.28,3.92,3.77,0.009889031437641638,0.026290724799623088,5,5,5,1.0,Collozoum,Diplodus,,Actinopterygii
limaria_tuberculata,smaragdia_viridis,8,2.62,3.05,3.76,0.00032765352063552017,0.0016479086785686921,7,7,5,1.0,Limaria,Smaragdia,Mollusca,Mollusca
brissus_unicolor,posidonia_oceanica,7,2.04,3.42,3.76,0.0003605845078052111,0.0017854714019251928,5,6,6,1.0,Brissus,Posidonia,Echinodermata,Plantae
columbella_rustica,mytilaster_minimus,7,2.17,3.22,3.76,0.0003735066963203591,0.0018383357681916452,5,7,5,1.0,Columbella,Mytilaster,Mollusca,Mollusca
donax_variegatus,spisula_subtruncata,7,2.32,3.01,3.76,0.0003958467297894981,0.0019300459902941145,4,7,6,1.0,Donax,Spisula,Mollusca,Mollusca
bosellia_mimetica,caloria_quatrefagesi,6,1.7,3.52,3.76,0.0004401237736608732,0.002108134964966597,6,6,5,1.0,Bosellia,Caloria,Mollusca,Mollusca
eunicella_verrucosa,felimare_fontandraui,6,1.74,3.45,3.76,0.00044913421837367647,0.0021435934416074664,6,6,6,0.167,Eunicella,Felimare,Cnidaria,Mollusca
echium_sabulicola,medicago_littoralis,5,1.26,3.96,3.76,0.009509759455241795,0.025484713026161943,5,5,5,1.0,Echium,Medicago,Plantae,Plantae
acanthocardia_paucicostata,ensis_minor,7,2.23,3.14,3.75,0.0003938962309097336,0.0019226515289265719,7,7,6,1.0,Acanthocardia,Ensis,Mollusca,Mollusca
naticarius_hebraeus,pinctada_radiata,7,2.23,3.13,3.75,0.00039500844749484963,0.0019269931982813294,6,7,7,1.0,Naticarius,Pinctada,Mollusca,Mollusca
hermodice_carunculata,scorpaena_porcus,7,2.28,3.07,3.75,0.0003981918430201591,0.0019388543145940154,6,7,6,0.857,Hermodice,Scorpaena,Annelida,Actinopterygii
asparagus_acutifolius,passer_montanus,6,1.77,3.38,3.75,0.00047469260685913757,0.002246405154477493,5,6,6,1.0,Asparagus,Passer,Plantae,Aves
paraflabellina_ischitana,raspaciona_aculeata,6,1.69,3.55,3.74,0.00047911099047327456,0.0022631310240880365,4,5,5,1.0,Paraflabellina,Raspaciona,Mollusca,Porifera
pinnoctopus_macropus,scyllarides_latus,6,1.81,3.31,3.74,0.0004943794701778221,0.0023236299001413983,5,6,6,1.0,Pinnoctopus,Scyllarides,Mollusca,Malacostraca
alicia_mirabilis,loligo_vulgaris,6,1.83,3.28,3.74,0.0005043361366094529,0.0023618512309737973,4,6,5,1.0,Alicia,Loligo,Cnidaria,Mollusca
coryphellina_flamma,doriprismatica_atromarginata,5,1.3,3.83,3.74,0.010806641812028062,0.028186473846201654,3,5,5,0.0,Coryphellina,Doriprismatica,Mollusca,Mollusca
bolma_rugosa,laevicardium_crassum,7,2.22,3.16,3.73,0.0004243699134904002,0.0020466827778183976,6,7,5,1.0,Bolma,Laevicardium,Mollusca,Mollusca
leptogorgia_ruberrima,pomadasys_incisus,6,1.65,3.64,3.73,0.0004793750129448275,0.0022641924886759833,4,6,5,0.0,Leptogorgia,Pomadasys,Cnidaria,Actinopterygii
hermodice_carunculata,octopus_vulgaris,6,1.99,3.02,3.73,0.0005398847330655461,0.0024972649477267798,4,5,5,0.5,Hermodice,Octopus,Annelida,Mollusca
margaretta_cereoides,tricleocarpa_fragilis,7,2.07,3.39,3.72,0.0004143002413976202,0.0020044956116908757,4,7,5,1.0,Margaretta,Tricleocarpa,Bryozoa,Plantae
aplidium_elegans,phallusia_mammillata,7,2.12,3.3,3.72,0.00042127901295443184,0.002033989665496097,5,7,6,1.0,Aplidium,Phallusia,Animalia,Animalia
echinolittorina_punctata,neverita_josephinia,5,1.43,3.49,3.72,0.015648834416310486,0.03774013104935488,5,5,5,1.0,Echinolittorina,Neverita,Mollusca,Mollusca
muricopsis_cristata,rissoa_ventricosa,5,1.53,3.26,3.72,0.02016234610826051,0.04615533941488101,5,5,5,1.0,Muricopsis,Rissoa,Mollusca,Mollusca
acteon_tornatilis,bosemprella_incarnata,7,2.21,3.16,3.71,0.0004518454963955857,0.002154659073916845,7,7,5,1.0,Acteon,Bosemprella,Mollusca,Mollusca
loligo_vulgaris,scorpaena_notata,6,1.73,3.47,3.71,0.0005347453350700556,0.0024779695740883585,4,5,5,0.833,Loligo,Scorpaena,Mollusca,Actinopterygii
caloria_quatrefagesi,wrangelia_penicillata,5,1.34,3.74,3.71,0.01188244791305404,0.030388611457542403,5,4,5,1.0,Caloria,Wrangelia,Mollusca,Plantae
raja_undulata,synodus_saurus,5,1.42,3.52,3.71,0.01501941451112887,0.03653035150403433,4,5,5,1.0,Raja,Synodus,Elasmobranchii,Actinopterygii
helicigona_lapicida,lauria_cylindracea,5,1.29,3.87,3.7,0.0006904113281650195,0.003068719728767426,5,5,5,1.0,Helicigona,Lauria,Mollusca,Mollusca
anomia_ephippium,donax_variegatus,8,2.63,3.04,3.69,0.00041272580395413023,0.0019978849329270816,5,8,6,1.0,Anomia,Donax,Mollusca,Mollusca
monochirus_hispidus,pagellus_erythrinus,7,2.23,3.14,3.69,0.0004811943113338441,0.00227166780489711,4,6,5,1.0,Monochirus,Pagellus,Actinopterygii,Actinopterygii
calliactis_parasitica,penaeus_kerathurus,5,1.21,4.14,3.69,0.0006847801037510591,0.0030485125230905407,4,5,5,1.0,Calliactis,Penaeus,Cnidaria,Malacostraca
atherina_boyeri,semicassis_undulata,6,1.72,3.49,3.66,0.0006140590689748457,0.0027850108650123275,6,6,5,1.0,Atherina,Semicassis,Actinopterygii,Mollusca
ulex_parviflorus,viburnum_tinus,6,1.86,3.22,3.66,0.0006506799380472057,0.0029216561399536298,6,6,6,1.0,Ulex,Viburnum,Plantae,Plantae
branchiomma_moebii,parablennius_rouxi,7,2.09,3.34,3.65,0.0005212017122677697,0.0024264334462174146,7,7,5,1.0,Branchiomma,Parablennius,Annelida,Actinopterygii
lophius_budegassa,ophisurus_serpens,6,1.78,3.36,3.65,0.0006477250648613083,0.0029106988605310897,3,6,6,1.0,Lophius,Ophisurus,Actinopterygii,Actinopterygii
donax_variegatus,limaria_tuberculata,6,1.79,3.35,3.65,0.0006566643461254336,0.00294496883101193,4,6,5,0.833,Donax,Limaria,Mollusca,Mollusca
limacia_clavigera,xantho_hydrophilus,5,1.2,4.18,3.65,0.000764516782402159,0.0033359363457260184,5,5,5,0.0,Limacia,Xantho,Mollusca,Malacostraca
notocochlis_dillwynii,smaragdia_viridis,5,1.27,3.94,3.65,0.0007796753148986103,0.003390394254239969,5,5,5,0.8,Notocochlis,Smaragdia,Mollusca,Mollusca
aplysia_punctata,felimare_cantabrica,5,1.39,3.61,3.65,0.01370094627711671,0.033976317696507524,3,5,5,0.8,Aplysia,Felimare,Mollusca,Mollusca
haminoea_hydatis,haminoea_navicula,7,2.27,3.09,3.64,0.0005658300194723172,0.0025999474139792927,4,7,6,1.0,Haminoea,Haminoea,Mollusca,Mollusca
ariosoma_balearicum,carapus_acus,5,1.34,3.74,3.64,0.0008268617004272102,0.0035555886430523806,3,5,5,1.0,Ariosoma,Carapus,Actinopterygii,Actinopterygii
bispira_volutacornis,marionia_blainvillea,7,2.17,3.22,3.63,0.0005628491556512923,0.0025887286061821897,4,7,6,1.0,Bispira,Marionia,Annelida,Mollusca
placida_dendritica,thuridilla_hopei,6,1.76,3.4,3.62,0.000714176971094796,0.003154635319888228,6,6,5,1.0,Placida,Thuridilla,Mollusca,Mollusca
rissoa_ventricosa,steromphala_varia,5,1.28,3.9,3.62,0.0008527325202141759,0.0036488577520615803,5,5,5,1.0,Rissoa,Steromphala,Mollusca,Mollusca
chromis_limbata,spondylus_senegalensis,6,1.84,3.26,3.61,0.0007505791133409858,0.003286822113932451,5,5,5,0.0,Chromis,Spondylus,Actinopterygii,Mollusca
callochiton_septemvalvis,trivia_arctica,6,1.82,3.29,3.6,0.0007612421068128666,0.003325047798038653,5,6,6,0.0,Callochiton,Trivia,Mollusca,Mollusca
ostrea_edulis,turritellinella_tricarinata,6,1.86,3.23,3.6,0.0007670595918582743,0.0033447400156241085,6,6,6,0.667,Ostrea,Turritellinella,Mollusca,Mollusca
dardanus_calidus,syngnathus_typhle,7,2.21,3.16,3.59,0.0006515393206002707,0.0029247169533367203,6,6,6,1.0,Dardanus,Syngnathus,Malacostraca,Actinopterygii
phlomis_purpurea,scirpoides_holoschoenus,7,2.33,3.01,3.59,0.0006717792264959363,0.003002120098112334,7,6,5,0.429,Phlomis,Scirpoides,Plantae,Plantae
ligia_italica,patella_caerulea,5,1.36,3.68,3.59,0.000987957892997542,0.004112023595682244,5,5,5,1.0,Ligia,Patella,Malacostraca,Mollusca
cliona_rhodensis,halopteris_filicina,8,2.67,3.0,3.58,0.0005906631254103534,0.002694707536027814,5,7,6,1.0,Cliona,Halopteris,Porifera,
dosinia_lupinus,laevicardium_oblongum,6,1.82,3.29,3.58,0.0008088510491723303,0.003493004320907491,6,6,5,1.0,Dosinia,Laevicardium,Mollusca,Mollusca
acteon_tornatilis,arca_noae,5,1.41,3.54,3.58,0.0010206634782735082,0.004225251189443431,5,5,5,1.0,Acteon,Arca,Mollusca,Mollusca
dictyota_spiralis,pagurus_cuanensis,6,1.83,3.29,3.57,0.0008282266045120584,0.003560527567214239,3,5,5,1.0,Dictyota,Pagurus,,Malacostraca
rhamnus_alaternus,urospermum_picroides,6,1.84,3.26,3.57,0.0008371143240208522,0.0035914985321204474,6,6,6,0.5,Rhamnus,Urospermum,Plantae,Plantae
apogon_imberbis,canthigaster_capistrata,5,1.45,3.44,3.57,0.016483836441486988,0.03933313780872135,4,5,5,0.0,Apogon,Canthigaster,Actinopterygii,Actinopterygii
apogon_imberbis,similiparma_lurida,5,1.49,3.36,3.57,0.018035844492054087,0.042253206484241974,4,5,5,0.0,Apogon,Similiparma,Actinopterygii,Actinopterygii
patella_ulyssiponensis,ruditapes_decussatus,5,1.51,3.3,3.57,0.01924678719550832,0.04450993399854144,5,5,5,0.8,Patella,Ruditapes,Mollusca,Mollusca
chamelea_gallina,venerupis_geographica,6,1.88,3.2,3.56,0.0008885532150105691,0.0037736815078551057,6,6,5,1.0,Chamelea,Venerupis,Mollusca,Mollusca
calystegia_soldanella,ononis_natrix,5,1.45,3.44,3.56,0.016477832509995904,0.039321254768970075,4,5,5,1.0,Calystegia,Ononis,Plantae,Plantae
anemonia_viridis,galathea_squamifera,7,2.23,3.14,3.55,0.0007474271528000373,0.003275509651216353,4,7,5,1.0,Anemonia,Galathea,Cnidaria,Malacostraca
tritia_reticulata,trivia_monacha,6,1.71,3.51,3.55,0.0008506590062627994,0.003641878931119683,5,6,5,0.167,Tritia,Trivia,Mollusca,Mollusca
episcomitra_cornicula,pachycerianthus_solitarius,7,2.26,3.1,3.54,0.0007790359116485115,0.003388381212125009,3,6,5,1.0,Episcomitra,Pachycerianthus,Mollusca,Cnidaria
bittium_latreillii,tricolia_speciosa,6,1.88,3.19,3.53,0.0009662038733673998,0.004039430651307081,6,6,5,1.0,Bittium,Tricolia,Mollusca,Mollusca
gari_depressa,palaemon_serratus,6,1.67,3.59,3.52,0.0009192146608428503,0.0038791606208190676,4,6,5,1.0,Gari,Palaemon,Mollusca,Malacostraca
atriplex_halimus,eryngium_maritimum,6,1.77,3.4,3.52,0.0009483494963968105,0.00397864731911501,5,5,6,1.0,Atriplex,Eryngium,Plantae,Plantae
frondipora_verrucosa,protula_intestinum,5,1.22,4.1,3.52,0.0011338091226393637,0.004604136276508468,3,5,5,1.0,Frondipora,Protula,Bryozoa,Annelida
galathea_bolivari,pseudobiceros_splendidus,5,1.57,3.18,3.52,0.02211233194382156,0.049642004233689675,3,5,5,1.0,Galathea,Pseudobiceros,Malacostraca,Platyhelminthes
disporella_hispida,frondipora_verrucosa,5,1.48,3.37,3.51,0.0013092631717217186,0.005180038273062328,3,5,5,1.0,Disporella,Frondipora,Bryozoa,Bryozoa
erica_arborea,urospermum_dalechampii,7,2.33,3.01,3.5,0.0008916916488133096,0.0037844991419793885,5,7,6,1.0,Erica,Urospermum,Plantae,Plantae
arca_noae,callinectes_sapidus,6,1.73,3.47,3.5,0.000988168278750548,0.0041126473171844745,5,6,5,1.0,Arca,Callinectes,Mollusca,Malacostraca
chamelea_gallina,glycymeris_bimaculata,6,1.94,3.1,3.5,0.001082908355735961,0.004434719432823061,6,6,5,1.0,Chamelea,Glycymeris,Mollusca,Mollusca
membranipora_membranacea,mytilus_edulis,5,1.32,3.78,3.5,0.0012426787386525732,0.0049619285112897215,4,5,5,0.0,Membranipora,Mytilus,Bryozoa,Mollusca
gari_depressa,pagurus_cuanensis,5,1.33,3.76,3.5,0.0012629996843396773,0.005029645533363344,5,5,5,1.0,Gari,Pagurus,Mollusca,Malacostraca
calyptraea_chinensis,solecurtus_strigilatus,5,1.44,3.47,3.5,0.0013064500286118176,0.005172283208914252,5,5,5,1.0,Calyptraea,Solecurtus,Mollusca,Mollusca
chthamalus_stellatus,ligia_italica,5,1.49,3.36,3.5,0.001343524410655164,0.005289613690752794,5,5,5,1.0,Chthamalus,Ligia,Crustacea,Malacostraca
boops_boops,serranus_atricauda,6,1.87,3.2,3.49,0.001066790963963347,0.004381411273170532,6,5,5,0.333,Boops,Serranus,Actinopterygii,Actinopterygii
syngnathus_acus,syngnathus_typhle,5,1.46,3.42,3.49,0.00138343712646106,0.0054184228842326775,4,5,5,0.4,Syngnathus,Syngnathus,Actinopterygii,Actinopterygii
branchiostoma_lanceolatum,trachinus_draco,6,1.93,3.11,3.48,0.0011220955087581305,0.00456558207921776,4,6,5,1.0,Branchiostoma,Trachinus,Animalia,Actinopterygii
haliclona_fulva,paramuricea_clavata,6,1.73,3.46,3.46,0.0011375721648907093,0.004617138658542463,5,6,5,1.0,Haliclona,Paramuricea,Porifera,Cnidaria
mactra_corallina,solecurtus_strigilatus,6,1.86,3.23,3.46,0.0011644978918099148,0.004707186495721734,6,6,6,1.0,Mactra,Solecurtus,Mollusca,Mollusca
barnea_candida,donax_trunculus,6,1.88,3.19,3.45,0.0012299389785297833,0.00492283257765157,4,6,6,1.0,Barnea,Donax,Mollusca,Mollusca
aglaophenia_harpago,spicara_smaris,5,1.37,3.66,3.45,0.0014747841561729535,0.005705780767966851,3,4,5,1.0,Aglaophenia,Spicara,Cnidaria,Actinopterygii
didemnum_coccineum,thuridilla_hopei,5,1.49,3.36,3.45,0.001546642804890484,0.005931998458388099,4,5,5,1.0,Didemnum,Thuridilla,Animalia,Mollusca
berthella_plumula,zeugopterus_punctatus,6,1.75,3.43,3.44,0.0011993756328824985,0.004822619469149257,3,6,6,0.0,Berthella,Zeugopterus,Mollusca,Actinopterygii
ariosoma_balearicum,gaidropsarus_mediterraneus,6,1.89,3.17,3.44,0.0012518066322339488,0.004993356575599178,5,6,5,1.0,Ariosoma,Gaidropsarus,Actinopterygii,Actinopterygii
isara_cornea,paraleucilla_magna,6,1.8,3.33,3.42,0.0013112071211652358,0.005186482581518278,5,5,6,0.833,Isara,Paraleucilla,Mollusca,Porifera
galathea_squamifera,gari_depressa,6,1.92,3.13,3.42,0.0013346516396955074,0.005262898566961481,6,6,5,1.0,Galathea,Gari,Malacostraca,Mollusca
centrolabrus_melanocercus,felimare_bilineata,5,1.35,3.7,3.42,0.0015866188795022756,0.0060562884395540285,4,5,5,1.0,Centrolabrus,Felimare,Actinopterygii,Mollusca
ctena_decussata,xantho_poressa,5,1.38,3.64,3.42,0.0016083847397949296,0.006119702607944219,3,5,5,1.0,Ctena,Xantho,Mollusca,Malacostraca
calmella_cavolini,pinna_rudis,5,1.45,3.45,3.42,0.0016590985805844337,0.006281543081295159,5,5,5,1.0,Calmella,Pinna,Mollusca,Mollusca
hippocampus_guttulatus,torpedo_torpedo,5,1.52,3.29,3.41,0.0017580781000581156,0.006584876436669977,3,5,5,1.0,Hippocampus,Torpedo,Actinopterygii,Elasmobranchii
aglaophenia_acacia,clathrina_clathrus,5,1.54,3.25,3.41,0.0017747477722266905,0.00663566280512799,4,5,5,1.0,Aglaophenia,Clathrina,Cnidaria,Porifera
galathea_strigosa,scorpaena_scrofa,5,1.48,3.37,3.4,0.0017651258210915016,0.0066067628933047,4,5,5,1.0,Galathea,Scorpaena,Malacostraca,Actinopterygii
hippolyte_varians,pisa_tetraodon,5,1.53,3.28,3.4,0.0018213468704713323,0.00677624559553623,5,5,5,0.0,Hippolyte,Pisa,Malacostraca,Malacostraca
necora_puber,scorpaena_notata,6,1.87,3.2,3.39,0.0014261950476667756,0.005556609093016443,5,5,5,1.0,Necora,Scorpaena,Malacostraca,Actinopterygii
cribrinopsis_crassa,sicyonia_carinata,6,1.91,3.14,3.39,0.0014601360190750093,0.005660324044064788,3,6,5,1.0,Cribrinopsis,Sicyonia,Cnidaria,Malacostraca
pycnoclavella_communis,salpa_fusiformis,5,1.36,3.69,3.39,0.0017261662647197872,0.0064885558066033145,3,3,5,1.0,Pycnoclavella,Salpa,Animalia,Animalia
patella_rustica,steromphala_rarilineata,5,1.55,3.23,3.39,0.0018836345612554168,0.006965469474060122,5,5,5,1.0,Patella,Steromphala,Mollusca,Mollusca
haminoea_navicula,tritia_corniculum,6,1.95,3.08,3.38,0.0015222696255204151,0.005857472530241099,3,5,5,1.0,Haminoea,Tritia,Mollusca,Mollusca
hemimycale_columella,rhizostoma_pulmo,5,1.4,3.57,3.38,0.0018232813695895536,0.006782347655866805,3,5,5,1.0,Hemimycale,Rhizostoma,Porifera,Cnidaria
clavelina_lepadiformis,muraena_helena,5,1.56,3.2,3.38,0.0019479749796458105,0.007156303120479478,4,5,5,1.0,Clavelina,Muraena,Animalia,Actinopterygii
pirimela_denticulata,xantho_hydrophilus,5,1.52,3.3,3.37,0.001966036678203118,0.007209956837248102,3,5,5,0.0,Pirimela,Xantho,Malacostraca,Malacostraca
callochiton_septemvalvis,candelabrum_cocksii,7,2.28,3.07,3.36,0.001350310088755349,0.0053126984551405765,4,7,6,0.0,Callochiton,Candelabrum,Mollusca,Cnidaria
axinella_verrucosa,hemimycale_mediterranea,6,1.8,3.33,3.36,0.001540342756188826,0.005913741689738312,4,6,5,1.0,Axinella,Hemimycale,Porifera,Porifera
glycymeris_glycymeris,tritia_reticulata,6,1.87,3.21,3.36,0.0015750019575779543,0.006019125079476221,4,6,5,1.0,Glycymeris,Tritia,Mollusca,Mollusca
rugulopteryx_okamurae,symphodus_melops,6,1.94,3.1,3.36,0.0016113764434235556,0.006129467578947772,6,6,6,0.667,Rugulopteryx,Symphodus,,Actinopterygii
leptoplana_tremellaris,spirobranchus_lamarcki,5,1.43,3.5,3.36,0.0019084461187522546,0.007038468055982801,4,5,5,0.2,Leptoplana,Spirobranchus,Platyhelminthes,Annelida
astropecten_aranciacus,bothus_podas,5,1.52,3.29,3.35,0.002063231004846212,0.0074932210422843865,5,5,5,0.8,Astropecten,Bothus,Echinodermata,Actinopterygii
halisarca_harmelini,phallusia_fumigata,5,1.39,3.6,3.34,0.002013925317976864,0.007349602519393267,4,5,5,1.0,Halisarca,Phallusia,Porifera,Animalia
doto_koenneckeri,rudmania_krohni,6,2.0,3.0,3.33,0.001765063385235296,0.006606743850563619,6,6,5,1.0,Doto,Rudmania,Mollusca,Mollusca
eryngium_maritimum,mactra_stultorum,5,1.4,3.56,3.33,0.0020785827097364665,0.007536857688923577,5,5,5,1.0,Eryngium,Mactra,Plantae,Mollusca
buglossidium_luteum,synodus_saurus,6,2.0,3.0,3.32,0.0018458339180776012,0.006849210896325312,3,5,5,1.0,Buglossidium,Synodus,Actinopterygii,Actinopterygii
spirobranchus_lamarcki,steromphala_umbilicalis,5,1.44,3.47,3.32,0.0021538689144409333,0.0077551667214418455,5,5,5,0.0,Spirobranchus,Steromphala,Annelida,Mollusca
dicentrarchus_labrax,steromphala_divaricata,6,1.78,3.37,3.29,0.0018628178387306298,0.006901339924528026,5,6,5,1.0,Dicentrarchus,Steromphala,Actinopterygii,Mollusca
donax_venustus,limaria_tuberculata,6,1.95,3.08,3.29,0.001965257898288999,0.0072077151328110885,6,6,6,0.833,Donax,Limaria,Mollusca,Mollusca
scyllarides_latus,stenorhynchus_lanceolatus,5,1.54,3.24,3.29,0.0024306099068686082,0.008541760225455773,4,5,5,0.0,Scyllarides,Stenorhynchus,Malacostraca,Malacostraca
urospermum_dalechampii,vicia_sativa,6,1.84,3.27,3.28,0.0019649841579099446,0.007207420092125057,5,6,5,1.0,Urospermum,Vicia,Plantae,Plantae
coryphellina_exoptata,coryphellina_flamma,5,1.6,3.13,3.28,0.0025477666225323247,0.008865048958960219,4,5,5,0.0,Coryphellina,Coryphellina,Mollusca,Mollusca
polypodium_cambricum,ulex_parviflorus,5,1.6,3.13,3.28,0.002549650429495687,0.008869192828057888,5,5,5,1.0,Polypodium,Ulex,Plantae,Plantae
mactra_corallina,scrobicularia_plana,5,1.66,3.01,3.28,0.0026737893245518435,0.00921338872807318,5,5,5,1.0,Mactra,Scrobicularia,Mollusca,Mollusca
melarhaphe_neritoides,thericium_lividulum,5,1.42,3.51,3.27,0.00247828210648201,0.008675418164544318,5,5,5,1.0,Melarhaphe,Thericium,Mollusca,Mollusca
chloromyia_formosa,tropinota_squalida,5,1.62,3.09,3.26,0.0027083997830729795,0.009310093949070225,5,5,5,1.0,Chloromyia,Tropinota,Insecta,Insecta
cladostephus_spongiosus,pecten_jacobaeus,5,1.65,3.02,3.26,0.0027953398794792225,0.00954600075516598,4,5,5,1.0,Cladostephus,Pecten,,Mollusca
gari_depressa,ruditapes_decussatus,5,1.6,3.12,3.25,0.0027780753548945817,0.009499714846698586,5,5,5,1.0,Gari,Ruditapes,Mollusca,Mollusca
acanthocardia_aculeata,echinocardium_cordatum,5,1.48,3.38,3.24,0.0027459867991989095,0.009414018069721197,4,4,5,1.0,Acanthocardia,Echinocardium,Mollusca,Echinodermata
lithophaga_lithophaga,paramuricea_clavata,6,1.86,3.23,3.23,0.0022818941461735876,0.008122959342946635,4,5,6,1.0,Lithophaga,Paramuricea,Mollusca,Cnidaria
bolinus_brandaris,glycymeris_glycymeris,5,1.64,3.04,3.23,0.0030195435761258115,0.010152448579967254,4,5,5,1.0,Bolinus,Glycymeris,Mollusca,Mollusca
berthella_plumula,symphodus_melops,5,1.54,3.24,3.22,0.0029306990881900513,0.009917699901766785,4,5,5,0.0,Berthella,Symphodus,Mollusca,Actinopterygii
centaurea_aspera,juncus_acutus,6,1.95,3.07,3.21,0.002483616267733148,0.008691449833169185,6,6,5,1.0,Centaurea,Juncus,Plantae,Plantae
corcyrogobius_liechtensteini,microlipophrys_nigriceps,5,1.51,3.32,3.21,0.002940419558415734,0.009942708975865166,5,5,5,1.0,Corcyrogobius,Microlipophrys,Actinopterygii,Actinopterygii
inachus_phalangium,scyllarides_latus,5,1.61,3.11,3.2,0.003210569532142661,0.01067461440617395,4,5,5,1.0,Inachus,Scyllarides,Malacostraca,Malacostraca
bittium_reticulatum,tritia_varicosa,5,1.66,3.01,3.17,0.0034694391194137,0.01136848695355071,5,5,5,0.8,Bittium,Tritia,Mollusca,Mollusca
hamigera_hamigera,tricleocarpa_fragilis,5,1.52,3.28,3.16,0.003434070839532591,0.011271781275588444,4,5,5,1.0,Hamigera,Tricleocarpa,Porifera,Plantae
gregariella_petagnae,venerupis_geographica,5,1.54,3.24,3.16,0.0034432513167951383,0.011295205578178967,4,5,5,1.0,Gregariella,Venerupis,Mollusca,Mollusca
electra_posidoniae,neogoniolithon_brassica_florida,5,1.56,3.21,3.15,0.0035012933060917495,0.011450067958300043,5,5,5,1.0,Electra,Neogoniolithon,Bryozoa,Plantae
cerianthus_membranaceus,dasycladus_vermicularis,5,1.65,3.03,3.15,0.003680101216400855,0.011916084784121086,3,4,5,1.0,Cerianthus,Dasycladus,Cnidaria,Plantae
aequorea_forskalea,caryophyllia_inornata,5,1.46,3.43,3.14,0.003478423354646398,0.011393065253139729,4,4,5,1.0,Aequorea,Caryophyllia,Cnidaria,Cnidaria
diogenes_pugilator,syngnathus_abaster,5,1.53,3.26,3.14,0.0035947187974238147,0.01169417966109658,4,5,5,1.0,Diogenes,Syngnathus,Malacostraca,Actinopterygii
pagellus_acarne,semicassis_undulata,5,1.49,3.35,3.12,0.0037739353305918885,0.012148918408125691,5,5,5,1.0,Pagellus,Semicassis,Actinopterygii,Mollusca
caulerpa_prolifera,thericium_vulgatum,6,1.95,3.08,3.09,0.003354214900448504,0.0110591847225686,5,6,5,1.0,Caulerpa,Thericium,Plantae,Mollusca
fasciospongia_cavernosa,pleraplysilla_spinifera,5,1.58,3.17,3.08,0.004309221524035462,0.013510029838757452,4,4,5,1.0,Fasciospongia,Pleraplysilla,Porifera,Porifera
celtis_australis,columba_livia,5,1.56,3.2,3.03,0.004840815944504663,0.014817370142963445,5,5,5,1.0,Celtis,Columba,Plantae,Aves
hexaplex_trunculus,neverita_josephinia,5,1.6,3.12,3.03,0.004941598142218348,0.015053861289264685,5,5,5,1.0,Hexaplex,Neverita,Mollusca,Mollusca
amphipholis_squamata,spirobranchus_lamarcki,5,1.51,3.31,3.02,0.00489281447135507,0.014938826416781233,5,5,5,0.4,Amphipholis,Spirobranchus,Echinodermata,Annelida
periclimenes_amethysteus,thylacodes_arenarius,6,1.99,3.02,3.01,0.0042511242131930745,0.013358423268143989,5,6,5,1.0,Periclimenes,Thylacodes,Malacostraca,Mollusca
eualus_cranchii,pagurus_cuanensis,5,1.55,3.22,3.01,0.005019829773542232,0.015248034784791942,4,4,5,1.0,Eualus,Pagurus,Malacostraca,Malacostraca
anthias_anthias,platydoris_argo,5,1.63,3.08,3.0,0.005312258796701051,0.01596018939666574,3,5,5,1.0,Anthias,Platydoris,Actinopterygii,Mollusca
frondipora_verrucosa,turbicellepora_avicularis,5,1.55,3.22,2.99,0.005263904496827322,0.01584543734713291,4,5,5,1.0,Frondipora,Turbicellepora,Bryozoa,Bryozoa
cereus_pedunculatus,galathea_bolivari,5,1.66,3.01,2.96,0.005858823087398663,0.01726725817904463,4,5,5,1.0,Cereus,Galathea,Cnidaria,Malacostraca
oscarella_lobularis,pomadasys_incisus,5,1.62,3.1,2.95,0.005983704827123651,0.017561631745445012,4,4,5,0.8,Oscarella,Pomadasys,Porifera,Actinopterygii
isara_cornea,thylacodes_arenarius,5,1.57,3.18,2.94,0.005968578018028328,0.017529740267404347,3,5,5,1.0,Isara,Thylacodes,Mollusca,Mollusca
aglaophenia_acacia,hemimycale_columella,5,1.6,3.12,2.94,0.006109797355291787,0.01785754755731264,4,5,5,1.0,Aglaophenia,Hemimycale,Cnidaria,Porifera
myriapora_truncata,platydoris_argo,5,1.55,3.22,2.92,0.006331065324391381,0.018386247438331813,4,5,5,1.0,Myriapora,Platydoris,Bryozoa,Mollusca
aglaophenia_tubiformis,palaemon_elegans,5,1.63,3.07,2.92,0.00651411718773191,0.018813988079007894,5,5,5,1.0,Aglaophenia,Palaemon,Cnidaria,Malacostraca
gobius_paganellus,scopalina_lophyropoda,5,1.67,3.0,2.85,0.007634958534897189,0.021353177529663373,3,5,5,1.0,Gobius,Scopalina,Actinopterygii,Porifera
filograna_implexa,seirospora_giraudyi,5,1.63,3.06,2.8,0.008617000213131117,0.02351564355213922,3,4,5,1.0,Filograna,Seirospora,Annelida,Plantae
felimare_bilineata,paraflabellina_ischitana,11,1.75,6.28,,2.408797495356829e-06,2.4242430912473848e-05,7,10,8,0.727,Felimare,Paraflabellina,Mollusca,Mollusca
