a,b,n,esperado_esfuerzo,ratio,z,q,celdas,dias,observadores,med_frac,grupo_a,grupo_b,score
cochlicella_acuta,trochoidea_elegans,32,2.42,13.22,25.67,4.283347442931262e-138,21,32,25,1.0,Mollusca,Mollusca,8.948
cochlicella_acuta,xerotricha_conspurcata,25,2.37,10.56,18.93,3.930383448295016e-74,17,25,21,1.0,Mollusca,Mollusca,7.587
chamelea_gallina,donax_trunculus,101,21.58,4.68,21.16,8.899470634832865e-96,58,99,61,1.0,Mollusca,Mollusca,7.123
anas_platyrhynchos,egretta_garzetta,76,15.53,4.89,18.35,1.291132003200554e-71,16,70,20,0.987,Aves,Aves,6.874
ardea_cinerea,egretta_garzetta,111,26.81,4.14,20.83,8.16915550767474e-93,44,93,40,0.955,Aves,Aves,6.691
egretta_garzetta,gallinula_chloropus,59,11.74,5.03,16.1,9.717956708053486e-55,23,57,27,0.983,Aves,Aves,6.587
columbella_rustica,conus_ventricosus,56,11.17,5.01,16.68,8.797098897482102e-59,36,51,37,1.0,Mollusca,Mollusca,6.487
anas_platyrhynchos,ardea_cinerea,78,18.2,4.29,18.31,3.0202580646466424e-71,24,68,27,0.974,Aves,Aves,6.345
calystegia_soldanella,eryngium_maritimum,64,14.19,4.51,17.01,3.235932431297297e-61,36,57,47,0.938,Plantae,Plantae,6.265
echinolittorina_punctata,melarhaphe_neritoides,30,4.8,6.25,13.75,3.9539224482004023e-39,21,29,21,1.0,Mollusca,Mollusca,6.233
mactra_corallina,solen_marginatus,39,7.29,5.35,14.61,1.4707228313466265e-44,31,39,29,0.897,Mollusca,Mollusca,6.144
acanthocardia_tuberculata,mactra_stultorum,80,19.7,4.06,16.79,7.584450146489918e-60,45,76,55,0.988,Mollusca,Mollusca,6.14
chamelea_gallina,glycymeris_glycymeris,30,4.49,6.68,14.55,7.565662403027592e-44,18,29,19,1.0,Mollusca,Mollusca,6.136
anas_platyrhynchos,gallinula_chloropus,63,13.59,4.63,16.28,4.353440173514001e-56,20,56,19,0.952,Aves,Aves,6.032
mactra_stultorum,peronaea_planata,49,10.44,4.7,15.6,3.9282273731801523e-51,37,48,40,1.0,Mollusca,Mollusca,6.023
chamelea_gallina,mactra_stultorum,69,16.65,4.14,15.91,1.4511993841243043e-53,41,67,41,1.0,Mollusca,Mollusca,6.015
calystegia_soldanella,medicago_marina,36,6.75,5.34,13.73,3.082138977081551e-39,25,35,29,0.889,Plantae,Plantae,6.003
chroicocephalus_ridibundus,gallinula_chloropus,33,5.98,5.52,13.51,6.934457018289695e-38,23,33,21,0.879,Aves,Aves,5.973
ardea_cinerea,gallinula_chloropus,58,13.51,4.29,14.25,8.533223370774913e-43,26,56,27,0.931,Aves,Aves,5.913
iberus_splendidus,solatopupa_similis,31,4.67,6.63,17.06,1.7045827610099524e-60,20,29,18,1.0,Mollusca,Mollusca,5.846
diaphorodoris_alba,luisella_babai,59,14.34,4.11,14.7,1.628609146647421e-45,17,53,25,1.0,Mollusca,Mollusca,5.763
chamelea_gallina,donax_semistriatus,33,6.5,5.08,12.92,1.3375503342402428e-34,23,31,26,1.0,Mollusca,Mollusca,5.683
mactra_corallina,turritellinella_tricarinata,28,5.14,5.44,12.01,9.428849160138928e-30,20,28,23,0.893,Mollusca,Mollusca,5.644
donax_semistriatus,mactra_corallina,45,10.29,4.37,14.01,4.401948071489734e-41,32,42,36,1.0,Mollusca,Mollusca,5.614
donax_semistriatus,dosinia_lupinus,32,6.36,5.03,13.2,4.669152930191989e-36,26,30,22,1.0,Mollusca,Mollusca,5.599
chamelea_gallina,spisula_subtruncata,71,19.17,3.7,14.42,5.568881359920168e-44,35,69,33,1.0,Mollusca,Mollusca,5.577
cardites_antiquatus,conus_ventricosus,51,12.43,4.1,14.12,7.454263944769179e-42,21,49,21,1.0,Mollusca,Mollusca,5.548
donax_trunculus,spisula_subtruncata,60,15.64,3.84,14.93,5.860272468738511e-47,30,57,34,1.0,Mollusca,Mollusca,5.509
solatopupa_similis,zonites_algirus,18,0.81,22.09,26.7,1.5888463767567272e-14,15,18,12,1.0,Mollusca,Mollusca,5.368
donax_semistriatus,spisula_subtruncata,56,15.06,3.72,13.61,6.206537719330148e-39,36,52,35,0.982,Mollusca,Mollusca,5.288
donax_trunculus,mactra_stultorum,70,20.18,3.47,14.34,2.013696948335503e-43,45,67,49,1.0,Mollusca,Mollusca,5.286
barbatia_barbata,conus_ventricosus,49,12.81,3.83,14.08,1.4854787309558012e-41,24,49,24,1.0,Mollusca,Mollusca,5.226
pinnoctopus_macropus,stenopus_spinosus,72,21.54,3.34,16.86,3.2786023280733515e-60,26,65,34,0.986,Mollusca,Malacostraca,5.158
ensis_minor,turritellinella_tricarinata,27,5.65,4.78,12.11,3.961057099069383e-30,17,24,25,0.926,Mollusca,Mollusca,5.156
echinolittorina_punctata,patella_rustica,30,6.61,4.54,11.44,4.87293784459418e-27,19,30,25,1.0,Mollusca,Mollusca,5.146
eryngium_maritimum,pancratium_maritimum,69,20.66,3.34,13.15,1.8551608721019406e-36,40,64,41,0.87,Plantae,Plantae,5.106
polititapes_aureus,ruditapes_decussatus,28,5.59,5.01,12.47,5.291632670815427e-32,20,27,19,0.964,Mollusca,Mollusca,5.101
barbatia_barbata,limaria_tuberculata,61,17.94,3.4,13.07,6.500573080423122e-36,35,59,30,1.0,Mollusca,Mollusca,5.031
mactra_corallina,peronidia_albicans,26,5.55,4.68,11.77,2.075833084801355e-28,21,25,22,0.962,Mollusca,Mollusca,5.028
caloria_quatrefagesi,luisella_babai,23,2.72,8.45,17.17,1.5435772305125448e-60,8,18,15,1.0,Mollusca,Mollusca,5.019
ensis_minor,mactra_stultorum,49,13.7,3.58,12.36,5.578312395135852e-32,35,45,38,0.959,Mollusca,Mollusca,4.963
donax_semistriatus,mactra_stultorum,35,8.88,3.94,11.06,2.137575932691845e-25,27,35,28,0.971,Mollusca,Mollusca,4.875
arca_noae,mactra_stultorum,28,6.55,4.27,10.99,7.146534551682347e-25,18,27,20,1.0,Mollusca,Mollusca,4.837
bituminaria_bituminosa,convolvulus_althaeoides,55,16.73,3.29,11.39,3.2310678691720386e-27,41,51,34,0.8,Plantae,Plantae,4.772
bolinus_brandaris,neverita_josephinia,61,19.1,3.19,12.96,2.421546801305958e-35,43,57,49,1.0,Mollusca,Mollusca,4.769
chamelea_gallina,mactra_corallina,39,10.62,3.67,10.79,2.805804280078845e-24,28,38,29,1.0,Mollusca,Mollusca,4.763
cakile_maritima,eryngium_maritimum,61,19.19,3.18,11.94,5.5469115648584934e-30,43,56,42,0.918,Plantae,Plantae,4.756
ensis_minor,mactra_corallina,40,11.03,3.63,10.97,4.297960789863719e-25,29,39,27,0.975,Mollusca,Mollusca,4.756
porcellana_platycheles,xantho_poressa,55,16.84,3.27,11.38,3.602521346674414e-27,28,54,20,0.982,Malacostraca,Malacostraca,4.748
asparagus_acutifolius,rhamnus_alaternus,25,4.87,5.14,10.78,6.804197428873869e-24,19,24,18,1.0,Plantae,Plantae,4.743
pisania_striata,steromphala_divaricata,22,4.06,5.43,11.9,7.754150271223838e-29,20,22,18,1.0,Mollusca,Mollusca,4.707
glycymeris_glycymeris,spisula_subtruncata,42,12.03,3.49,11.29,1.359874102199814e-26,15,37,21,1.0,Mollusca,Mollusca,4.672
peronaea_planata,tritia_mutabilis,26,5.76,4.51,9.73,1.4017717347764602e-19,20,24,19,1.0,Mollusca,Mollusca,4.662
chamelea_gallina,peronaea_planata,28,6.96,4.02,9.6,4.220515877234777e-19,21,28,21,1.0,Mollusca,Mollusca,4.636
anas_platyrhynchos,phalacrocorax_carbo,51,15.72,3.24,11.29,1.0342626540983066e-26,18,47,20,1.0,Aves,Aves,4.622
chamelea_gallina,ensis_minor,34,9.19,3.7,10.21,1.0839022688612176e-21,26,32,24,0.971,Mollusca,Mollusca,4.614
spisula_subtruncata,turritellinella_tricarinata,29,7.37,3.93,9.53,7.844700186855677e-19,21,28,24,0.931,Mollusca,Mollusca,4.609
melarhaphe_neritoides,patella_rustica,29,7.46,3.89,10.28,7.643854273144921e-22,21,29,26,1.0,Mollusca,Mollusca,4.574
chamelea_gallina,neverita_josephinia,33,8.94,3.69,11.11,1.4713996540861135e-25,24,31,25,1.0,Mollusca,Mollusca,4.565
barbatia_barbata,cardites_antiquatus,42,12.39,3.39,11.41,3.921930486461494e-27,19,41,20,1.0,Mollusca,Mollusca,4.563
fistularia_commersonii,siganus_rivulatus,15,1.15,13.04,20.22,8.286696019486898e-11,12,15,13,0.867,Actinopterygii,Actinopterygii,4.52
bosemprella_incarnata,mactra_stultorum,31,8.34,3.72,12.94,1.610314784905735e-34,24,31,23,1.0,Mollusca,Mollusca,4.511
donax_semistriatus,ensis_minor,28,7.26,3.86,9.83,5.719615313976941e-20,24,27,24,1.0,Mollusca,Mollusca,4.501
mactra_corallina,peronaea_planata,33,9.13,3.62,9.92,1.887714797660679e-20,26,31,28,1.0,Mollusca,Mollusca,4.498
glycymeris_nummaria,spisula_subtruncata,34,9.52,3.57,10.39,1.9750685876541263e-22,23,33,26,1.0,Mollusca,Mollusca,4.488
glycymeris_nummaria,mactra_corallina,29,7.64,3.79,10.26,9.936609362564276e-22,24,28,25,1.0,Mollusca,Mollusca,4.486
cotylorhiza_tuberculata,diplodus_vulgaris,40,8.8,4.54,15.0,6.0628267666922635e-47,12,31,16,1.0,Cnidaria,Actinopterygii,4.465
asparagus_acutifolius,pinus_pinea,37,3.16,11.69,21.51,2.950996660439788e-97,15,32,10,1.0,Plantae,Plantae,4.439
calmella_cavolini,elysia_timida,22,2.83,7.76,13.17,2.0811323650351894e-35,13,20,14,1.0,Mollusca,Mollusca,4.433
bosemprella_incarnata,ensis_minor,28,6.94,4.04,10.45,1.6213044771227186e-22,19,26,19,1.0,Mollusca,Mollusca,4.42
loligo_vulgaris,pinnoctopus_macropus,30,7.65,3.92,9.72,1.2344622686957473e-19,14,28,19,1.0,Mollusca,Mollusca,4.414
dosinia_lupinus,spisula_subtruncata,33,9.39,3.52,10.01,7.778413774737009e-21,27,32,20,1.0,Mollusca,Mollusca,4.4
bituminaria_bituminosa,rhamnus_alaternus,26,6.34,4.1,10.1,5.248181121034992e-21,22,25,19,0.962,Plantae,Plantae,4.367
conus_ventricosus,tritia_incrassata,25,4.67,5.35,12.6,1.601530788103852e-32,20,24,16,1.0,Mollusca,Mollusca,4.319
muraena_helena,ophidiaster_ophidianus,17,1.35,12.57,17.69,6.3977701844243545e-12,11,14,12,1.0,Actinopterygii,Echinodermata,4.303
juncus_acutus,lagurus_ovatus,24,6.21,3.87,8.45,7.853352143240292e-15,21,24,21,0.833,Plantae,Plantae,4.301
acanthocardia_aculeata,mactra_stultorum,24,6.22,3.86,8.88,2.647611637020842e-16,21,24,21,0.833,Mollusca,Mollusca,4.292
eryngium_maritimum,lagurus_ovatus,31,8.91,3.48,8.68,8.970718666975633e-16,24,29,26,0.935,Plantae,Plantae,4.282
bosemprella_incarnata,peronaea_planata,30,8.56,3.51,9.26,8.384210457041167e-18,21,28,20,1.0,Mollusca,Mollusca,4.271
mactra_stultorum,neverita_josephinia,46,15.19,3.03,12.49,1.5562186571033425e-32,38,45,40,1.0,Mollusca,Mollusca,4.244
mactra_corallina,spisula_subtruncata,31,9.02,3.44,9.71,1.44725441519805e-19,24,28,23,1.0,Mollusca,Mollusca,4.243
bosemprella_incarnata,mactra_corallina,21,3.29,6.39,11.73,5.081750375866095e-28,17,19,15,1.0,Mollusca,Mollusca,4.235
conus_ventricosus,peronaea_planata,30,7.57,3.96,11.14,1.3179323598502588e-25,16,27,18,1.0,Mollusca,Mollusca,4.213
barbatia_barbata,chamelea_gallina,26,6.67,3.9,10.26,1.2540568438282415e-21,23,26,19,1.0,Mollusca,Mollusca,4.212
hacelia_attenuata,ophidiaster_ophidianus,45,10.33,4.36,13.86,3.336391007190397e-40,18,33,15,1.0,Echinodermata,Echinodermata,4.204
fulica_atra,gallinula_chloropus,34,5.45,6.24,14.73,3.644472380670942e-45,9,33,13,0.941,Aves,Aves,4.197
barbatia_barbata,callista_chione,28,8.0,3.5,9.37,3.761689005347687e-18,22,27,23,1.0,Mollusca,Mollusca,4.174
echinolittorina_punctata,siphonaria_pectinata,13,0.5,25.88,20.44,7.188298190966239e-13,10,13,10,1.0,Mollusca,Mollusca,4.172
ensis_minor,spisula_subtruncata,34,10.42,3.26,8.92,1.1592362189546165e-16,23,33,24,1.0,Mollusca,Mollusca,4.167
columbella_rustica,pisania_striata,35,10.87,3.22,10.42,1.5522742418398513e-22,27,35,27,1.0,Mollusca,Mollusca,4.158
acanthocardia_tuberculata,cymodocea_nodosa,32,9.66,3.31,9.8,6.410136403393274e-20,18,22,23,1.0,Mollusca,Plantae,4.148
mactra_corallina,neverita_josephinia,41,13.59,3.02,10.48,6.839971388812394e-23,30,39,31,1.0,Mollusca,Mollusca,4.104
asterina_gibbosa,xantho_poressa,30,8.98,3.34,8.73,6.677466138099958e-16,22,29,20,0.967,Echinodermata,Malacostraca,4.102
donax_trunculus,mactra_corallina,41,13.63,3.01,9.56,3.680724704651936e-19,28,40,26,1.0,Mollusca,Mollusca,4.092
bittium_reticulatum,epitonium_clathrus,21,3.92,5.36,12.37,4.77610906433227e-31,20,20,16,0.905,Mollusca,Mollusca,4.089
epinephelus_costae,ophidiaster_ophidianus,51,15.11,3.38,13.1,5.85849529959849e-36,15,36,17,1.0,Actinopterygii,Echinodermata,4.07
chroicocephalus_ridibundus,larus_michahellis,39,12.89,3.03,9.35,2.6062032179101017e-18,23,33,24,0.949,Aves,Aves,4.061
bolinus_brandaris,peronaea_planata,30,9.1,3.3,9.0,7.611637907880423e-17,22,29,24,1.0,Mollusca,Mollusca,4.061
ocenebra_edwardsii,steromphala_varia,32,8.13,3.94,11.72,2.1474160598437676e-28,18,30,17,1.0,Mollusca,Mollusca,4.039
bosemprella_incarnata,moerella_pulchella,31,7.14,4.34,11.33,1.5468064522246528e-26,22,29,16,1.0,Mollusca,Mollusca,4.033
moerella_pulchella,peronaea_planata,19,4.15,4.58,8.81,7.403498375524983e-16,13,17,18,1.0,Mollusca,Mollusca,4.032
curruca_melanocephala,emberiza_cirlus,13,0.76,17.22,17.86,8.062116547574147e-11,12,13,11,0.846,Aves,Aves,4.015
acanthocardia_tuberculata,glycymeris_nummaria,37,12.26,3.02,8.52,2.6987900623220852e-15,22,32,29,1.0,Mollusca,Mollusca,3.991
chamelea_gallina,mimachlamys_varia,34,10.34,3.29,9.64,2.3885438119445237e-19,25,33,19,0.971,Mollusca,Mollusca,3.99
bosemprella_incarnata,neverita_josephinia,25,7.25,3.45,8.15,7.855438791293484e-14,19,25,20,1.0,Mollusca,Mollusca,3.986
bulla_striata,cardites_antiquatus,32,9.61,3.33,10.73,8.978776642261819e-24,21,32,19,1.0,Mollusca,Mollusca,3.961
bulla_striata,conus_ventricosus,39,10.11,3.86,11.25,2.3886453280429814e-26,22,39,16,1.0,Mollusca,Mollusca,3.959
bolinus_brandaris,mactra_stultorum,30,9.46,3.17,11.51,3.3924656032639574e-27,26,29,29,1.0,Mollusca,Mollusca,3.924
rocellaria_dubia,vermetus_triquetrus,83,16.52,5.02,23.1,6.363437691694749e-114,9,78,11,1.0,Mollusca,Mollusca,3.921
anomia_ephippium,mactra_stultorum,29,6.78,4.27,10.02,8.581983422913022e-21,19,29,16,1.0,Mollusca,Mollusca,3.91
mactra_stultorum,patella_rustica,29,9.1,3.19,9.08,4.4514957744217965e-17,18,28,22,1.0,Mollusca,Mollusca,3.906
arca_noae,chamelea_gallina,29,9.12,3.18,7.99,2.058946777756758e-13,23,28,23,1.0,Mollusca,Mollusca,3.896
diaphorodoris_papillata,tenellia_ocellata,48,13.67,3.51,11.21,2.6373287611129693e-26,14,47,16,1.0,Mollusca,Mollusca,3.889
parablennius_rouxi,paraflabellina_ischitana,28,8.83,3.17,8.12,8.559375728347182e-14,16,26,21,1.0,Actinopterygii,Mollusca,3.844
phycis_phycis,scorpaena_scrofa,38,10.97,3.46,11.1,1.3344351957914966e-25,9,37,17,1.0,Actinopterygii,Actinopterygii,3.838
ariosoma_balearicum,sicyonia_carinata,31,6.29,4.93,13.5,1.1459192588598314e-37,18,29,14,1.0,Actinopterygii,Malacostraca,3.835
mactra_corallina,moerella_pulchella,22,4.24,5.19,11.87,1.1267549945644842e-28,16,20,15,1.0,Mollusca,Mollusca,3.818
glycymeris_nummaria,neverita_josephinia,25,7.67,3.26,9.1,4.7983219782657553e-17,19,23,24,1.0,Mollusca,Mollusca,3.804
paraflabellina_ischitana,thuridilla_hopei,29,9.38,3.09,7.64,2.4685061475593904e-12,14,29,22,1.0,Mollusca,Mollusca,3.799
calystegia_soldanella,echium_sabulicola,12,0.75,15.94,14.29,1.0579978883897347e-09,8,12,11,1.0,Plantae,Plantae,3.784
columbella_rustica,steromphala_divaricata,23,6.9,3.34,7.71,2.0478296527476775e-12,20,23,21,1.0,Mollusca,Mollusca,3.781
bosemprella_incarnata,cardites_antiquatus,12,0.57,20.91,19.73,6.237431171501777e-11,11,11,10,1.0,Mollusca,Mollusca,3.777
thuridilla_hopei,trinchesia_morrowae,36,11.32,3.18,9.44,1.3351964525002557e-18,15,35,18,1.0,Mollusca,Mollusca,3.731
barbatia_barbata,peronaea_planata,22,6.18,3.56,8.22,5.6077535744057084e-14,20,21,19,1.0,Mollusca,Mollusca,3.729
cochlicella_barbara,xerotricha_conspurcata,15,1.8,8.31,10.99,3.7563278509862276e-24,13,15,13,1.0,Mollusca,Mollusca,3.727
chamelea_gallina,moerella_pulchella,25,5.34,4.68,11.31,3.4089231778004446e-26,18,25,15,1.0,Mollusca,Mollusca,3.726
solatopupa_similis,xerosecta_cespitum,16,0.81,19.64,23.59,6.562823260890814e-14,13,14,9,1.0,Mollusca,Mollusca,3.715
caloria_quatrefagesi,diaphorodoris_alba,22,4.9,4.49,10.42,3.774956910551701e-22,11,20,16,1.0,Mollusca,Mollusca,3.714
ophidiaster_ophidianus,sparisoma_cretense,29,6.79,4.27,12.18,1.5918085284924644e-30,19,28,15,0.931,Echinodermata,Actinopterygii,3.666
callista_chione,dosinia_exoleta,23,6.28,3.66,9.01,1.0750674265500516e-16,14,21,18,1.0,Mollusca,Mollusca,3.661
pagellus_erythrinus,penaeus_kerathurus,45,12.51,3.6,11.59,4.620812362590079e-28,20,42,15,1.0,Actinopterygii,Malacostraca,3.657
dosinia_lupinus,mactra_corallina,23,5.89,3.91,9.16,3.044315346724549e-17,19,22,17,1.0,Mollusca,Mollusca,3.634
asparagus_acutifolius,viburnum_tinus,22,6.84,3.22,8.27,4.1355681863754604e-14,19,19,20,1.0,Plantae,Plantae,3.615
trochoidea_elegans,xerotricha_conspurcata,16,2.53,6.32,10.25,4.053398608506783e-21,13,16,14,1.0,Mollusca,Mollusca,3.578
gobius_roulei,serranus_hepatus,33,9.95,3.32,9.27,6.780658077228358e-18,19,28,17,1.0,Actinopterygii,Actinopterygii,3.566
bittium_reticulatum,tritia_neritea,21,4.89,4.29,8.47,8.462090059296838e-15,13,21,16,1.0,Mollusca,Mollusca,3.547
cakile_maritima,medicago_marina,24,7.86,3.05,7.31,2.921795134419067e-11,19,24,21,0.958,Plantae,Plantae,3.544
mactra_stultorum,peronidia_albicans,12,1.12,10.67,12.88,6.248159900881571e-08,11,12,12,1.0,Mollusca,Mollusca,3.53
ensis_minor,peronaea_planata,24,7.96,3.02,7.41,1.571786252631702e-11,16,23,20,1.0,Mollusca,Mollusca,3.513
chamelea_gallina,venus_verrucosa,36,9.76,3.69,10.79,3.1933937089194523e-24,15,36,15,1.0,Mollusca,Mollusca,3.509
acanthocardia_tuberculata,donax_semistriatus,22,6.27,3.51,7.78,1.3683075280701893e-12,15,21,18,1.0,Mollusca,Mollusca,3.493
ocenebra_erinaceus,tritia_nitida,18,4.36,4.13,9.62,1.066763164301666e-18,15,18,17,1.0,Mollusca,Mollusca,3.484
cardites_antiquatus,venus_verrucosa,40,13.26,3.02,10.94,7.316575541758937e-25,15,37,17,1.0,Mollusca,Mollusca,3.466
neverita_josephinia,turritellinella_tricarinata,22,4.93,4.46,9.64,4.941542099798672e-19,11,21,15,1.0,Mollusca,Mollusca,3.466
edmundsella_pedata,elysia_timida,26,6.91,3.76,9.32,6.024560254991209e-18,16,26,16,1.0,Mollusca,Mollusca,3.452
bittium_reticulatum,turritellinella_tricarinata,28,8.33,3.36,9.08,4.3358412508847426e-17,24,27,17,0.821,Mollusca,Mollusca,3.433
ensis_minor,moerella_pulchella,25,8.19,3.05,8.55,4.115457000355254e-15,16,23,19,1.0,Mollusca,Mollusca,3.41
sarcotragus_spinosulus,sparisoma_cretense,17,2.3,7.38,12.02,4.4105801871338146e-29,15,16,12,1.0,Porifera,Actinopterygii,3.398
donax_semistriatus,turritellinella_tricarinata,21,4.27,4.92,9.87,6.881146381718092e-20,16,21,14,1.0,Mollusca,Mollusca,3.396
candiella_odhneri,luisella_babai,27,7.5,3.6,8.81,3.8808901258709413e-16,13,25,16,1.0,Mollusca,Mollusca,3.377
runcinia_grammica,thomisus_onustus,9,0.3,30.36,17.6,1.132782399785027e-09,8,9,9,1.0,Arachnida,Arachnida,3.375
clanculus_cruciatus,tritia_incrassata,48,12.62,3.8,13.14,3.897309235570692e-36,22,46,13,1.0,Mollusca,Mollusca,3.359
diaphorodoris_papillata,felimare_orsinii,47,13.58,3.46,11.06,1.313534947811606e-25,14,43,14,1.0,Mollusca,Mollusca,3.345
steromphala_varia,xantho_poressa,42,13.72,3.06,9.88,2.0034662721557846e-20,18,40,16,1.0,Mollusca,Malacostraca,3.344
cardita_calyculata,conus_ventricosus,19,5.03,3.78,9.34,1.1230631174999536e-17,17,19,17,1.0,Mollusca,Mollusca,3.328
pagellus_erythrinus,phycis_phycis,47,14.92,3.15,9.99,5.753914591121665e-21,13,46,15,1.0,Actinopterygii,Actinopterygii,3.313
bulla_striata,limaria_tuberculata,33,9.38,3.52,9.7,1.3726835898949337e-19,13,32,15,0.97,Mollusca,Mollusca,3.3
acanthocardia_aculeata,neverita_josephinia,16,3.27,4.89,8.73,2.0635669890600828e-15,13,15,15,1.0,Mollusca,Mollusca,3.3
mactra_stultorum,spondylus_gaederopus,14,2.06,6.8,10.45,1.0221243806799356e-21,13,14,13,1.0,Mollusca,Mollusca,3.288
arca_noae,conus_ventricosus,24,7.66,3.13,7.97,3.191810013276992e-13,16,24,18,1.0,Mollusca,Mollusca,3.264
steromphala_varia,tritia_corniculum,44,13.98,3.15,11.01,2.7215190867384134e-25,12,43,15,1.0,Mollusca,Mollusca,3.256
bosemprella_incarnata,donax_trunculus,22,7.28,3.02,8.01,2.8935550410668453e-13,18,21,19,1.0,Mollusca,Mollusca,3.246
donax_semistriatus,peronidia_albicans,15,1.37,10.93,14.9,7.716269276934275e-10,10,14,10,1.0,Mollusca,Mollusca,3.238
calystegia_soldanella,lagurus_ovatus,22,6.97,3.15,6.98,2.5540566863084144e-10,17,21,18,0.909,Plantae,Plantae,3.192
carcinus_aestuarii,tritia_neritea,38,10.85,3.5,12.0,6.360172176903141e-30,12,28,14,1.0,Malacostraca,Mollusca,3.19
bolinus_brandaris,glycymeris_nummaria,21,6.57,3.2,7.9,6.60486028377736e-13,17,20,18,1.0,Mollusca,Mollusca,3.187
antiopella_cristata,diaphorodoris_alba,42,12.41,3.38,11.12,8.593656535718062e-26,17,39,14,0.976,Mollusca,Mollusca,3.186
limaria_tuberculata,steromphala_varia,34,11.0,3.09,9.13,2.1705593841123244e-17,12,33,16,1.0,Mollusca,Mollusca,3.183
pinus_halepensis,ulex_parviflorus,15,2.81,5.34,8.39,2.973459795922898e-14,12,12,14,1.0,Plantae,Plantae,3.176
galathea_strigosa,scyllarus_arctus,30,7.91,3.79,9.89,2.786503774042455e-20,13,30,14,0.967,Malacostraca,Malacostraca,3.172
egretta_garzetta,fulica_atra,34,11.07,3.07,8.33,1.3028572370532346e-14,14,33,16,0.971,Aves,Aves,3.164
ardea_cinerea,fulica_atra,27,7.56,3.57,8.67,1.2760270028089478e-15,16,26,15,0.926,Aves,Aves,3.146
chthamalus_stellatus,echinolittorina_punctata,29,7.68,3.78,10.55,5.778855451751419e-23,15,26,14,0.966,Crustacea,Mollusca,3.134
felimare_tricolor,felimida_binza,33,10.82,3.05,8.04,1.259678952846592e-13,18,30,16,1.0,Mollusca,Mollusca,3.119
foeniculum_vulgare,rhamnus_alaternus,10,0.5,20.0,15.51,4.5666785018718234e-09,9,10,9,1.0,Plantae,Plantae,3.104
conus_ventricosus,striarca_lactea,44,11.24,3.92,12.49,1.426475700979151e-32,16,41,12,1.0,Mollusca,Mollusca,3.102
rudmania_krohni,simnia_spelta,23,6.71,3.43,8.25,4.3686440937975627e-14,15,19,16,1.0,Mollusca,Mollusca,3.092
cyperus_capitatus,eryngium_maritimum,20,5.07,3.95,8.01,2.823902927136504e-13,9,18,15,0.9,Plantae,Plantae,3.086
cardites_antiquatus,peronaea_planata,22,7.32,3.01,7.36,2.4677657678522767e-11,16,21,18,1.0,Mollusca,Mollusca,3.066
pachycerianthus_solitarius,pagellus_acarne,34,10.7,3.18,10.08,4.4431649363736545e-21,16,29,15,1.0,Cnidaria,Actinopterygii,3.06
gladiolus_italicus,urospermum_dalechampii,13,1.5,8.65,10.41,1.705463238265102e-21,11,12,11,1.0,Plantae,Plantae,3.044
diodora_graeca,steromphala_varia,37,11.13,3.33,11.48,2.5678195924211196e-27,10,36,14,1.0,Mollusca,Mollusca,3.041
lysmata_seticaudata,porcellana_platycheles,23,3.39,6.78,12.01,1.6342298810319657e-29,14,22,10,1.0,Malacostraca,Malacostraca,3.001
mimachlamys_varia,tritia_mutabilis,18,3.66,4.92,10.39,8.984175131836876e-22,14,18,13,1.0,Mollusca,Mollusca,2.993
caloria_quatrefagesi,rudmania_krohni,30,9.3,3.22,9.13,2.5946653220025334e-17,12,28,15,1.0,Mollusca,Mollusca,2.983
pinctada_radiata,semicassis_undulata,14,1.48,9.47,11.33,1.5245773746928214e-25,9,14,10,1.0,Mollusca,Mollusca,2.966
acanthocardia_tuberculata,moerella_pulchella,15,2.79,5.39,8.44,2.068572147731869e-14,13,14,13,1.0,Mollusca,Mollusca,2.965
callista_chione,glycymeris_glycymeris,18,5.41,3.32,6.46,6.9469224075675555e-09,12,17,17,1.0,Mollusca,Mollusca,2.948
clavelina_lepadiformis,luisella_babai,26,8.42,3.09,7.04,1.5115211259468288e-10,12,24,16,0.923,Animalia,Mollusca,2.941
caloria_quatrefagesi,facelina_rubrovittata,34,9.43,3.6,11.46,3.779758147341739e-27,14,31,13,1.0,Mollusca,Mollusca,2.936
astropecten_platyacanthus,pagellus_acarne,47,14.71,3.2,11.4,3.818716654637445e-27,14,38,13,1.0,Echinodermata,Actinopterygii,2.911
dactylopterus_volitans,pinnoctopus_macropus,35,9.98,3.51,10.28,5.743442153146642e-22,9,34,13,1.0,Actinopterygii,Mollusca,2.902
condylactis_aurantiaca,periclimenes_scriptus,29,6.07,4.78,12.02,9.00303893830117e-30,14,23,11,1.0,Cnidaria,Malacostraca,2.897
bittium_reticulatum,clanculus_jussieui,41,12.41,3.3,10.26,5.344734513812365e-22,13,38,13,1.0,Mollusca,Mollusca,2.882
moerella_pulchella,tritia_mutabilis,20,6.03,3.32,8.23,7.101173441760095e-14,14,18,16,1.0,Mollusca,Mollusca,2.876
semicassis_undulata,synodus_saurus,24,6.6,3.64,8.52,4.9319321144544144e-15,19,22,14,1.0,Mollusca,Actinopterygii,2.874
gallinula_chloropus,larus_michahellis,24,7.19,3.34,7.28,3.3281445722948134e-11,14,24,15,1.0,Aves,Aves,2.874
bittium_reticulatum,ocenebra_erinaceus,26,8.68,3.0,6.86,4.5475443599663814e-10,17,25,16,0.885,Mollusca,Mollusca,2.864
acanthocardia_aculeata,tritia_mutabilis,17,5.22,3.26,6.7,2.0747452407445316e-09,16,15,17,1.0,Mollusca,Mollusca,2.846
peronidia_albicans,turritellinella_tricarinata,14,1.99,7.02,9.72,7.4828207098147345e-19,12,14,11,0.929,Mollusca,Mollusca,2.829
barbatia_barbata,cardita_calyculata,22,7.02,3.13,8.06,2.0935618162906753e-13,16,21,16,1.0,Mollusca,Mollusca,2.822
cardites_antiquatus,donax_trunculus,16,2.53,6.33,9.78,2.8292957809768413e-19,11,15,11,1.0,Mollusca,Mollusca,2.814
donax_semistriatus,moerella_pulchella,23,5.16,4.46,9.96,2.4733396744690013e-20,11,19,12,1.0,Mollusca,Mollusca,2.813
bosemprella_incarnata,donax_semistriatus,13,1.77,7.34,11.01,6.80747075246539e-24,11,12,11,1.0,Mollusca,Mollusca,2.812
striarca_lactea,tritia_corrugata,27,7.28,3.71,9.33,5.1487045261202996e-18,16,23,13,1.0,Mollusca,Mollusca,2.809
rudmania_krohni,yungia_aurantiaca,24,6.8,3.53,8.05,1.6686157284431334e-13,9,22,14,1.0,Mollusca,Platyhelminthes,2.806
mactra_corallina,pholas_dactylus,20,6.67,3.0,7.04,2.1657954163951257e-10,18,19,17,1.0,Mollusca,Mollusca,2.797
caloria_quatrefagesi,felimare_tricolor,21,5.67,3.7,8.76,9.838779611480037e-16,10,19,14,1.0,Mollusca,Mollusca,2.788
flexopecten_glaber,tritia_nitida,18,0.38,47.34,30.5,8.310729910910757e-15,6,16,5,1.0,Mollusca,Mollusca,2.787
cardites_antiquatus,striarca_lactea,37,10.22,3.62,11.33,1.2097842528600144e-26,16,36,12,1.0,Mollusca,Mollusca,2.787
clavularia_crassa,rocellaria_dubia,37,12.33,3.0,9.04,4.23283787152808e-17,12,37,14,1.0,Cnidaria,Mollusca,2.777
cochlicella_acuta,otala_lactea,11,0.84,13.04,12.36,3.874363294056989e-08,10,11,9,1.0,Mollusca,Mollusca,2.771
sicyonia_carinata,synodus_saurus,35,7.4,4.73,16.78,1.2897178513398294e-58,14,33,10,1.0,Malacostraca,Actinopterygii,2.762
caloria_quatrefagesi,trapania_lineata,23,6.54,3.52,8.0,2.6786930656058744e-13,10,18,14,1.0,Mollusca,Mollusca,2.762
bolinus_brandaris,ensis_minor,18,5.48,3.28,7.26,6.159257448917616e-11,16,18,16,1.0,Mollusca,Mollusca,2.747
columbella_rustica,microlipophrys_canevae,26,8.48,3.07,7.19,5.896391710230216e-11,11,25,15,1.0,Mollusca,Actinopterygii,2.741
mactra_corallina,ruditapes_decussatus,12,1.33,9.05,11.0,3.1853969747575316e-07,10,11,10,1.0,Mollusca,Mollusca,2.737
tritia_mutabilis,turritellinella_tricarinata,18,5.52,3.26,6.46,7.136287983291208e-09,12,18,16,1.0,Mollusca,Mollusca,2.733
bulla_striata,pinctada_radiata,20,4.94,4.05,7.7,2.5871908286880975e-12,12,19,13,1.0,Mollusca,Mollusca,2.724
ophisurus_serpens,sicyonia_carinata,35,8.73,4.01,11.08,1.7040365974117e-25,16,33,11,1.0,Actinopterygii,Malacostraca,2.716
donax_trunculus,venus_verrucosa,22,6.29,3.5,8.35,2.152894597687863e-14,13,22,14,1.0,Mollusca,Mollusca,2.711
donax_semistriatus,glycymeris_nummaria,17,5.51,3.08,6.02,8.699631912408489e-08,17,17,17,1.0,Mollusca,Mollusca,2.709
candiella_odhneri,marionia_blainvillea,24,5.81,4.13,11.08,4.5025882504031e-25,16,23,12,1.0,Mollusca,Mollusca,2.704
chelidonichthys_lastoviza,zeus_faber,20,3.95,5.06,14.19,9.74108185368637e-41,3,17,11,1.0,Actinopterygii,Actinopterygii,2.671
cochlicella_acuta,ferussacia_folliculum,14,2.24,6.24,9.38,1.454684591239399e-17,11,14,11,1.0,Mollusca,Mollusca,2.658
pinnoctopus_macropus,simnia_spelta,25,7.68,3.25,8.38,1.482578254463072e-14,7,22,14,1.0,Mollusca,Mollusca,2.656
nemesignis_banyulensis,peltodoris_atromaculata,18,5.73,3.14,6.09,5.2777614143340594e-08,8,15,16,1.0,Mollusca,Mollusca,2.646
astropecten_platyacanthus,sicyonia_carinata,28,5.72,4.89,14.78,5.754236547429174e-45,15,24,10,1.0,Echinodermata,Malacostraca,2.644
conus_ventricosus,venus_verrucosa,39,9.21,4.23,13.37,3.1398623907792946e-37,11,34,10,1.0,Mollusca,Mollusca,2.642
donax_trunculus,glycymeris_glycymeris,22,4.65,4.73,10.21,2.6834890801653537e-21,9,21,11,1.0,Mollusca,Mollusca,2.642
acanthocardia_tuberculata,turritellinella_tricarinata,17,4.91,3.46,7.06,2.277729902919636e-10,14,17,15,1.0,Mollusca,Mollusca,2.638
condylactis_aurantiaca,gobius_geniporus,16,4.51,3.55,6.82,1.0590607352428566e-09,11,15,15,1.0,Cnidaria,Actinopterygii,2.635
neverita_josephinia,solen_marginatus,18,5.37,3.35,8.29,5.6334192702839594e-14,13,18,15,1.0,Mollusca,Mollusca,2.621
papillicardium_papillosum,spisula_subtruncata,32,8.1,3.95,10.07,4.5651367606876326e-21,20,31,11,1.0,Mollusca,Mollusca,2.619
epitonium_clathrus,turritellinella_tricarinata,18,4.94,3.64,8.88,5.826240300313633e-16,15,18,14,0.833,Mollusca,Mollusca,2.614
iberus_splendidus,monacha_cartusiana,14,1.93,7.24,10.08,3.017885653631305e-20,13,14,10,1.0,Mollusca,Mollusca,2.612
peronaea_planata,peronidia_albicans,17,4.11,4.13,8.27,6.002602445428511e-14,15,17,13,1.0,Mollusca,Mollusca,2.612
rhamnus_alaternus,viburnum_tinus,15,3.79,3.96,8.5,1.681431168141963e-14,13,12,14,0.867,Plantae,Plantae,2.609
hedera_helix,viburnum_tinus,16,4.59,3.49,6.49,7.090957253731541e-09,15,15,15,0.938,Plantae,Plantae,2.599
donacilla_cornea,moerella_pulchella,10,0.82,12.27,13.21,2.9827251369415885e-07,8,9,9,1.0,Mollusca,Mollusca,2.598
acanthocardia_aculeata,callista_chione,18,5.44,3.31,6.89,5.917858030054187e-10,13,15,15,1.0,Mollusca,Mollusca,2.595
monacha_cartusiana,xerosecta_arigonis,11,0.51,21.73,17.21,3.0404153317903527e-10,10,11,7,1.0,Mollusca,Mollusca,2.584
modiolus_barbatus,striarca_lactea,30,9.34,3.21,9.32,5.400385221166415e-18,19,30,13,1.0,Mollusca,Mollusca,2.578
bulla_striata,neverita_josephinia,15,3.48,4.31,10.96,9.28418888298988e-24,14,14,13,1.0,Mollusca,Mollusca,2.572
pinus_pinea,viburnum_tinus,8,0.23,34.11,16.64,4.895224494637585e-09,6,7,7,0.875,Plantae,Plantae,2.569
melarhaphe_neritoides,microeuraphia_depressa,9,0.49,18.53,13.24,5.582921360433634e-08,9,9,8,1.0,Mollusca,Crustacea,2.566
ensis_minor,solen_marginatus,20,5.89,3.4,8.07,2.1307167704684038e-13,17,20,14,1.0,Mollusca,Mollusca,2.566
moerella_pulchella,spisula_subtruncata,24,6.94,3.46,8.89,2.7917563158535496e-16,14,22,13,1.0,Mollusca,Mollusca,2.564
striarca_lactea,tritia_neritea,28,5.1,5.49,12.02,8.339105446105737e-30,10,28,9,1.0,Mollusca,Mollusca,2.554
bolma_rugosa,conus_ventricosus,18,4.64,3.88,8.14,1.490428765440228e-13,13,18,13,1.0,Mollusca,Mollusca,2.547
armadillidium_vulgare,theba_pisana,9,0.33,27.0,15.92,2.8847332338193013e-09,5,5,7,1.0,Malacostraca,Mollusca,2.535
diplodus_vulgaris,sciaena_umbra,41,13.18,3.11,11.16,6.325958424566876e-26,12,37,12,1.0,Actinopterygii,Actinopterygii,2.528
dosinia_lupinus,moerella_pulchella,27,6.71,4.02,10.16,2.788565624881893e-21,15,25,11,1.0,Mollusca,Mollusca,2.522
diaphorodoris_papillata,simnia_spelta,31,10.02,3.09,10.18,2.1935122162323665e-21,12,28,13,1.0,Mollusca,Mollusca,2.518
conus_ventricosus,tritia_mutabilis,19,4.02,4.72,10.7,4.0114880136436556e-23,10,19,11,1.0,Mollusca,Mollusca,2.513
lotus_creticus,medicago_marina,12,1.59,7.53,9.05,3.190221689093898e-16,3,10,10,0.833,Plantae,Plantae,2.508
conus_ventricosus,ebenomitra_ebenus,24,6.47,3.71,8.92,1.9840618763535418e-16,14,24,12,1.0,Mollusca,Mollusca,2.5
aequipecten_opercularis,mactra_corallina,14,2.12,6.62,9.78,4.2511254409427496e-19,9,11,10,0.929,Mollusca,Mollusca,2.494
spisula_subtruncata,steromphala_varia,18,4.78,3.77,7.3,4.324960014688678e-11,13,18,13,1.0,Mollusca,Mollusca,2.493
neverita_josephinia,tritia_nitida,15,3.64,4.12,7.25,8.160077267771144e-11,11,14,13,1.0,Mollusca,Mollusca,2.492
caulerpa_prolifera,cymodocea_nodosa,16,4.05,3.95,6.83,9.157262025499875e-10,8,16,13,1.0,Plantae,Plantae,2.476
centaurea_aspera,sonchus_tenerrimus,18,5.29,3.4,6.62,2.818874419483839e-09,13,16,14,1.0,Plantae,Plantae,2.476
gibbula_magus,turritellinella_tricarinata,17,3.97,4.28,8.67,2.902586796368574e-15,13,17,12,1.0,Mollusca,Mollusca,2.472
aglaja_tricolorata,astropecten_platyacanthus,10,0.28,35.48,18.62,2.871426491413757e-11,5,8,6,1.0,Mollusca,Echinodermata,2.465
coccinella_septempunctata,episyrphus_balteatus,17,3.99,4.26,9.44,5.9105811866014156e-18,14,16,12,0.941,Insecta,Insecta,2.464
fissurella_nubecula,polititapes_aureus,29,9.5,3.05,8.36,1.3292203399706036e-14,15,29,13,1.0,Mollusca,Mollusca,2.441
chamelea_gallina,dosinia_lupinus,26,8.24,3.16,7.95,3.307502737485758e-13,17,26,13,1.0,Mollusca,Mollusca,2.437
pachycerianthus_solitarius,sicyonia_carinata,22,5.28,4.16,10.02,1.7325818295282213e-20,14,20,11,1.0,Cnidaria,Malacostraca,2.423
anomia_ephippium,donax_trunculus,26,8.29,3.14,8.17,6.634533655935698e-14,15,26,13,1.0,Mollusca,Mollusca,2.423
candiella_striata,trinchesia_morrowae,28,6.57,4.26,13.48,2.377684008773647e-37,10,26,10,1.0,Mollusca,Mollusca,2.415
diaphorodoris_alba,facelina_auriculata,16,3.3,4.85,8.51,1.0892580140528372e-14,10,16,11,0.938,Mollusca,Mollusca,2.408
gnathophyllum_elegans,pagurus_cuanensis,36,9.64,3.73,11.49,2.1503999831557896e-27,14,34,10,1.0,Malacostraca,Malacostraca,2.359
holothuria_forskali,pleraplysilla_spinifera,15,3.08,4.87,8.58,7.544686570133386e-15,11,14,11,1.0,Echinodermata,Porifera,2.358
ophidiaster_ophidianus,seriola_dumerili,20,5.96,3.35,7.95,4.897970569691762e-13,13,18,13,1.0,Echinodermata,Actinopterygii,2.354
simnia_spelta,trinchesia_morrowae,33,10.74,3.07,9.33,4.27157947340806e-18,11,30,12,1.0,Mollusca,Mollusca,2.353
epinephelus_costae,pinna_rudis,34,10.14,3.35,11.02,3.9105614411371286e-25,10,33,11,1.0,Actinopterygii,Mollusca,2.345
patella_rustica,peronaea_planata,15,4.36,3.44,5.96,1.3137030450431728e-07,13,14,14,1.0,Mollusca,Mollusca,2.342
ruditapes_decussatus,tritia_nitida,10,0.79,12.7,12.03,2.237799687557683e-07,7,10,8,1.0,Mollusca,Mollusca,2.341
epitonium_clathrus,ocenebra_erinaceus,17,4.79,3.55,7.97,5.980511758809635e-13,15,17,13,0.882,Mollusca,Mollusca,2.333
elysia_viridis,thuridilla_hopei,19,5.11,3.72,7.74,2.2676543960705387e-12,12,19,12,1.0,Mollusca,Mollusca,2.321
cribrinopsis_crassa,felimare_orsinii,23,7.36,3.12,6.63,2.019152052459112e-09,10,23,13,1.0,Cnidaria,Mollusca,2.319
ichthyaetus_audouinii,larus_michahellis,22,6.3,3.49,7.56,6.087511168969159e-12,10,21,12,1.0,Aves,Aves,2.318
donax_trunculus,turritellinella_tricarinata,13,2.53,5.15,8.4,4.132735732506264e-14,10,13,11,1.0,Mollusca,Mollusca,2.312
dosinia_lupinus,peronidia_albicans,15,2.27,6.6,11.03,2.9997873107486647e-24,13,15,9,1.0,Mollusca,Mollusca,2.3
arca_noae,ruditapes_decussatus,11,0.71,15.44,20.74,7.975531545234637e-09,6,11,7,1.0,Mollusca,Mollusca,2.297
cernuella_virgata,trochoidea_elegans,12,1.54,7.77,9.96,1.5570058216688104e-19,10,12,9,1.0,Mollusca,Mollusca,2.293
bulla_striata,ebenomitra_ebenus,20,4.98,4.02,9.18,3.3961096150108886e-17,11,20,11,1.0,Mollusca,Mollusca,2.292
ophidiaster_ophidianus,tripterygion_delaisi,15,3.22,4.66,8.38,3.3727772747841295e-14,11,14,11,1.0,Echinodermata,Actinopterygii,2.292
donax_trunculus,moerella_pulchella,23,6.8,3.38,11.18,2.3629241372360996e-25,13,22,12,1.0,Mollusca,Mollusca,2.291
luria_lurida,simnia_spelta,17,3.91,4.35,8.3,4.6481580748207395e-14,9,17,11,1.0,Mollusca,Mollusca,2.291
aequipecten_opercularis,moerella_pulchella,10,0.84,11.94,11.6,3.7281190480382255e-07,8,9,8,1.0,Mollusca,Mollusca,2.284
dosinia_lupinus,turritellinella_tricarinata,14,1.62,8.66,11.08,2.0374350989226823e-24,11,13,8,0.857,Mollusca,Mollusca,2.279
aequipecten_opercularis,donax_semistriatus,16,3.1,5.17,10.48,6.02462791153501e-22,9,12,10,1.0,Mollusca,Mollusca,2.278
mactra_stultorum,venus_verrucosa,17,3.41,4.99,8.99,2.191916226643093e-16,11,16,10,1.0,Mollusca,Mollusca,2.277
muraena_helena,octopus_vulgaris,18,5.36,3.36,6.85,7.720857182653195e-10,16,17,13,0.889,Actinopterygii,Mollusca,2.277
helicodonta_obvoluta,solatopupa_similis,14,0.79,17.68,25.33,9.677550796125986e-12,10,13,6,1.0,Mollusca,Mollusca,2.274
bittium_reticulatum,clanculus_cruciatus,23,4.6,5.0,10.59,5.719070520777594e-23,10,23,9,1.0,Mollusca,Mollusca,2.271
callista_chione,turritellinella_tricarinata,14,4.1,3.41,5.86,2.4207442340029057e-07,13,14,14,1.0,Mollusca,Mollusca,2.266
mactra_corallina,polititapes_aureus,15,2.82,5.32,8.44,2.1032149211830425e-14,11,14,10,1.0,Mollusca,Mollusca,2.263
astropecten_platyacanthus,scyllarus_arctus,28,8.18,3.42,9.57,6.060902412351144e-19,8,28,11,1.0,Echinodermata,Malacostraca,2.254
clanculus_cruciatus,tritia_corrugata,19,4.73,4.02,9.65,7.490690015405885e-19,14,18,11,1.0,Mollusca,Mollusca,2.253
polititapes_aureus,tritia_incrassata,25,6.17,4.05,9.6,5.248201289571959e-19,16,25,10,1.0,Mollusca,Mollusca,2.251
bolinus_brandaris,turritellinella_tricarinata,9,0.92,9.73,9.83,7.096199768268008e-06,7,9,9,1.0,Mollusca,Mollusca,2.25
conus_ventricosus,echinolittorina_punctata,9,0.93,9.65,8.92,7.566646046269583e-06,9,9,9,1.0,Mollusca,Mollusca,2.241
steromphala_varia,tritia_corrugata,20,6.32,3.16,6.81,8.559275294460606e-10,14,17,13,1.0,Mollusca,Mollusca,2.24
diaphorodoris_alba,marionia_blainvillea,25,5.33,4.69,11.23,7.520831342732839e-26,9,25,9,1.0,Mollusca,Mollusca,2.239
bulla_striata,tritia_mutabilis,13,2.66,4.89,7.94,1.1576922320552742e-12,8,12,11,1.0,Mollusca,Mollusca,2.239
clanculus_cruciatus,ctena_decussata,21,5.57,3.77,9.55,1.443180976128556e-18,17,20,11,1.0,Mollusca,Mollusca,2.222
galathea_strigosa,pinnoctopus_macropus,14,2.16,6.48,10.03,4.786836751535989e-20,10,13,9,1.0,Malacostraca,Mollusca,2.219
porcellana_platycheles,steromphala_varia,30,8.14,3.68,10.04,6.982934341417001e-21,11,28,10,1.0,Malacostraca,Mollusca,2.216
penaeus_kerathurus,synodus_saurus,19,4.83,3.93,8.83,6.874518677198843e-16,10,19,11,1.0,Malacostraca,Actinopterygii,2.216
chamelea_gallina,donax_venustus,16,2.72,5.89,9.89,1.1563492793936354e-19,14,16,9,1.0,Mollusca,Mollusca,2.212
inachus_phalangium,periclimenes_aegylios,36,11.73,3.07,9.13,1.9590107406754263e-17,6,34,11,1.0,Malacostraca,Malacostraca,2.211
cistus_salviifolius,quercus_suber,12,2.38,5.04,7.35,6.469629665204094e-11,12,12,11,1.0,Plantae,Plantae,2.211
modiolus_barbatus,peronaea_planata,19,5.44,3.49,7.21,7.322613982993345e-11,11,18,12,1.0,Mollusca,Mollusca,2.208
hacelia_attenuata,hermodice_carunculata,17,4.17,4.08,7.84,1.3490717842960248e-12,10,15,11,1.0,Echinodermata,Annelida,2.191
cliona_rhodensis,rocellaria_dubia,45,14.23,3.16,9.91,1.301944391417116e-20,10,43,10,1.0,Porifera,Mollusca,2.19
oedemera_nobilis,synema_globosum,12,2.44,4.92,6.88,1.0686009439128406e-09,10,11,11,1.0,Insecta,Arachnida,2.178
ariosoma_balearicum,diogenes_pugilator,23,7.23,3.18,7.64,3.5249375823962604e-12,14,19,12,1.0,Actinopterygii,Malacostraca,2.176
myiopsitta_monachus,passer_montanus,20,4.7,4.26,9.97,3.3686898672201597e-20,9,19,10,1.0,Aves,Aves,2.171
barbatia_barbata,tritia_nitida,11,1.81,6.08,8.05,7.359748725951645e-13,11,11,10,1.0,Mollusca,Mollusca,2.164
penaeus_kerathurus,scyllarus_arctus,21,4.33,4.85,11.54,4.937984494357725e-27,6,19,9,1.0,Malacostraca,Malacostraca,2.163
pagellus_acarne,sicyonia_carinata,21,5.08,4.13,9.17,3.3388087798685305e-17,12,19,10,1.0,Actinopterygii,Malacostraca,2.159
bolinus_brandaris,mactra_corallina,13,2.82,4.62,7.72,5.2921322987989896e-12,12,13,11,1.0,Mollusca,Mollusca,2.159
cardita_calyculata,chama_gryphoides,26,8.63,3.01,8.78,6.40657482264101e-16,18,25,12,1.0,Mollusca,Mollusca,2.154
cardites_antiquatus,spisula_subtruncata,16,2.3,6.96,10.72,4.4281542881180096e-23,8,14,8,1.0,Mollusca,Mollusca,2.152
moerella_pulchella,polititapes_aureus,26,8.67,3.0,7.24,4.2105627022185675e-11,15,26,12,1.0,Mollusca,Mollusca,2.148
gnathophyllum_elegans,pagellus_erythrinus,37,9.93,3.73,10.88,1.264946355752335e-24,11,35,9,0.973,Malacostraca,Actinopterygii,2.139
acteon_tornatilis,tritia_neritea,22,6.24,3.52,7.88,6.593746045694488e-13,8,18,11,1.0,Mollusca,Mollusca,2.139
quercus_rotundifolia,salvia_verbenaca,7,0.18,38.77,16.5,2.412488421754699e-08,7,7,6,0.857,Plantae,Plantae,2.135
aequipecten_opercularis,callista_chione,8,0.62,12.95,10.05,3.894137840393414e-06,8,8,8,0.875,Mollusca,Mollusca,2.13
chelidonichthys_lastoviza,dactylopterus_volitans,26,5.09,5.11,11.92,3.4370212919503046e-29,4,24,8,1.0,Actinopterygii,Actinopterygii,2.126
pecten_jacobaeus,turritellinella_tricarinata,16,4.45,3.59,6.46,8.120959931071249e-09,12,16,12,1.0,Mollusca,Mollusca,2.126
limaria_tuberculata,talochlamys_multistriata,17,5.36,3.17,6.39,1.1561892742780178e-08,13,17,13,1.0,Mollusca,Mollusca,2.125
luisella_babai,trinchesia_morrowae,22,5.58,3.95,10.07,1.0947279464776693e-20,12,20,10,1.0,Mollusca,Mollusca,2.123
myosotella_myosotis,truncatella_subcylindrica,10,1.0,10.0,10.39,1.5962025383669562e-06,8,9,8,1.0,Mollusca,Mollusca,2.121
loripes_orbiculatus,ruditapes_decussatus,14,3.25,4.31,7.73,4.296284621296889e-12,11,14,11,1.0,Mollusca,Mollusca,2.121
pinnoctopus_macropus,spicara_smaris,14,3.68,3.8,7.7,5.545544692946614e-12,10,13,12,1.0,Mollusca,Actinopterygii,2.114
bosemprella_incarnata,dosinia_lupinus,24,7.93,3.03,7.34,2.540161431232591e-11,15,22,12,1.0,Mollusca,Mollusca,2.114
peronaea_planata,ruditapes_decussatus,13,3.29,3.95,6.72,2.541208577058478e-09,11,12,12,1.0,Mollusca,Mollusca,2.114
electra_posidoniae,xantho_poressa,17,3.24,5.24,11.03,2.0232102968100838e-24,12,16,9,1.0,Bryozoa,Malacostraca,2.112
hydrolithon_farinosum,lissoclinum_weigelei,8,0.63,12.62,9.39,4.632271443059629e-06,5,8,8,1.0,Plantae,Animalia,2.109
conus_ventricosus,tritia_corrugata,19,5.76,3.3,7.35,3.2888409708848304e-11,16,19,12,1.0,Mollusca,Mollusca,2.109
bolma_rugosa,naticarius_hebraeus,12,2.93,4.1,6.5,1.0117948044200244e-08,10,12,12,1.0,Mollusca,Mollusca,2.104
ardea_cinerea,saxicola_rubicola,24,7.97,3.01,6.94,3.023146444468565e-10,9,23,12,1.0,Aves,Aves,2.101
felimare_fontandraui,tripterygion_delaisi,17,4.94,3.44,7.82,1.7739188456472453e-12,12,16,12,0.882,Mollusca,Actinopterygii,2.1
conus_ventricosus,donacilla_cornea,11,1.92,5.74,8.51,3.136062503823798e-14,10,11,10,1.0,Mollusca,Mollusca,2.095
galathea_strigosa,phycis_phycis,27,8.53,3.16,7.75,1.3117130004716822e-12,15,26,11,1.0,Malacostraca,Actinopterygii,2.086
inachus_phalangium,periclimenes_scriptus,10,1.63,6.12,7.71,9.472049933418336e-12,9,10,10,1.0,Malacostraca,Malacostraca,2.086
actitis_hypoleucos,chroicocephalus_ridibundus,13,2.97,4.38,7.16,1.8368037315290776e-10,11,13,11,1.0,Aves,Aves,2.084
melarhaphe_neritoides,pisania_striata,14,2.9,4.82,8.0,6.011746540047542e-13,11,11,10,1.0,Mollusca,Mollusca,2.075
celtis_australis,parietaria_officinalis,11,1.62,6.8,9.23,1.1127373701741796e-16,10,11,9,0.909,Plantae,Plantae,2.068
chthamalus_stellatus,cystoseira_compressa,22,7.22,3.05,7.39,2.050679372157562e-11,13,21,12,1.0,Crustacea,,2.068
mactra_corallina,patella_rustica,17,5.05,3.37,6.99,3.6283324697857865e-10,13,17,12,1.0,Mollusca,Mollusca,2.065
pagellus_acarne,pinnoctopus_macropus,27,8.66,3.12,8.95,1.419735582916518e-16,10,26,11,1.0,Actinopterygii,Mollusca,2.063
cardites_antiquatus,limaria_tuberculata,24,6.57,3.66,9.0,1.1107631128577605e-16,9,23,10,1.0,Mollusca,Mollusca,2.062
fissurella_nubecula,ruditapes_decussatus,19,5.32,3.57,7.55,8.18337948028225e-12,8,19,11,1.0,Mollusca,Mollusca,2.061
donax_semistriatus,mimachlamys_varia,15,3.3,4.54,9.17,8.107616478844628e-17,11,15,10,1.0,Mollusca,Mollusca,2.049
branchellion_torpedinis,torpedo_torpedo,11,1.65,6.67,8.39,6.671015302666498e-14,8,10,9,1.0,Annelida,Elasmobranchii,2.048
asparagus_acutifolius,scirpoides_holoschoenus,15,3.81,3.94,6.83,1.0204254179436557e-09,14,15,11,1.0,Plantae,Plantae,2.042
felimare_villafranca,marionia_blainvillea,30,9.03,3.32,10.27,9.369826214740677e-22,10,28,10,1.0,Mollusca,Mollusca,2.041
cardites_antiquatus,patella_rustica,17,5.13,3.32,7.42,2.463054756475578e-11,14,17,12,1.0,Mollusca,Mollusca,2.04
idotea_balthica,tritia_neritea,18,1.72,10.46,14.53,9.800113297638429e-43,9,18,6,1.0,Crustacea,Mollusca,2.036
callista_chione,peronaea_planata,18,5.57,3.23,7.86,1.2046174532298274e-12,14,16,12,1.0,Mollusca,Mollusca,2.033
felimare_orsinii,tylodina_perversa,19,6.01,3.16,7.65,4.743184418514325e-12,9,19,12,1.0,Mollusca,Mollusca,2.033
ctena_decussata,tritia_corrugata,15,3.36,4.47,7.47,1.967282023723392e-11,13,14,10,0.933,Mollusca,Mollusca,2.028
chroicocephalus_ridibundus,myiopsitta_monachus,11,1.69,6.51,8.64,1.0946669128134527e-14,5,11,9,1.0,Aves,Aves,2.021
epinephelus_costae,mycteroperca_rubra,25,8.0,3.13,7.4,1.533792011608051e-11,9,21,11,1.0,Actinopterygii,Actinopterygii,2.02
cakile_maritima,cyperus_capitatus,15,3.87,3.87,7.06,2.7105455518049064e-10,9,12,11,0.867,Plantae,Plantae,2.016
chelidonichthys_obscurus,penaeus_kerathurus,35,11.31,3.1,9.03,4.729708660511924e-17,10,30,10,1.0,Actinopterygii,Malacostraca,2.011
anomia_ephippium,glycymeris_glycymeris,18,5.09,3.53,6.44,7.500600671398752e-09,9,18,11,1.0,Mollusca,Mollusca,2.005
cerastoderma_glaucum,donax_semistriatus,8,0.72,11.11,10.01,1.069150192136587e-05,8,8,8,1.0,Mollusca,Mollusca,2.003
peronidia_albicans,solen_marginatus,15,2.37,6.32,11.48,3.105773838671975e-26,11,15,8,1.0,Mollusca,Mollusca,1.997
gnathophyllum_elegans,periclimenes_aegylios,39,8.22,4.74,14.04,4.3896039889407827e-41,4,38,7,1.0,Malacostraca,Malacostraca,1.995
pterois_miles,siganus_rivulatus,9,0.93,9.67,10.22,7.4268939742478575e-06,8,9,8,0.889,Actinopterygii,Actinopterygii,1.994
lauria_cylindracea,oxychilus_draparnaudi,8,0.52,15.38,12.38,1.2412004809659838e-06,8,8,7,1.0,Mollusca,Mollusca,1.989
chloromyia_formosa,closterotomus_trivialis,18,5.74,3.13,11.15,1.107650014346357e-24,12,15,12,1.0,Insecta,Insecta,1.979
caloria_elegans,diaphorodoris_alba,41,12.62,3.25,10.92,7.965440973640214e-25,16,37,9,1.0,Mollusca,Mollusca,1.97
actitis_hypoleucos,gallinula_chloropus,19,5.63,3.37,6.64,2.333584915169104e-09,10,18,11,1.0,Aves,Aves,1.967
felimare_tricolor,phyllidia_flava,26,4.65,5.59,11.77,1.7977309504546962e-28,10,25,7,1.0,Mollusca,Mollusca,1.962
astropecten_aranciacus,gobius_roulei,12,2.86,4.2,6.3,2.9077523978547866e-08,10,11,11,1.0,Echinodermata,Actinopterygii,1.961
asparagus_acutifolius,quercus_rotundifolia,24,3.08,7.8,14.3,5.4437353621714204e-42,19,21,6,1.0,Plantae,Plantae,1.958
ocenebra_erinaceus,steromphala_divaricata,15,4.05,3.71,7.09,2.3890809215757673e-10,11,15,11,1.0,Mollusca,Mollusca,1.953
ebenomitra_ebenus,tritia_corrugata,18,4.66,3.86,7.37,2.8574640433563824e-11,11,17,10,1.0,Mollusca,Mollusca,1.952
calystegia_soldanella,medicago_littoralis,10,1.53,6.55,7.52,3.0932391981755777e-11,8,10,9,1.0,Plantae,Plantae,1.947
lepadogaster_candolii,periclimenes_aegylios,25,5.52,4.53,11.09,3.2017244584213373e-25,5,23,8,1.0,Actinopterygii,Malacostraca,1.945
astropecten_spinulosus,periclimenes_aegylios,32,9.18,3.48,9.2,1.1637145801976429e-17,5,32,9,1.0,Echinodermata,Malacostraca,1.945
ascidia_mentula,axinella_damicornis,11,1.45,7.6,8.74,4.816696172165687e-15,10,11,8,1.0,Animalia,Porifera,1.945
pyrrhocoris_apterus,theba_pisana,8,0.56,14.4,12.66,1.9273027903465046e-06,5,8,7,1.0,Insecta,Mollusca,1.941
patella_rustica,turritellinella_tricarinata,13,2.87,4.53,8.48,2.5619031271887023e-14,10,13,10,1.0,Mollusca,Mollusca,1.937
gobius_xanthocephalus,periclimenes_scriptus,15,3.6,4.17,7.19,1.1948142704171352e-10,7,13,10,1.0,Actinopterygii,Malacostraca,1.933
cochlicella_acuta,theba_pisana,14,3.7,3.78,6.76,1.8456041045482474e-09,12,14,11,1.0,Mollusca,Mollusca,1.93
gallinula_chloropus,passer_montanus,17,4.94,3.44,6.6,3.486379908740412e-09,9,17,11,0.941,Aves,Aves,1.925
conus_ventricosus,patella_ulyssiponensis,10,1.88,5.31,8.35,0.00020661778097060815,9,10,10,1.0,Mollusca,Mollusca,1.922
bituminaria_bituminosa,petrosedum_sediforme,19,3.73,5.09,13.41,3.1734638798696255e-36,15,16,8,1.0,Plantae,Plantae,1.917
irus_irus,tritia_incrassata,29,9.29,3.12,9.33,5.1143574982380725e-18,15,28,10,1.0,Mollusca,Mollusca,1.916
calyptraea_chinensis,epitonium_clathrus,17,3.81,4.47,9.9,1.0523029993338877e-19,11,17,9,1.0,Mollusca,Mollusca,1.909
acteon_tornatilis,turritellinella_tricarinata,14,4.2,3.33,6.25,3.342610523111573e-08,10,14,12,0.857,Mollusca,Mollusca,1.905
conus_ventricosus,xantho_poressa,16,4.05,3.95,7.7,3.895415910258067e-12,11,15,10,1.0,Mollusca,Malacostraca,1.904
ocenebra_edwardsii,steromphala_rarilineata,9,1.31,6.85,10.23,8.376121873173014e-05,8,8,9,1.0,Mollusca,Mollusca,1.903
cistus_monspeliensis,daphne_gnidium,10,1.92,5.21,7.28,1.5982178438247407e-10,8,9,10,0.9,Plantae,Plantae,1.9
astropecten_spinulosus,gaidropsarus_mediterraneus,11,0.79,13.97,12.2,2.0322517108678742e-08,6,11,6,1.0,Echinodermata,Actinopterygii,1.897
conus_ventricosus,tricolia_pullus,19,5.92,3.21,7.07,1.8526704862904208e-10,11,19,11,1.0,Mollusca,Mollusca,1.889
conger_conger,galathea_strigosa,22,7.26,3.03,6.96,3.0462718822978123e-10,13,21,11,1.0,Actinopterygii,Malacostraca,1.885
naticarius_hebraeus,peronaea_planata,14,3.37,4.16,6.59,4.6166833164339455e-09,8,13,10,1.0,Mollusca,Mollusca,1.881
mactra_stultorum,talochlamys_multistriata,10,1.63,6.12,13.8,7.318373190531112e-05,8,10,9,1.0,Mollusca,Mollusca,1.877
bulla_striata,papillicardium_papillosum,34,9.04,3.76,10.88,1.4836466566890432e-24,19,32,8,1.0,Mollusca,Mollusca,1.868
bittium_latreillii,melarhaphe_neritoides,12,3.07,3.91,6.44,1.4571175599569335e-08,11,12,11,1.0,Mollusca,Mollusca,1.864
cardites_antiquatus,papillicardium_papillosum,23,7.01,3.28,8.17,8.111193997848748e-14,16,23,10,1.0,Mollusca,Mollusca,1.862
mimachlamys_varia,pinctada_radiata,25,7.87,3.18,7.43,1.2681931385885184e-11,11,25,10,1.0,Mollusca,Mollusca,1.862
anomia_ephippium,neverita_josephinia,17,4.59,3.7,8.0,4.725294937218741e-13,9,16,10,1.0,Mollusca,Mollusca,1.853
aequipecten_opercularis,pecten_jacobaeus,9,1.09,8.22,8.51,2.3613790638769853e-05,8,9,8,1.0,Mollusca,Mollusca,1.851
chamelea_gallina,turritellinella_tricarinata,16,5.27,3.04,6.84,1.051852846234933e-09,11,15,12,0.938,Mollusca,Mollusca,1.85
acanthocardia_tuberculata,donax_venustus,10,1.68,5.95,8.19,4.0410926500507287e-13,8,10,9,1.0,Mollusca,Mollusca,1.848
chelidonichthys_lastoviza,trachinus_radiatus,16,3.03,5.27,16.82,2.0124885851940034e-06,5,15,8,1.0,Actinopterygii,Actinopterygii,1.843
diaphorodoris_alba,holothuria_sanctori,12,1.45,8.3,9.42,1.4841095697518943e-17,9,10,7,1.0,Mollusca,Echinodermata,1.841
epitonium_clathrus,tritia_incrassata,17,5.21,3.26,8.04,3.9894101508522935e-13,13,17,11,1.0,Mollusca,Mollusca,1.841
astropecten_spinulosus,holothuria_sanctori,18,5.05,3.57,7.22,7.730692353867347e-11,10,16,10,1.0,Echinodermata,Echinodermata,1.839
chelidonichthys_lastoviza,conger_conger,16,4.79,3.34,6.21,3.362209565275006e-08,8,14,11,1.0,Actinopterygii,Actinopterygii,1.839
eryngium_maritimum,theba_pisana,9,1.4,6.41,7.52,4.478511818261749e-11,9,9,9,1.0,Plantae,Mollusca,1.837
candiella_odhneri,paraflabellina_ischitana,20,6.56,3.05,6.33,1.3254914984564121e-08,12,20,11,1.0,Mollusca,Mollusca,1.837
fissurella_nubecula,tritia_neritea,14,4.39,3.19,5.28,3.6691170481306266e-06,8,14,12,1.0,Mollusca,Mollusca,1.837
bosemprella_incarnata,limaria_tuberculata,15,4.87,3.08,6.35,1.816908016985898e-08,13,15,12,1.0,Mollusca,Mollusca,1.828
calystegia_soldanella,cyperus_capitatus,14,4.42,3.17,5.2,5.096774492538814e-06,7,14,12,0.929,Plantae,Plantae,1.827
peronidia_albicans,pholas_dactylus,11,2.02,5.43,7.43,4.745524265994425e-11,10,11,9,0.818,Mollusca,Mollusca,1.826
dosinia_lupinus,neverita_josephinia,18,5.71,3.15,7.37,3.232577991794122e-11,13,18,11,1.0,Mollusca,Mollusca,1.824
holothuria_forskali,spicara_smaris,19,6.19,3.07,7.58,7.547147746736017e-12,8,15,11,1.0,Echinodermata,Actinopterygii,1.816
donax_variegatus,dosinia_exoleta,17,4.73,3.6,7.68,4.444744009932272e-12,7,17,10,0.882,Mollusca,Mollusca,1.815
arca_noae,steromphala_divaricata,14,4.01,3.49,6.13,5.909745283898416e-08,11,14,11,1.0,Mollusca,Mollusca,1.814
erica_arborea,polypodium_cambricum,13,2.7,4.81,7.74,4.300405459798173e-12,8,13,9,0.846,Plantae,Plantae,1.813
candiella_manicata,facelinopsis_marioni,60,19.84,3.02,14.63,5.5150838840353274e-45,10,58,8,1.0,Mollusca,Mollusca,1.81
carcinus_aestuarii,tritia_nitida,20,2.68,7.45,12.19,3.513935657475099e-30,5,16,6,1.0,Malacostraca,Mollusca,1.805
diaphorodoris_papillata,felimida_luteorosea,11,2.81,3.92,6.47,1.5008887883550082e-08,9,11,11,1.0,Mollusca,Mollusca,1.802
phycis_phycis,uranoscopus_scaber,10,1.42,7.03,8.07,8.398393152463246e-13,6,7,8,1.0,Actinopterygii,Actinopterygii,1.796
galathea_squamifera,pagurus_cuanensis,26,8.62,3.01,7.65,2.6987303074643025e-12,12,25,10,1.0,Malacostraca,Malacostraca,1.795
cochlicella_barbara,trochoidea_elegans,7,0.51,13.83,10.65,1.2066144864322836e-05,7,7,7,1.0,Mollusca,Mollusca,1.789
modiolus_barbatus,tritia_incrassata,23,6.49,3.55,8.45,9.36316917571095e-15,15,23,9,1.0,Mollusca,Mollusca,1.788
aplidium_elegans,axinella_damicornis,17,4.82,3.53,6.74,1.5355188005144819e-09,10,17,10,1.0,Animalia,Porifera,1.787
felimare_tricolor,platydoris_argo,17,4.82,3.53,6.43,8.880569991230359e-09,9,17,10,0.941,Mollusca,Mollusca,1.787
berghia_coerulescens,trinchesia_morrowae,22,6.09,3.61,7.67,2.7637908204484245e-12,10,21,9,1.0,Mollusca,Mollusca,1.786
columba_livia,egretta_garzetta,16,3.2,5.0,7.66,4.526985448553321e-12,6,15,8,1.0,Aves,Aves,1.785
condylactis_aurantiaca,serranus_hepatus,7,0.51,13.72,10.67,1.2631373848508428e-05,7,7,7,1.0,Cnidaria,Actinopterygii,1.784
clanculus_jussieui,conus_ventricosus,16,4.42,3.62,6.57,4.473725629534144e-09,14,16,10,1.0,Mollusca,Mollusca,1.783
astropecten_spinulosus,sicyonia_carinata,21,5.73,3.67,8.65,2.3670097466529577e-15,10,21,9,1.0,Echinodermata,Malacostraca,1.781
limaria_tuberculata,modiolus_barbatus,25,7.32,3.42,8.49,6.1410328352799744e-15,14,25,9,1.0,Mollusca,Mollusca,1.781
acteon_tornatilis,epitonium_clathrus,16,4.43,3.61,7.33,4.6523834036960195e-11,13,16,10,0.875,Mollusca,Mollusca,1.78
acanthonyx_lunulatus,xantho_poressa,21,4.87,4.31,8.61,2.833817951818751e-15,8,21,8,1.0,Malacostraca,Malacostraca,1.779
limaria_tuberculata,ruditapes_decussatus,13,2.3,5.66,8.7,4.410369919543533e-15,8,13,8,1.0,Mollusca,Mollusca,1.778
arca_noae,talochlamys_multistriata,12,2.01,5.96,9.26,6.761738302013903e-17,10,12,8,1.0,Mollusca,Mollusca,1.774
ophidion_rochei,uranoscopus_scaber,10,1.11,9.03,10.48,3.6341873489048897e-06,7,8,7,1.0,Actinopterygii,Actinopterygii,1.773
gnathophyllum_elegans,simnia_spelta,26,7.8,3.33,9.15,2.8535862525892797e-17,6,25,9,1.0,Malacostraca,Mollusca,1.764
penaeus_kerathurus,stenopus_spinosus,13,2.33,5.58,8.32,6.978041332509927e-14,5,13,8,1.0,Malacostraca,Malacostraca,1.764
bituminaria_bituminosa,silybum_marianum,15,4.07,3.68,6.29,2.1766144076621572e-08,13,14,10,0.933,Plantae,Plantae,1.764
luisella_babai,scorpaena_scrofa,17,4.89,3.47,8.23,9.287693592465061e-14,6,16,10,1.0,Mollusca,Actinopterygii,1.762
holothuria_forskali,reptadeonella_violacea,18,5.94,3.03,6.03,7.75101111657075e-08,12,15,11,1.0,Echinodermata,Bryozoa,1.762
ericaria_mediterranea,gobius_incognitus,15,4.61,3.26,5.58,8.529827043661652e-07,7,15,11,1.0,,Actinopterygii,1.76
gnathophyllum_elegans,lepadogaster_lepadogaster,35,10.16,3.44,10.05,4.95920975546389e-21,4,33,8,1.0,Malacostraca,Actinopterygii,1.757
conus_ventricosus,muricopsis_cristata,11,1.77,6.23,8.02,9.29297881081139e-13,11,10,8,1.0,Mollusca,Mollusca,1.755
hermodice_carunculata,muraena_helena,12,2.52,4.77,7.63,1.1210657547451832e-11,9,11,9,1.0,Annelida,Actinopterygii,1.747
goniodoridella_picoensis,reptadeonella_violacea,15,4.14,3.63,6.43,1.0302290457159201e-08,9,14,10,1.0,Mollusca,Bryozoa,1.746
chamelea_gallina,loripes_orbiculatus,21,6.68,3.14,7.18,8.33384927658479e-11,15,21,10,1.0,Mollusca,Mollusca,1.742
carcinus_aestuarii,syngnathus_abaster,23,5.77,3.99,10.35,7.45630861728583e-22,6,19,8,1.0,Malacostraca,Actinopterygii,1.736
hermodice_carunculata,petrosia_ficiformis,10,1.16,8.62,10.12,5.252862922794852e-06,7,10,7,0.9,Annelida,Porifera,1.736
donax_trunculus,posidonia_oceanica,21,4.16,5.05,11.78,3.8400295477033086e-28,6,21,7,1.0,Mollusca,Plantae,1.726
phycis_phycis,sphyraena_viridensis,19,5.18,3.67,6.95,3.51215290776741e-10,5,17,9,1.0,Actinopterygii,Actinopterygii,1.723
conus_ventricosus,neverita_josephinia,13,3.83,3.39,7.26,1.2393723420401984e-10,12,12,11,1.0,Mollusca,Mollusca,1.722
aplysia_fasciata,loligo_vulgaris,12,3.0,4.0,7.14,2.75891078918826e-10,10,12,10,0.917,Mollusca,Mollusca,1.722
arca_noae,turritellinella_tricarinata,15,4.74,3.17,6.1,6.713125093096409e-08,14,15,11,1.0,Mollusca,Mollusca,1.718
clavelina_lepadiformis,echinaster_sepositus,18,5.49,3.28,7.63,5.788263925823166e-12,7,15,10,1.0,Animalia,Echinodermata,1.717
lobularia_maritima,rhamnus_alaternus,9,1.28,7.03,8.44,7.005231136383843e-05,8,9,8,1.0,Plantae,Plantae,1.714
alicia_mirabilis,synodus_saurus,16,2.75,5.83,9.27,2.4351064632946783e-17,7,16,7,1.0,Cnidaria,Actinopterygii,1.711
callista_chione,donacilla_cornea,10,1.92,5.2,7.75,8.454263188317435e-12,8,10,9,1.0,Mollusca,Mollusca,1.708
epitonium_clathrus,striarca_lactea,21,6.83,3.07,8.43,1.4758810461153975e-14,14,21,10,1.0,Mollusca,Mollusca,1.707
donacilla_cornea,tritia_incrassata,10,1.58,6.34,10.04,5.66415822526631e-05,7,10,8,1.0,Mollusca,Mollusca,1.701
condylactis_aurantiaca,symphodus_cinereus,12,3.83,3.13,5.89,2.7871965649289574e-07,8,12,12,1.0,Cnidaria,Actinopterygii,1.701
ocenebra_edwardsii,tritia_neritea,10,1.94,5.16,6.72,3.901180251849198e-09,8,10,9,1.0,Mollusca,Mollusca,1.7
bispira_volutacornis,scorpaena_scrofa,18,4.88,3.69,8.22,8.469518158908632e-14,6,18,9,1.0,Annelida,Actinopterygii,1.698
anas_platyrhynchos,estrilda_astrild,16,2.79,5.74,9.09,1.0582069815413174e-16,6,16,7,1.0,Aves,Aves,1.696
berghia_coerulescens,caloria_quatrefagesi,15,3.73,4.02,7.26,7.901588960008941e-11,8,13,9,1.0,Mollusca,Mollusca,1.695
ophidiaster_ophidianus,sphyraena_viridensis,24,7.35,3.27,8.64,2.0956271211959118e-15,8,21,9,0.958,Echinodermata,Actinopterygii,1.694
donacilla_cornea,ruditapes_decussatus,7,0.58,11.98,12.02,2.737860663354419e-05,6,6,7,1.0,Mollusca,Mollusca,1.691
cerastoderma_edule,loripes_orbiculatus,8,0.79,10.19,9.9,1.8634102474746026e-05,4,8,7,1.0,Mollusca,Mollusca,1.69
chelidonichthys_lastoviza,uranoscopus_scaber,15,3.17,4.74,7.52,1.3139607934580071e-11,6,13,8,1.0,Actinopterygii,Actinopterygii,1.686
marionia_blainvillea,nemesignis_banyulensis,15,4.32,3.47,8.95,6.418681390995674e-16,10,14,10,1.0,Mollusca,Mollusca,1.685
caulerpa_prolifera,hexaplex_trunculus,12,3.09,3.88,5.79,3.9030567335064134e-07,5,12,10,1.0,Plantae,Mollusca,1.685
patella_ulyssiponensis,polititapes_aureus,14,4.42,3.17,7.71,6.6371979354617745e-12,12,14,11,0.929,Mollusca,Mollusca,1.675
astropecten_platyacanthus,gnathophyllum_elegans,29,7.01,4.14,12.21,1.152213895715451e-30,7,28,7,1.0,Echinodermata,Malacostraca,1.674
cardites_antiquatus,columbella_rustica,17,4.58,3.71,6.77,1.235955943329815e-09,10,17,9,1.0,Mollusca,Mollusca,1.671
bosemprella_incarnata,modiolus_barbatus,11,2.34,4.7,7.04,5.417766516799014e-10,11,11,9,1.0,Mollusca,Mollusca,1.67
phallusia_fumigata,phorbas_fictitius,14,4.44,3.16,5.09,8.163831297918645e-06,10,14,11,0.857,Animalia,Porifera,1.67
irus_irus,papillicardium_papillosum,38,10.27,3.7,12.05,3.8194138310456655e-30,16,37,7,1.0,Mollusca,Mollusca,1.666
ocenebra_edwardsii,tritia_corniculum,15,4.38,3.42,6.38,1.4265884530041044e-08,9,15,10,1.0,Mollusca,Mollusca,1.665
eryngium_maritimum,sporobolus_pungens,11,2.35,4.68,6.25,4.261728003516211e-08,8,9,9,1.0,Plantae,Plantae,1.665
electra_posidoniae,tridentata_perpusilla,26,8.35,3.11,7.63,3.0257821424015194e-12,12,25,9,1.0,Bryozoa,Cnidaria,1.664
clavelina_dellavallei,hacelia_attenuata,16,4.82,3.32,6.9,7.002876154782496e-10,8,13,10,1.0,Animalia,Echinodermata,1.664
palinurus_elephas,simnia_spelta,20,4.12,4.85,10.37,8.08009811242918e-22,6,18,7,1.0,Malacostraca,Mollusca,1.656
bispira_volutacornis,phycis_phycis,19,5.45,3.49,7.25,5.98673343328523e-11,5,19,9,1.0,Annelida,Actinopterygii,1.656
aplysia_punctata,gnathophyllum_elegans,51,15.34,3.33,12.18,4.4745712499857635e-31,13,51,7,0.902,Mollusca,Malacostraca,1.655
conus_ventricosus,ruditapes_decussatus,8,1.1,7.29,9.88,0.00015122980208215816,7,8,8,1.0,Mollusca,Mollusca,1.652
arca_noae,dosinia_exoleta,13,4.03,3.22,5.62,8.51404119245073e-07,12,13,11,1.0,Mollusca,Mollusca,1.65
didemnum_lahillei,lissoclinum_perforatum,25,8.04,3.11,7.28,3.291131509244147e-11,11,24,9,1.0,Animalia,Animalia,1.643
euthria_cornea,pisania_striata,17,5.33,3.19,6.85,8.587012109453598e-10,11,15,10,1.0,Mollusca,Mollusca,1.643
pagellus_acarne,phallusia_mammillata,17,3.99,4.26,7.65,4.619750947284708e-12,9,15,8,1.0,Actinopterygii,Animalia,1.642
astropecten_spinulosus,diaphorodoris_papillata,16,4.89,3.27,7.29,6.591185662124018e-11,10,14,10,1.0,Echinodermata,Mollusca,1.642
athanas_nitescens,porcellana_platycheles,16,3.65,4.39,7.57,8.88726680596414e-12,15,16,8,0.875,Malacostraca,Malacostraca,1.641
elysia_viridis,simnia_spelta,16,4.3,3.72,6.82,1.0126535543406875e-09,8,16,9,1.0,Mollusca,Mollusca,1.639
barbatia_barbata,ruditapes_decussatus,10,2.41,4.15,5.91,2.9340753343893446e-07,8,9,10,1.0,Mollusca,Mollusca,1.638
barbatia_barbata,donax_semistriatus,13,4.08,3.19,5.46,1.8382535499801975e-06,12,12,11,1.0,Mollusca,Mollusca,1.636
felimare_orsinii,marionia_blainvillea,14,2.39,5.87,8.85,1.0128305544331141e-15,8,14,7,1.0,Mollusca,Mollusca,1.635
polyommatus_icarus,sympetrum_fonscolombii,16,3.67,4.36,7.52,1.2527931017845112e-11,7,16,8,1.0,Insecta,Insecta,1.633
ardea_cinerea,columba_livia,18,5.15,3.5,6.8,9.88409760158073e-10,8,16,9,1.0,Aves,Aves,1.629
astrospartus_mediterraneus,scorpaena_scrofa,33,6.99,4.72,12.36,1.1676513892671833e-31,5,33,6,1.0,Echinodermata,Actinopterygii,1.628
moerella_pulchella,ruditapes_decussatus,10,1.71,5.85,7.58,2.2449019615349674e-11,7,8,8,1.0,Mollusca,Mollusca,1.627
lagurus_ovatus,petrosedum_sediforme,10,2.08,4.81,6.31,3.6725799949834424e-08,10,10,9,1.0,Plantae,Plantae,1.627
patella_ulyssiponensis,steromphala_varia,14,4.09,3.42,7.05,3.6726293703036695e-10,11,14,10,1.0,Mollusca,Mollusca,1.623
ruditapes_decussatus,tritia_neritea,12,2.81,4.27,6.58,6.329585652223647e-09,8,12,9,1.0,Mollusca,Mollusca,1.623
pinus_pinea,pistacia_lentiscus,11,2.44,4.5,6.02,1.3474744697585693e-07,8,10,9,0.909,Plantae,Plantae,1.623
limaria_hians,pinnoctopus_macropus,14,4.57,3.06,5.35,2.771049675145806e-06,8,12,11,1.0,Mollusca,Mollusca,1.623
glycymeris_glycymeris,mactra_stultorum,16,3.72,4.31,7.4,2.7708287854030437e-11,11,16,8,1.0,Mollusca,Mollusca,1.62
striarca_lactea,tritia_corniculum,36,11.66,3.09,9.99,9.08686509404218e-21,5,33,8,1.0,Mollusca,Mollusca,1.617
anomia_ephippium,conus_ventricosus,15,3.38,4.44,8.19,1.3851868838946245e-13,9,15,8,1.0,Mollusca,Mollusca,1.615
acanthocardia_paucicostata,turritellinella_tricarinata,12,1.87,6.4,8.62,9.266024276874428e-15,10,12,7,1.0,Mollusca,Mollusca,1.614
dactylopterus_volitans,loligo_vulgaris,15,3.99,3.76,6.97,4.690069983504843e-10,8,15,9,1.0,Actinopterygii,Mollusca,1.614
cymodocea_nodosa,sarcotragus_spinosulus,24,7.77,3.09,7.25,4.296037975278357e-11,10,23,9,1.0,Plantae,Porifera,1.613
bromus_hordeaceus,plantago_lagopus,16,4.4,3.64,7.51,1.4899727474707042e-11,10,9,9,1.0,Plantae,Plantae,1.612
bittium_latreillii,conus_ventricosus,14,4.13,3.39,6.35,1.9181384474122283e-08,11,14,10,1.0,Mollusca,Mollusca,1.611
acanthocardia_tuberculata,echinolittorina_punctata,11,2.05,5.35,7.56,2.0778821261847477e-11,6,9,8,1.0,Mollusca,Mollusca,1.609
lepadogaster_candolii,simnia_spelta,17,4.82,3.53,8.83,1.0545582745165946e-15,6,14,9,1.0,Actinopterygii,Mollusca,1.608
cardites_antiquatus,donax_semistriatus,11,2.06,5.34,7.84,3.494373076018475e-12,7,10,8,1.0,Mollusca,Mollusca,1.607
celtis_australis,laurus_nobilis,8,1.17,6.86,7.15,0.00021864529583292172,7,8,8,0.875,Plantae,Plantae,1.602
mimachlamys_varia,turritellinella_tricarinata,18,5.95,3.03,7.06,2.361236049968306e-10,13,18,10,0.944,Mollusca,Mollusca,1.602
clibanarius_erythropus,conus_ventricosus,10,1.37,7.28,8.4,8.130164352971287e-14,9,10,7,1.0,Malacostraca,Mollusca,1.6
conus_ventricosus,haliotis_tuberculata,14,4.65,3.01,6.23,4.074520645988824e-08,12,13,11,1.0,Mollusca,Mollusca,1.599
lauria_cylindracea,xerotricha_conspurcata,8,1.17,6.82,8.75,0.00022667694833272936,7,8,8,1.0,Mollusca,Mollusca,1.597
cardita_calyculata,limaria_tuberculata,18,5.95,3.02,6.29,1.9546254414532187e-08,13,18,10,1.0,Mollusca,Mollusca,1.597
pachycerianthus_solitarius,simnia_spelta,14,2.48,5.63,8.57,9.275228751159362e-15,3,11,7,1.0,Cnidaria,Mollusca,1.596
antiopella_cristata,tylodina_perversa,30,9.31,3.22,10.19,2.109873984077651e-21,7,29,8,1.0,Mollusca,Mollusca,1.591
calendula_arvensis,pistacia_lentiscus,7,0.46,15.21,10.15,6.940084381598319e-06,6,7,6,1.0,Plantae,Plantae,1.589
estrilda_astrild,passer_montanus,13,2.21,5.87,8.82,1.655787706766208e-15,5,13,7,0.923,Aves,Aves,1.589
goniodoridella_picoensis,ircinia_variabilis,20,6.17,3.24,6.82,7.723490718354405e-10,7,20,9,1.0,Mollusca,Porifera,1.585
electra_posidoniae,patinella_radiata,21,6.6,3.18,6.8,8.183127463928064e-10,15,21,9,1.0,Bryozoa,Bryozoa,1.585
holothuria_forskali,homarus_gammarus,11,2.94,3.75,5.67,8.183044380813779e-07,9,10,10,1.0,Echinodermata,Malacostraca,1.585
loripes_orbiculatus,tritia_neritea,16,3.84,4.17,8.22,9.988513288579179e-14,11,15,8,1.0,Mollusca,Mollusca,1.584
pagurus_cuanensis,sicyonia_carinata,17,4.22,4.03,7.93,6.934504134021492e-13,13,16,8,1.0,Malacostraca,Malacostraca,1.58
ostrea_edulis,pecten_jacobaeus,8,1.2,6.67,8.15,0.00025737910057372883,8,8,8,1.0,Mollusca,Mollusca,1.578
alicia_mirabilis,cliona_viridis,8,1.2,6.67,6.66,8.704976943048006e-09,7,8,8,1.0,Cnidaria,Porifera,1.578
cardites_antiquatus,mactra_stultorum,15,3.51,4.28,7.87,1.3770731598403566e-12,9,14,8,1.0,Mollusca,Mollusca,1.575
celtis_australis,ficus_carica,8,1.2,6.64,7.26,0.00026438367509589973,5,8,8,0.875,Plantae,Plantae,1.575
epinephelus_costae,muraena_helena,11,3.34,3.29,6.36,3.021242735519638e-08,11,11,11,1.0,Actinopterygii,Actinopterygii,1.571
glycymeris_nummaria,moerella_pulchella,12,3.81,3.15,5.43,2.356945370820623e-06,11,12,11,1.0,Mollusca,Mollusca,1.568
halcampoides_purpureus,penaeus_kerathurus,29,7.67,3.78,9.0,7.04724715502637e-17,15,26,7,1.0,Cnidaria,Malacostraca,1.567
eunicella_gazella,spicara_smaris,17,5.62,3.02,5.99,1.0217196253154988e-07,8,17,10,1.0,Cnidaria,Actinopterygii,1.566
euphorbia_serrata,petrosedum_sediforme,11,2.15,5.11,7.12,3.2438107696949967e-10,11,11,8,1.0,Plantae,Plantae,1.565
conus_ventricosus,smaragdia_viridis,10,2.21,4.53,6.54,1.1223377712748035e-08,10,10,9,1.0,Mollusca,Mollusca,1.565
lampides_boeticus,sympetrum_fonscolombii,23,5.56,4.14,9.03,8.417237294867345e-17,8,23,7,0.826,Insecta,Insecta,1.559
crithmum_maritimum,pancratium_maritimum,12,2.51,4.78,7.01,5.270087724009758e-10,5,10,8,1.0,Plantae,Plantae,1.555
barnea_candida,donax_semistriatus,9,1.87,4.82,6.17,9.616399920205035e-08,8,9,9,0.889,Mollusca,Mollusca,1.555
conus_ventricosus,limaria_tuberculata,21,3.84,5.47,10.61,5.764125546306609e-23,7,21,6,1.0,Mollusca,Mollusca,1.552
elysia_timida,felimare_villafranca,9,1.2,7.49,7.91,4.552317876183034e-05,5,8,7,1.0,Mollusca,Mollusca,1.548
penaeus_kerathurus,sicyonia_carinata,16,5.24,3.05,6.28,2.3854224112805404e-08,12,15,10,1.0,Malacostraca,Malacostraca,1.546
laurus_nobilis,sambucus_nigra,6,0.34,17.71,10.36,1.668283051977728e-05,6,6,6,0.833,Plantae,Plantae,1.545
columbella_rustica,steromphala_rarilineata,12,3.01,3.98,6.16,6.038187299675616e-08,10,12,9,1.0,Mollusca,Mollusca,1.545
candiella_striata,marionia_blainvillea,14,2.63,5.32,11.09,2.772564773551047e-24,9,13,7,1.0,Mollusca,Mollusca,1.544
galathea_strigosa,gnathophyllum_elegans,22,6.32,3.48,8.11,1.2745569569404843e-13,7,21,8,1.0,Malacostraca,Malacostraca,1.542
drusia_valenciennii,ferussacia_folliculum,7,0.5,14.0,10.61,1.1244220036010269e-05,5,7,6,1.0,Mollusca,Mollusca,1.541
acanthocardia_aculeata,peronaea_planata,11,2.64,4.17,6.17,6.822382457333525e-08,10,11,9,1.0,Mollusca,Mollusca,1.541
populus_nigra,quercus_rotundifolia,11,0.84,13.04,12.36,3.874363294056989e-08,10,11,5,0.909,Plantae,Plantae,1.539
pseudodistoma_crucigaster,pycnoclavella_aurilucens,39,11.73,3.32,10.71,6.80747075246539e-24,4,39,7,1.0,Animalia,Animalia,1.539
balanophyllia_regia,chthamalus_stellatus,21,5.94,3.54,7.73,2.0829747990544876e-12,10,21,8,0.81,Cnidaria,Crustacea,1.539
monacha_cartusiana,trochoidea_elegans,11,1.3,8.47,12.09,1.8952019667375978e-06,10,10,6,1.0,Mollusca,Mollusca,1.537
solatopupa_similis,xerotricha_conspurcata,9,1.57,5.73,7.86,0.0002730268891682751,8,9,8,1.0,Mollusca,Mollusca,1.534
callista_chione,ruditapes_decussatus,9,1.58,5.7,8.36,0.00028205485720646305,8,9,8,1.0,Mollusca,Mollusca,1.53
glycymeris_glycymeris,mimachlamys_varia,16,4.03,3.97,6.8,1.1083524567239543e-09,11,16,8,1.0,Mollusca,Mollusca,1.529
patella_rustica,ruditapes_decussatus,9,1.58,5.68,8.08,0.0002896262111806819,7,9,8,1.0,Mollusca,Mollusca,1.527
bunodeopsis_strumosa,trididemnum_cereum,9,0.89,10.12,9.4,5.338164036867725e-06,4,5,6,1.0,Cnidaria,Animalia,1.526
columbella_rustica,echinolittorina_punctata,10,2.29,4.36,6.42,2.1759662410934096e-08,10,10,9,1.0,Mollusca,Mollusca,1.526
acanthocardia_tuberculata,bolinus_brandaris,11,3.46,3.18,5.0,1.5991452717094688e-05,11,10,11,1.0,Mollusca,Mollusca,1.526
dicentrarchus_punctatus,serranus_papilionaceus,8,1.28,6.25,8.74,0.000378124490062474,6,8,8,1.0,Actinopterygii,Actinopterygii,1.524
euthria_cornea,penaeus_kerathurus,10,1.91,5.23,6.86,1.7578340876606982e-09,6,10,8,1.0,Mollusca,Malacostraca,1.524
dictyota_dichotoma,scartella_cristata,15,4.87,3.08,5.56,9.610617308178631e-07,8,15,10,1.0,,Actinopterygii,1.523
epinephelus_marginatus,mycteroperca_rubra,13,2.39,5.44,8.92,8.056657254718387e-16,6,12,7,1.0,Actinopterygii,Actinopterygii,1.521
barbatia_barbata,pisania_striata,12,3.94,3.04,5.28,4.689756870859211e-06,12,12,11,0.917,Mollusca,Mollusca,1.52
raja_undulata,scyllarus_arctus,6,0.36,16.76,10.23,2.1970852886538868e-05,4,6,6,1.0,Elasmobranchii,Malacostraca,1.515
bulla_striata,modiolus_barbatus,18,5.62,3.2,6.54,4.6524086138573635e-09,14,18,9,1.0,Mollusca,Mollusca,1.513
bittium_reticulatum,patella_rustica,13,4.0,3.25,5.83,3.244423158497464e-07,9,12,10,1.0,Mollusca,Mollusca,1.512
chamelea_gallina,conus_ventricosus,10,1.54,6.5,13.23,4.674649934398197e-05,7,10,7,1.0,Mollusca,Mollusca,1.508
clanculus_corallinus,conus_ventricosus,10,1.13,8.87,9.27,4.184523582535415e-06,6,10,6,1.0,Mollusca,Mollusca,1.508
chamelea_gallina,polititapes_aureus,17,4.5,3.78,6.73,1.5010472715251984e-09,11,17,8,1.0,Mollusca,Mollusca,1.507
calmella_cavolini,simnia_spelta,19,6.11,3.11,6.16,3.4148354134115825e-08,7,18,9,1.0,Mollusca,Mollusca,1.503
estrilda_astrild,gallinula_chloropus,14,3.37,4.15,6.41,1.2472823295138407e-08,7,13,8,0.929,Aves,Aves,1.502
conus_ventricosus,ocenebra_erinaceus,11,3.14,3.5,5.43,2.5091448527752087e-06,11,11,10,1.0,Mollusca,Mollusca,1.502
pagellus_acarne,rugulopteryx_okamurae,15,3.08,4.87,7.84,1.582517897704241e-12,6,14,7,1.0,Actinopterygii,,1.5
semicassis_undulata,wrangelia_penicillata,10,1.96,5.09,6.98,9.098743003797915e-10,7,7,8,1.0,Mollusca,Plantae,1.499
callista_chione,patella_ulyssiponensis,12,3.59,3.34,6.0,1.5567174127812378e-07,10,11,10,1.0,Mollusca,Mollusca,1.498
aglaophenia_pluma,bispira_volutacornis,16,4.82,3.32,7.02,3.496968346831291e-10,6,16,9,1.0,Cnidaria,Annelida,1.497
donax_semistriatus,papillicardium_papillosum,14,3.4,4.12,6.83,1.128335723569663e-09,11,14,8,1.0,Mollusca,Mollusca,1.495
lysmata_seticaudata,simnia_spelta,17,2.93,5.8,10.32,1.7999948251053533e-21,5,16,6,1.0,Malacostraca,Mollusca,1.494
mactra_corallina,tritia_neritea,10,2.74,3.66,8.52,0.0025525751639964753,9,10,10,1.0,Mollusca,Mollusca,1.494
gnathophyllum_elegans,porcellana_platycheles,24,5.02,4.78,10.12,4.909763487895587e-21,11,24,6,0.958,Malacostraca,Malacostraca,1.492
bosemprella_incarnata,peronidia_albicans,12,2.16,5.56,8.54,1.803326184762133e-14,9,12,7,1.0,Mollusca,Mollusca,1.492
aplysia_punctata,simnia_spelta,19,6.2,3.07,7.2,8.907155886947996e-11,5,18,9,1.0,Mollusca,Mollusca,1.486
graphosoma_semipunctatum,lagurus_ovatus,6,0.38,15.79,10.13,2.953132869037767e-05,6,6,6,1.0,Insecta,Plantae,1.483
euphorbia_serrata,plantago_lagopus,9,0.95,9.49,10.04,8.505611387999117e-06,7,9,6,1.0,Plantae,Plantae,1.483
peronidia_albicans,spisula_subtruncata,12,2.7,4.44,6.83,1.533460411501588e-09,11,11,8,1.0,Mollusca,Mollusca,1.482
galeodea_echinophora,neverita_josephinia,7,0.55,12.65,9.35,2.0112167710542082e-05,6,7,6,1.0,Mollusca,Mollusca,1.481
ophisurus_serpens,periclimenes_aegylios,42,13.55,3.1,9.87,2.0324584128150346e-20,4,42,7,1.0,Actinopterygii,Malacostraca,1.48
dosinia_lupinus,gastrana_fragilis,13,3.07,4.23,6.83,1.2933542171679948e-09,8,13,8,1.0,Mollusca,Mollusca,1.48
diogenes_pugilator,penaeus_kerathurus,23,7.07,3.25,7.66,2.949654419535485e-12,12,19,8,1.0,Malacostraca,Malacostraca,1.478
peronaea_planata,turritellinella_tricarinata,10,2.01,4.97,7.41,7.52426600976484e-11,8,10,8,1.0,Mollusca,Mollusca,1.477
gobius_roulei,pagellus_erythrinus,42,13.61,3.09,9.33,2.822474823731936e-18,15,42,7,1.0,Actinopterygii,Actinopterygii,1.476
diplodus_vulgaris,electra_posidoniae,12,1.66,7.23,9.64,2.4845466431488274e-18,8,12,6,1.0,Actinopterygii,Bryozoa,1.475
erodium_malacoides,mercurialis_annua,7,0.8,8.71,7.6,0.00016111066485965017,6,7,7,0.857,Plantae,Plantae,1.474
anthias_anthias,ophidiaster_ophidianus,13,2.52,5.15,8.96,6.418681390995674e-16,6,12,7,1.0,Actinopterygii,Echinodermata,1.471
electra_posidoniae,steromphala_varia,11,1.92,5.74,8.97,9.7826083405576e-16,10,10,7,1.0,Bryozoa,Mollusca,1.467
caloria_quatrefagesi,lamprohaminoea_ovalis,9,1.7,5.31,7.57,0.0004498108369438753,3,8,8,1.0,Mollusca,Mollusca,1.467
dactylopterus_volitans,sicyonia_carinata,14,4.62,3.03,5.88,2.3211206702935526e-07,8,14,10,1.0,Actinopterygii,Malacostraca,1.463
bunodactis_verrucosa,gnathophyllum_elegans,34,8.53,3.98,12.1,2.4379194231424735e-30,7,33,6,0.971,Cnidaria,Malacostraca,1.461
irus_irus,pinctada_radiata,18,5.1,3.53,7.7,3.4846822169826227e-12,7,17,8,1.0,Mollusca,Mollusca,1.458
conus_ventricosus,modiolus_barbatus,21,4.26,4.93,10.73,2.027679012318527e-23,7,21,6,1.0,Mollusca,Mollusca,1.457
aequorea_forskalea,diaphorodoris_papillata,9,0.64,14.15,11.01,4.4306981021297384e-07,5,9,5,1.0,Cnidaria,Mollusca,1.456
apletodon_incognitus,gnathophyllum_elegans,43,11.85,3.63,12.23,3.4098470802033077e-31,3,41,6,1.0,Actinopterygii,Malacostraca,1.455
cernuella_virgata,cochlicella_barbara,9,1.72,5.22,6.22,7.020060517120217e-08,9,9,8,0.889,Mollusca,Mollusca,1.452
axinella_verrucosa,caloria_quatrefagesi,11,2.42,4.54,6.1,9.0606513252542e-08,6,11,8,1.0,Porifera,Mollusca,1.451
prostheceraeus_moseleyi,simnia_spelta,11,3.28,3.35,5.93,2.602515443277095e-07,7,11,10,1.0,Platyhelminthes,Mollusca,1.449
barbatia_barbata,donacilla_cornea,10,2.48,4.04,9.49,0.0013396004568484482,9,10,9,1.0,Mollusca,Mollusca,1.447
asterina_gibbosa,leodice_torquata,14,3.55,3.94,6.85,1.0690688104037359e-09,11,14,8,0.929,Echinodermata,Annelida,1.447
gibbula_magus,tritia_nitida,8,1.1,7.28,8.91,0.0001530849570198806,7,8,7,1.0,Mollusca,Mollusca,1.445
halcampoides_purpureus,pagellus_erythrinus,26,7.32,3.55,8.28,2.6355642239937954e-14,11,24,7,1.0,Cnidaria,Actinopterygii,1.445
mycteroperca_rubra,ophidiaster_ophidianus,26,8.57,3.03,7.87,6.082348410836141e-13,8,16,8,1.0,Actinopterygii,Echinodermata,1.445
lagurus_ovatus,sporobolus_pungens,7,0.84,8.34,7.58,0.00020452199460489333,6,6,7,0.857,Plantae,Plantae,1.445
chelidonichthys_lastoviza,condylactis_aurantiaca,12,3.75,3.2,7.32,1.168827401971099e-10,4,9,10,1.0,Actinopterygii,Cnidaria,1.445
achelous_hastatus,pagurus_cuanensis,10,2.48,4.03,5.65,1.0101152722671267e-06,8,9,9,1.0,Malacostraca,Malacostraca,1.444
columbella_rustica,mactra_stultorum,8,1.41,5.66,12.33,0.0006717176202373307,7,8,8,1.0,Mollusca,Mollusca,1.442
echinaster_sepositus,goniodoridella_picoensis,8,0.5,16.0,12.25,9.518242110855051e-07,6,8,5,1.0,Echinodermata,Mollusca,1.441
antiopella_cristata,candiella_odhneri,13,2.61,4.98,7.55,1.4970145358869078e-11,8,13,7,0.923,Mollusca,Mollusca,1.441
donax_venustus,spisula_subtruncata,15,3.28,4.57,7.82,1.8123161561120526e-12,11,15,7,1.0,Mollusca,Mollusca,1.44
anomia_ephippium,ericaria_mediterranea,15,4.6,3.26,5.64,6.23702845881233e-07,6,15,9,1.0,Mollusca,,1.44
callista_chione,cerastoderma_edule,12,2.29,5.23,6.96,6.64798320225634e-10,5,12,7,1.0,Mollusca,Mollusca,1.439
astropecten_platyacanthus,ophidion_rochei,14,3.59,3.9,6.46,9.395319961611911e-09,9,12,8,1.0,Echinodermata,Actinopterygii,1.437
mactra_stultorum,melarhaphe_neritoides,8,1.42,5.63,6.34,4.911145717198069e-08,8,8,8,1.0,Mollusca,Mollusca,1.437
sphyraena_viridensis,spicara_smaris,16,5.06,3.16,6.29,2.228212467093418e-08,8,15,9,1.0,Actinopterygii,Actinopterygii,1.436
lutraria_magna,pinctada_radiata,9,0.66,13.64,12.08,5.859115709346792e-07,5,9,5,1.0,Mollusca,Mollusca,1.435
edmundsella_pedata,lysmata_seticaudata,27,7.78,3.47,8.05,1.4245804774291268e-13,9,26,7,1.0,Mollusca,Malacostraca,1.435
penaeus_kerathurus,semicassis_undulata,8,1.11,7.18,7.14,0.00016644539941677682,6,8,7,1.0,Malacostraca,Mollusca,1.435
notocochlis_dillwynii,tritia_incrassata,11,2.91,3.78,5.55,1.3767835730911684e-06,9,11,9,1.0,Mollusca,Mollusca,1.435
calliostoma_conulus,gnathophyllum_elegans,37,11.89,3.11,10.57,3.4489128380094216e-23,5,34,7,1.0,Mollusca,Malacostraca,1.434
felimare_villafranca,rudmania_purpurea,21,6.49,3.24,7.77,1.6467175764018562e-12,7,20,8,0.952,Mollusca,Mollusca,1.432
pinctada_radiata,tritia_mutabilis,11,2.47,4.45,7.07,4.5704815055936726e-10,8,11,8,1.0,Mollusca,Mollusca,1.432
bulla_striata,euthria_cornea,15,4.64,3.23,6.21,3.619254898888051e-08,11,15,9,1.0,Mollusca,Mollusca,1.429
steromphala_varia,tritia_neritea,13,3.77,3.45,5.73,4.945823082397085e-07,8,13,9,1.0,Mollusca,Mollusca,1.429
haliclona_mucosa,oscarella_lobularis,15,3.33,4.51,7.41,2.763078737585948e-11,9,15,7,1.0,Porifera,Porifera,1.428
paractinia_striata,synodus_saurus,13,1.41,9.23,10.95,1.0145074782590888e-23,6,12,5,1.0,Cnidaria,Actinopterygii,1.425
acanthocardia_paucicostata,spisula_subtruncata,9,1.78,5.06,6.43,2.481512341386284e-08,9,9,8,0.889,Mollusca,Mollusca,1.425
mullus_barbatus,sicyonia_carinata,18,5.28,3.41,7.41,2.3990184227281036e-11,12,17,8,1.0,Actinopterygii,Malacostraca,1.418
astropecten_aranciacus,scyllarus_arctus,13,4.3,3.02,7.0,6.53943102936329e-10,6,12,10,0.846,Echinodermata,Malacostraca,1.417
glycymeris_nummaria,spondylus_gaederopus,12,3.38,3.55,6.69,3.980055604132707e-09,9,12,9,1.0,Mollusca,Mollusca,1.417
chamelea_gallina,perforatus_perforatus,13,3.81,3.41,5.83,3.1349457961038795e-07,8,13,9,1.0,Mollusca,Crustacea,1.416
cliona_viridis,polysyncraton_lacazei,10,2.93,3.42,4.99,1.8076559097427834e-05,7,10,10,1.0,Porifera,Animalia,1.416
conus_ventricosus,tricolia_speciosa,11,1.54,7.15,9.75,8.198143379741841e-06,7,11,6,1.0,Mollusca,Mollusca,1.415
scorpaena_scrofa,spicara_smaris,15,3.37,4.45,8.28,7.31432066375915e-14,9,15,7,1.0,Actinopterygii,Actinopterygii,1.415
pagurus_prideaux,synodus_saurus,15,3.38,4.44,9.56,3.142005440814136e-18,6,14,7,1.0,Malacostraca,Actinopterygii,1.413
gibbula_magus,mactra_corallina,11,2.05,5.37,7.73,6.813815148872625e-12,7,11,7,0.909,Mollusca,Mollusca,1.411
ruditapes_decussatus,striarca_lactea,16,4.49,3.57,7.07,2.4525195453491814e-10,7,16,8,1.0,Mollusca,Mollusca,1.411
axinella_verrucosa,sertularella_crassicaulis,16,4.48,3.57,6.61,3.460272779710993e-09,9,15,8,1.0,Porifera,Cnidaria,1.411
calyptraea_chinensis,turritellinella_tricarinata,17,4.9,3.47,7.45,1.9612337064332314e-11,11,17,8,1.0,Mollusca,Mollusca,1.41
donacilla_cornea,neverita_josephinia,8,1.47,5.44,7.58,0.0008405304848574586,6,8,8,1.0,Mollusca,Mollusca,1.409
aequorea_forskalea,salpa_fusiformis,20,6.18,3.24,7.38,2.44715406022879e-11,10,17,8,1.0,Cnidaria,Animalia,1.409
aplidium_elegans,astropecten_aranciacus,8,1.47,5.44,5.68,1.152909536836115e-06,6,7,8,1.0,Animalia,Echinodermata,1.409
barnea_candida,ensis_minor,13,3.84,3.39,5.56,1.103229290248706e-06,9,13,9,1.0,Mollusca,Mollusca,1.409
astroides_calycularis,clavelina_dellavallei,16,4.51,3.55,6.71,1.9577385814849875e-09,6,14,8,1.0,Cnidaria,Animalia,1.405
ardeola_ralloides,egretta_garzetta,13,3.31,3.93,6.37,1.802219078521557e-08,5,13,8,1.0,Aves,Aves,1.404
conus_ventricosus,irus_irus,16,5.2,3.08,6.12,5.6267646788169734e-08,11,16,9,1.0,Mollusca,Mollusca,1.404
irus_irus,tritia_corrugata,19,5.77,3.29,6.94,4.0716177985166153e-10,15,19,8,0.947,Mollusca,Mollusca,1.403
oscarella_lobularis,schizomavella_mamillata,14,4.3,3.26,5.13,6.8777181925466405e-06,8,14,9,1.0,Porifera,Bryozoa,1.403
arca_noae,neverita_josephinia,11,3.41,3.22,4.63,6.782699499812935e-05,9,11,10,1.0,Mollusca,Mollusca,1.402
felimare_orsinii,tripterygion_delaisi,11,2.55,4.31,6.1,9.304449963106269e-08,8,11,8,1.0,Mollusca,Actinopterygii,1.401
chamelea_gallina,striarca_lactea,13,2.74,4.74,8.18,2.1395730004060032e-13,8,13,7,1.0,Mollusca,Mollusca,1.397
diaphorodoris_alba,phyllidia_flava,17,4.17,4.08,7.73,2.854246500953047e-12,7,17,7,1.0,Mollusca,Mollusca,1.394
naticarius_hebraeus,steromphala_varia,10,2.61,3.84,6.43,2.2818333354984967e-08,9,10,9,1.0,Mollusca,Mollusca,1.394
eupolymnia_nebulosa,rhyssoplax_olivacea,24,6.88,3.49,7.42,1.290066634877163e-11,9,22,7,1.0,Annelida,Mollusca,1.39
arca_noae,donacilla_cornea,11,2.58,4.26,6.96,9.031904811041853e-10,9,11,8,1.0,Mollusca,Mollusca,1.39
parietaria_officinalis,urtica_dioica,7,0.91,7.7,6.67,0.0003131040189338043,7,7,7,1.0,Plantae,Plantae,1.39
columbella_rustica,tripterygion_delaisi,14,4.35,3.22,5.29,3.5088961219695327e-06,9,14,9,0.929,Mollusca,Actinopterygii,1.389
penaeus_kerathurus,spicara_maena,7,0.4,17.34,10.67,3.198685285326705e-06,4,6,5,1.0,Malacostraca,Actinopterygii,1.388
halcampoides_purpureus,sicyonia_carinata,18,2.64,6.82,10.67,4.854768065691232e-23,12,14,5,1.0,Cnidaria,Malacostraca,1.387
clanculus_cruciatus,rissoa_variabilis,15,4.18,3.59,8.67,5.31377883679478e-15,11,14,8,1.0,Mollusca,Mollusca,1.385
marionia_blainvillea,simnia_spelta,15,4.18,3.59,6.97,5.052465469499421e-10,11,15,8,1.0,Mollusca,Mollusca,1.385
barbatia_barbata,naticarius_hebraeus,11,3.05,3.61,6.14,8.847980654798522e-08,8,11,9,1.0,Mollusca,Mollusca,1.385
holothuria_forskali,manupecten_pesfelis,14,3.78,3.71,7.65,8.235353697519185e-12,7,14,8,1.0,Echinodermata,Mollusca,1.384
ocenebra_erinaceus,steromphala_rarilineata,7,0.92,7.63,6.72,0.0003299863804504766,7,7,7,1.0,Mollusca,Mollusca,1.384
diodora_graeca,papillicardium_papillosum,23,7.63,3.01,8.31,3.1943567669426824e-14,13,21,8,1.0,Mollusca,Mollusca,1.382
alicia_mirabilis,peltodoris_atromaculata,10,3.01,3.32,4.44,0.00014447507710267223,7,8,10,1.0,Cnidaria,Mollusca,1.382
aplus_dorbignyi,cardita_calyculata,18,4.6,3.91,9.68,6.824867685753225e-19,9,17,7,1.0,Mollusca,Mollusca,1.379
bolinus_brandaris,conus_ventricosus,13,2.81,4.63,7.57,1.3843923030936605e-11,7,13,7,1.0,Mollusca,Mollusca,1.376
candiella_striata,felimare_tricolor,21,6.8,3.09,6.69,1.6346655481887112e-09,8,21,8,1.0,Mollusca,Mollusca,1.374
cardita_calyculata,spisula_subtruncata,9,1.51,5.96,6.7,5.340016610709555e-09,8,9,7,0.889,Mollusca,Mollusca,1.373
holothuria_forskali,synodus_saurus,15,4.23,3.55,6.37,1.5213720405207238e-08,10,15,8,1.0,Echinodermata,Actinopterygii,1.372
amphorina_farrani,facelina_rubrovittata,22,6.2,3.55,9.99,2.5497987173520643e-20,7,21,7,1.0,Mollusca,Mollusca,1.371
echinaster_sepositus,prostheceraeus_roseus,16,4.65,3.44,6.46,8.411963615780175e-09,5,13,8,1.0,Echinodermata,Platyhelminthes,1.37
callista_chione,mactra_glauca,14,4.42,3.17,5.33,2.956719721364435e-06,10,13,9,1.0,Mollusca,Mollusca,1.37
cistus_salviifolius,pancratium_maritimum,10,2.67,3.75,5.32,4.52446692130919e-06,9,10,9,0.8,Plantae,Plantae,1.37
cerastoderma_glaucum,mactra_corallina,9,1.52,5.93,6.86,2.2329533163665208e-09,8,9,7,1.0,Mollusca,Mollusca,1.369
diplosoma_spongiforme,tritia_reticulata,22,7.3,3.02,6.88,4.976810598410032e-10,8,21,8,1.0,Animalia,Mollusca,1.367
cerastoderma_glaucum,tritia_nitida,17,2.47,6.88,13.62,3.1165375181451067e-37,6,16,5,1.0,Mollusca,Mollusca,1.366
chloromyia_formosa,psilothrix_viridicoerulea,15,4.9,3.06,6.55,6.362695069976019e-09,9,12,9,1.0,Insecta,Insecta,1.363
patella_ulyssiponensis,semicassis_undulata,6,0.29,20.89,11.43,7.2454252482524415e-06,5,5,5,1.0,Mollusca,Mollusca,1.361
calystegia_soldanella,donax_trunculus,9,1.92,4.7,5.8,5.684663666343063e-07,6,9,8,1.0,Plantae,Mollusca,1.36
halcampoides_purpureus,synodus_saurus,25,7.53,3.32,7.66,2.523495638661968e-12,13,20,7,1.0,Cnidaria,Actinopterygii,1.352
felimare_bilineata,rudmania_krohni,11,2.2,5.01,7.3,1.1134009884249022e-10,8,10,7,1.0,Mollusca,Mollusca,1.352
hemimycale_mediterranea,pinna_rudis,15,4.95,3.03,5.12,6.856131453941112e-06,5,15,9,1.0,Porifera,Mollusca,1.351
placida_dendritica,pseudoceros_maximus,7,0.96,7.26,7.61,0.00042627188677526524,3,5,7,1.0,Mollusca,Platyhelminthes,1.35
elysia_timida,thysanozoon_brocchii,12,3.08,3.89,6.74,2.7565987914631973e-09,6,12,8,1.0,Mollusca,Platyhelminthes,1.35
acanthocardia_paucicostata,barnea_candida,8,1.58,5.07,5.91,4.1647833996247554e-07,8,8,8,0.875,Mollusca,Mollusca,1.35
ocenebra_erinaceus,upogebia_pusilla,5,0.18,28.52,11.67,1.3087231327693954e-05,4,4,5,1.0,Mollusca,Malacostraca,1.348
clanculus_cruciatus,conus_ventricosus,18,5.6,3.21,7.51,1.2925824001741093e-11,12,18,8,1.0,Mollusca,Mollusca,1.348
nerocila_bivittata,serpula_vermicularis,15,4.96,3.02,5.05,9.0828517818525e-06,10,15,9,1.0,Malacostraca,Annelida,1.347
steromphala_adansonii,tritia_neritea,14,2.57,5.46,9.32,2.4516825630177516e-17,9,14,6,1.0,Mollusca,Mollusca,1.344
clanculus_corallinus,smaragdia_viridis,7,0.97,7.19,6.77,0.00044859608577258565,7,7,7,1.0,Mollusca,Mollusca,1.344
limaria_tuberculata,pinctada_radiata,21,4.83,4.35,9.01,1.1865622734593059e-16,5,19,6,1.0,Mollusca,Mollusca,1.343
elysia_timida,rudmania_krohni,10,2.33,4.3,5.66,9.120790507083175e-07,6,9,8,1.0,Mollusca,Mollusca,1.343
nerocila_bivittata,schizobrachiella_sanguinea,10,1.89,5.28,6.45,1.7180294443918093e-08,7,10,7,1.0,Malacostraca,Bryozoa,1.341
donacilla_cornea,donax_semistriatus,10,2.75,3.64,6.41,2.6375060794878497e-08,8,9,9,1.0,Mollusca,Mollusca,1.339
berthellina_edwardsii,gnathophyllum_elegans,32,8.84,3.62,10.51,6.839971388812394e-23,13,29,6,1.0,Mollusca,Malacostraca,1.338
cladostephus_spongiosus,polysyncraton_lacazei,16,4.8,3.34,7.21,1.0781387351011962e-10,8,15,8,1.0,,Animalia,1.337
eunicella_gazella,hemimycale_columella,14,3.95,3.55,6.28,2.695423134873143e-08,5,14,8,1.0,Cnidaria,Porifera,1.337
mactra_corallina,steromphala_varia,11,2.74,4.02,6.67,4.790380213125939e-09,9,11,8,1.0,Mollusca,Mollusca,1.334
ctenolabrus_rupestris,diaphorodoris_papillata,11,2.74,4.02,6.11,9.129453356105408e-08,9,10,8,1.0,Actinopterygii,Mollusca,1.334
cereus_pedunculatus,elysia_timida,9,1.19,7.55,8.06,4.281218465481846e-05,5,9,6,1.0,Cnidaria,Mollusca,1.333
conger_conger,echinaster_sepositus,12,3.65,3.29,5.63,9.422591015578852e-07,8,12,9,1.0,Actinopterygii,Echinodermata,1.332
gastrana_fragilis,mimachlamys_varia,16,4.06,3.94,7.69,4.3550781376431444e-12,7,15,7,1.0,Mollusca,Mollusca,1.331
gouania_willdenowi,lepadogaster_lepadogaster,14,3.32,4.22,9.2,8.891247075407528e-17,6,13,7,1.0,Actinopterygii,Actinopterygii,1.33
chama_gryphoides,didemnum_lahillei,16,3.24,4.94,8.16,1.4109904533642114e-13,7,15,6,1.0,Mollusca,Animalia,1.329
dysidea_avara,scopalina_lophyropoda,19,6.15,3.09,6.19,3.034325343701572e-08,6,18,8,1.0,Porifera,Porifera,1.329
ctena_decussata,dosinia_exoleta,13,3.56,3.65,6.33,2.3809533727023023e-08,8,13,8,1.0,Mollusca,Mollusca,1.328
antiopella_cristata,felimare_orsinii,20,6.6,3.03,6.27,1.8211737644444726e-08,7,18,8,1.0,Mollusca,Mollusca,1.328
bulla_striata,clanculus_corallinus,10,2.37,4.22,7.53,3.9995987734123926e-11,8,10,8,1.0,Mollusca,Mollusca,1.326
dosinia_lupinus,solen_marginatus,15,4.41,3.4,6.88,8.659299291351118e-10,13,14,8,0.933,Mollusca,Mollusca,1.326
actitis_hypoleucos,ichthyaetus_melanocephalus,6,0.51,11.76,9.03,0.00012497511764720357,5,6,6,1.0,Aves,Aves,1.325
pagellus_erythrinus,periclimenes_aegylios,28,5.71,4.9,11.53,2.216339421000797e-27,3,28,5,1.0,Actinopterygii,Malacostraca,1.324
bulla_striata,irus_irus,27,8.58,3.15,8.55,3.4462519106935417e-15,14,27,7,1.0,Mollusca,Mollusca,1.324
felimare_orsinii,phyllidia_flava,17,3.58,4.75,8.48,1.1987853615385769e-14,7,16,6,1.0,Mollusca,Mollusca,1.324
striarca_lactea,turritellinella_tricarinata,16,4.1,3.91,7.87,1.2888237985266899e-12,11,16,7,1.0,Mollusca,Mollusca,1.323
felimida_binza,simnia_spelta,14,3.35,4.19,7.46,2.512898884837876e-11,6,13,7,1.0,Mollusca,Mollusca,1.323
dictyopteris_polypodioides,hydrolithon_farinosum,17,5.29,3.21,7.56,1.0826472248360921e-11,16,17,8,1.0,,Plantae,1.322
bittium_reticulatum,dosinia_lupinus,17,5.3,3.21,6.61,3.3607343292735703e-09,14,17,8,1.0,Mollusca,Mollusca,1.322
astropecten_aranciacus,pagellus_erythrinus,13,3.59,3.62,5.67,6.394237318145612e-07,8,13,8,1.0,Echinodermata,Actinopterygii,1.32
dardanus_calidus,ophidiaster_ophidianus,19,6.21,3.06,7.97,5.197718294103812e-13,12,18,8,1.0,Malacostraca,Echinodermata,1.317
antiopella_cristata,candiella_striata,17,4.51,3.77,8.08,2.5351049089509555e-13,7,16,7,1.0,Mollusca,Mollusca,1.316
pisidia_bluteli,xantho_poressa,18,5.78,3.12,7.44,2.052556102994231e-11,13,17,8,1.0,Malacostraca,Malacostraca,1.316
calyx_nicaeensis,diaphorodoris_papillata,8,0.97,8.23,7.82,7.193030708438813e-05,4,7,6,1.0,Porifera,Mollusca,1.315
phorbas_topsenti,pyura_dura,25,7.78,3.21,7.78,1.1375346146340272e-12,13,23,7,1.0,Porifera,Animalia,1.314
manupecten_pesfelis,parablennius_rouxi,13,4.16,3.12,5.38,2.644720610715347e-06,7,13,9,1.0,Mollusca,Actinopterygii,1.313
epitonium_clathrus,papillicardium_papillosum,13,3.02,4.31,10.5,0.0001343193135585872,11,13,7,1.0,Mollusca,Mollusca,1.312
candiella_manicata,prostheceraeus_moseleyi,18,5.79,3.11,6.36,1.3114494524821389e-08,7,18,8,1.0,Mollusca,Platyhelminthes,1.312
berghia_coerulescens,marionia_blainvillea,12,3.71,3.23,5.0,1.4205843981899532e-05,7,12,9,1.0,Mollusca,Mollusca,1.311
amphorina_farrani,marionia_blainvillea,12,1.46,8.24,10.95,7.815496196460084e-07,5,12,5,1.0,Mollusca,Mollusca,1.31
arca_noae,bolinus_brandaris,10,2.42,4.14,5.5,1.9720229413335154e-06,8,10,8,1.0,Mollusca,Mollusca,1.309
axinella_damicornis,rugulopteryx_okamurae,11,2.81,3.91,5.65,8.740509814186826e-07,6,11,8,1.0,Porifera,,1.308
asparagus_acutifolius,erica_arborea,11,3.27,3.36,5.1,1.051954074266011e-05,10,11,9,1.0,Plantae,Plantae,1.308
galactites_tomentosus,viburnum_tinus,10,1.97,5.06,6.8,2.5289951750843414e-09,6,10,7,1.0,Plantae,Plantae,1.307
chondrilla_nucula,sarcotragus_spinosulus,7,0.75,9.37,8.06,0.0001088087827825281,7,7,6,1.0,Porifera,Porifera,1.306
amphorina_farrani,felimida_binza,9,1.24,7.24,10.4,5.732406623151599e-05,5,8,6,1.0,Mollusca,Mollusca,1.305
aglaophenia_tubiformis,cladostephus_spongiosus,13,2.38,5.45,7.76,3.6314882112353152e-12,10,13,6,1.0,Cnidaria,,1.305
gastrana_fragilis,tritia_neritea,13,3.03,4.28,7.12,2.3671385505703536e-10,8,13,7,1.0,Mollusca,Mollusca,1.305
phycis_phycis,platydoris_argo,11,2.83,3.89,5.91,2.5841607519730374e-07,7,11,8,1.0,Actinopterygii,Mollusca,1.303
axinella_polypoides,dictyonella_incisa,19,6.3,3.02,6.01,7.798096578246877e-08,13,18,8,0.947,Porifera,Porifera,1.302
isara_cornea,notocochlis_dillwynii,5,0.2,25.17,11.14,2.2265906744584393e-05,3,4,5,1.0,Mollusca,Mollusca,1.298
chelon_auratus,taonia_atomaria,11,2.84,3.87,5.17,7.294156392819143e-06,6,11,8,1.0,Actinopterygii,,1.298
donax_semistriatus,glycymeris_glycymeris,12,3.77,3.19,5.1,9.479432295972536e-06,9,11,9,1.0,Mollusca,Mollusca,1.297
acanthocardia_aculeata,mimachlamys_varia,9,2.43,3.71,6.72,0.003914634239191482,8,9,9,1.0,Mollusca,Mollusca,1.296
moerella_pulchella,talochlamys_multistriata,15,3.83,3.92,6.88,8.07878292349003e-10,11,14,7,1.0,Mollusca,Mollusca,1.295
aglaophenia_tubiformis,wrangelia_penicillata,15,3.82,3.92,6.7,2.260073768512129e-09,9,15,7,1.0,Cnidaria,Plantae,1.295
crimora_papillata,facelina_auriculata,6,0.33,17.98,10.41,1.545972413468639e-05,4,5,5,1.0,Mollusca,Mollusca,1.294
clanculus_cruciatus,gari_depressa,14,3.45,4.06,7.34,5.3378748916772514e-11,9,14,7,1.0,Mollusca,Mollusca,1.294
pinnoctopus_macropus,synapturichthys_kleinii,17,5.44,3.13,8.58,8.577190882067386e-15,6,16,8,1.0,Mollusca,Actinopterygii,1.293
chelidonichthys_obscurus,conger_conger,16,3.38,4.73,8.36,3.3545453420663654e-14,6,15,6,1.0,Actinopterygii,Actinopterygii,1.293
ardea_cinerea,passer_montanus,18,5.87,3.06,6.65,2.5691442523467707e-09,9,18,8,0.944,Aves,Aves,1.293
ocenebra_edwardsii,striarca_lactea,17,5.43,3.13,6.4,1.1263538516342405e-08,8,17,8,0.882,Mollusca,Mollusca,1.293
elysia_flava,paradoris_indecora,44,11.23,3.92,17.36,3.908114596838278e-63,8,41,5,1.0,Mollusca,Mollusca,1.292
limaria_tuberculata,patella_ulyssiponensis,10,2.47,4.05,6.82,2.681957992513925e-09,8,10,8,1.0,Mollusca,Mollusca,1.288
condylactis_aurantiaca,sparus_aurata,7,1.06,6.61,6.31,0.0006939833268409658,6,7,7,1.0,Cnidaria,Actinopterygii,1.286
astropecten_platyacanthus,petalifera_petalifera,9,2.08,4.32,5.84,4.922605515242e-07,7,7,8,1.0,Echinodermata,Mollusca,1.286
pagurus_cuanensis,pomatoschistus_bathi,22,6.7,3.28,6.93,3.547591415098862e-10,12,22,7,1.0,Malacostraca,Actinopterygii,1.285
pyura_dura,scopalina_lophyropoda,16,4.25,3.76,6.85,8.428822323013169e-10,8,16,7,1.0,Animalia,Porifera,1.285
echinaster_sepositus,simnia_spelta,14,2.77,5.06,9.21,6.584004538257119e-17,7,14,6,1.0,Echinodermata,Mollusca,1.284
bosemprella_incarnata,solen_marginatus,10,2.48,4.03,6.32,3.922504556560681e-08,9,9,8,1.0,Mollusca,Mollusca,1.284
glycymeris_nummaria,ocenebra_erinaceus,10,2.9,3.45,5.44,2.781408481201966e-06,8,9,9,1.0,Mollusca,Mollusca,1.283
aglaophenia_tubiformis,phorbas_topsenti,13,2.46,5.29,9.4,1.7566563073096694e-17,9,13,6,1.0,Cnidaria,Porifera,1.282
antiopella_cristata,scorpaena_scrofa,18,5.94,3.03,6.68,2.174721758752703e-09,5,17,8,1.0,Mollusca,Actinopterygii,1.282
ebenomitra_tricolor,tritia_corrugata,15,3.89,3.86,7.33,5.250561169452927e-11,9,14,7,1.0,Mollusca,Mollusca,1.28
ficus_carica,sambucus_nigra,6,0.56,10.8,9.26,0.00018786589622344822,3,5,6,1.0,Plantae,Plantae,1.279
diaphorodoris_alba,trapania_lineata,18,5.96,3.02,6.33,1.545625618321604e-08,11,18,8,1.0,Mollusca,Mollusca,1.278
bittium_reticulatum,polititapes_aureus,21,6.34,3.31,7.25,5.062082096012195e-11,12,21,7,1.0,Mollusca,Mollusca,1.275
felimida_binza,holothuria_sanctori,10,1.59,6.29,7.89,2.9586083255206075e-12,7,8,6,1.0,Mollusca,Echinodermata,1.27
paranemonia_cinerea,phallusia_fumigata,11,2.92,3.76,5.46,2.0922136964964974e-06,5,10,8,1.0,Cnidaria,Animalia,1.27
bittium_latreillii,felimare_tricolor,9,2.49,3.61,4.56,0.000104225180575164,8,8,9,0.889,Mollusca,Mollusca,1.269
arca_noae,epitonium_clathrus,10,2.94,3.4,7.78,0.00401500503515452,9,10,9,1.0,Mollusca,Mollusca,1.268
exidmonea_atlantica,smittina_cervicornis,8,1.05,7.64,7.54,0.00011427885407130293,7,7,6,1.0,Bryozoa,Bryozoa,1.268
dysidea_avara,penaeus_kerathurus,9,1.32,6.82,7.95,8.576353330686007e-05,3,8,6,1.0,Porifera,Malacostraca,1.266
antedon_mediterranea,condylactis_aurantiaca,10,3.33,3.0,4.63,7.719437489760896e-05,10,10,10,1.0,Echinodermata,Cnidaria,1.265
dactylopterus_volitans,synapturichthys_kleinii,24,4.89,4.91,11.12,2.585469210738962e-25,3,23,5,1.0,Actinopterygii,Actinopterygii,1.264
petalifera_petalifera,simnia_spelta,9,1.32,6.8,8.56,8.815651948764844e-05,4,8,6,1.0,Mollusca,Mollusca,1.264
conger_conger,pecten_jacobaeus,9,1.32,6.8,8.02,8.76353704221402e-05,4,8,6,1.0,Actinopterygii,Mollusca,1.264
hermodice_carunculata,spirastrella_cunctatrix,7,1.09,6.4,6.07,0.0008213284507091458,7,7,7,1.0,Annelida,Porifera,1.264
plakina_monolopha,steromphala_varia,22,5.63,3.9,9.12,4.778104832446865e-17,3,22,6,1.0,Porifera,Mollusca,1.262
ferussacia_folliculum,xerotricha_conspurcata,7,1.1,6.38,7.07,0.0008375481892198313,7,7,7,1.0,Mollusca,Mollusca,1.262
dosinia_lupinus,glycymeris_nummaria,9,2.14,4.2,8.01,0.0018925894713092664,8,9,8,1.0,Mollusca,Mollusca,1.261
conus_ventricosus,talochlamys_multistriata,6,0.36,16.67,10.18,2.2602077404707127e-05,6,6,5,1.0,Mollusca,Mollusca,1.26
rudmania_krohni,trapania_maculata,15,4.68,3.2,7.73,4.676953387605368e-12,11,14,8,1.0,Mollusca,Mollusca,1.26
dendrodoris_grandiflora,paradoris_indecora,33,7.83,4.22,14.26,4.352513139508741e-42,7,32,5,1.0,Mollusca,Mollusca,1.259
berthellina_edwardsii,facelina_annulicornis,20,4.92,4.06,8.92,2.9916421195146137e-16,7,19,6,0.95,Mollusca,Mollusca,1.259
cernuella_virgata,theba_pisana,8,1.06,7.53,8.19,0.0001238121405929275,6,8,6,1.0,Mollusca,Mollusca,1.259
bispira_volutacornis,caloria_quatrefagesi,6,0.58,10.38,7.65,0.00022692269313178895,6,6,6,1.0,Annelida,Mollusca,1.258
astroides_calycularis,sparisoma_cretense,10,2.1,4.76,6.93,1.251662107312665e-09,7,10,7,1.0,Cnidaria,Actinopterygii,1.257
dittrichia_viscosa,portulaca_oleracea,11,2.97,3.71,6.45,1.726070534550617e-08,9,9,8,1.0,Plantae,Plantae,1.257
caloria_elegans,dysidea_avara,12,3.91,3.07,5.11,9.292968624911899e-06,7,11,9,1.0,Mollusca,Porifera,1.254
epitonium_clathrus,mimachlamys_varia,13,3.84,3.39,8.54,2.317806911495002e-14,9,13,8,1.0,Mollusca,Mollusca,1.253
cardita_calyculata,modiolus_barbatus,15,4.71,3.18,7.06,3.1422708104139147e-10,11,15,8,0.933,Mollusca,Mollusca,1.253
egretta_garzetta,passer_montanus,18,5.22,3.45,6.83,8.189404524838577e-10,7,18,7,1.0,Aves,Aves,1.253
lissoclinum_perforatum,ophidiaster_ophidianus,5,0.23,21.99,10.43,3.951371704019885e-05,5,5,5,1.0,Animalia,Echinodermata,1.244
bosemprella_incarnata,laevicardium_crassum,8,1.09,7.35,6.94,0.00014362501962925426,7,8,6,1.0,Mollusca,Mollusca,1.244
pholas_dactylus,turritellinella_tricarinata,8,1.8,4.44,6.4,0.002584653687778427,6,8,8,1.0,Mollusca,Mollusca,1.24
glycymeris_glycymeris,laevicardium_crassum,11,2.51,4.38,5.92,2.2355163791928589e-07,8,11,7,1.0,Mollusca,Mollusca,1.24
pagellus_erythrinus,sciaena_umbra,20,6.13,3.26,7.08,1.5873239316584556e-10,10,20,7,1.0,Actinopterygii,Actinopterygii,1.239
antiopella_cristata,simnia_spelta,13,3.9,3.34,5.57,1.058710525103836e-06,9,11,8,1.0,Mollusca,Mollusca,1.237
felimida_binza,platydoris_argo,6,0.6,9.95,9.57,0.000277553462821171,5,6,6,1.0,Mollusca,Mollusca,1.235
acanthella_acuta,gnathophyllum_elegans,15,4.07,3.68,6.28,2.3449876750484706e-08,6,15,7,1.0,Porifera,Malacostraca,1.235
bolinus_brandaris,tritia_nitida,11,3.5,3.14,5.91,2.993244735306192e-07,10,11,9,1.0,Mollusca,Mollusca,1.235
holothuria_forskali,salpa_fusiformis,10,2.62,3.82,8.28,0.001927795498617103,7,9,8,1.0,Echinodermata,Animalia,1.234
acanthocardia_aculeata,laevicardium_oblongum,8,1.82,4.4,7.11,0.002735416839487479,7,8,8,1.0,Mollusca,Mollusca,1.232
bosellia_mimetica,diaphorodoris_papillata,15,4.83,3.11,5.59,8.114435354349898e-07,11,15,8,1.0,Mollusca,Mollusca,1.229
felimare_fontandraui,phyllidia_flava,14,4.37,3.2,5.47,1.579471202888108e-06,10,14,8,1.0,Mollusca,Mollusca,1.228
muraena_helena,palaemon_elegans,10,3.06,3.27,5.0,1.8237404282395845e-05,6,9,9,1.0,Actinopterygii,Malacostraca,1.228
eunicella_gazella,luisella_babai,17,4.95,3.44,9.1,1.2871759992384242e-16,4,17,7,1.0,Cnidaria,Mollusca,1.225
rissoa_variabilis,tritia_corrugata,12,2.33,5.16,7.3,8.733483621618492e-11,10,11,6,1.0,Mollusca,Mollusca,1.223
caulerpa_prolifera,paranemonia_cinerea,11,3.08,3.57,6.36,2.9031355951631697e-08,5,11,8,1.0,Plantae,Cnidaria,1.221
hypnea_musciformis,mytilus_galloprovincialis,11,2.57,4.28,7.09,4.255645354635216e-10,8,10,7,1.0,Plantae,Mollusca,1.22
anthias_anthias,centrostephanus_longispinus,6,0.62,9.65,7.65,0.00032042309290129426,6,6,6,1.0,Actinopterygii,Echinodermata,1.219
mnemiopsis_leidyi,pomatoschistus_marmoratus,12,3.52,3.41,5.93,2.21801552460742e-07,8,10,8,1.0,Ctenophora,Actinopterygii,1.219
phallusia_fumigata,smittina_cervicornis,13,3.96,3.28,5.38,2.4947750281923966e-06,7,13,8,1.0,Animalia,Bryozoa,1.219
mycteroperca_rubra,pinna_rudis,14,3.74,3.74,6.99,4.969610245109645e-10,6,13,7,1.0,Actinopterygii,Mollusca,1.218
glycymeris_glycymeris,venus_verrucosa,11,3.09,3.56,6.45,1.788390444096372e-08,9,11,8,1.0,Mollusca,Mollusca,1.218
thuridilla_hopei,trapania_lineata,11,2.58,4.27,6.36,2.495180038856557e-08,6,10,7,1.0,Mollusca,Mollusca,1.218
acanthocardia_tuberculata,talochlamys_multistriata,11,3.09,3.56,4.88,2.466142681032059e-05,8,11,8,1.0,Mollusca,Mollusca,1.218
edmundsella_pedata,tenellia_ocellata,21,5.55,3.79,8.1,1.3732760837040307e-13,8,21,6,1.0,Mollusca,Mollusca,1.217
harmothoe_areolata,ophiothrix_fragilis,20,6.26,3.19,6.83,7.570929149569711e-10,14,19,7,1.0,Annelida,Echinodermata,1.216
hermodice_carunculata,sarcotragus_spinosulus,12,3.53,3.4,5.78,4.4123501584315033e-07,10,11,8,0.833,Annelida,Porifera,1.216
ctenolabrus_rupestris,labrus_mixtus,13,3.97,3.27,5.37,2.6150937266656786e-06,10,13,8,0.923,Actinopterygii,Actinopterygii,1.216
astropecten_platyacanthus,bunodactis_verrucosa,19,5.85,3.25,6.54,4.330244307779157e-09,6,16,7,1.0,Echinodermata,Cnidaria,1.215
donax_semistriatus,polybius_vernalis,6,0.63,9.57,8.19,0.00033334020200832213,6,6,6,1.0,Mollusca,Malacostraca,1.214
diaphorodoris_papillata,tenellia_genovae,16,4.58,3.49,7.41,2.9915759695462504e-11,13,15,7,1.0,Mollusca,Mollusca,1.213
amphorina_farrani,holothuria_forskali,8,1.15,6.97,6.84,3.193563225496743e-09,4,7,6,0.875,Mollusca,Echinodermata,1.211
modiolus_barbatus,neverita_josephinia,7,1.18,5.91,6.15,0.001232570319200499,5,6,7,1.0,Mollusca,Mollusca,1.21
antiopella_cristata,phyllidia_flava,14,2.24,6.25,8.74,2.396064001613762e-15,6,12,5,1.0,Mollusca,Mollusca,1.209
acanthocardia_paucicostata,calyptraea_chinensis,8,1.15,6.95,7.19,0.00020171300803874,7,8,6,0.875,Mollusca,Mollusca,1.209
barbatia_barbata,dictyopteris_polypodioides,15,4.19,3.58,6.34,1.7588664865190404e-08,11,14,7,1.0,Mollusca,,1.209
condylactis_aurantiaca,pagellus_erythrinus,13,4.0,3.25,5.83,3.2010713633211364e-07,6,11,8,1.0,Cnidaria,Actinopterygii,1.209
anomia_ephippium,gastrana_fragilis,19,5.88,3.23,7.01,2.7286900178862096e-10,5,18,7,1.0,Mollusca,Mollusca,1.208
aporrhais_pespelecani,neverita_josephinia,11,3.13,3.52,5.81,4.3748173375727584e-07,8,11,8,1.0,Mollusca,Mollusca,1.207
apletodon_incognitus,inachus_phalangium,31,9.63,3.22,8.67,1.048542817475863e-15,5,30,6,1.0,Actinopterygii,Malacostraca,1.205
bosellia_mimetica,elysia_gordanae,16,3.76,4.26,7.55,1.0453494910282743e-11,9,16,6,1.0,Mollusca,Mollusca,1.205
diaphorodoris_papillata,lysmata_seticaudata,14,4.48,3.13,5.84,2.825967132493988e-07,7,13,8,1.0,Mollusca,Malacostraca,1.205
ebenomitra_tricolor,tricolia_pullus,15,4.93,3.04,5.93,1.629304574592995e-07,13,14,8,1.0,Mollusca,Mollusca,1.204
acteon_tornatilis,pagellus_acarne,6,0.64,9.38,7.37,0.0003648934212059982,4,4,6,1.0,Mollusca,Actinopterygii,1.203
chroicocephalus_ridibundus,ichthyaetus_audouinii,15,2.55,5.88,9.06,1.5162571490114875e-16,3,15,5,1.0,Aves,Aves,1.199
haliclona_fulva,smittina_cervicornis,12,3.02,3.97,6.1,8.457514077218358e-08,8,12,7,1.0,Porifera,Bryozoa,1.199
calmella_cavolini,epinephelus_costae,8,0.8,10.02,8.98,2.080119204753292e-05,5,8,5,1.0,Mollusca,Actinopterygii,1.198
caloria_quatrefagesi,pinna_rudis,14,4.5,3.11,5.33,2.994348378461782e-06,10,14,8,1.0,Mollusca,Mollusca,1.198
ctena_decussata,gouldia_minima,37,12.26,3.02,10.6,2.633914500797387e-23,17,37,6,1.0,Mollusca,Mollusca,1.197
alicia_mirabilis,platydoris_argo,11,2.64,4.16,10.23,0.0006025557213051526,8,10,7,1.0,Cnidaria,Mollusca,1.196
pachycerianthus_solitarius,penaeus_kerathurus,18,5.52,3.26,6.61,3.0425020893046114e-09,10,13,7,1.0,Cnidaria,Malacostraca,1.195
cernuella_virgata,xerotricha_conspurcata,7,1.21,5.77,5.79,0.0013882865719484104,7,7,7,1.0,Mollusca,Mollusca,1.194
elysia_viridis,tenellia_ocellata,15,4.98,3.01,5.7,5.099857990939802e-07,6,15,8,1.0,Mollusca,Mollusca,1.194
calmella_cavolini,electra_posidoniae,15,4.98,3.01,5.5,1.2881746042699352e-06,8,15,8,1.0,Mollusca,Bryozoa,1.194
bituminaria_bituminosa,sonchus_tenerrimus,12,3.62,3.32,5.09,9.542165607800298e-06,11,11,8,1.0,Plantae,Plantae,1.193
felimare_villafranca,necora_puber,11,2.66,4.14,6.4,2.0133983041567938e-08,6,10,7,0.818,Mollusca,Malacostraca,1.192
periclimenes_aegylios,syngnathus_typhle,32,10.19,3.14,9.03,5.59285812324682e-17,3,31,6,1.0,Malacostraca,Actinopterygii,1.19
patella_rustica,venus_verrucosa,12,3.63,3.31,6.05,1.2047841669083994e-07,7,11,8,1.0,Mollusca,Mollusca,1.19
lepidopleurus_cajetanus,muricopsis_cristata,14,3.87,3.62,6.73,2.2850363302317597e-09,9,13,7,1.0,Mollusca,Mollusca,1.188
nemesignis_banyulensis,trinchesia_caerulea,14,4.54,3.08,5.65,6.989361667357469e-07,6,14,8,1.0,Mollusca,Mollusca,1.188
chamelea_gallina,echinocyamus_pusillus,15,3.48,4.31,6.9,6.669622833942126e-10,9,14,6,1.0,Mollusca,Echinodermata,1.187
echinaster_sepositus,phoronis_hippocrepia,13,3.46,3.75,5.68,5.849097702247987e-07,4,13,7,1.0,Echinodermata,Animalia,1.187
solecurtus_strigilatus,tritia_mutabilis,12,3.64,3.3,5.0,1.4157853208473215e-05,8,12,8,1.0,Mollusca,Mollusca,1.187
episcomitra_cornicula,synodus_saurus,19,6.01,3.16,7.34,3.536169938304385e-11,8,18,7,1.0,Mollusca,Actinopterygii,1.186
bittium_reticulatum,gibbula_magus,10,3.18,3.14,5.73,8.437929597909312e-07,8,10,9,0.9,Mollusca,Mollusca,1.186
antiopella_cristata,trapania_maculata,12,1.78,6.74,8.98,5.787470746500845e-16,5,12,5,1.0,Mollusca,Mollusca,1.185
eudendrium_racemosum,phorbas_topsenti,15,4.29,3.49,6.18,4.199948122005806e-08,9,15,7,1.0,Cnidaria,Porifera,1.185
didemnum_coccineum,polysyncraton_lacazei,11,3.66,3.0,4.87,2.76018376314468e-05,8,11,9,1.0,Animalia,Animalia,1.185
patella_ulyssiponensis,phorcus_turbinatus,13,4.1,3.17,6.85,1.4692584700657145e-09,9,13,8,1.0,Mollusca,Mollusca,1.184
aplidium_conicum,symphodus_ocellatus,7,1.23,5.69,5.77,1.0469046344846805e-06,4,7,7,1.0,Animalia,Actinopterygii,1.184
iberus_splendidus,zonites_algirus,7,0.92,7.59,7.44,0.0003381195324510101,6,6,6,1.0,Mollusca,Mollusca,1.183
donax_venustus,glycymeris_glycymeris,6,0.43,13.99,8.76,5.3911774716682786e-05,6,6,5,1.0,Mollusca,Mollusca,1.182
solea_senegalensis,tritia_mutabilis,19,6.03,3.15,7.01,2.8321823024950006e-10,9,15,7,1.0,Actinopterygii,Mollusca,1.182
bolinus_brandaris,venus_verrucosa,9,1.94,4.64,5.52,2.0668997898591227e-06,8,9,7,1.0,Mollusca,Mollusca,1.18
ardea_cinerea,myiopsitta_monachus,20,6.5,3.08,7.7,3.076048591240093e-12,5,19,7,1.0,Aves,Aves,1.179
diodora_graeca,ocenebra_edwardsii,9,1.94,4.63,6.02,2.0327981441011278e-07,6,9,7,1.0,Mollusca,Mollusca,1.179
idotea_metallica,lepas_pectinata,15,3.52,4.26,8.29,7.31432066375915e-14,11,15,6,1.0,Crustacea,Crustacea,1.177
peronidia_albicans,tritia_mutabilis,11,3.23,3.41,5.74,6.243578651136168e-07,9,11,8,1.0,Mollusca,Mollusca,1.177
bittium_reticulatum,donax_semistriatus,13,4.12,3.15,5.41,2.2844892593981834e-06,10,12,8,1.0,Mollusca,Mollusca,1.177
condylactis_aurantiaca,trachinus_draco,10,3.22,3.11,4.85,3.389817185505219e-05,9,10,9,0.9,Cnidaria,Actinopterygii,1.176
callista_chione,chamelea_striatula,10,1.83,5.48,8.26,0.0001649725007107297,5,9,6,1.0,Mollusca,Mollusca,1.175
acteon_tornatilis,mactra_corallina,12,3.68,3.26,6.45,1.5603175496852418e-08,9,12,8,1.0,Mollusca,Mollusca,1.175
aporrhais_pespelecani,mactra_stultorum,8,1.59,5.02,6.24,8.606155367050225e-08,7,8,7,1.0,Mollusca,Mollusca,1.174
caloria_elegans,elysia_viridis,11,3.24,3.4,5.16,7.95589970411585e-06,6,11,8,1.0,Mollusca,Mollusca,1.174
astropecten_platyacanthus,calliactis_parasitica,8,1.6,5.01,6.34,5.2225298835561734e-08,6,8,7,1.0,Echinodermata,Cnidaria,1.173
donax_semistriatus,tritia_neritea,7,1.25,5.58,6.0,0.001641257208769669,7,7,7,1.0,Mollusca,Mollusca,1.171
loligo_vulgaris,phycis_phycis,11,3.24,3.39,5.24,5.842818657839204e-06,6,11,8,1.0,Mollusca,Actinopterygii,1.171
felimare_cantabrica,yungia_aurantiaca,9,1.96,4.58,6.24,6.836869190000836e-08,7,9,7,0.889,Mollusca,Platyhelminthes,1.17
arundo_donax,ficus_carica,7,0.94,7.41,6.52,0.00038291141391360185,7,7,6,1.0,Plantae,Plantae,1.169
bittium_latreillii,ctena_decussata,9,1.97,4.57,6.14,1.1370200450331924e-07,8,9,7,1.0,Mollusca,Mollusca,1.169
clanculus_cruciatus,gibbula_turbinoides,23,6.64,3.46,9.1,5.732312983751645e-17,10,23,6,1.0,Mollusca,Mollusca,1.168
millerigobius_macrocephalus,xantho_poressa,9,1.08,8.36,8.28,2.0988128307504747e-05,7,8,5,1.0,Actinopterygii,Malacostraca,1.166
epitonium_clathrus,tritia_neritea,15,4.39,3.42,6.09,6.646012530166678e-08,10,15,7,1.0,Mollusca,Mollusca,1.165
conus_ventricosus,sarcotragus_spinosulus,12,3.72,3.23,5.67,7.836978789351807e-07,11,10,8,1.0,Mollusca,Porifera,1.165
steromphala_varia,tritia_nitida,9,2.77,3.25,4.83,4.182629816094869e-05,8,8,9,1.0,Mollusca,Mollusca,1.165
modiolus_barbatus,pinctada_radiata,16,4.82,3.32,6.77,1.5130920873885408e-09,7,14,7,1.0,Mollusca,Mollusca,1.164
cistus_salviifolius,rhamnus_alaternus,9,2.39,3.76,4.97,2.2418606143895447e-05,8,9,8,0.889,Plantae,Plantae,1.164
isara_cornea,reteporella_grimaldii,10,2.83,3.54,4.56,9.320657751046964e-05,6,10,8,1.0,Mollusca,Bryozoa,1.164
galeodea_echinophora,peronaea_planata,5,0.28,18.0,9.7,9.084813424074415e-05,5,5,5,1.0,Mollusca,Mollusca,1.163
chama_gryphoides,gnathophyllum_elegans,17,5.26,3.23,6.78,1.25701481420343e-09,7,16,7,1.0,Mollusca,Malacostraca,1.163
conus_ventricosus,diogenes_pugilator,10,2.36,4.23,7.79,0.0009863073129110316,9,9,7,1.0,Mollusca,Malacostraca,1.162
berghia_verrucicornis,dendrodoris_limbata,16,4.83,3.31,6.69,2.284714147006098e-09,3,11,7,1.0,Mollusca,Mollusca,1.162
phorbas_topsenti,schizomavella_mamillata,11,2.19,5.03,6.49,1.1366080844038993e-08,9,11,6,1.0,Porifera,Bryozoa,1.162
chelidonichthys_obscurus,pinnoctopus_macropus,18,5.71,3.15,6.83,8.704185752673244e-10,6,17,7,1.0,Actinopterygii,Mollusca,1.161
bulla_striata,mactra_stultorum,9,2.0,4.51,5.99,2.4454096435572583e-07,9,9,7,1.0,Mollusca,Mollusca,1.158
simnia_spelta,tenellia_ocellata,13,3.58,3.63,6.48,1.0323938317989799e-08,6,13,7,1.0,Mollusca,Mollusca,1.157
phallusia_fumigata,pseudoceros_maximus,12,3.17,3.78,6.71,3.3535912370427006e-09,6,11,7,0.917,Animalia,Platyhelminthes,1.156
acteon_tornatilis,fissurella_nubecula,12,3.75,3.2,6.46,1.5073449610495674e-08,7,12,8,1.0,Mollusca,Mollusca,1.156
amathia_verticillata,halimeda_tuna,10,2.85,3.51,6.23,6.944285643691696e-08,7,9,8,1.0,Bryozoa,Plantae,1.156
epinephelus_costae,pennaria_disticha,16,4.87,3.29,5.87,1.8785616453315417e-07,5,16,7,1.0,Actinopterygii,Cnidaria,1.156
ruditapes_philippinarum,tritia_neritea,21,5.95,3.53,10.15,6.837436954032301e-21,7,18,6,1.0,Mollusca,Mollusca,1.152
ctenolabrus_rupestris,diaphorodoris_alba,8,1.26,6.34,6.95,0.00034960405842336125,7,7,6,1.0,Actinopterygii,Mollusca,1.152
candiella_striata,pycnoclavella_communis,6,0.7,8.53,6.82,0.0005645295876626867,3,6,6,1.0,Mollusca,Animalia,1.152
astropecten_platyacanthus,galathea_squamifera,19,6.22,3.05,6.51,5.160125515827843e-09,10,19,7,1.0,Echinodermata,Malacostraca,1.149
glans_trapezia,smaragdia_viridis,13,4.25,3.06,5.27,4.276920618359574e-06,11,13,8,1.0,Mollusca,Mollusca,1.147
branchiomma_luctuosum,caulerpa_prolifera,8,1.65,4.83,6.68,0.0016365692974902699,3,8,7,1.0,Annelida,Plantae,1.146
calliactis_parasitica,solea_senegalensis,7,1.3,5.37,5.38,5.699380137154805e-06,5,7,7,0.857,Cnidaria,Actinopterygii,1.145
acanthocardia_aculeata,peronidia_albicans,7,0.99,7.09,7.08,0.00048415463279194004,7,7,6,1.0,Mollusca,Mollusca,1.143
phorbas_topsenti,vermetus_triquetrus,28,7.11,3.94,10.77,7.3647368869041e-24,10,28,5,1.0,Porifera,Mollusca,1.142
mactra_corallina,spondylus_gaederopus,7,0.99,7.07,7.88,0.0004902082557031247,5,7,6,1.0,Mollusca,Mollusca,1.142
bittium_reticulatum,irus_irus,28,8.96,3.13,10.76,9.763808686903524e-24,14,26,6,1.0,Mollusca,Mollusca,1.141
petrosia_ficiformis,sparisoma_cretense,14,4.07,3.44,5.91,1.801944640693813e-07,8,14,7,0.857,Porifera,Actinopterygii,1.141
barbatia_barbata,solecurtus_strigilatus,8,2.03,3.94,5.78,9.018229718150031e-07,8,8,8,1.0,Mollusca,Mollusca,1.141
diaphorodoris_papillata,felimare_bilineata,15,3.69,4.07,7.62,7.626323560374408e-12,9,15,6,1.0,Mollusca,Mollusca,1.14
ophidion_rochei,spicara_maena,7,0.99,7.05,7.35,0.000500156415432469,4,6,6,1.0,Actinopterygii,Actinopterygii,1.14
aplus_dorbignyi,ocenebra_erinaceus,12,3.24,3.7,5.73,5.26778808185023e-07,8,11,7,1.0,Mollusca,Mollusca,1.138
ebenomitra_ebenus,ocenebra_erinaceus,12,1.92,6.24,9.3,4.66319423324085e-17,11,12,5,1.0,Mollusca,Mollusca,1.137
carcinus_aestuarii,haloa_japonica,26,6.46,4.03,11.93,4.20418348049012e-29,5,19,5,1.0,Malacostraca,Mollusca,1.135
amphorina_farrani,diaphorodoris_alba,17,5.42,3.14,7.49,1.741119106548862e-11,8,17,7,1.0,Mollusca,Mollusca,1.135
felimare_orsinii,felimida_binza,18,5.86,3.07,7.02,2.8517724648835644e-10,7,18,7,1.0,Mollusca,Mollusca,1.135
adeonella_calveti,phycis_phycis,18,5.86,3.07,6.24,2.4782105545197763e-08,11,18,7,1.0,Bryozoa,Actinopterygii,1.135
chamelea_striatula,dosinia_exoleta,7,0.68,10.29,12.19,6.467889134073506e-05,4,7,5,0.857,Mollusca,Mollusca,1.134
dromia_personata,pagurus_cuanensis,10,2.45,4.08,5.48,2.1754627993924867e-06,8,10,7,1.0,Malacostraca,Malacostraca,1.133
neverita_josephinia,peronidia_albicans,7,1.33,5.27,6.57,0.002172310405119381,7,7,7,1.0,Mollusca,Mollusca,1.132
patella_rustica,pisania_striata,9,2.48,3.62,5.08,1.5003038073670143e-05,9,9,8,1.0,Mollusca,Mollusca,1.131
hermodice_carunculata,seriola_dumerili,11,2.28,4.81,7.74,6.877181669084696e-12,6,10,6,0.909,Annelida,Actinopterygii,1.13
bispira_volutacornis,palinurus_elephas,14,4.12,3.4,6.28,2.792605370033084e-08,7,14,7,1.0,Annelida,Malacostraca,1.13
conger_conger,simnia_spelta,10,2.93,3.41,6.21,7.807858001423952e-08,6,10,8,1.0,Actinopterygii,Mollusca,1.13
axinella_verrucosa,trapania_maculata,5,0.3,16.56,9.41,0.0001277960811977033,4,4,5,1.0,Porifera,Mollusca,1.129
ctena_decussata,steromphala_divaricata,7,1.01,6.91,7.04,0.0005520714559673835,6,7,6,1.0,Mollusca,Mollusca,1.128
limaria_hians,planocera_ceratommata,18,5.9,3.05,6.45,7.889510022119512e-09,12,17,7,1.0,Mollusca,Platyhelminthes,1.128
donax_trunculus,gastrana_fragilis,14,4.13,3.39,5.87,2.3208915638804926e-07,8,14,7,1.0,Mollusca,Mollusca,1.128
modiolus_barbatus,venerupis_geographica,11,3.39,3.24,5.49,1.9957202366244885e-06,7,9,8,1.0,Mollusca,Mollusca,1.128
mactra_corallina,polybius_vernalis,8,2.06,3.88,5.16,1.2445689832257875e-05,7,8,8,1.0,Mollusca,Malacostraca,1.128
ensis_minor,laevicardium_crassum,11,3.4,3.24,5.07,1.1988733144465987e-05,10,11,8,0.909,Mollusca,Mollusca,1.128
gari_depressa,neverita_josephinia,7,1.02,6.89,20.61,0.0005604589604801329,5,6,6,1.0,Mollusca,Mollusca,1.127
elysia_flava,haminoea_hydatis,30,7.98,3.76,16.28,1.2211659552915581e-54,5,27,5,1.0,Mollusca,Mollusca,1.126
ebenomitra_tricolor,rissoa_variabilis,23,6.95,3.31,9.67,4.511294920545643e-19,11,22,6,1.0,Mollusca,Mollusca,1.126
rissoa_decorata,tricolia_pullus,14,3.38,4.14,7.36,4.6908943199675416e-11,10,13,6,1.0,Mollusca,Mollusca,1.125
limaria_hians,rudmania_krohni,9,2.08,4.32,5.65,1.1771377940552115e-06,9,9,7,1.0,Mollusca,Mollusca,1.125
patella_rustica,semicassis_undulata,7,1.03,6.83,6.42,0.0005899844903345245,7,7,6,1.0,Mollusca,Mollusca,1.122
periclimenes_amethysteus,simnia_spelta,17,5.5,3.09,7.72,3.890190897324944e-12,4,16,7,1.0,Malacostraca,Mollusca,1.119
chelidonichthys_lastoviza,torpedo_marmorata,22,6.58,3.34,7.55,6.712090657829354e-12,7,22,6,0.955,Actinopterygii,Elasmobranchii,1.118
laevicardium_crassum,turritellinella_tricarinata,8,1.73,4.64,5.74,9.699200249688389e-07,8,8,7,0.875,Mollusca,Mollusca,1.117
donax_variegatus,glycymeris_glycymeris,12,3.91,3.07,6.15,8.142117529537534e-08,6,11,8,1.0,Mollusca,Mollusca,1.115
closterotomus_trivialis,oedemera_atrata,7,0.71,9.88,8.71,8.114465817894306e-05,4,7,5,1.0,Insecta,Insecta,1.114
bittium_latreillii,gibberula_miliaria,13,3.76,3.46,6.48,1.0750320530058868e-08,7,12,7,1.0,Mollusca,Mollusca,1.114
rudmania_krohni,trapania_lineata,13,3.75,3.46,5.82,3.153312717064717e-07,11,13,7,1.0,Mollusca,Mollusca,1.114
atriplex_halimus,sonchus_tenerrimus,8,2.1,3.81,5.16,1.2931013983620003e-05,8,8,8,1.0,Plantae,Plantae,1.113
eryngium_maritimum,graphosoma_semipunctatum,6,0.76,7.89,7.63,0.0008042115865099145,6,6,6,1.0,Plantae,Insecta,1.11
chamelea_gallina,talochlamys_multistriata,14,2.61,5.37,7.91,1.1123698695375642e-12,9,14,5,1.0,Mollusca,Mollusca,1.109
foeniculum_vulgare,quercus_rotundifolia,10,2.01,4.97,7.08,5.174647764127546e-10,9,9,6,0.8,Plantae,Plantae,1.108
mullus_barbatus,pagurus_cuanensis,12,3.93,3.05,4.95,1.8043153260612334e-05,10,11,8,1.0,Actinopterygii,Malacostraca,1.108
columbella_rustica,modiolus_barbatus,10,2.53,3.95,6.04,1.6280486110606108e-07,7,10,7,1.0,Mollusca,Mollusca,1.107
electra_posidoniae,sardinella_aurita,6,0.77,7.81,6.92,0.0008442680776824743,5,6,6,1.0,Bryozoa,Actinopterygii,1.105
elysia_timida,lysmata_seticaudata,10,2.54,3.94,6.48,1.749861316643688e-08,6,10,7,1.0,Mollusca,Malacostraca,1.105
pinctada_radiata,ruditapes_decussatus,6,0.51,11.76,9.03,0.00012497511764720357,4,5,5,1.0,Mollusca,Mollusca,1.104
donacilla_cornea,spisula_subtruncata,8,1.75,4.56,6.68,0.002241205054044992,7,8,7,1.0,Mollusca,Mollusca,1.104
ocenebra_erinaceus,ruditapes_decussatus,9,2.56,3.51,5.56,2.018332241491456e-06,8,8,8,1.0,Mollusca,Mollusca,1.104
candiella_manicata,thuridilla_hopei,8,0.96,8.34,7.63,6.638447980944911e-05,7,8,5,1.0,Mollusca,Mollusca,1.103
luisella_babai,marionia_blainvillea,10,2.55,3.93,5.45,2.4576002756591308e-06,7,10,7,1.0,Mollusca,Mollusca,1.103
diodora_graeca,melarhaphe_neritoides,12,3.38,3.55,6.1,9.219321639364006e-08,7,12,7,0.833,Mollusca,Mollusca,1.102
didemnum_coccineum,spirastrella_cunctatrix,10,3.02,3.31,5.97,2.646541376949073e-07,5,10,8,1.0,Animalia,Porifera,1.102
aplysia_punctata,limacia_inesae,10,2.03,4.92,6.69,4.745898766344418e-09,3,9,6,1.0,Mollusca,Mollusca,1.101
bittium_reticulatum,mactra_stultorum,10,2.55,3.92,5.5,2.0022703785880177e-06,8,10,7,0.9,Mollusca,Mollusca,1.101
penaeus_kerathurus,uranoscopus_scaber,8,1.76,4.54,5.45,3.4877593384828392e-06,7,8,7,1.0,Malacostraca,Actinopterygii,1.101
mactra_corallina,patella_ulyssiponensis,6,0.51,11.65,9.05,0.00013041578816533548,5,6,5,1.0,Mollusca,Mollusca,1.1
coscinasterias_tenuispina,mesochaetopterus_rogeri,11,2.97,3.71,4.93,1.9316193527971273e-05,6,11,7,1.0,Echinodermata,Annelida,1.1
epitonium_clathrus,irus_irus,10,2.04,4.9,11.12,0.0003621406706961705,8,10,6,1.0,Mollusca,Mollusca,1.098
muricopsis_cristata,tritia_corrugata,17,4.67,3.64,7.2,9.448696738620468e-11,10,17,6,1.0,Mollusca,Mollusca,1.098
astropecten_platyacanthus,paractinia_striata,16,5.17,3.1,5.78,3.041884546820761e-07,5,15,7,1.0,Echinodermata,Cnidaria,1.098
diodora_graeca,dosinia_exoleta,8,1.38,5.8,6.21,9.300644819879122e-08,6,8,6,0.875,Mollusca,Mollusca,1.097
paraflabellina_gabinierei,simnia_spelta,8,2.14,3.74,4.51,0.0001452007731479387,6,8,8,1.0,Mollusca,Mollusca,1.097
iberus_splendidus,xerosecta_cespitum,6,0.52,11.54,9.07,0.00013683304758126463,5,5,5,1.0,Mollusca,Mollusca,1.096
cribrinopsis_crassa,nausithoe_punctata,7,1.07,6.54,6.21,0.0007353701001193781,6,7,6,1.0,Cnidaria,Cnidaria,1.096
anomia_ephippium,gastroclonium_clavatum,9,1.71,5.27,6.11,1.2085423462859218e-07,6,8,6,1.0,Mollusca,Plantae,1.096
axinella_polypoides,periclimenes_scriptus,7,1.07,6.52,6.92,0.0007462740620038558,6,7,6,1.0,Porifera,Malacostraca,1.095
candiella_odhneri,elysia_timida,9,2.17,4.15,5.72,8.872167720430283e-07,6,8,7,1.0,Mollusca,Mollusca,1.094
cladostephus_spongiosus,hamigera_hamigera,22,6.78,3.25,6.87,5.050923485791229e-10,10,22,6,1.0,,Porifera,1.093
placida_dendritica,rudmania_krohni,12,2.77,4.33,6.64,4.4563168598052406e-09,4,11,6,1.0,Mollusca,Mollusca,1.093
necora_puber,phallusia_fumigata,9,2.17,4.14,6.41,3.1096584483219065e-08,5,8,7,1.0,Malacostraca,Animalia,1.093
donax_trunculus,tritia_reticulata,9,2.17,4.14,5.12,1.1809123855895398e-05,7,9,7,1.0,Mollusca,Mollusca,1.093
bittium_reticulatum,steromphala_adansonii,6,0.53,11.42,7.87,0.0001437007510047276,6,6,5,1.0,Mollusca,Mollusca,1.091
muraena_helena,sparisoma_cretense,7,1.08,6.48,7.04,0.0007705435580805308,6,7,6,0.857,Actinopterygii,Actinopterygii,1.091
anas_platyrhynchos,ardeola_ralloides,8,1.78,4.48,5.43,3.816814567563704e-06,4,8,7,1.0,Aves,Aves,1.091
dardanus_calidus,periclimenes_scriptus,9,2.6,3.46,5.16,1.1074718466874688e-05,8,9,8,1.0,Malacostraca,Malacostraca,1.091
ariosoma_balearicum,solea_senegalensis,12,3.43,3.5,5.6,1.006234792099853e-06,11,11,7,1.0,Actinopterygii,Actinopterygii,1.09
barbatia_barbata,tricolia_speciosa,8,1.79,4.47,5.59,1.9014759718878302e-06,8,8,7,1.0,Mollusca,Mollusca,1.09
asterina_gibbosa,caulerpa_prolifera,10,2.59,3.86,6.37,3.135100168094566e-08,7,10,7,1.0,Echinodermata,Plantae,1.089
elysia_viridis,hermaea_bifida,25,6.48,3.86,10.57,7.227097777804619e-23,6,23,5,0.92,Mollusca,Mollusca,1.087
loligo_vulgaris,pagurus_cuanensis,9,2.19,4.1,5.01,1.8282945376895252e-05,7,9,7,1.0,Mollusca,Malacostraca,1.085
antiopella_cristata,chelidonichthys_lastoviza,9,2.62,3.43,5.6,1.7247679827247948e-06,5,6,8,1.0,Mollusca,Actinopterygii,1.083
calliostoma_conulus,phallusia_fumigata,10,1.53,6.54,7.82,4.630943506982818e-12,4,10,5,1.0,Mollusca,Animalia,1.081
cliona_celata,didemnum_maculosum,11,2.45,4.49,6.7,3.852141070575372e-09,10,11,6,1.0,Porifera,Animalia,1.08
bittium_reticulatum,steromphala_divaricata,13,3.9,3.33,6.52,9.03286590873186e-09,8,13,7,1.0,Mollusca,Mollusca,1.08
felimare_tricolor,trapania_lineata,16,3.38,4.74,8.49,1.2782001210328087e-14,10,16,5,1.0,Mollusca,Mollusca,1.079
aglaophenia_pluma,ericaria_mediterranea,10,2.62,3.81,5.82,4.693234107031785e-07,6,10,7,1.0,Cnidaria,,1.078
acanthocardia_tuberculata,aporrhais_pespelecani,7,1.44,4.86,5.2,1.2131684912933533e-05,6,6,7,1.0,Mollusca,Mollusca,1.077
mactra_corallina,tritia_nitida,8,2.19,3.65,4.46,0.00017373897416971375,8,8,8,1.0,Mollusca,Mollusca,1.077
paguristes_eremita,synodus_saurus,6,0.81,7.4,6.65,0.0010774602606121707,6,6,6,1.0,Malacostraca,Actinopterygii,1.076
donax_variegatus,dosinia_lupinus,8,1.43,5.61,6.4,3.6603716810990296e-08,5,8,6,1.0,Mollusca,Mollusca,1.076
bulla_striata,gari_depressa,13,3.93,3.31,5.4,2.303735630235442e-06,8,13,7,1.0,Mollusca,Mollusca,1.075
bittium_reticulatum,conus_ventricosus,7,1.11,6.3,7.09,0.0008916859055931347,7,7,6,1.0,Mollusca,Mollusca,1.074
aplidium_elegans,ophidiaster_ophidianus,13,3.22,4.04,7.08,3.095375002545889e-10,7,10,6,1.0,Animalia,Echinodermata,1.074
dosinia_exoleta,limaria_tuberculata,10,3.12,3.21,4.64,7.260592724422247e-05,8,10,8,1.0,Mollusca,Mollusca,1.074
papillicardium_papillosum,tritia_corniculum,16,5.29,3.02,7.27,8.121042636536547e-11,8,15,7,1.0,Mollusca,Mollusca,1.073
ctena_decussata,gastrana_fragilis,11,3.59,3.06,4.52,0.0001026505158938929,8,10,8,1.0,Mollusca,Mollusca,1.073
asparagus_acutifolius,cakile_maritima,8,2.21,3.63,4.73,6.75349956385201e-05,7,8,8,1.0,Plantae,Plantae,1.072
dactylopterus_volitans,octopus_vulgaris,10,3.12,3.2,4.76,4.7042125385515706e-05,8,10,8,1.0,Actinopterygii,Mollusca,1.071
acrosymphyton_purpuriferum,cladostephus_spongiosus,23,7.38,3.12,8.51,6.8521284580334e-15,6,23,6,1.0,Plantae,,1.07
mytilus_galloprovincialis,pisania_striata,8,1.44,5.55,6.27,6.96261837639889e-08,4,8,6,1.0,Mollusca,Mollusca,1.069
caryophyllia_smithii,hemimycale_columella,16,5.32,3.01,5.83,2.4050592072122367e-07,12,16,7,1.0,Cnidaria,Porifera,1.069
crimora_papillata,luisella_babai,11,3.08,3.57,6.29,4.0854414822865565e-08,7,11,7,1.0,Mollusca,Mollusca,1.068
ocenebra_erinaceus,talochlamys_multistriata,9,2.67,3.37,5.83,6.462154412226106e-07,9,9,8,0.889,Mollusca,Mollusca,1.068
flexopecten_flexuosus,glycymeris_nummaria,8,2.22,3.61,5.05,2.007831178496097e-05,8,8,8,1.0,Mollusca,Mollusca,1.068
epitonium_clathrus,peronidia_albicans,8,1.85,4.33,6.66,0.0029555059430229074,7,8,7,1.0,Mollusca,Mollusca,1.067
chamelea_gallina,patella_ulyssiponensis,7,1.13,6.21,6.2,0.0009569233643852111,7,7,6,1.0,Mollusca,Mollusca,1.066
gaidropsarus_mediterraneus,gnathophyllum_elegans,15,4.87,3.08,6.16,5.049267045628592e-08,6,14,7,1.0,Actinopterygii,Malacostraca,1.066
pseudoceros_maximus,rudmania_krohni,10,2.67,3.74,5.87,3.8009352963490366e-07,9,9,7,1.0,Platyhelminthes,Mollusca,1.063
bolinus_brandaris,galeodea_echinophora,8,2.23,3.59,4.2,0.00040487435876713894,7,8,8,1.0,Mollusca,Mollusca,1.063
donacilla_cornea,donax_trunculus,6,0.83,7.21,7.32,0.0012118549683886285,6,6,6,1.0,Mollusca,Mollusca,1.062
holothuria_sanctori,notospermus_geniculatus,10,2.15,4.65,6.62,7.3254754004012384e-09,10,10,6,0.9,Echinodermata,Animalia,1.062
egretta_garzetta,oryctolagus_cuniculus,15,3.13,4.79,8.41,2.737709419217066e-14,4,15,5,1.0,Aves,Mammalia,1.061
acromegalomma_vesiculosum,phorbas_topsenti,25,8.32,3.0,7.82,8.873315905061553e-13,10,23,6,1.0,Annelida,Porifera,1.061
gobius_roulei,periclimenes_scriptus,14,3.66,3.82,7.08,2.8321823024950006e-10,6,11,6,1.0,Actinopterygii,Malacostraca,1.061
apletodon_incognitus,bunodactis_verrucosa,23,7.46,3.08,8.43,1.2360887460941288e-14,4,22,6,1.0,Actinopterygii,Cnidaria,1.058
sertularella_crassicaulis,trinchesia_caerulea,19,5.74,3.31,7.27,5.3378748916772514e-11,8,19,6,1.0,Cnidaria,Mollusca,1.057
calmella_cavolini,phorbas_topsenti,19,5.74,3.31,6.99,3.0562267645799377e-10,11,19,6,1.0,Mollusca,Porifera,1.057
gobius_roulei,pachycerianthus_solitarius,12,3.56,3.37,5.3,3.897841333925282e-06,7,10,7,1.0,Actinopterygii,Cnidaria,1.057
chthamalus_stellatus,cladostephus_spongiosus,16,4.49,3.56,6.74,1.6532348534276975e-09,9,16,6,1.0,Crustacea,,1.056
amphorina_farrani,candiella_striata,8,1.88,4.26,5.25,8.236138204175338e-06,5,8,7,1.0,Mollusca,Mollusca,1.055
bituminaria_bituminosa,scirpoides_holoschoenus,9,2.71,3.32,4.28,0.0002792339518950244,8,8,8,1.0,Plantae,Plantae,1.055
ferussacia_folliculum,monacha_cartusiana,7,1.15,6.08,6.26,0.001070365568258355,7,7,6,1.0,Mollusca,Mollusca,1.054
donax_variegatus,mactra_glauca,12,3.57,3.36,5.58,1.1681957065620154e-06,8,12,7,0.917,Mollusca,Mollusca,1.054
urospermum_dalechampii,viburnum_tinus,7,1.49,4.7,5.31,7.955825693719522e-06,6,7,7,1.0,Plantae,Plantae,1.054
laevicardium_crassum,pitar_rudis,8,2.25,3.55,5.05,2.0603381318185292e-05,8,8,8,0.875,Mollusca,Mollusca,1.054
conus_ventricosus,ophioderma_longicaudum,13,4.03,3.23,5.52,1.338108464300235e-06,11,12,7,1.0,Mollusca,Echinodermata,1.053
haloa_japonica,tritia_neritea,26,7.15,3.64,9.49,1.410376691811569e-18,7,21,5,1.0,Mollusca,Mollusca,1.052
conus_ventricosus,ctena_decussata,10,2.71,3.69,5.56,1.6261203494125997e-06,10,10,7,1.0,Mollusca,Mollusca,1.052
necora_puber,tritia_mutabilis,14,4.49,3.12,5.65,6.964416696295959e-07,7,13,7,1.0,Malacostraca,Mollusca,1.051
acteon_tornatilis,moerella_pulchella,13,4.03,3.22,7.12,3.0173471995611304e-10,8,13,7,1.0,Mollusca,Mollusca,1.05
lepas_anatifera,sepia_officinalis,10,3.21,3.11,4.95,2.25874503567739e-05,6,9,8,0.9,Crustacea,Mollusca,1.045
euthria_cornea,sicyonia_carinata,11,2.57,4.27,8.81,0.0004970569760826715,8,11,6,1.0,Mollusca,Malacostraca,1.044
alvania_discors,tritia_incrassata,14,3.74,3.74,7.78,3.480565505935949e-12,8,13,6,0.929,Mollusca,Mollusca,1.044
carduelis_carduelis,passer_montanus,11,3.17,3.47,5.33,3.9588773342002924e-06,6,11,7,0.909,Aves,Aves,1.044
chelidonichthys_obscurus,pachycerianthus_solitarius,11,3.17,3.47,5.09,1.0550685363585138e-05,4,8,7,1.0,Actinopterygii,Cnidaria,1.044
falco_tinnunculus,merops_apiaster,7,1.17,5.97,7.41,0.0011759442640368234,6,6,6,1.0,Aves,Aves,1.043
modiolus_barbatus,patella_ulyssiponensis,8,1.5,5.32,6.36,4.641207114303777e-08,8,8,6,1.0,Mollusca,Mollusca,1.043
ebenomitra_tricolor,striarca_lactea,14,4.52,3.09,7.26,1.1387920557363302e-10,10,13,7,1.0,Mollusca,Mollusca,1.042
clanculus_jussieui,didemnum_lahillei,14,3.76,3.73,6.16,4.798530254899739e-08,4,13,6,1.0,Mollusca,Animalia,1.042
alicia_mirabilis,calliostoma_conulus,10,2.75,3.64,8.31,0.002637253427101429,6,8,7,1.0,Cnidaria,Mollusca,1.041
ascidia_mentula,spirastrella_cunctatrix,12,2.97,4.04,6.09,8.615657624940503e-08,11,12,6,1.0,Animalia,Porifera,1.041
chamelea_gallina,papillicardium_papillosum,14,2.9,4.83,7.16,1.4652964923643255e-10,7,14,5,1.0,Mollusca,Mollusca,1.039
cerastoderma_edule,chamelea_striatula,10,2.75,3.63,6.21,7.414436023051618e-08,7,10,7,1.0,Mollusca,Mollusca,1.039
apletodon_incognitus,astropecten_platyacanthus,22,5.75,3.83,8.46,8.771872332858484e-15,4,21,5,1.0,Actinopterygii,Echinodermata,1.038
aequipecten_opercularis,glycymeris_nummaria,6,0.87,6.9,6.19,0.0014732444880924836,6,6,6,1.0,Mollusca,Mollusca,1.038
candiella_striata,trinchesia_caerulea,7,1.18,5.92,6.16,0.0012208037833384053,5,7,6,1.0,Mollusca,Mollusca,1.038
larus_michahellis,oryctolagus_cuniculus,12,3.64,3.3,5.25,5.008166212112903e-06,5,11,7,1.0,Aves,Mammalia,1.038
halimeda_tuna,ophidiaster_ophidianus,11,1.95,5.64,7.87,2.66236784995748e-12,9,11,5,1.0,Plantae,Echinodermata,1.037
ruditapes_decussatus,steromphala_divaricata,9,1.87,4.82,7.22,0.0008253264914098074,6,8,6,1.0,Mollusca,Mollusca,1.037
filograna_implexa,phorbas_topsenti,19,5.88,3.23,6.8,9.621615881585938e-10,9,19,6,1.0,Annelida,Porifera,1.036
egretta_garzetta,estrilda_astrild,14,2.91,4.8,7.15,1.6198777700085725e-10,5,13,5,1.0,Aves,Aves,1.035
aequipecten_opercularis,spisula_subtruncata,7,1.19,5.88,6.44,0.0012613967006301944,6,7,6,1.0,Mollusca,Mollusca,1.034
ellisolandia_elongata,ericaria_mediterranea,8,1.93,4.14,5.28,7.645782627856065e-06,5,7,7,1.0,Plantae,,1.034
dysidea_avara,eupolymnia_nebulosa,16,3.6,4.44,7.45,1.947720451336289e-11,7,16,5,1.0,Porifera,Annelida,1.033
conus_ventricosus,pinctada_radiata,13,4.11,3.16,6.88,1.257061167627455e-09,9,13,7,1.0,Mollusca,Mollusca,1.033
paraflabellina_ischitana,trapania_lineata,14,4.57,3.06,5.65,6.790966618007278e-07,8,14,7,1.0,Mollusca,Mollusca,1.033
clanculus_corallinus,gibbula_ardens,7,1.54,4.55,8.73,0.004378144193299744,6,7,7,1.0,Mollusca,Mollusca,1.032
felimida_binza,spicara_maena,8,1.1,7.28,7.34,0.00015220142244998315,6,8,5,1.0,Mollusca,Actinopterygii,1.032
ascidia_mentula,caryophyllia_inornata,11,2.62,4.2,5.87,2.915892069138529e-07,9,10,6,1.0,Animalia,Cnidaria,1.032
hedera_helix,silybum_marianum,7,1.54,4.55,5.04,2.3371533014604476e-05,7,6,7,1.0,Plantae,Plantae,1.032
chama_gryphoides,porcellana_platycheles,40,13.08,3.06,9.33,2.9748196135667623e-18,15,39,5,1.0,Mollusca,Malacostraca,1.031
axinella_verrucosa,raspaciona_aculeata,22,7.23,3.04,6.97,2.845379096173209e-10,7,21,6,1.0,Porifera,Porifera,1.031
ophidion_rochei,synodus_saurus,12,3.67,3.27,6.74,3.2151016112638577e-09,6,11,7,1.0,Actinopterygii,Actinopterygii,1.03
euthria_cornea,lepidopleurus_cajetanus,16,4.65,3.44,6.46,8.260344667811362e-09,9,16,6,1.0,Mollusca,Mollusca,1.028
aglaophenia_elongata,bunodeopsis_strumosa,12,3.68,3.26,5.1,9.52221964496385e-06,4,9,7,1.0,Cnidaria,Cnidaria,1.028
monacha_cartusiana,solatopupa_similis,8,1.54,5.19,6.88,0.0011021763461732917,8,8,6,1.0,Mollusca,Mollusca,1.027
aporrhais_pespelecani,chamelea_gallina,6,0.89,6.75,7.16,0.0016266192530945047,6,6,6,1.0,Mollusca,Mollusca,1.026
spisula_subtruncata,steromphala_divaricata,7,1.21,5.8,5.73,1.211597970286801e-06,4,7,6,1.0,Mollusca,Mollusca,1.026
frondipora_verrucosa,peyssonnelia_rosa_marina,9,1.9,4.74,5.49,2.2780240896156897e-06,4,9,6,1.0,Bryozoa,Plantae,1.026
dictyopteris_polypodioides,ophidiaster_ophidianus,22,7.29,3.02,8.71,1.631880948860482e-15,7,17,6,1.0,,Echinodermata,1.025
cornu_aspersum,lobularia_maritima,6,0.89,6.73,6.26,0.001647686301030654,6,6,6,1.0,Mollusca,Plantae,1.025
epitonium_clathrus,naticarius_hebraeus,9,2.37,3.79,5.93,3.668083686004747e-07,6,9,7,1.0,Mollusca,Mollusca,1.025
calystegia_soldanella,sporobolus_pungens,9,2.8,3.21,4.26,0.0003039074090809985,8,9,8,1.0,Plantae,Plantae,1.025
glans_trapezia,spisula_subtruncata,9,1.4,6.45,7.41,8.33384927658479e-11,6,8,5,1.0,Mollusca,Mollusca,1.024
cernuella_virgata,cochlicella_acuta,7,1.21,5.78,6.11,0.0013816564410300998,6,7,6,1.0,Mollusca,Mollusca,1.024
coccinella_septempunctata,sphaerophoria_scripta,6,0.89,6.72,5.82,0.0016566188268609284,6,6,6,1.0,Insecta,Insecta,1.024
foeniculum_vulgare,pinus_pinea,12,2.31,5.19,7.26,1.0860853214863343e-10,8,11,5,1.0,Plantae,Plantae,1.023
diodora_graeca,plakina_monolopha,16,4.68,3.42,6.5,6.722510513456926e-09,3,16,6,0.938,Mollusca,Porifera,1.023
moerella_donacina,papillicardium_papillosum,41,13.66,3.0,9.93,1.2822086741276001e-20,15,40,5,1.0,Mollusca,Mollusca,1.02
parablennius_rouxi,raspaciona_aculeata,20,6.44,3.11,6.44,7.085258923662059e-09,7,19,6,1.0,Actinopterygii,Porifera,1.02
elysia_timida,yungia_aurantiaca,16,4.69,3.41,6.34,1.5968585801538228e-08,8,16,6,1.0,Mollusca,Platyhelminthes,1.02
ostrea_stentina,phorbas_topsenti,8,1.13,7.08,12.25,0.00018018884381991066,5,8,5,1.0,Mollusca,Porifera,1.018
donacilla_cornea,mactra_stultorum,8,1.56,5.11,10.34,0.0011983812754966464,7,8,6,1.0,Mollusca,Mollusca,1.018
acanthocardia_tuberculata,glycymeris_bimaculata,8,1.13,7.07,7.29,0.00018173290267646354,7,8,5,0.875,Mollusca,Mollusca,1.017
muricopsis_cristata,porcellana_platycheles,21,6.92,3.04,7.23,6.044663601037631e-11,12,20,6,1.0,Mollusca,Malacostraca,1.016
amphorina_farrani,facelina_auriculata,21,6.92,3.04,7.03,2.1869997882690514e-10,9,20,6,0.905,Mollusca,Mollusca,1.016
euphorbia_peplis,pancratium_maritimum,9,1.93,4.67,6.16,1.019166236915884e-07,9,8,6,1.0,Plantae,Plantae,1.016
acanthocardia_tuberculata,bittium_reticulatum,10,3.33,3.01,4.16,0.0003859253053584113,9,9,8,1.0,Mollusca,Mollusca,1.015
alpheus_dentipes,porcellana_platycheles,9,1.93,4.66,5.97,2.5557201900517566e-07,7,9,6,0.889,Malacostraca,Malacostraca,1.014
peyssonnelia_rosa_marina,turbicellepora_avicularis,12,3.74,3.21,4.62,6.174900705224993e-05,7,12,7,1.0,Plantae,Bryozoa,1.014
cardites_antiquatus,mactra_corallina,6,0.91,6.58,6.39,0.0018193689307085792,5,6,6,1.0,Mollusca,Mollusca,1.013
trachinotus_ovatus,trachinus_araneus,7,1.23,5.67,5.71,1.3516289128145553e-06,7,7,6,1.0,Actinopterygii,Actinopterygii,1.013
aplus_dorbignyi,ctena_decussata,9,1.94,4.64,5.95,2.909069088988928e-07,6,8,6,1.0,Mollusca,Mollusca,1.012
dictyopteris_polypodioides,lithophyllum_incrustans,12,3.75,3.2,4.95,1.740042303975752e-05,8,12,7,0.833,,Plantae,1.012
echinolittorina_punctata,spisula_subtruncata,10,3.34,3.0,4.39,0.00018420293458664815,5,10,8,1.0,Mollusca,Mollusca,1.012
pisidia_longicornis,xantho_poressa,10,2.32,4.32,5.83,4.232449049595296e-07,7,10,6,1.0,Malacostraca,Malacostraca,1.011
glycymeris_glycymeris,semicassis_undulata,9,2.42,3.72,5.24,7.707022810532706e-06,9,9,7,1.0,Mollusca,Mollusca,1.01
ocenebra_edwardsii,steromphala_divaricata,7,1.59,4.4,7.82,0.005116574772143018,7,7,7,1.0,Mollusca,Mollusca,1.009
pseudoceros_maximus,simnia_spelta,7,1.6,4.39,7.36,0.005208767730844292,5,6,7,1.0,Platyhelminthes,Mollusca,1.008
bulla_striata,spisula_subtruncata,20,6.51,3.07,6.45,6.8758839170611105e-09,13,19,6,1.0,Mollusca,Mollusca,1.008
bosemprella_incarnata,ruditapes_decussatus,8,2.38,3.36,5.38,5.754307749819759e-06,7,7,8,1.0,Mollusca,Mollusca,1.008
astropecten_platyacanthus,thysanozoon_brocchii,17,5.2,3.27,6.08,5.9573974645948675e-08,7,17,6,1.0,Echinodermata,Platyhelminthes,1.007
limaria_tuberculata,lysmata_seticaudata,13,4.23,3.07,6.06,1.062944993845453e-07,9,12,7,1.0,Mollusca,Malacostraca,1.007
eudendrium_racemosum,phallusia_fumigata,14,3.94,3.56,5.82,2.856585882498098e-07,8,14,6,1.0,Cnidaria,Animalia,1.005
synema_globosum,thomisus_onustus,6,0.92,6.49,5.69,0.0019302986935376266,5,6,6,1.0,Arachnida,Arachnida,1.005
notospermus_geniculatus,porcellana_platycheles,6,0.64,9.41,6.95,0.000360044345654669,6,6,5,1.0,Animalia,Malacostraca,1.004
quercus_ilex,salvia_rosmarinus,9,2.44,3.69,4.93,2.6164459584470014e-05,6,7,7,1.0,Plantae,Plantae,1.004
epitonium_clathrus,tritia_corrugata,8,2.02,3.97,6.74,0.0046825265670326,8,8,7,1.0,Mollusca,Mollusca,1.003
ruditapes_decussatus,talochlamys_multistriata,7,1.61,4.36,6.65,0.0053497848758100736,6,6,7,1.0,Mollusca,Mollusca,1.003
pinnoctopus_macropus,pseudaphya_ferreri,12,3.78,3.17,5.3,4.086744133914231e-06,6,9,7,1.0,Mollusca,Actinopterygii,1.003
capulus_ungaricus,moerella_donacina,10,1.75,5.7,7.23,1.9568205890540716e-10,7,10,5,0.8,Mollusca,Mollusca,1.002
gibbula_ardens,tricolia_speciosa,7,1.26,5.56,5.82,0.0016704063463119714,6,7,6,1.0,Mollusca,Mollusca,1.002
patella_ulyssiponensis,tritia_incrassata,12,3.8,3.16,6.38,2.3575468673170724e-08,9,12,7,1.0,Mollusca,Mollusca,1.001
dentex_dentex,mycteroperca_rubra,10,2.89,3.46,5.0,1.793613686852634e-05,6,9,7,1.0,Actinopterygii,Actinopterygii,1.0
clanculus_corallinus,steromphala_adansonii,7,0.9,7.78,19.82,0.0002984169899312439,5,6,5,1.0,Mollusca,Mollusca,0.998
gobius_xanthocephalus,sabella_discifera,9,2.46,3.66,4.7,6.33435802780499e-05,5,8,7,1.0,Actinopterygii,Annelida,0.998
paractinia_striata,schizobrachiella_sanguinea,19,6.15,3.09,6.51,5.055276199204973e-09,7,19,6,1.0,Cnidaria,Bryozoa,0.997
ophidiaster_ophidianus,spirastrella_cunctatrix,14,3.97,3.52,8.99,5.721781715207941e-16,12,14,6,1.0,Echinodermata,Porifera,0.996
syngnathus_abaster,tritia_neritea,16,3.81,4.2,7.35,3.669062926011067e-11,7,13,5,1.0,Actinopterygii,Mollusca,0.995
fasciospongia_cavernosa,tethya_aurantium,11,2.76,3.99,6.71,4.047647061270217e-09,6,11,6,1.0,Porifera,Porifera,0.995
glycymeris_nummaria,modiolus_barbatus,7,1.63,4.31,4.89,4.2303803894319925e-05,7,7,7,1.0,Mollusca,Mollusca,0.995
clanculus_cruciatus,papillicardium_papillosum,20,6.61,3.02,7.1,1.5115211259468288e-10,15,20,6,1.0,Mollusca,Mollusca,0.993
irus_irus,loripinus_fragilis,10,1.78,5.61,6.65,5.4993299694416365e-09,8,9,5,1.0,Mollusca,Mollusca,0.993
aglaophenia_elongata,echinocardium_cordatum,11,2.77,3.97,5.96,1.9789356244504417e-07,6,9,6,1.0,Cnidaria,Echinodermata,0.992
gnathophyllum_elegans,notospermus_geniculatus,12,3.84,3.13,5.83,3.700241367952163e-07,10,12,7,1.0,Malacostraca,Animalia,0.992
bosemprella_incarnata,papillicardium_papillosum,13,4.3,3.02,5.1,9.021855272875832e-06,11,13,7,1.0,Mollusca,Mollusca,0.992
pentapora_fascialis,phallusia_mammillata,9,2.91,3.09,4.79,5.017695889066477e-05,6,7,8,1.0,Bryozoa,Animalia,0.992
hedera_helix,pinus_pinea,7,1.28,5.46,5.55,2.786806066913332e-06,6,7,6,0.857,Plantae,Plantae,0.991
gnathophyllum_elegans,planocera_ceratommata,16,3.84,4.17,9.41,9.932038576990114e-18,6,16,5,1.0,Malacostraca,Platyhelminthes,0.99
bulla_striata,parvicardium_scriptum,21,5.73,3.67,8.37,1.9452265205871906e-14,13,21,5,1.0,Mollusca,Mollusca,0.99
cerianthus_membranaceus,pinnoctopus_macropus,12,3.85,3.12,7.6,2.161942826142453e-11,4,11,7,1.0,Cnidaria,Mollusca,0.99
inachus_phalangium,sicyonia_carinata,11,2.77,3.96,6.11,9.664068561264524e-08,6,11,6,1.0,Malacostraca,Malacostraca,0.99
cardita_calyculata,epitonium_clathrus,9,2.49,3.62,9.59,0.004476710506716241,8,9,7,0.889,Mollusca,Mollusca,0.989
facelina_rubrovittata,tenellia_genovae,17,5.32,3.2,7.13,1.6060395804507304e-10,8,17,6,1.0,Mollusca,Mollusca,0.989
adeonella_calveti,oscarella_lobularis,15,4.44,3.38,6.03,9.22547214061863e-08,8,14,6,1.0,Bryozoa,Porifera,0.989
centaurea_aspera,euphorbia_serrata,7,1.29,5.44,5.7,1.4133769083501249e-06,6,6,6,1.0,Plantae,Plantae,0.989
glycymeris_glycymeris,loripes_orbiculatus,9,2.49,3.62,5.54,2.1544609488946926e-06,9,9,7,1.0,Mollusca,Mollusca,0.989
chenopodiastrum_murale,pistacia_lentiscus,9,2.93,3.07,4.37,0.0002221047164894879,9,9,8,0.889,Plantae,Plantae,0.986
epitonium_clathrus,venus_verrucosa,13,2.79,4.65,8.99,5.273085504492128e-16,9,13,5,1.0,Mollusca,Mollusca,0.985
aiptasia_mutabilis,ophidiaster_ophidianus,18,4.6,3.91,8.57,6.264274159279989e-15,11,14,5,1.0,Cnidaria,Echinodermata,0.985
pinnoctopus_macropus,rugulopteryx_okamurae,16,4.89,3.27,6.77,1.5150987409583746e-09,5,15,6,0.875,Mollusca,,0.985
glycymeris_bimaculata,mactra_glauca,8,1.65,4.85,6.21,1.0123512761003158e-07,6,8,6,0.875,Mollusca,Mollusca,0.985
ircinia_variabilis,madracis_pharensis,11,2.8,3.93,5.81,4.059571264301296e-07,8,11,6,1.0,Porifera,Cnidaria,0.985
ophisurus_serpens,styela_plicata,21,5.77,3.64,8.79,7.671161096832275e-16,6,18,5,1.0,Actinopterygii,Animalia,0.983
jania_rubens,nemalion_elminthoides,5,0.43,11.52,8.22,0.0005502503517924425,4,5,5,1.0,Plantae,Plantae,0.983
spisula_subtruncata,talochlamys_multistriata,16,4.9,3.26,6.3,2.0881070512568302e-08,11,16,6,1.0,Mollusca,Mollusca,0.983
eupolymnia_nebulosa,reptadeonella_violacea,17,5.35,3.18,5.99,9.506133580532636e-08,11,17,6,1.0,Annelida,Bryozoa,0.983
ariosoma_balearicum,ilia_nucleus,9,2.94,3.06,4.54,0.0001243005319772729,8,9,8,1.0,Actinopterygii,Malacostraca,0.983
chlidonias_hybrida,gallinula_chloropus,7,0.93,7.53,7.64,0.00035318015631715424,5,7,5,0.857,Aves,Aves,0.982
clanculus_corallinus,tritia_incrassata,13,3.63,3.58,6.19,4.8298559828805344e-08,11,13,6,1.0,Mollusca,Mollusca,0.981
alicia_mirabilis,inachus_phalangium,7,1.66,4.22,5.3,8.977394018027799e-06,6,6,7,1.0,Cnidaria,Malacostraca,0.981
holothuria_sanctori,luisella_babai,7,0.93,7.5,7.26,0.0003613761004144077,5,6,5,1.0,Echinodermata,Mollusca,0.98
bittium_reticulatum,chamelea_gallina,16,3.89,4.11,6.84,8.374353991391263e-10,9,16,5,1.0,Mollusca,Mollusca,0.98
bispira_volutacornis,conger_conger,10,2.97,3.37,4.92,2.4092987534466784e-05,7,10,7,0.9,Annelida,Actinopterygii,0.979
frondipora_verrucosa,smittina_cervicornis,10,2.97,3.37,4.68,6.204568734252713e-05,6,9,7,1.0,Bryozoa,Bryozoa,0.979
porcellana_platycheles,striarca_lactea,32,10.34,3.09,9.42,1.9556450880620926e-18,15,29,5,0.938,Malacostraca,Mollusca,0.977
acanthella_acuta,astropecten_spinulosus,10,1.83,5.46,7.06,5.704939265779933e-10,5,10,5,1.0,Porifera,Echinodermata,0.977
epitonium_clathrus,tritia_nitida,7,1.67,4.2,6.84,0.006324643581167723,7,7,7,1.0,Mollusca,Mollusca,0.977
donax_venustus,fissurella_nubecula,9,2.96,3.04,4.6,0.00010058659093611653,9,9,8,1.0,Mollusca,Mollusca,0.977
fissurella_nubecula,turritellinella_tricarinata,9,2.52,3.56,5.97,3.1962056082152256e-07,7,8,7,1.0,Mollusca,Mollusca,0.976
astropecten_irregularis,calliactis_parasitica,6,0.98,6.13,5.99,0.0024625093940228143,5,6,6,0.833,Echinodermata,Cnidaria,0.975
clavularia_crassa,codium_coralloides,9,2.05,4.39,5.49,2.373095926396453e-06,6,8,6,1.0,Cnidaria,Plantae,0.975
coryphoblennius_galerita,echinolittorina_punctata,8,2.48,3.23,5.39,5.741071613795922e-06,7,8,8,1.0,Actinopterygii,Mollusca,0.975
mnemiopsis_leidyi,tritia_nitida,12,3.25,3.69,6.13,7.6715853323436e-08,6,10,6,1.0,Ctenophora,Mollusca,0.973
aglaophenia_pluma,amathia_verticillata,18,5.86,3.07,6.03,7.294983468518032e-08,8,17,6,1.0,Cnidaria,Bryozoa,0.973
echinolittorina_punctata,ocenebra_erinaceus,11,2.84,3.87,5.94,2.2351092336022501e-07,6,10,6,1.0,Mollusca,Mollusca,0.973
ariosoma_balearicum,diplosoma_spongiforme,12,2.51,4.78,7.78,4.296284621296889e-12,5,11,5,0.917,Actinopterygii,Animalia,0.972
diaphorodoris_alba,trapania_maculata,11,2.85,3.86,7.43,6.026267124372041e-11,8,11,6,1.0,Mollusca,Mollusca,0.972
alvania_cancellata,irus_irus,7,1.32,5.29,6.54,0.002129437178443434,6,7,6,1.0,Mollusca,Mollusca,0.972
acanthocardia_paucicostata,cardites_antiquatus,8,1.69,4.75,6.23,9.327272387995221e-08,5,6,6,1.0,Mollusca,Mollusca,0.972
clanculus_jussieui,tritia_mutabilis,7,1.32,5.29,5.87,0.0021319653711831155,7,7,6,1.0,Mollusca,Mollusca,0.972
candiella_striata,placida_dendritica,13,3.68,3.53,9.01,6.340111361401298e-16,6,10,6,1.0,Mollusca,Mollusca,0.971
candiella_manicata,marionia_blainvillea,21,5.86,3.58,8.99,1.605341442457831e-16,5,21,5,1.0,Mollusca,Mollusca,0.971
astropecten_platyacanthus,phallusia_mammillata,17,5.44,3.13,7.06,2.4525195453491814e-10,8,15,6,1.0,Echinodermata,Animalia,0.97
dasycladus_vermicularis,sarcotragus_spinosulus,14,4.11,3.4,6.21,4.071714864267259e-08,10,13,6,1.0,Plantae,Porifera,0.969
chelidonichthys_obscurus,dalophis_imberbis,11,2.87,3.84,5.88,3.0494023615244924e-07,5,10,6,1.0,Actinopterygii,Actinopterygii,0.968
felimare_orsinii,felimida_luteorosea,9,2.56,3.52,5.24,7.969655659968405e-06,6,9,7,1.0,Mollusca,Mollusca,0.968
anthias_anthias,spicara_smaris,9,2.99,3.01,4.76,5.7933750445347204e-05,9,9,8,1.0,Actinopterygii,Actinopterygii,0.968
gobius_xanthocephalus,haliclona_mucosa,15,3.6,4.17,6.62,3.407400707945737e-09,6,15,5,1.0,Actinopterygii,Porifera,0.967
laevicardium_crassum,limaria_tuberculata,10,3.01,3.32,4.82,3.690437645229934e-05,8,10,7,0.8,Mollusca,Mollusca,0.967
nemesignis_banyulensis,rudmania_purpurea,7,0.96,7.29,6.95,0.00041705192256326806,3,6,5,1.0,Mollusca,Mollusca,0.966
ircinia_oros,schizomavella_mamillata,14,4.14,3.38,5.73,4.4572945388041196e-07,6,13,6,1.0,Porifera,Bryozoa,0.964
halocynthia_papillosa,sertularella_crassicaulis,14,4.16,3.37,6.4,1.4431735156336097e-08,7,13,6,1.0,Animalia,Cnidaria,0.962
galathea_squamifera,simnia_spelta,12,2.56,4.69,6.57,6.407069213522103e-09,4,10,5,1.0,Malacostraca,Mollusca,0.96
aequipecten_opercularis,ensis_minor,6,1.01,5.97,6.11,0.0027684702501665987,5,5,6,0.833,Mollusca,Mollusca,0.96
paraflabellina_ischitana,scorpaena_scrofa,9,2.1,4.29,5.5,2.3225463058449403e-06,6,9,6,1.0,Mollusca,Actinopterygii,0.96
clavelina_lepadiformis,felimare_orsinii,10,3.04,3.29,5.0,1.835788555252348e-05,8,10,7,1.0,Animalia,Mollusca,0.96
galathea_strigosa,palinurus_elephas,8,2.14,3.74,4.59,0.0001074081806311785,6,8,7,1.0,Malacostraca,Malacostraca,0.96
caloria_elegans,facelinopsis_marioni,12,3.31,3.62,6.71,3.4920935456353463e-09,9,11,6,1.0,Mollusca,Mollusca,0.959
calmella_cavolini,cratena_peregrina,10,1.89,5.28,6.43,1.8397753671273195e-08,6,10,5,1.0,Mollusca,Mollusca,0.958
anomia_ephippium,donax_semistriatus,8,1.72,4.64,6.83,0.002042250181014789,6,8,6,1.0,Mollusca,Mollusca,0.957
diodora_graeca,parvicardium_exiguum,11,2.91,3.78,6.17,7.39133790988551e-08,9,10,6,0.909,Mollusca,Mollusca,0.957
bulla_striata,tritia_pellucida,13,3.75,3.47,5.77,3.999063382939508e-07,11,13,6,1.0,Mollusca,Mollusca,0.957
agelas_oroides,pagellus_erythrinus,26,8.04,3.23,7.97,2.7630422735189073e-13,3,26,5,1.0,Porifera,Actinopterygii,0.955
loligo_vulgaris,scyllarides_latus,6,1.02,5.91,5.74,0.0028901942775140677,6,6,6,0.833,Mollusca,Malacostraca,0.955
aglaophenia_elongata,cymodocea_nodosa,9,2.6,3.46,4.78,4.800547038141597e-05,5,5,7,1.0,Cnidaria,Plantae,0.955
calyptraea_chinensis,solen_marginatus,7,0.98,7.11,6.88,0.0004773826059023968,6,7,5,0.857,Mollusca,Mollusca,0.954
herbstia_condyliata,polybius_corrugatus,7,0.99,7.1,6.8,0.0004813045387346865,4,7,5,1.0,Malacostraca,Malacostraca,0.954
pinnoctopus_macropus,torpedo_marmorata,16,5.08,3.15,5.99,1.0858644584047715e-07,8,16,6,1.0,Mollusca,Elasmobranchii,0.954
galathea_strigosa,pagurus_cuanensis,9,2.12,4.25,5.58,1.6323183287002741e-06,5,8,6,1.0,Malacostraca,Malacostraca,0.954
lissoclinum_weigelei,pentapora_fascialis,8,2.16,3.71,4.65,8.747943639692978e-05,6,7,7,1.0,Animalia,Bryozoa,0.954
boops_boops,ophidiaster_ophidianus,15,4.65,3.23,6.98,5.056226316266964e-10,6,13,6,1.0,Actinopterygii,Echinodermata,0.953
aequipecten_opercularis,calyptraea_chinensis,8,1.28,6.24,7.23,0.0003814841910533035,7,8,5,0.875,Mollusca,Mollusca,0.952
gari_depressa,phallusia_mammillata,9,2.61,3.45,5.82,6.550982767266756e-07,5,8,7,1.0,Mollusca,Animalia,0.952
neverita_josephinia,pholas_dactylus,5,0.47,10.64,6.93,0.0007524619725843792,4,5,5,1.0,Mollusca,Mollusca,0.951
ascidia_mentula,striarca_lactea,29,9.38,3.09,8.74,6.74053730783215e-16,13,26,5,1.0,Animalia,Mollusca,0.95
petrosedum_sediforme,scirpoides_holoschoenus,7,1.38,5.09,5.48,3.865352050672248e-06,7,7,6,0.857,Plantae,Plantae,0.95
boops_boops,pinnoctopus_macropus,10,3.08,3.25,5.05,1.5324681842386965e-05,5,9,7,1.0,Actinopterygii,Mollusca,0.95
parvicardium_exiguum,tritia_corniculum,7,1.38,5.07,7.52,0.00263392306342809,4,6,6,1.0,Mollusca,Mollusca,0.948
felimare_orsinii,spondyliosoma_cantharus,8,1.29,6.19,6.38,3.9228664497076076e-08,6,8,5,1.0,Mollusca,Actinopterygii,0.948
felimare_villafranca,holothuria_sanctori,9,2.62,3.43,4.5,0.0001307134027050972,7,7,7,1.0,Mollusca,Echinodermata,0.948
epitonium_clathrus,neverita_josephinia,12,3.37,3.56,7.54,2.6351725651215003e-11,9,12,6,1.0,Mollusca,Mollusca,0.947
bittium_reticulatum,pinctada_radiata,15,3.7,4.05,6.7,2.229655195043551e-09,5,15,5,1.0,Mollusca,Mollusca,0.947
clanculus_jussieui,harmothoe_areolata,14,3.34,4.2,6.64,3.4822149334665373e-09,7,14,5,1.0,Mollusca,Annelida,0.947
gibbula_magus,striarca_lactea,10,3.09,3.24,5.39,3.7213042535526254e-06,9,10,7,1.0,Mollusca,Mollusca,0.947
dosinia_lupinus,glycymeris_glycymeris,10,1.94,5.17,7.44,6.085702676182693e-11,7,10,5,1.0,Mollusca,Mollusca,0.946
jania_rubens,lissoclinum_weigelei,6,1.03,5.81,5.35,0.003119348513496732,4,6,6,1.0,Plantae,Animalia,0.946
peltodoris_atromaculata,platydoris_argo,8,2.57,3.12,4.42,0.00021381036294895934,5,8,8,1.0,Mollusca,Mollusca,0.946
patinella_radiata,schizoporella_dunkeri,15,4.69,3.2,5.85,2.392735847804668e-07,11,15,6,1.0,Bryozoa,Bryozoa,0.945
mirabilis_jalapa,portulaca_oleracea,5,0.48,10.45,7.7,0.0008069897785582896,5,5,5,1.0,Plantae,Plantae,0.944
cynodon_dactylon,sorghum_halepense,5,0.48,10.45,7.7,0.0008069897785582896,5,5,5,0.8,Plantae,Plantae,0.944
aglaophenia_pluma,ophiothrix_fragilis,16,5.15,3.11,6.23,3.099796782531142e-08,12,16,6,1.0,Cnidaria,Echinodermata,0.944
limaria_tuberculata,moerella_pulchella,11,3.58,3.08,5.07,1.2258268125835865e-05,9,11,7,1.0,Mollusca,Mollusca,0.944
ruditapes_philippinarum,tritia_nitida,16,4.11,3.9,8.07,3.1133158756343366e-13,5,14,5,1.0,Mollusca,Mollusca,0.943
flabellina_affinis,spondyliosoma_cantharus,10,3.11,3.22,5.33,4.78683387008095e-06,5,10,7,1.0,Mollusca,Actinopterygii,0.942
bittium_latreillii,ebenomitra_ebenus,9,2.64,3.4,5.14,1.2188749571260981e-05,6,9,7,1.0,Mollusca,Mollusca,0.941
aequipecten_opercularis,turritellinella_tricarinata,9,2.65,3.4,4.66,7.564888123006543e-05,8,9,7,1.0,Mollusca,Mollusca,0.941
necora_puber,ophisurus_serpens,11,2.29,4.8,7.57,2.1616168394509893e-11,5,11,5,1.0,Malacostraca,Actinopterygii,0.94
ericaria_mediterranea,hypnea_musciformis,13,3.84,3.39,5.81,3.3402600307448187e-07,8,13,6,1.0,,Plantae,0.939
capulus_ungaricus,laevicardium_crassum,6,0.74,8.1,6.45,0.0007164096315787513,6,6,5,0.833,Mollusca,Mollusca,0.937
ensis_minor,phoronis_hippocrepia,10,3.13,3.2,5.36,4.330114034516452e-06,4,9,7,1.0,Mollusca,Animalia,0.937
ardea_cinerea,buteo_buteo,13,3.85,3.38,5.25,4.290313843623664e-06,5,11,6,1.0,Aves,Aves,0.937
electra_posidoniae,pinna_rudis,7,1.41,4.98,5.17,1.3824938865340674e-05,6,7,6,1.0,Bryozoa,Mollusca,0.937
cardites_antiquatus,lutraria_magna,9,2.66,3.38,4.74,5.6054736722393515e-05,5,8,7,1.0,Mollusca,Mollusca,0.937
pagurus_cuanensis,spicara_smaris,8,1.78,4.48,5.08,1.61232535411413e-05,7,8,6,1.0,Malacostraca,Actinopterygii,0.936
ascidia_mentula,muricopsis_cristata,9,2.17,4.14,5.07,1.4087587279866855e-05,7,8,6,1.0,Animalia,Mollusca,0.936
felimare_bilineata,prostheceraeus_moseleyi,9,1.64,5.49,7.19,3.537523579576495e-10,5,9,5,1.0,Mollusca,Platyhelminthes,0.935
bittium_reticulatum,donacilla_cornea,6,0.75,8.05,7.26,0.0007378280209440697,4,5,5,0.833,Mollusca,Mollusca,0.934
oryctolagus_cuniculus,streptopelia_decaocto,6,0.75,8.02,6.83,0.0007503262515067658,4,6,5,1.0,Mammalia,Aves,0.933
conus_ventricosus,papillicardium_papillosum,9,2.19,4.12,5.99,2.6014601391710745e-07,8,9,6,1.0,Mollusca,Mollusca,0.933
calliostoma_zizyphinum,striarca_lactea,10,2.59,3.86,5.63,1.1540121288537252e-06,8,10,6,1.0,Mollusca,Mollusca,0.933
holothuria_forskali,nerocila_bivittata,18,4.97,3.63,8.28,5.427797123025594e-14,6,13,5,1.0,Echinodermata,Malacostraca,0.932
palaemon_xiphias,synodus_saurus,9,2.19,4.11,7.05,0.0021564047805558905,4,7,6,1.0,Malacostraca,Actinopterygii,0.932
papillicardium_papillosum,varicorbula_gibba,18,4.97,3.62,7.62,5.779042767051562e-12,10,17,5,1.0,Mollusca,Mollusca,0.93
cymodocea_nodosa,pinctada_radiata,8,1.8,4.44,5.65,1.5048070430263376e-06,6,8,6,1.0,Plantae,Mollusca,0.93
nerocila_bivittata,pseudodistoma_crucigaster,11,3.64,3.03,4.62,7.079443118799831e-05,4,10,7,1.0,Malacostraca,Animalia,0.93
facelina_rubrovittata,pseudoceros_maximus,6,0.76,7.95,11.31,0.0007813176201312874,4,5,5,1.0,Mollusca,Platyhelminthes,0.929
synapturichthys_kleinii,torpedo_marmorata,17,4.59,3.71,8.99,2.8256078892860033e-16,5,16,5,1.0,Actinopterygii,Elasmobranchii,0.929
fulica_atra,trachemys_scripta,11,3.02,3.64,5.57,1.291372565957329e-06,5,11,6,1.0,Aves,Reptilia,0.929
naticarius_hebraeus,steromphala_divaricata,8,2.24,3.58,5.81,0.007844272323147427,7,8,7,1.0,Mollusca,Mollusca,0.928
dactylopterus_volitans,scyllarus_arctus,11,3.64,3.02,5.68,9.277782056123305e-07,4,10,7,1.0,Actinopterygii,Malacostraca,0.928
holothuria_sanctori,scartella_cristata,6,1.07,5.62,4.91,4.67381170934144e-05,6,6,6,0.833,Echinodermata,Actinopterygii,0.928
ctena_decussata,steromphala_umbilicaris,11,3.03,3.63,6.85,1.950590540030564e-09,9,11,6,1.0,Mollusca,Mollusca,0.927
aglaophenia_pluma,gastroclonium_clavatum,12,3.46,3.47,5.64,8.593122151212363e-07,8,12,6,1.0,Cnidaria,Plantae,0.927
parazoanthus_brevitentacularis,phallusia_fumigata,9,2.69,3.34,4.84,3.877079937738644e-05,9,9,7,1.0,Cnidaria,Animalia,0.927
cliona_rhodensis,hexadella_topsenti,10,3.16,3.16,4.49,0.0001256308764281089,6,10,7,1.0,Porifera,Porifera,0.927
abida_polyodon,solatopupa_similis,5,0.5,10.0,7.35,0.0009569233643852111,5,5,5,1.0,Mollusca,Mollusca,0.926
steromphala_umbilicaris,tritia_corrugata,10,3.18,3.15,4.59,8.701058380617091e-05,8,10,7,1.0,Mollusca,Mollusca,0.925
parasmittina_rouvillei,tricleocarpa_fragilis,8,2.63,3.04,3.84,0.001296317042859994,5,8,8,1.0,Bryozoa,Plantae,0.925
electra_posidoniae,steromphala_umbilicaris,5,0.5,9.94,7.36,0.0009804391566105599,4,5,5,1.0,Bryozoa,Mollusca,0.924
cacospongia_mollior,leptopsammia_pruvoti,11,2.35,4.67,6.87,1.413005114425814e-09,3,11,5,1.0,Porifera,Cnidaria,0.924
polititapes_aureus,turritellinella_tricarinata,8,1.82,4.4,5.62,1.6670406225929883e-06,6,8,6,1.0,Mollusca,Mollusca,0.924
phorbas_tenacior,raspaciona_aculeata,28,9.24,3.03,7.36,1.8002085622454226e-11,11,26,5,1.0,Porifera,Porifera,0.923
loripes_orbiculatus,solen_marginatus,6,0.76,7.85,7.3,0.0008231654941313449,6,6,5,1.0,Mollusca,Mollusca,0.923
hexaplex_trunculus,tridentata_perpusilla,14,4.36,3.21,6.03,1.0326174517141266e-07,10,14,6,1.0,Mollusca,Cnidaria,0.923
berthellina_edwardsii,limaria_hians,10,2.02,4.96,6.57,9.251141723117203e-09,8,10,5,1.0,Mollusca,Mollusca,0.922
ophidiaster_ophidianus,phorbas_topsenti,8,1.36,5.89,6.46,2.6745571413854987e-08,6,6,5,1.0,Echinodermata,Porifera,0.922
acteon_tornatilis,striarca_lactea,8,2.26,3.55,5.83,0.008169637445240043,7,8,7,1.0,Mollusca,Mollusca,0.922
lepidopleurus_cajetanus,lissoclinum_perforatum,19,5.44,3.49,7.07,1.8363453356173382e-10,12,18,5,1.0,Mollusca,Animalia,0.92
lajonkairia_lajonkairii,striarca_lactea,10,2.64,3.79,5.62,1.1828120026067151e-06,7,10,6,1.0,Mollusca,Mollusca,0.92
helicigona_lapicida,iberus_splendidus,6,1.08,5.54,5.44,0.0037970663161554985,6,6,6,1.0,Mollusca,Mollusca,0.92
diodora_graeca,polititapes_aureus,13,3.94,3.3,6.23,4.313933694248844e-08,10,13,6,1.0,Mollusca,Mollusca,0.919
felimida_binza,luria_lurida,8,2.65,3.02,4.24,0.0003999422674284525,7,7,8,1.0,Mollusca,Mollusca,0.919
phragmites_australis,tamarix_gallica,5,0.51,9.8,6.67,0.0010359239906894268,5,5,5,1.0,Plantae,Plantae,0.918
parietaria_judaica,rhamnus_alaternus,7,1.46,4.81,5.66,0.0033827832706839977,6,7,6,1.0,Plantae,Plantae,0.917
astropecten_platyacanthus,chelidonichthys_obscurus,27,8.9,3.04,7.97,2.731279202022674e-13,7,26,5,1.0,Echinodermata,Actinopterygii,0.916
condylactis_aurantiaca,dromia_personata,6,1.09,5.5,5.05,0.003913284372015515,5,6,6,1.0,Cnidaria,Malacostraca,0.916
conus_ventricosus,tritia_corniculum,5,0.51,9.73,7.4,0.0010631449898800055,5,5,5,1.0,Mollusca,Mollusca,0.915
mactra_corallina,talochlamys_multistriata,5,0.51,9.71,7.4,0.0010708830226203005,5,5,5,1.0,Mollusca,Mollusca,0.915
galeodea_echinophora,semicassis_undulata,5,0.52,9.69,7.4,0.001080992987411852,5,5,5,1.0,Mollusca,Mollusca,0.914
donacilla_cornea,tritia_nitida,8,1.85,4.33,7.02,0.0029785158653739207,6,8,6,1.0,Mollusca,Mollusca,0.914
hexadella_pruvoti,palmophyllum_crassum,14,3.51,3.99,6.69,2.696669876790517e-09,8,14,5,1.0,Porifera,Plantae,0.913
caryophyllia_smithii,paraleucilla_magna,11,3.09,3.56,5.23,5.783725706534275e-06,9,11,6,1.0,Cnidaria,Porifera,0.913
callista_chione,echinolittorina_punctata,7,1.83,3.82,5.0,3.092487106668194e-05,6,7,7,1.0,Mollusca,Mollusca,0.913
euthria_cornea,tritia_nitida,9,2.75,3.28,4.77,5.216116849787292e-05,7,9,7,1.0,Mollusca,Mollusca,0.913
irus_irus,spisula_subtruncata,11,2.4,4.58,7.18,2.439808413432399e-10,7,11,5,1.0,Mollusca,Mollusca,0.912
elysia_viridis,pseudoceros_maximus,13,3.98,3.27,6.53,8.507401833559181e-09,9,11,6,1.0,Mollusca,Platyhelminthes,0.912
lissoclinum_perforatum,pseudoceros_maximus,12,3.53,3.4,5.49,1.7309944096036372e-06,5,11,6,1.0,Animalia,Platyhelminthes,0.912
atriplex_halimus,sporobolus_pungens,5,0.52,9.62,7.42,0.0011125439786380472,4,4,5,1.0,Plantae,Plantae,0.911
cantareus_apertus,xerotricha_conspurcata,5,0.52,9.62,7.42,0.0011125439786380472,4,5,5,1.0,Mollusca,Mollusca,0.911
acanthocardia_tuberculata,flexopecten_glaber,5,0.52,9.62,7.42,0.0011125439786380472,5,5,5,1.0,Mollusca,Mollusca,0.911
pachycerianthus_solitarius,pegusa_lascaris,11,3.1,3.55,5.61,1.1040416467177668e-06,10,9,6,1.0,Cnidaria,Actinopterygii,0.911
coris_julis,ophidiaster_ophidianus,9,2.75,3.27,4.85,3.8121124228851825e-05,8,8,7,1.0,Actinopterygii,Echinodermata,0.911
didemnum_coriaceum,reteporella_grimaldii,12,3.54,3.39,5.98,1.7217686045884912e-07,9,11,6,1.0,Animalia,Bryozoa,0.91
pomadasys_incisus,spondylus_gaederopus,8,2.29,3.49,4.16,0.0004657070082527941,5,7,7,1.0,Actinopterygii,Mollusca,0.91
columbella_rustica,notocochlis_dillwynii,5,0.52,9.57,8.22,0.0011322413270621833,5,5,5,1.0,Mollusca,Mollusca,0.909
chamelea_gallina,irus_irus,9,1.72,5.23,7.97,0.0004926295288697646,6,9,5,1.0,Mollusca,Mollusca,0.909
axinella_polypoides,sertularella_crassicaulis,15,4.9,3.06,6.63,4.049033358462815e-09,4,13,6,1.0,Porifera,Cnidaria,0.909
gastrana_fragilis,modiolus_barbatus,13,3.99,3.26,5.81,3.536776480693813e-07,5,13,6,1.0,Mollusca,Mollusca,0.909
ascandra_contorta,dicentrarchus_labrax,15,4.9,3.06,5.22,4.412408308192116e-06,6,15,6,1.0,Porifera,Actinopterygii,0.909
moerella_pulchella,patella_ulyssiponensis,9,2.76,3.26,4.87,3.560595435993758e-05,9,9,7,1.0,Mollusca,Mollusca,0.909
echinocyamus_pusillus,tritia_pellucida,11,2.42,4.55,6.84,1.701651180779893e-09,7,8,5,1.0,Echinodermata,Mollusca,0.908
corticium_candelabrum,thylacodes_arenarius,10,2.07,4.84,6.51,1.26761378195305e-08,8,10,5,1.0,Porifera,Mollusca,0.908
clanculus_cruciatus,steromphala_rarilineata,8,2.3,3.48,5.63,1.9975431038091626e-06,7,7,7,1.0,Mollusca,Mollusca,0.908
facelina_auriculata,stenopus_spinosus,8,2.3,3.48,4.49,0.00015718388006349688,7,7,7,1.0,Mollusca,Malacostraca,0.908
thylacodes_arenarius,valonia_utricularis,13,4.0,3.25,5.37,2.6051213514634184e-06,10,13,6,1.0,Mollusca,Plantae,0.907
aglaja_tricolorata,chelidonichthys_obscurus,10,3.25,3.08,4.59,8.878123656043217e-05,5,10,7,1.0,Mollusca,Actinopterygii,0.907
dictyopteris_polypodioides,taonia_pseudociliata,14,4.46,3.14,6.49,9.497545820627156e-09,8,14,6,1.0,,,0.906
pomatoschistus_marmoratus,xantho_poressa,14,4.46,3.14,5.99,1.3143590551321984e-07,8,13,6,1.0,Actinopterygii,Malacostraca,0.906
calyptraea_chinensis,limaria_tuberculata,9,2.28,3.95,5.88,4.3347169420238876e-07,8,8,6,0.889,Mollusca,Mollusca,0.906
facelina_annulicornis,synodus_saurus,12,2.8,4.29,7.56,1.8815824673385383e-11,6,11,5,1.0,Mollusca,Actinopterygii,0.905
apletodon_incognitus,gobius_xanthocephalus,13,4.01,3.24,5.35,2.903488518591298e-06,5,13,6,1.0,Actinopterygii,Actinopterygii,0.905
filograna_implexa,phallusia_fumigata,11,3.13,3.52,4.94,1.9110548577969795e-05,7,11,6,1.0,Annelida,Animalia,0.905
pinctada_radiata,tritia_corniculum,19,5.56,3.41,7.67,3.920654124616559e-12,4,19,5,1.0,Mollusca,Mollusca,0.903
cistus_monspeliensis,lonicera_implexa,6,1.12,5.37,5.39,0.004318339448639468,6,6,6,0.833,Plantae,Plantae,0.903
pseudobiceros_splendidus,rudmania_krohni,10,2.71,3.69,5.09,1.2009060797248729e-05,7,10,6,1.0,Platyhelminthes,Mollusca,0.902
cardita_calyculata,donacilla_cornea,8,2.32,3.45,6.61,0.009364585458928614,8,8,7,1.0,Mollusca,Mollusca,0.901
astropecten_platyacanthus,steromphala_umbilicaris,11,2.45,4.49,7.01,6.53943102936329e-10,5,10,5,1.0,Echinodermata,Mollusca,0.9
astrospartus_mediterraneus,phallusia_mammillata,8,2.33,3.44,4.44,0.00018814008343729085,4,6,7,1.0,Echinodermata,Animalia,0.899
ophidiaster_ophidianus,scorpaena_notata,9,1.76,5.13,6.3,4.717779259983592e-08,5,9,5,0.889,Echinodermata,Actinopterygii,0.898
berthellina_edwardsii,luria_lurida,11,3.16,3.48,6.09,1.1324871966257206e-07,6,9,6,1.0,Mollusca,Mollusca,0.897
berghia_coerulescens,trapania_lineata,11,3.16,3.48,5.31,4.288140533481832e-06,8,11,6,1.0,Mollusca,Mollusca,0.897
facelina_auriculata,gnathophyllum_elegans,19,5.62,3.38,7.42,1.976547808918056e-11,5,16,5,1.0,Mollusca,Malacostraca,0.896
ilia_nucleus,mullus_barbatus,7,1.11,6.31,7.29,0.0008813695202957304,5,6,5,1.0,Malacostraca,Actinopterygii,0.896
cliona_rhodensis,holothuria_poli,10,3.29,3.04,4.6,8.778395135112038e-05,6,10,7,1.0,Porifera,Echinodermata,0.896
anilocra_physodes,scorpaena_scrofa,10,3.29,3.04,4.39,0.000181805262079739,6,10,7,1.0,Malacostraca,Actinopterygii,0.896
lagurus_ovatus,polygonum_maritimum,7,1.11,6.3,6.27,0.0008927465848338917,6,7,5,0.857,Plantae,Plantae,0.895
mimachlamys_varia,ocenebra_edwardsii,13,3.22,4.04,6.16,5.281146893377466e-08,8,13,5,1.0,Mollusca,Mollusca,0.895
trochoidea_elegans,zonites_algirus,6,1.14,5.28,5.54,0.004645609959258783,6,6,6,1.0,Mollusca,Mollusca,0.894
columbella_rustica,lissoclinum_weigelei,9,2.82,3.2,4.16,0.0004255866415566945,4,7,7,1.0,Mollusca,Animalia,0.894
galeodea_echinophora,mactra_stultorum,5,0.54,9.21,6.55,0.0013132951483926527,5,5,5,1.0,Mollusca,Mollusca,0.893
marionia_blainvillea,stenopus_spinosus,11,3.18,3.46,6.19,6.849824211335428e-08,7,11,6,1.0,Mollusca,Malacostraca,0.893
luria_lurida,sicyonia_carinata,7,1.51,4.62,5.19,1.3196493004846859e-05,5,7,6,1.0,Mollusca,Malacostraca,0.893
didemnum_lahillei,xantho_poressa,12,2.86,4.2,6.24,3.916318978942649e-08,5,12,5,1.0,Animalia,Malacostraca,0.892
flexopecten_flexuosus,peronaea_planata,10,2.75,3.64,5.55,1.6542897582487963e-06,6,10,6,1.0,Mollusca,Mollusca,0.892
mytilus_galloprovincialis,patella_ulyssiponensis,9,2.82,3.19,4.97,2.4896529279786313e-05,8,9,7,1.0,Mollusca,Mollusca,0.892
porcellana_platycheles,pseudobiceros_splendidus,15,4.02,3.73,6.4,1.2168316156893756e-08,3,15,5,1.0,Malacostraca,Platyhelminthes,0.891
bulla_striata,donacilla_cornea,7,1.53,4.59,8.66,0.004218183005279199,6,7,6,1.0,Mollusca,Mollusca,0.89
ophiocomina_nigra,reptadeonella_violacea,10,2.14,4.68,6.59,8.595613869439108e-09,9,10,5,0.8,Echinodermata,Bryozoa,0.888
cerastoderma_edule,dosinia_lupinus,9,1.79,5.03,6.7,5.722382755862275e-09,7,9,5,1.0,Mollusca,Mollusca,0.887
acrosymphyton_purpuriferum,pennaria_disticha,13,3.26,3.99,6.41,1.4265884530041044e-08,4,13,5,1.0,Plantae,Cnidaria,0.887
aplidium_conicum,symphodus_mediterraneus,9,2.34,3.84,5.63,1.4232775841425986e-06,5,9,6,1.0,Animalia,Actinopterygii,0.887
achelous_hastatus,callista_chione,7,1.9,3.68,4.35,0.00029819600629200346,7,7,7,1.0,Malacostraca,Mollusca,0.887
arundo_donax,eryngium_maritimum,9,2.84,3.17,4.04,0.0006119688847291867,7,8,7,1.0,Plantae,Plantae,0.887
anomia_ephippium,epitonium_clathrus,9,2.35,3.83,6.37,4.2309997760717877e-08,7,9,6,1.0,Mollusca,Mollusca,0.885
cribrinopsis_crassa,prostheceraeus_vittatus,10,3.33,3.0,4.18,0.000368956228667284,4,9,7,1.0,Cnidaria,Platyhelminthes,0.885
epitonium_clathrus,tritia_reticulata,5,0.56,9.0,7.56,0.0014342518387707116,5,5,5,1.0,Mollusca,Mollusca,0.884
echium_sabulicola,lagurus_ovatus,5,0.56,9.0,7.56,0.0014342518387707116,5,4,5,1.0,Plantae,Plantae,0.884
diaphorodoris_alba,limacia_inesae,13,4.13,3.15,5.83,3.201812579458752e-07,8,11,6,1.0,Mollusca,Mollusca,0.883
loripes_orbiculatus,mactra_corallina,9,2.36,3.82,5.7,1.035818861574447e-06,8,9,6,1.0,Mollusca,Mollusca,0.883
bolma_rugosa,notocochlis_dillwynii,7,1.54,4.54,4.98,2.932025115904933e-05,6,7,6,1.0,Mollusca,Mollusca,0.883
galathea_strigosa,marionia_blainvillea,7,1.54,4.54,4.92,3.678201748065131e-05,5,6,6,1.0,Malacostraca,Mollusca,0.883
necora_puber,palaemon_serratus,9,2.85,3.15,4.58,0.00010365893662961193,9,9,7,0.889,Malacostraca,Malacostraca,0.882
aplidium_elegans,yungia_aurantiaca,9,2.85,3.15,4.21,0.0003598104962987363,5,8,7,1.0,Animalia,Platyhelminthes,0.882
ilia_nucleus,stenopus_spinosus,7,1.14,6.12,8.15,0.0010309329370409655,7,7,5,1.0,Malacostraca,Malacostraca,0.881
eudendrium_racemosum,raspaciona_aculeata,21,6.6,3.18,7.33,3.055160243797543e-11,10,21,5,1.0,Cnidaria,Porifera,0.881
ichthyaetus_audouinii,phalacrocorax_carbo,15,4.09,3.67,6.12,5.364933967304048e-08,3,15,5,1.0,Aves,Aves,0.88
acetabularia_acetabulum,branchiomma_luctuosum,9,1.82,4.95,8.82,0.0006982147921033175,3,9,5,1.0,Plantae,Annelida,0.879
crella_elegans,diaphorodoris_alba,10,2.8,3.57,5.72,8.124545684142479e-07,5,9,6,1.0,Porifera,Mollusca,0.879
cribrinopsis_crassa,elysia_viridis,14,4.63,3.03,5.51,1.3280302626206743e-06,6,13,6,1.0,Cnidaria,Mollusca,0.878
euphorbia_serrata,salvia_verbenaca,11,3.25,3.39,5.15,8.435188182025008e-06,11,11,6,1.0,Plantae,Plantae,0.878
diplosoma_spongiforme,sicyonia_carinata,9,2.38,3.79,4.94,2.4917577206900642e-05,7,9,6,1.0,Animalia,Malacostraca,0.878
bulla_striata,tritia_neritea,15,4.11,3.65,6.83,1.102688394247987e-09,6,15,5,1.0,Mollusca,Mollusca,0.877
luria_lurida,naria_spurca,10,2.81,3.56,5.93,3.0626693121804967e-07,9,10,6,0.8,Mollusca,Mollusca,0.877
bulla_striata,parvicardium_exiguum,11,2.55,4.32,5.76,4.931680692453114e-07,7,11,5,1.0,Mollusca,Mollusca,0.877
sicyonia_carinata,xantho_poressa,10,2.18,4.58,6.56,1.0063189208131681e-08,6,10,5,1.0,Malacostraca,Malacostraca,0.876
astropecten_platyacanthus,pagrus_pagrus,12,3.71,3.24,5.03,1.2750388070949466e-05,7,11,6,1.0,Echinodermata,Actinopterygii,0.876
aglaja_tricolorata,platydoris_argo,5,0.57,8.8,7.61,0.0015614378556286425,4,4,5,0.8,Mollusca,Mollusca,0.875
bosemprella_incarnata,bulla_striata,8,1.49,5.38,5.98,2.9782576849879517e-07,8,8,5,1.0,Mollusca,Mollusca,0.875
irus_irus,ocenebra_edwardsii,14,4.63,3.02,5.59,9.422591015578852e-07,9,14,6,1.0,Mollusca,Mollusca,0.875
trinchesia_caerulea,tylodina_perversa,7,1.56,4.48,5.48,0.004703380299178983,5,6,6,1.0,Mollusca,Mollusca,0.875
arundo_donax,pinus_pinea,7,1.56,4.48,4.88,4.42938634604834e-05,6,6,6,1.0,Plantae,Plantae,0.875
lithophaga_lithophaga,tritia_nitida,7,1.57,4.47,5.24,1.0899537359695769e-05,5,6,6,1.0,Mollusca,Mollusca,0.874
matricaria_chamomilla,silybum_marianum,7,1.94,3.61,4.31,0.00034033893287469414,7,7,7,1.0,Plantae,Plantae,0.874
chama_gryphoides,dosinia_exoleta,9,2.9,3.11,4.69,7.060157965099097e-05,6,9,7,1.0,Mollusca,Mollusca,0.873
calliactis_parasitica,phallusia_fumigata,8,2.41,3.32,3.87,0.001140101931965959,6,8,7,0.875,Cnidaria,Animalia,0.873
semicassis_undulata,sicyonia_carinata,5,0.57,8.71,7.64,0.0016272418213942451,5,4,5,1.0,Mollusca,Malacostraca,0.871
euphorbia_serrata,moricandia_arvensis,5,0.57,8.71,7.64,0.0016272418213942451,5,5,5,1.0,Plantae,Plantae,0.871
felimare_orsinii,tenellia_ocellata,17,4.97,3.42,6.23,2.7225663302963022e-08,5,17,5,1.0,Mollusca,Mollusca,0.871
bosellia_mimetica,elysia_flava,14,3.74,3.74,11.27,0.00026413322457076135,5,13,5,1.0,Mollusca,Mollusca,0.87
caloria_elegans,felimare_orsinii,14,4.67,3.0,5.7,5.517744644251865e-07,9,13,6,1.0,Mollusca,Mollusca,0.87
bryopsis_plumosa,tricleocarpa_fragilis,11,3.28,3.35,5.51,1.814622165762139e-06,7,10,6,1.0,Plantae,Plantae,0.87
closterotomus_trivialis,psilothrix_viridicoerulea,10,2.84,3.52,6.45,2.2956993474372053e-08,6,9,6,1.0,Insecta,Insecta,0.869
homarus_gammarus,paraflabellina_ischitana,8,1.98,4.03,5.63,1.7278143705526693e-06,5,8,6,1.0,Malacostraca,Mollusca,0.869
diaphorodoris_papillata,phyllidia_flava,9,2.41,3.74,5.17,1.0084253014718667e-05,6,9,6,1.0,Mollusca,Mollusca,0.869
harmothoe_areolata,limaria_tuberculata,11,3.29,3.34,4.9,2.3511174937852428e-05,9,11,6,1.0,Annelida,Mollusca,0.868
antalis_inaequicostata,turritellinella_tricarinata,9,2.91,3.09,4.39,0.00020480211109037095,5,9,7,1.0,Mollusca,Mollusca,0.868
echinaster_sepositus,filograna_implexa,22,7.17,3.07,7.18,7.648508703866024e-11,10,21,5,1.0,Echinodermata,Annelida,0.867
echiichthys_vipera,penaeus_kerathurus,8,2.43,3.29,6.68,0.011778905307634539,6,6,7,1.0,Actinopterygii,Malacostraca,0.867
calliostoma_laugieri,smaragdia_viridis,8,2.43,3.29,5.01,2.5689219978696304e-05,6,8,7,1.0,Mollusca,Mollusca,0.867
processa_macrophthalma,sicyonia_carinata,13,4.22,3.08,5.16,6.695425110283543e-06,10,13,6,1.0,Malacostraca,Malacostraca,0.866
holothuria_forskali,pilumnus_hirtellus,8,1.51,5.28,6.51,0.000994532468142849,5,7,5,1.0,Echinodermata,Malacostraca,0.865
alicia_mirabilis,herbstia_condyliata,9,2.92,3.08,4.46,0.00016314011112996638,5,7,7,1.0,Cnidaria,Malacostraca,0.865
chama_gryphoides,ruditapes_decussatus,12,2.99,4.02,6.39,1.8337634928985983e-08,5,12,5,1.0,Mollusca,Mollusca,0.864
phorcus_turbinatus,semicassis_undulata,6,0.87,6.87,5.82,0.0014981975565136478,6,6,5,1.0,Mollusca,Mollusca,0.863
diodora_graeca,harmothoe_areolata,9,1.87,4.81,5.75,7.227353956338484e-07,4,9,5,1.0,Mollusca,Annelida,0.863
halocynthia_papillosa,luisella_babai,15,4.21,3.57,7.9,1.3221492937832098e-12,4,15,5,1.0,Animalia,Mollusca,0.862
irus_irus,tritia_corniculum,17,5.04,3.37,8.5,1.378205949006535e-14,8,17,5,1.0,Mollusca,Mollusca,0.861
bunodactis_verrucosa,caulerpa_cylindracea,14,3.79,3.69,7.64,8.454263188317435e-12,5,13,5,1.0,Cnidaria,Plantae,0.861
donax_trunculus,sarcotragus_spinosulus,17,5.04,3.37,7.33,4.432461784475188e-11,8,16,5,1.0,Mollusca,Porifera,0.861
moerella_pulchella,steromphala_varia,10,2.88,3.48,6.08,1.4817055773996893e-07,8,10,6,1.0,Mollusca,Mollusca,0.861
antalis_vulgaris,diodora_graeca,9,2.44,3.69,5.16,1.0678451324603002e-05,7,9,6,0.889,Mollusca,Mollusca,0.861
bugulina_turbinata,nemesignis_banyulensis,8,2.02,3.96,8.92,0.004702223747551923,3,6,6,1.0,Bryozoa,Mollusca,0.859
holothuria_mammata,ophidiaster_ophidianus,8,1.53,5.22,6.6,0.0010647828997054042,5,7,5,0.875,Echinodermata,Echinodermata,0.859
barnea_candida,moerella_pulchella,9,2.45,3.68,5.55,2.0371664648149982e-06,7,9,6,1.0,Mollusca,Mollusca,0.859
ocenebra_erinaceus,pilumnus_hirtellus,16,4.64,3.45,6.04,7.626361038091671e-08,11,16,5,0.938,Mollusca,Malacostraca,0.858
ophidion_rochei,pagellus_acarne,9,2.95,3.05,4.56,0.00011459368472157868,7,8,7,1.0,Actinopterygii,Actinopterygii,0.858
periclimenes_scriptus,simnia_spelta,9,2.95,3.05,4.53,0.000129048324200518,6,9,7,1.0,Malacostraca,Mollusca,0.858
filograna_implexa,zanardinia_typus,9,1.89,4.75,6.4,3.046705462209515e-08,7,9,5,1.0,Annelida,,0.856
bulla_striata,ruditapes_decussatus,14,3.83,3.66,6.3,2.3278703258759222e-08,5,14,5,1.0,Mollusca,Mollusca,0.856
barbatia_barbata,glycymeris_glycymeris,8,2.47,3.24,4.52,0.00015045198155500526,7,7,7,1.0,Mollusca,Mollusca,0.856
condylactis_aurantiaca,cymodocea_nodosa,5,0.6,8.37,8.32,0.0018912725791210613,5,5,5,1.0,Cnidaria,Plantae,0.855
harmothoe_areolata,xantho_poressa,12,3.81,3.15,5.29,4.2719339941910525e-06,7,12,6,1.0,Annelida,Malacostraca,0.855
parietaria_officinalis,sambucus_nigra,6,1.22,4.91,5.14,0.006234729296493261,6,6,6,1.0,Plantae,Plantae,0.855
phorbas_topsenti,xantho_poressa,12,3.81,3.15,5.13,8.321310898743941e-06,7,12,6,1.0,Porifera,Malacostraca,0.855
diplosoma_spongiforme,tridentata_perpusilla,9,2.96,3.04,4.06,0.0005864732830182347,8,9,7,1.0,Animalia,Cnidaria,0.855
prostheceraeus_vittatus,yungia_aurantiaca,7,1.62,4.32,5.28,9.418200749278685e-06,3,6,6,1.0,Platyhelminthes,Platyhelminthes,0.854
acanthonyx_lunulatus,rugulopteryx_okamurae,10,2.91,3.44,5.64,1.1946559547970591e-06,7,9,6,0.8,Malacostraca,,0.853
acteon_tornatilis,styela_plicata,6,0.9,6.7,5.89,0.001673478123372041,4,6,5,1.0,Mollusca,Animalia,0.852
dictyota_cyanoloma,thuridilla_hopei,9,2.47,3.64,5.0,1.9742912956439124e-05,5,9,6,0.889,,Mollusca,0.852
elysia_timida,felimare_fontandraui,8,2.04,3.92,4.89,3.568752254665261e-05,7,7,6,1.0,Mollusca,Mollusca,0.852
conus_ventricosus,glans_trapezia,13,3.45,3.77,6.89,1.0173853056269022e-09,7,13,5,1.0,Mollusca,Mollusca,0.851
centaurea_aspera,portulaca_oleracea,7,2.01,3.49,4.3,0.000360874945460336,6,6,7,1.0,Plantae,Plantae,0.851
nemesignis_banyulensis,platydoris_argo,5,0.61,8.26,6.53,0.0019925860523439714,4,4,5,1.0,Mollusca,Mollusca,0.85
eriphia_verrucosa,mactra_stultorum,9,2.98,3.02,4.61,9.57251475040433e-05,6,9,7,1.0,Malacostraca,Mollusca,0.85
petrosia_ficiformis,schizoporella_errata,9,2.98,3.02,4.27,0.00030472861164317815,7,9,7,1.0,Porifera,Bryozoa,0.85
ligia_italica,phorcus_turbinatus,6,1.24,4.85,4.99,0.006536690991164328,6,6,6,1.0,Malacostraca,Mollusca,0.849
laevicardium_crassum,papillicardium_papillosum,17,5.13,3.31,7.71,3.810558143278533e-12,8,17,5,1.0,Mollusca,Mollusca,0.848
clanculus_cruciatus,irus_irus,16,4.7,3.4,6.69,2.26222277907653e-09,12,16,5,1.0,Mollusca,Mollusca,0.848
astropecten_aranciacus,pinnoctopus_macropus,10,2.29,4.36,6.69,5.3221662174826604e-09,6,10,5,1.0,Echinodermata,Mollusca,0.848
pachycerianthus_solitarius,trinchesia_morrowae,15,4.29,3.5,6.2,3.6969042220114685e-08,5,14,5,1.0,Cnidaria,Mollusca,0.848
didemnum_lahillei,striarca_lactea,13,4.32,3.01,5.97,1.7575678129540994e-07,3,12,6,1.0,Animalia,Mollusca,0.848
cestopagurus_timidus,episcomitra_cornicula,11,3.38,3.25,5.8,5.033087913979539e-07,8,11,6,1.0,Malacostraca,Mollusca,0.848
galathea_bolivari,gnathophyllum_elegans,9,2.48,3.62,5.03,1.787254090009043e-05,6,9,6,1.0,Malacostraca,Malacostraca,0.848
doto_floridicola,prostheceraeus_moseleyi,9,2.49,3.62,4.99,2.1366738655493425e-05,5,9,6,1.0,Mollusca,Platyhelminthes,0.848
filograna_implexa,ophiothrix_fragilis,12,3.85,3.12,4.64,5.916979985365363e-05,8,12,6,1.0,Annelida,Echinodermata,0.848
halopteris_filicina,phorbas_topsenti,9,2.49,3.62,4.48,0.00013877003206049513,7,9,6,1.0,,Porifera,0.848
cystodytes_dellechiajei,lissoclinum_weigelei,8,2.06,3.89,5.02,2.1800634170501504e-05,5,8,6,1.0,Animalia,Animalia,0.847
ensis_minor,pholas_dactylus,9,2.99,3.01,4.47,0.00015853063788619408,8,9,7,0.889,Mollusca,Mollusca,0.847
ensis_ensis,spisula_subtruncata,9,2.99,3.01,4.26,0.0003210860612070046,7,9,7,1.0,Mollusca,Mollusca,0.847
cardita_calyculata,chamelea_gallina,7,1.65,4.25,9.46,0.005981688628040206,6,7,6,1.0,Mollusca,Mollusca,0.845
limaria_tuberculata,pisania_striata,6,0.91,6.6,5.8,0.001795339060200344,6,6,5,1.0,Mollusca,Mollusca,0.845
psilothrix_viridicoerulea,runcinia_grammica,6,1.25,4.81,5.7,0.006747582587658246,6,6,6,1.0,Insecta,Arachnida,0.844
harmothoe_areolata,lysmata_seticaudata,8,1.58,5.07,5.66,1.3245361154438152e-06,8,8,5,0.875,Annelida,Malacostraca,0.844
echium_sabulicola,sonchus_tenerrimus,6,1.25,4.81,4.78,0.006765513414496149,5,5,6,1.0,Plantae,Plantae,0.844
carapus_acus,pagellus_erythrinus,6,1.25,4.8,5.81,0.006816630735873494,3,4,6,1.0,Actinopterygii,Actinopterygii,0.843
placida_dendritica,planocera_ceratommata,9,1.94,4.64,5.69,9.584891063241948e-07,4,8,5,1.0,Mollusca,Platyhelminthes,0.843
periclimenes_scriptus,synodus_saurus,11,3.42,3.22,6.12,1.0454194572466532e-07,6,9,6,1.0,Malacostraca,Actinopterygii,0.841
columbella_rustica,symphodus_melops,12,3.88,3.09,5.74,5.757286893835523e-07,6,12,6,1.0,Mollusca,Actinopterygii,0.841
melanargia_lachesis,pontia_daplidice,8,2.08,3.85,5.2,1.1013742467579537e-05,5,8,6,1.0,Insecta,Insecta,0.841
trapania_maculata,trinchesia_morrowae,14,3.92,3.57,7.43,3.339062980895334e-11,7,14,5,1.0,Mollusca,Mollusca,0.84
episcomitra_cornicula,xantho_poressa,8,1.59,5.03,5.64,1.443178297065083e-06,7,8,5,1.0,Mollusca,Malacostraca,0.84
cochlicella_acuta,zonites_algirus,6,1.26,4.77,5.16,0.007015448015428442,3,6,6,1.0,Mollusca,Mollusca,0.84
bulla_striata,rissoina_bruguieri,12,3.89,3.08,5.09,1.0099892331126514e-05,9,12,6,1.0,Mollusca,Mollusca,0.839
rugulopteryx_okamurae,taonia_atomaria,6,1.26,4.76,4.75,0.007037874899141812,4,5,6,1.0,,,0.839
scophthalmus_rhombus,torpedo_marmorata,10,2.97,3.37,4.63,7.359991760243071e-05,6,7,6,0.9,Actinopterygii,Elasmobranchii,0.839
prostheceraeus_roseus,salpa_fusiformis,7,2.04,3.43,4.18,0.0005261573988414328,4,6,7,1.0,Platyhelminthes,Animalia,0.839
facelinopsis_marioni,thuridilla_hopei,11,2.71,4.05,6.42,1.8490093484306108e-08,7,11,5,1.0,Mollusca,Mollusca,0.838
ocenebra_edwardsii,tritia_mutabilis,5,0.62,8.03,6.18,0.0022114977518457694,5,5,5,1.0,Mollusca,Mollusca,0.838
clanculus_cruciatus,porcellana_platycheles,16,4.77,3.35,6.1,5.953577621416265e-08,7,16,5,1.0,Mollusca,Malacostraca,0.838
anilocra_physodes,diplodus_vulgaris,9,1.96,4.59,5.63,1.2526831874106602e-06,7,9,5,1.0,Malacostraca,Actinopterygii,0.837
asparagopsis_armata,padina_pavonica,9,1.97,4.58,6.39,3.2501818392759434e-08,4,8,5,1.0,Plantae,,0.836
chama_gryphoides,scopalina_lophyropoda,12,3.13,3.84,5.64,7.938111578061372e-07,7,12,5,1.0,Mollusca,Porifera,0.836
sparisoma_cretense,tripterygion_delaisi,7,1.67,4.19,5.46,0.00640510008881072,6,6,6,0.857,Actinopterygii,Actinopterygii,0.836
ruditapes_decussatus,solen_marginatus,6,1.27,4.73,4.93,0.007238280507670802,6,6,6,0.833,Mollusca,Mollusca,0.835
chamelea_gallina,epitonium_clathrus,8,1.61,4.97,6.87,0.001401229041618766,6,8,5,1.0,Mollusca,Mollusca,0.834
epinephelus_costae,myriapora_truncata,12,3.92,3.06,5.23,5.616754204798605e-06,7,12,6,1.0,Actinopterygii,Bryozoa,0.834
phycis_phycis,trachinus_radiatus,7,1.68,4.17,5.2,1.3257031563720994e-05,4,7,6,1.0,Actinopterygii,Actinopterygii,0.834
dictyonella_incisa,disporella_hispida,12,3.92,3.06,4.62,6.512105080142486e-05,5,12,6,1.0,Porifera,Bryozoa,0.834
prostheceraeus_giesbrechtii,rudmania_krohni,8,2.1,3.8,5.31,6.97518599419811e-06,7,8,6,1.0,Platyhelminthes,Mollusca,0.833
bittium_reticulatum,tritia_corrugata,9,1.98,4.55,6.05,1.8042878395320873e-07,5,9,5,1.0,Mollusca,Mollusca,0.832
rhyssoplax_olivacea,scopalina_lophyropoda,10,3.0,3.33,4.92,2.4891338866705932e-05,5,10,6,1.0,Mollusca,Porifera,0.831
dittrichia_viscosa,pinus_pinea,7,1.69,4.15,4.65,0.00010131275554682599,7,7,6,1.0,Plantae,Plantae,0.831
bittium_reticulatum,rissoa_decorata,17,5.26,3.23,7.65,5.9065671280946696e-12,10,16,5,1.0,Mollusca,Mollusca,0.83
axinella_verrucosa,yungia_aurantiaca,8,1.62,4.94,5.4,4.186509524996569e-06,7,8,5,1.0,Porifera,Platyhelminthes,0.83
ensis_minor,peronidia_albicans,8,2.12,3.78,5.35,6.0734937882875e-06,8,8,6,1.0,Mollusca,Mollusca,0.83
lutraria_magna,tritia_mutabilis,7,1.27,5.5,8.24,0.0017633434029210224,5,7,5,1.0,Mollusca,Mollusca,0.829
calmella_cavolini,tritia_neritea,8,1.62,4.93,5.58,1.9399849258291596e-06,5,8,5,1.0,Mollusca,Mollusca,0.829
eunicella_gazella,felimare_bilineata,7,1.28,5.48,7.44,0.001795943182002377,4,6,5,1.0,Cnidaria,Mollusca,0.828
ariosoma_balearicum,athanas_nitescens,14,3.99,3.51,6.6,4.757863747493337e-09,5,13,5,0.929,Actinopterygii,Malacostraca,0.828
pagellus_erythrinus,pentapora_fascialis,16,4.85,3.3,6.43,9.913120470626306e-09,4,16,5,1.0,Actinopterygii,Bryozoa,0.828
felimare_fontandraui,felimida_luteorosea,7,2.08,3.37,4.88,5.196841010930129e-05,6,7,7,1.0,Mollusca,Mollusca,0.827
aglaophenia_elongata,myxicola_infundibulum,9,2.57,3.5,4.72,5.99249435596696e-05,6,8,6,1.0,Cnidaria,Annelida,0.826
agelas_oroides,gongolaria_squarrosa,5,0.64,7.78,8.52,0.002489508862719185,5,5,5,1.0,Porifera,,0.825
jujubinus_exasperatus,tricolia_pullus,20,6.65,3.01,7.91,7.524959897992525e-13,11,20,5,0.95,Mollusca,Mollusca,0.825
papillicardium_papillosum,pitar_rudis,18,5.76,3.13,6.97,3.826832164921226e-10,11,18,5,1.0,Mollusca,Mollusca,0.825
patinella_radiata,striarca_lactea,15,4.44,3.38,6.36,1.6455542118021863e-08,11,15,5,1.0,Bryozoa,Mollusca,0.825
bolma_rugosa,placida_dendritica,8,2.13,3.75,5.3,7.294095885520348e-06,6,7,6,1.0,Mollusca,Mollusca,0.825
cribrinopsis_crassa,homarus_gammarus,7,2.08,3.36,3.82,0.001522567220377465,7,7,7,1.0,Cnidaria,Malacostraca,0.825
celtis_australis,polypodium_cambricum,5,0.64,7.75,8.06,0.0025204144961499773,5,5,5,1.0,Plantae,Plantae,0.824
clanculus_corallinus,ebenomitra_ebenus,6,0.95,6.29,6.14,0.0022097342623408033,6,6,5,1.0,Mollusca,Mollusca,0.824
candiella_odhneri,facelinopsis_marioni,12,3.98,3.02,5.44,2.3328958314212307e-06,8,12,6,1.0,Mollusca,Mollusca,0.824
paguristes_eremita,tritia_mutabilis,12,3.97,3.02,5.09,1.0468892986756623e-05,5,10,6,1.0,Malacostraca,Mollusca,0.824
clanculus_corallinus,tricolia_speciosa,7,1.71,4.1,4.9,4.2561246619986356e-05,7,7,6,1.0,Mollusca,Mollusca,0.824
felimare_orsinii,scalarispongia_scalaris,12,3.19,3.76,6.87,1.3415486629681468e-09,5,11,5,1.0,Mollusca,Porifera,0.823
axinella_damicornis,sphacelaria_tribuloides,8,2.58,3.1,3.93,0.0009913068555213408,4,8,7,1.0,Porifera,,0.823
asparagus_acutifolius,portulaca_oleracea,6,0.96,6.27,7.75,0.002243527270731085,4,5,5,0.833,Plantae,Plantae,0.822
bulla_striata,haminoea_orteai,17,5.32,3.19,6.05,7.262068563676875e-08,6,15,5,1.0,Mollusca,Mollusca,0.822
amphibalanus_amphitrite,lissoclinum_weigelei,9,2.02,4.46,5.69,9.853711239030586e-07,5,9,5,1.0,Crustacea,Animalia,0.821
patella_ulyssiponensis,talochlamys_multistriata,12,3.98,3.01,5.59,1.1615923755692803e-06,11,12,6,1.0,Mollusca,Mollusca,0.821
halocynthia_papillosa,ophidiaster_ophidianus,10,3.05,3.28,5.45,2.8450887847581886e-06,7,9,6,1.0,Animalia,Echinodermata,0.821
crithmum_maritimum,salsola_kali,11,3.51,3.13,4.77,4.0122143163025976e-05,7,10,6,1.0,Plantae,Plantae,0.821
crimora_papillata,pseudodistoma_crucigaster,6,0.96,6.24,6.7,0.0022888317981590227,3,6,5,1.0,Mollusca,Animalia,0.82
ascidia_mentula,cliona_rhodensis,9,2.03,4.44,6.4,3.060780211764373e-08,7,8,5,1.0,Animalia,Porifera,0.819
cribrinopsis_crassa,periclimenes_scriptus,12,4.0,3.0,4.7,4.7482569060273814e-05,6,11,6,1.0,Cnidaria,Malacostraca,0.819
aphia_minuta,naticarius_hebraeus,11,3.52,3.12,4.51,0.00010392648816122263,6,11,6,1.0,Actinopterygii,Mollusca,0.819
edmundsella_pedata,homarus_gammarus,8,2.6,3.08,4.28,0.0003430936596879452,7,8,7,1.0,Mollusca,Malacostraca,0.819
cerianthus_membranaceus,dactylopterus_volitans,8,2.16,3.71,5.51,3.0854132001921983e-06,5,8,6,1.0,Cnidaria,Actinopterygii,0.818
acanthonyx_lunulatus,reptadeonella_violacea,15,4.5,3.34,6.51,7.105135959988419e-09,11,15,5,0.933,Malacostraca,Bryozoa,0.816
berthellina_edwardsii,ophioderma_longicaudum,18,5.82,3.09,6.34,1.459784968355289e-08,14,16,5,1.0,Mollusca,Echinodermata,0.815
spicara_smaris,stenopus_spinosus,7,1.31,5.33,5.55,2.730028001189099e-06,4,6,5,1.0,Actinopterygii,Malacostraca,0.814
axinella_polypoides,simnia_spelta,8,2.17,3.69,4.17,0.0004450958388711641,5,8,6,1.0,Porifera,Mollusca,0.814
antiopella_cristata,felimare_tricolor,17,5.39,3.15,6.01,8.94519685634909e-08,6,16,5,1.0,Mollusca,Mollusca,0.813
diplosoma_spongiforme,hexadella_pruvoti,14,4.09,3.43,5.96,1.4562082637529402e-07,3,14,5,1.0,Animalia,Porifera,0.813
atriplex_halimus,calystegia_soldanella,5,0.66,7.54,5.95,0.0028047353583585,5,5,5,1.0,Plantae,Plantae,0.813
berthella_perforata,spurilla_neapolitana,12,3.25,3.7,5.83,3.405016607941742e-07,3,9,5,1.0,Mollusca,Mollusca,0.813
lutraria_magna,neverita_josephinia,7,1.32,5.31,6.0,0.00209743583842413,4,7,5,1.0,Mollusca,Mollusca,0.812
limaria_tuberculata,parvicardium_exiguum,11,3.56,3.09,5.03,1.4778819534105654e-05,6,10,6,1.0,Mollusca,Mollusca,0.812
bosellia_mimetica,gnathophyllum_elegans,18,5.87,3.07,9.82,2.9224893013639133e-19,6,15,5,1.0,Mollusca,Malacostraca,0.811
codium_coralloides,placida_verticilata,18,5.87,3.07,6.16,3.796217401316703e-08,8,18,5,1.0,Plantae,Mollusca,0.811
pagurus_prideaux,sicyonia_carinata,9,2.63,3.42,4.85,3.6971106928605824e-05,5,9,6,1.0,Malacostraca,Malacostraca,0.811
aglaophenia_pluma,anilocra_physodes,7,1.74,4.01,4.43,0.0002202407645266551,6,7,6,1.0,Cnidaria,Malacostraca,0.811
irus_irus,musculus_costulatus,19,6.33,3.0,8.06,2.8662178395725406e-13,12,18,5,1.0,Mollusca,Mollusca,0.809
placida_cremoniana,spurilla_neapolitana,19,6.33,3.0,7.75,2.5445461573724737e-12,5,17,5,0.842,Mollusca,Mollusca,0.809
gastrana_fragilis,spisula_subtruncata,7,2.14,3.28,5.28,0.018569382593955155,6,7,7,1.0,Mollusca,Mollusca,0.809
lissoclinum_weigelei,spirastrella_cunctatrix,11,2.86,3.85,5.4,2.6386999922782463e-06,4,11,5,1.0,Animalia,Porifera,0.808
caulerpa_cylindracea,phallusia_mammillata,8,2.19,3.65,5.02,2.2980219892966442e-05,6,7,6,1.0,Plantae,Animalia,0.808
aporrhais_pespelecani,tritia_mutabilis,8,2.64,3.03,4.88,4.4695654015114646e-05,7,8,7,1.0,Mollusca,Mollusca,0.807
pilumnus_hirtellus,tritia_nitida,16,4.99,3.2,5.88,1.811190882186919e-07,7,13,5,1.0,Malacostraca,Mollusca,0.806
acanthocardia_paucicostata,peronidia_albicans,8,2.2,3.64,5.48,3.585139944207535e-06,6,8,6,0.875,Mollusca,Mollusca,0.806
caloria_quatrefagesi,elysia_timida,9,2.66,3.39,4.51,0.00012657873908713873,5,7,6,1.0,Mollusca,Mollusca,0.805
astrospartus_mediterraneus,diazona_violacea,7,1.76,3.97,4.46,0.00020140909383412054,5,6,6,1.0,Echinodermata,Animalia,0.805
brissus_unicolor,haliotis_tuberculata,6,1.34,4.47,4.41,0.00028113213568901527,5,6,6,1.0,Echinodermata,Mollusca,0.805
chama_gryphoides,plakina_monolopha,17,5.47,3.11,5.75,3.2676652402068677e-07,4,17,5,1.0,Mollusca,Porifera,0.804
scorpaena_scrofa,zeus_faber,12,3.3,3.64,9.17,0.0009427806217598627,3,11,5,1.0,Actinopterygii,Actinopterygii,0.803
pisidia_bluteli,reptadeonella_violacea,5,0.68,7.35,8.33,0.003070188079621457,5,5,5,1.0,Malacostraca,Bryozoa,0.803
agelas_oroides,aglaophenia_elongata,8,1.7,4.69,6.22,1.0326174517141266e-07,8,8,5,1.0,Porifera,Cnidaria,0.803
placida_dendritica,tylodina_perversa,8,2.21,3.62,5.44,4.175435637421284e-06,5,7,6,1.0,Mollusca,Mollusca,0.803
corticium_candelabrum,cribrinopsis_crassa,10,3.13,3.2,4.33,0.0002165253222886206,9,10,6,1.0,Porifera,Cnidaria,0.803
bittium_reticulatum,ditrupa_arietina,16,5.03,3.18,5.99,1.034802412337073e-07,13,16,5,1.0,Mollusca,Annelida,0.802
bosemprella_incarnata,donacilla_cornea,8,1.71,4.68,5.57,2.0326196020276666e-06,6,8,5,1.0,Mollusca,Mollusca,0.802
donax_trunculus,papillicardium_papillosum,8,2.66,3.01,3.93,0.001001332949188646,7,8,7,1.0,Mollusca,Mollusca,0.802
naticarius_hebraeus,ocenebra_edwardsii,5,0.68,7.32,5.86,0.0031200742146806227,5,5,5,1.0,Mollusca,Mollusca,0.801
asterina_gibbosa,harmothoe_areolata,9,2.67,3.37,4.95,2.607655999637057e-05,7,8,6,1.0,Echinodermata,Annelida,0.801
columbella_rustica,ilia_nucleus,5,0.68,7.3,9.04,0.0031518468245979605,4,5,5,1.0,Mollusca,Malacostraca,0.8
talochlamys_multistriata,turritellinella_tricarinata,9,2.1,4.29,6.01,2.2795385410004958e-07,6,9,5,1.0,Mollusca,Mollusca,0.8
bispira_volutacornis,serranus_cabrilla,11,3.61,3.04,5.09,1.1720236045384054e-05,6,11,6,0.818,Annelida,Actinopterygii,0.8
limaria_hians,talochlamys_multistriata,11,3.61,3.04,4.76,4.214359414839482e-05,8,11,6,1.0,Mollusca,Mollusca,0.8
bittium_reticulatum,ebenomitra_ebenus,10,2.49,4.01,7.57,0.0014022292762326328,7,10,5,1.0,Mollusca,Mollusca,0.799
diplosoma_spongiforme,isara_cornea,10,3.14,3.18,4.51,0.00011432459332819048,4,9,6,1.0,Animalia,Mollusca,0.799
diaphorodoris_alba,phorbas_topsenti,7,2.17,3.23,4.15,0.0005927726091443587,6,6,7,1.0,Mollusca,Porifera,0.799
cymodocea_nodosa,paranemonia_cinerea,7,2.16,3.23,4.06,0.0007804169310863204,5,7,7,1.0,Plantae,Cnidaria,0.799
bosellia_mimetica,phorbas_topsenti,10,2.5,3.99,6.15,9.495737300781114e-08,6,10,5,1.0,Mollusca,Porifera,0.797
galathea_bolivari,pachycerianthus_solitarius,6,1.01,5.92,5.44,0.002861858501456776,4,6,5,1.0,Malacostraca,Cnidaria,0.797
lithophaga_lithophaga,pisania_striata,8,2.23,3.59,4.53,0.0001353970756166935,8,8,6,1.0,Mollusca,Mollusca,0.797
syngnathus_abaster,tritia_nitida,8,1.73,4.62,5.53,2.4672372866384293e-06,5,8,5,1.0,Actinopterygii,Mollusca,0.796
pycnoclavella_communis,spicara_smaris,10,3.16,3.16,4.45,0.00014400267287981264,5,9,6,1.0,Animalia,Actinopterygii,0.795
dendrodoris_temarana,thysanozoon_brocchii,12,3.35,3.59,6.31,3.125000869035986e-08,6,11,5,0.917,Mollusca,Platyhelminthes,0.794
pachycerianthus_solitarius,synapturichthys_kleinii,7,1.8,3.89,5.98,0.008867319008215042,5,5,6,1.0,Cnidaria,Actinopterygii,0.793
aequipecten_opercularis,mactra_stultorum,5,0.7,7.17,5.82,0.003368897640193736,5,5,5,1.0,Mollusca,Mollusca,0.793
notospermus_geniculatus,rhyssoplax_olivacea,11,2.93,3.75,5.38,2.9270777863326963e-06,11,11,5,1.0,Animalia,Mollusca,0.792
galathea_squamifera,ocenebra_erinaceus,11,2.93,3.75,5.11,9.37210652093968e-06,7,11,5,0.818,Malacostraca,Mollusca,0.792
bolma_rugosa,muraena_helena,7,1.8,3.88,4.3,0.00033700236903127454,4,7,6,1.0,Mollusca,Actinopterygii,0.792
cerastoderma_edule,ocenebra_erinaceus,6,1.02,5.85,6.45,0.0030112226762013983,4,6,5,0.833,Mollusca,Mollusca,0.791
gobius_xanthocephalus,tritia_mutabilis,9,2.13,4.22,6.07,1.718807085588377e-07,4,7,5,1.0,Actinopterygii,Mollusca,0.791
pisidia_bluteli,pomatoschistus_marmoratus,12,3.36,3.57,5.77,4.630478526060755e-07,7,11,5,1.0,Malacostraca,Actinopterygii,0.791
paraflabellina_ischitana,periclimenes_aegylios,14,4.23,3.31,6.73,2.4472024403049998e-09,3,14,5,1.0,Mollusca,Malacostraca,0.79
monochirus_hispidus,mullus_barbatus,6,1.38,4.35,6.46,0.010040110936647854,4,6,6,1.0,Actinopterygii,Actinopterygii,0.79
harmothoe_areolata,porcellana_platycheles,15,4.67,3.21,6.38,1.4839471235954867e-08,10,14,5,1.0,Annelida,Malacostraca,0.79
acanthonyx_lunulatus,clinitrachus_argentatus,6,1.03,5.84,5.8,0.003037859789248395,5,6,5,1.0,Malacostraca,Actinopterygii,0.79
gari_depressa,tritia_nitida,10,3.18,3.14,5.72,8.767036755998209e-07,7,8,6,1.0,Mollusca,Mollusca,0.79
patella_ulyssiponensis,tritia_corrugata,8,1.75,4.57,5.44,3.6695238970216696e-06,6,8,5,1.0,Mollusca,Mollusca,0.79
arca_noae,pholas_dactylus,7,2.19,3.19,4.49,0.00021159392668939185,6,7,7,1.0,Mollusca,Mollusca,0.79
haloa_japonica,pilumnus_hirtellus,16,5.13,3.12,6.79,1.3600813181603557e-09,6,12,5,1.0,Mollusca,Malacostraca,0.789
galactites_tomentosus,thomisus_onustus,6,1.38,4.34,4.36,0.00033390218159214216,4,5,6,0.833,Plantae,Arachnida,0.789
aplus_dorbignyi,pinctada_radiata,13,3.8,3.42,7.69,8.42544983845211e-12,4,12,5,1.0,Mollusca,Mollusca,0.788
astropecten_spinulosus,felimare_villafranca,9,2.14,4.2,5.28,5.883929234183151e-06,6,9,5,1.0,Echinodermata,Mollusca,0.788
bittium_reticulatum,neverita_josephinia,7,1.81,3.86,5.18,1.5043762172568292e-05,7,7,6,1.0,Mollusca,Mollusca,0.788
dictyota_spiralis,jania_rubens,10,3.2,3.13,4.65,7.022967654184293e-05,9,10,6,1.0,,Plantae,0.788
elysia_gordanae,placida_verticilata,13,3.81,3.41,7.15,2.4020883251972e-10,6,13,5,1.0,Mollusca,Mollusca,0.787
condylactis_aurantiaca,gobius_xanthocephalus,9,2.73,3.3,4.14,0.0004436439929314774,4,8,6,1.0,Cnidaria,Actinopterygii,0.787
conger_conger,pagurus_cuanensis,16,5.15,3.11,6.04,8.183002100508356e-08,7,15,5,1.0,Actinopterygii,Malacostraca,0.786
astropecten_platyacanthus,limaria_hians,10,3.21,3.12,4.69,6.188145844544301e-05,7,9,6,1.0,Echinodermata,Mollusca,0.786
galathea_strigosa,pagurus_anachoretus,6,1.39,4.31,4.46,0.0002453315467128134,6,6,6,1.0,Malacostraca,Malacostraca,0.785
moerella_pulchella,solen_marginatus,9,2.16,4.17,6.75,5.061992040232853e-09,5,9,5,1.0,Mollusca,Mollusca,0.784
diplosoma_listerianum,euthria_cornea,14,4.27,3.28,6.35,1.9494748826933156e-08,9,13,5,1.0,Animalia,Mollusca,0.784
asparagus_acutifolius,salvia_verbenaca,8,1.77,4.52,5.92,4.2999731746275143e-07,6,8,5,1.0,Plantae,Plantae,0.784
bromus_diandrus,plantago_lagopus,10,3.21,3.11,4.41,0.00016582581460467162,4,5,6,1.0,Plantae,Plantae,0.784
filograna_implexa,turbicellepora_avicularis,10,3.21,3.11,4.32,0.00022764159717089457,7,8,6,1.0,Annelida,Bryozoa,0.784
ascandra_contorta,hildenbrandia_rubra,15,4.71,3.18,7.2,1.3762640967289127e-10,6,14,5,1.0,Porifera,Plantae,0.783
silybum_marianum,stellaria_media,6,1.4,4.29,4.5,0.00021497919658634235,6,6,6,1.0,Plantae,Plantae,0.783
melarhaphe_neritoides,steromphala_divaricata,8,1.78,4.5,7.56,0.0024095132781222156,8,8,5,1.0,Mollusca,Mollusca,0.782
ophiothrix_fragilis,rudmania_purpurea,6,1.05,5.73,5.81,0.003296246202235218,5,5,5,0.833,Echinodermata,Mollusca,0.782
gibberula_miliaria,steromphala_rarilineata,6,1.05,5.73,5.81,0.0032986761158801886,5,6,5,1.0,Mollusca,Mollusca,0.782
fasciospongia_cavernosa,reptadeonella_violacea,12,3.41,3.52,5.78,4.4216106121421164e-07,8,12,5,1.0,Porifera,Bryozoa,0.782
cestum_veneris,tylodina_perversa,8,1.78,4.5,5.58,2.041568500426232e-06,5,8,5,1.0,Ctenophora,Mollusca,0.782
bituminaria_bituminosa,carduus_pycnocephalus,5,0.72,6.98,5.42,0.003709827087432323,5,5,5,1.0,Plantae,Plantae,0.782
galathea_strigosa,inachus_phalangium,13,3.84,3.38,5.4,2.316474226746467e-06,6,13,5,1.0,Malacostraca,Malacostraca,0.781
aphia_minuta,mullus_barbatus,12,3.42,3.5,5.69,6.729186738792165e-07,6,12,5,1.0,Actinopterygii,Actinopterygii,0.778
bonnemaisonia_asparagoides,sycon_raphanus,12,3.43,3.5,5.67,7.524455032745643e-07,8,12,5,1.0,Plantae,Porifera,0.778
oedemera_atrata,psilothrix_viridicoerulea,6,1.06,5.68,5.44,0.003429830551964152,5,6,5,1.0,Insecta,Insecta,0.778
carduus_pycnocephalus,geranium_rotundifolium,6,1.41,4.25,5.11,0.011020977560984158,6,6,6,0.833,Plantae,Plantae,0.778
ericaria_mediterranea,hamigera_hamigera,9,2.77,3.25,4.38,0.00020101275397056044,5,9,6,1.0,,Porifera,0.777
naticarius_hebraeus,pinctada_radiata,7,2.23,3.13,3.75,0.0019269931982813294,6,7,7,1.0,Mollusca,Mollusca,0.777
mytilaster_minimus,spisula_subtruncata,14,4.33,3.24,6.18,4.8673148288644704e-08,12,14,5,1.0,Mollusca,Mollusca,0.776
tritia_corrugata,xantho_poressa,7,1.85,3.78,4.63,0.00011765019118474008,7,7,6,1.0,Mollusca,Malacostraca,0.776
barbatia_barbata,gastrana_fragilis,10,3.26,3.07,4.57,9.731794354030634e-05,6,10,6,1.0,Mollusca,Mollusca,0.775
glycymeris_nummaria,talochlamys_multistriata,6,1.42,4.23,4.49,0.00022492812134771142,5,6,6,1.0,Mollusca,Mollusca,0.775
didemnum_coccineum,felimare_fontandraui,5,0.73,6.84,5.94,0.0039782223526038515,5,5,5,1.0,Animalia,Mollusca,0.774
bunodactis_verrucosa,xantho_poressa,14,4.33,3.23,5.55,1.0663558791940641e-06,9,13,5,1.0,Cnidaria,Malacostraca,0.774
columbella_rustica,diodora_graeca,13,3.89,3.34,6.99,6.49840289289381e-10,6,13,5,0.923,Mollusca,Mollusca,0.773
ericaria_mediterranea,phallusia_fumigata,12,3.45,3.47,5.56,1.2042599493811618e-06,9,11,5,1.0,,Animalia,0.773
halcampoides_purpureus,inachus_phalangium,15,4.8,3.13,5.65,6.164408383145203e-07,5,15,5,1.0,Cnidaria,Malacostraca,0.772
mesophyllum_alternans,palaemon_elegans,5,0.73,6.82,5.24,0.0040280661750953465,3,5,5,1.0,Plantae,Malacostraca,0.772
acanthocardia_aculeata,patella_ulyssiponensis,5,0.74,6.8,5.81,0.004074010289586227,5,5,5,1.0,Mollusca,Mollusca,0.771
didemnum_coriaceum,pseudodistoma_crucigaster,6,1.43,4.2,5.78,0.011514369062617366,5,6,6,1.0,Animalia,Animalia,0.771
donax_variegatus,tricolia_pullus,9,2.79,3.22,4.52,0.0001255619539989646,6,9,6,1.0,Mollusca,Mollusca,0.771
calliactis_parasitica,holothuria_sanctori,7,2.26,3.1,4.06,0.0007994148851688054,5,7,7,0.857,Cnidaria,Echinodermata,0.771
chondrilla_nucula,symphodus_cinereus,6,1.08,5.58,5.84,0.0036862520222521824,5,6,5,1.0,Porifera,Actinopterygii,0.77
clanculus_corallinus,venus_verrucosa,8,1.82,4.4,5.75,9.760302445447854e-07,7,8,5,1.0,Mollusca,Mollusca,0.77
cymodocea_nodosa,hemimycale_columella,7,1.87,3.74,4.1,0.0006409760832184137,6,7,6,1.0,Plantae,Porifera,0.77
bittium_latreillii,ruditapes_decussatus,6,1.43,4.18,6.55,0.011718880813467612,5,6,6,1.0,Mollusca,Mollusca,0.769
lepadogaster_candolii,tritia_corniculum,12,3.48,3.45,6.37,2.31243703748173e-08,3,12,5,1.0,Actinopterygii,Mollusca,0.769
ophidiaster_ophidianus,reteporella_grimaldii,8,2.33,3.43,5.14,1.4926229436045836e-05,7,5,6,1.0,Echinodermata,Bryozoa,0.769
elysia_timida,symphodus_cinereus,9,2.8,3.21,4.43,0.0001744176717591174,7,9,6,1.0,Mollusca,Actinopterygii,0.769
bittium_latreillii,irus_irus,9,2.22,4.05,6.63,1.0377372405249252e-08,7,9,5,1.0,Mollusca,Mollusca,0.768
crimora_papillata,felimare_villafranca,6,1.08,5.55,5.48,0.003767745758048591,4,6,5,1.0,Mollusca,Mollusca,0.768
discocelis_tigrina,steromphala_varia,12,3.49,3.44,5.2,6.012795062918161e-06,4,12,5,1.0,Platyhelminthes,Mollusca,0.768
ciona_edwardsi,clathrina_clathrus,7,1.45,4.84,5.1,1.806708868272384e-05,4,7,5,1.0,Animalia,Porifera,0.767
pachycerianthus_solitarius,uranoscopus_scaber,9,2.81,3.2,4.79,4.836516404353256e-05,7,9,6,1.0,Cnidaria,Actinopterygii,0.767
antedon_mediterranea,candiella_manicata,9,2.82,3.19,6.51,0.008925685856291707,7,9,6,1.0,Echinodermata,Mollusca,0.765
petrosia_ficiformis,predaea_ollivieri,9,2.24,4.02,6.46,2.468464394530313e-08,6,9,5,1.0,Porifera,Plantae,0.764
acrosymphyton_purpuriferum,oscarella_lobularis,5,0.75,6.67,5.72,0.004357895587619009,5,5,5,1.0,Plantae,Porifera,0.764
mylabris_quadripunctata,pyronia_bathseba,7,1.89,3.7,4.43,0.00023179284381044709,4,6,6,1.0,Insecta,Insecta,0.764
donax_semistriatus,venus_verrucosa,7,1.46,4.8,6.69,0.0034087591493747117,5,7,5,1.0,Mollusca,Mollusca,0.763
antiopella_cristata,galathea_strigosa,11,3.08,3.57,5.13,8.792509035687225e-06,6,11,5,1.0,Mollusca,Malacostraca,0.763
frondipora_verrucosa,trinchesia_morrowae,7,1.46,4.79,5.2,1.25172658661067e-05,6,6,5,1.0,Bryozoa,Mollusca,0.762
barbatia_barbata,spirobranchus_triqueter,7,1.9,3.69,4.01,0.0008537990734610702,6,7,6,1.0,Mollusca,Annelida,0.762
ascandra_contorta,smittina_cervicornis,8,2.36,3.39,3.85,0.0011843181484096693,5,7,6,1.0,Porifera,Bryozoa,0.762
disporella_hispida,spirastrella_cunctatrix,10,3.32,3.01,4.8,4.1415458203327245e-05,7,10,6,1.0,Bryozoa,Porifera,0.761
hacelia_attenuata,platydoris_argo,6,1.46,4.12,4.14,0.0006696697460229215,5,6,6,1.0,Echinodermata,Mollusca,0.761
amphorina_farrani,simnia_spelta,7,1.47,4.77,6.26,0.0035047390951735524,6,7,5,1.0,Mollusca,Mollusca,0.76
gobius_roulei,pecten_jacobaeus,6,1.1,5.46,6.18,0.004032727350180526,5,5,5,1.0,Actinopterygii,Mollusca,0.76
steromphala_rarilineata,tritia_neritea,5,0.76,6.61,5.5,0.004502226460192216,5,5,5,1.0,Mollusca,Mollusca,0.76
hoplangia_durotrix,leptopsammia_pruvoti,11,3.09,3.55,5.48,2.0120878500235826e-06,7,11,5,1.0,Cnidaria,Cnidaria,0.76
ariosoma_balearicum,mesochaetopterus_rogeri,6,1.1,5.45,5.07,0.00407071778134965,6,6,5,1.0,Actinopterygii,Annelida,0.76
steromphala_divaricata,tritia_neritea,7,1.91,3.67,7.98,0.011476453757700513,5,7,6,1.0,Mollusca,Mollusca,0.759
cacospongia_mollior,ircinia_variabilis,7,1.91,3.67,5.23,0.011437050818471106,6,7,6,1.0,Porifera,Porifera,0.759
palaemon_elegans,syngnathus_typhle,7,1.91,3.67,4.58,0.00013828072169634324,6,7,6,0.857,Malacostraca,Actinopterygii,0.759
carcinus_aestuarii,ruditapes_decussatus,6,1.46,4.1,5.37,0.012627265403994802,5,5,6,1.0,Malacostraca,Mollusca,0.758
lepadogaster_lepadogaster,pisania_striata,8,1.86,4.3,5.32,6.271816719187936e-06,5,7,5,1.0,Actinopterygii,Mollusca,0.758
chamelea_striatula,loripes_orbiculatus,9,2.27,3.97,6.75,0.002673394313007877,3,8,5,1.0,Mollusca,Mollusca,0.757
cardita_calyculata,notocochlis_dillwynii,5,0.76,6.57,5.61,0.0046016580542659734,5,5,5,1.0,Mollusca,Mollusca,0.757
modiolus_barbatus,semicassis_undulata,7,1.48,4.74,5.38,6.11018848910246e-06,5,6,5,1.0,Mollusca,Mollusca,0.757
modiolus_barbatus,spisula_subtruncata,9,2.27,3.97,5.37,4.247870045470557e-06,8,9,5,1.0,Mollusca,Mollusca,0.757
crimora_papillata,felimare_orsinii,10,2.69,3.72,5.33,4.3113005269882606e-06,4,10,5,1.0,Mollusca,Mollusca,0.756
haliclona_fulva,pycnoclavella_communis,8,1.87,4.28,4.92,3.075482934781925e-05,7,8,5,0.875,Porifera,Animalia,0.756
juncus_acutus,tamarix_gallica,7,1.92,3.65,4.62,0.0001233728074318817,6,7,6,1.0,Plantae,Plantae,0.756
bunodeopsis_strumosa,mesochaetopterus_rogeri,8,1.87,4.27,5.25,8.41321419149379e-06,3,6,5,1.0,Cnidaria,Annelida,0.755
dendroxea_lenis,polysyncraton_lacazei,11,3.13,3.52,5.85,3.724199770246358e-07,9,11,5,1.0,Porifera,Animalia,0.754
placida_dendritica,spurilla_neapolitana,11,3.13,3.52,5.48,1.963123459352212e-06,5,9,5,1.0,Mollusca,Mollusca,0.754
bulla_striata,tricolia_speciosa,9,2.87,3.14,4.64,8.44403257778319e-05,9,9,6,0.889,Mollusca,Mollusca,0.754
condylactis_aurantiaca,spondyliosoma_cantharus,6,1.47,4.07,3.94,0.0012206064011270864,4,6,6,1.0,Cnidaria,Actinopterygii,0.754
haliotis_tuberculata,mactra_stultorum,5,0.77,6.5,9.36,0.004783348232297809,5,5,5,1.0,Mollusca,Mollusca,0.753
crella_elegans,dysidea_avara,7,1.49,4.7,6.06,0.003782152557966876,5,7,5,1.0,Porifera,Porifera,0.753
alcyonium_acaule,facelinopsis_marioni,15,4.94,3.04,5.94,1.5513922462916177e-07,9,15,5,1.0,Cnidaria,Mollusca,0.753
chamelea_gallina,ruditapes_decussatus,6,1.48,4.06,5.14,0.013044367164169315,6,6,6,1.0,Mollusca,Mollusca,0.753
branchiomma_luctuosum,callinectes_sapidus,7,1.49,4.69,6.02,0.00380667829257287,4,7,5,1.0,Annelida,Malacostraca,0.752
conus_ventricosus,donax_semistriatus,8,2.4,3.34,4.81,5.2925844082432326e-05,7,8,6,1.0,Mollusca,Mollusca,0.752
bunodactis_verrucosa,electra_posidoniae,12,3.59,3.35,5.59,1.088348048991742e-06,6,11,5,1.0,Cnidaria,Bryozoa,0.751
chama_gryphoides,idotea_balthica,5,0.77,6.47,5.45,0.0048763631201910705,5,5,5,1.0,Mollusca,Crustacea,0.751
chamelea_gallina,styela_plicata,6,1.48,4.04,4.89,0.013319868484438372,6,6,6,1.0,Mollusca,Animalia,0.751
aplus_dorbignyi,irus_irus,13,4.04,3.22,6.15,6.418204279653827e-08,5,11,5,1.0,Mollusca,Mollusca,0.75
bittium_latreillii,rissoa_decorata,7,1.5,4.66,5.5,0.003911954860524205,7,7,5,1.0,Mollusca,Mollusca,0.749
hydrolithon_farinosum,taonia_pseudociliata,5,0.78,6.44,5.19,0.0049509135438923334,5,5,5,1.0,Plantae,,0.749
hydrolithon_farinosum,phallusia_fumigata,12,3.59,3.34,4.84,2.6027535870377077e-05,12,11,5,1.0,Plantae,Animalia,0.749
ascidia_mentula,clathrina_clathrus,9,2.31,3.9,4.62,8.01582292825965e-05,8,9,5,1.0,Animalia,Porifera,0.748
columbella_rustica,spisula_subtruncata,6,1.5,4.01,7.73,0.013768870642694622,6,6,6,1.0,Mollusca,Mollusca,0.747
hypnea_musciformis,microlipophrys_canevae,10,2.73,3.66,5.42,2.9133726916325414e-06,7,10,5,1.0,Plantae,Actinopterygii,0.747
maja_crispata,nerocila_bivittata,9,2.91,3.1,4.46,0.00015817044603389172,5,9,6,1.0,Malacostraca,Malacostraca,0.746
clanculus_jussieui,ruditapes_decussatus,14,4.54,3.09,5.37,2.4519586771289924e-06,4,14,5,1.0,Mollusca,Mollusca,0.744
oscarella_lobularis,sertularella_crassicaulis,14,4.53,3.09,5.29,3.5864579824347233e-06,6,13,5,1.0,Porifera,Cnidaria,0.744
chelonaplysilla_noevus,harmothoe_areolata,6,1.14,5.25,5.83,0.00474188195485469,5,6,5,1.0,Porifera,Annelida,0.743
iberus_splendidus,trochoidea_elegans,7,1.96,3.57,5.41,0.01285954679696706,7,6,6,1.0,Mollusca,Mollusca,0.743
salvia_verbenaca,ulex_parviflorus,5,0.79,6.34,5.08,0.0052223903354069725,4,5,5,1.0,Plantae,Plantae,0.743
clathrina_clathrus,didemnum_coccineum,8,2.43,3.29,4.74,7.026985548061282e-05,8,7,6,1.0,Porifera,Animalia,0.743
gobius_roulei,semicassis_undulata,8,2.43,3.29,4.51,0.00015401128496138482,7,8,6,1.0,Actinopterygii,Mollusca,0.743
dosinia_lupinus,mytilaster_minimus,12,3.64,3.3,7.45,5.09938266714042e-11,8,12,5,1.0,Mollusca,Mollusca,0.742
helicodonta_obvoluta,lauria_cylindracea,5,0.79,6.31,8.07,0.005310940725578836,5,5,5,1.0,Mollusca,Mollusca,0.741
codium_bursa,mesophyllum_lichenoides,5,0.79,6.31,6.57,0.0053351930819901874,5,5,5,1.0,Plantae,Plantae,0.741
clathrina_rubra,holothuria_forskali,9,2.34,3.85,5.02,1.8113747757214557e-05,5,7,5,1.0,Porifera,Echinodermata,0.741
pecten_jacobaeus,solecurtus_strigilatus,6,1.51,3.97,4.15,0.0006651276946269481,6,6,6,1.0,Mollusca,Mollusca,0.741
oscarella_tuberculata,terpios_gelatinosus,12,3.65,3.29,5.27,4.55096989594995e-06,3,11,5,1.0,Porifera,Porifera,0.74
eunicella_gazella,sertularella_crassicaulis,5,0.8,6.28,5.18,0.0054113093019240695,4,5,5,1.0,Cnidaria,Cnidaria,0.739
donax_semistriatus,laevicardium_oblongum,9,2.93,3.07,4.79,5.093966900736612e-05,6,9,6,1.0,Mollusca,Mollusca,0.739
caloria_quatrefagesi,centrolabrus_melanocercus,8,2.45,3.27,4.13,0.0005350874543919095,6,8,6,1.0,Mollusca,Actinopterygii,0.739
glycymeris_glycymeris,spondylus_gaederopus,7,1.54,4.56,5.04,2.378838971167161e-05,7,7,5,1.0,Mollusca,Mollusca,0.738
didemnum_lahillei,lepidopleurus_cajetanus,6,1.16,5.18,5.21,0.005000083176306021,5,6,5,1.0,Animalia,Mollusca,0.737
alpheus_dentipes,xantho_poressa,5,0.8,6.24,4.99,0.005538337035860378,5,5,5,0.8,Malacostraca,Malacostraca,0.737
ctena_decussata,tricolia_speciosa,10,2.79,3.59,6.43,2.4381921373214013e-08,8,10,5,1.0,Mollusca,Mollusca,0.736
diaphorodoris_alba,serranus_cabrilla,7,1.98,3.53,5.88,0.013543883629616164,7,7,6,1.0,Mollusca,Actinopterygii,0.736
asparagus_acutifolius,lantana_camara,5,0.8,6.23,5.46,0.005572401182142274,5,5,5,1.0,Plantae,Plantae,0.736
cymodocea_nodosa,velella_velella,9,2.35,3.82,5.3,5.838634300856231e-06,6,9,5,1.0,Plantae,Cnidaria,0.736
aplidium_elegans,frondipora_verrucosa,7,1.55,4.53,5.19,1.3283472092879386e-05,3,7,5,1.0,Animalia,Bryozoa,0.735
modiolus_barbatus,tritia_mutabilis,8,1.95,4.11,5.11,1.4667303048989508e-05,6,8,5,1.0,Mollusca,Mollusca,0.735
donax_semistriatus,talochlamys_multistriata,11,3.23,3.41,4.91,2.254513387992671e-05,8,10,5,1.0,Mollusca,Mollusca,0.735
alpheus_dentipes,athanas_nitescens,7,1.99,3.51,4.49,0.00019721425295342516,7,7,6,0.857,Malacostraca,Malacostraca,0.733
atherina_boyeri,tritia_mutabilis,6,1.53,3.91,4.1,0.0007797834851779416,5,6,6,1.0,Actinopterygii,Mollusca,0.733
mesophyllum_expansum,platydoris_argo,7,1.99,3.51,4.09,0.0006951874054703288,7,7,6,1.0,Plantae,Mollusca,0.733
ascidia_mentula,haliclona_fulva,6,1.17,5.13,8.27,0.005225455183488135,3,6,5,1.0,Animalia,Porifera,0.732
electra_posidoniae,jania_virgata,13,4.16,3.13,5.52,1.420622446562527e-06,10,12,5,1.0,Bryozoa,Plantae,0.732
egretta_garzetta,ichthyaetus_audouinii,8,1.96,4.09,5.29,7.271049655409045e-06,5,8,5,1.0,Aves,Aves,0.732
diodora_graeca,timoclea_ovata,7,1.56,4.49,5.04,2.4097390576106508e-05,6,7,5,1.0,Mollusca,Mollusca,0.731
ctena_decussata,mactra_corallina,6,1.18,5.11,4.95,0.00531350200112447,6,6,5,1.0,Mollusca,Mollusca,0.731
balanophyllia_europaea,manupecten_pesfelis,7,2.0,3.5,3.78,0.001668089506356543,6,7,6,1.0,Cnidaria,Mollusca,0.731
ctena_decussata,pseudochama_gryphina,9,2.38,3.78,6.51,2.0645588782994146e-08,8,9,5,1.0,Mollusca,Mollusca,0.73
periclimenes_scriptus,uranoscopus_scaber,7,1.56,4.48,5.31,8.449757395945235e-06,4,6,5,0.857,Malacostraca,Actinopterygii,0.73
bituminaria_bituminosa,parietaria_judaica,6,1.18,5.1,5.09,0.00535812834234206,6,6,5,1.0,Plantae,Plantae,0.73
chelon_labrosus,hydrolithon_farinosum,8,1.97,4.07,5.05,1.8682346975150087e-05,5,8,5,1.0,Actinopterygii,Plantae,0.73
marthasterias_glacialis,ophidiaster_ophidianus,9,2.39,3.77,5.07,1.4994474961739386e-05,7,9,5,1.0,Echinodermata,Echinodermata,0.729
ascidia_mentula,lithophaga_lithophaga,13,4.18,3.11,6.31,2.9470431382236082e-08,7,12,5,1.0,Animalia,Mollusca,0.728
astropecten_irregularis,diogenes_pugilator,13,4.18,3.11,5.07,1.0040850388664762e-05,8,11,5,1.0,Echinodermata,Malacostraca,0.728
alcedo_atthis,egretta_garzetta,6,1.18,5.07,5.98,0.005475133123653733,5,6,5,1.0,Aves,Aves,0.727
dasycladus_vermicularis,spirastrella_cunctatrix,8,1.98,4.05,5.83,7.182769627619887e-07,6,7,5,1.0,Plantae,Porifera,0.727
calliostoma_laugieri,muricopsis_cristata,6,1.19,5.06,5.46,0.005509529579615856,5,6,5,1.0,Mollusca,Mollusca,0.726
dosinia_exoleta,pecten_jacobaeus,8,2.5,3.2,5.11,1.764363758820897e-05,7,8,6,1.0,Mollusca,Mollusca,0.726
bonnemaisonia_asparagoides,simnia_spelta,5,0.82,6.08,4.75,0.00607923170344235,4,5,5,1.0,Plantae,Mollusca,0.726
felimare_fontandraui,rudmania_purpurea,8,2.5,3.2,4.46,0.00018297294966547253,6,7,6,1.0,Mollusca,Mollusca,0.726
filograna_implexa,pycnoclavella_aurilucens,12,3.74,3.21,7.31,1.2626016503562238e-10,4,11,5,1.0,Annelida,Animalia,0.725
dasycladus_vermicularis,reptadeonella_violacea,11,3.28,3.35,6.05,1.4454829687896262e-07,9,10,5,1.0,Plantae,Bryozoa,0.725
loripes_orbiculatus,varicorbula_gibba,11,3.28,3.35,5.13,9.338456231441956e-06,6,10,5,1.0,Mollusca,Mollusca,0.725
gobius_xanthocephalus,hexadella_pruvoti,14,4.67,3.0,5.05,1.0176338226591671e-05,4,14,5,1.0,Actinopterygii,Porifera,0.725
aglaophenia_elongata,trididemnum_cereum,5,0.83,6.04,6.0,0.006226075765362549,3,3,5,1.0,Cnidaria,Animalia,0.724
ebenomitra_tricolor,polititapes_aureus,7,1.58,4.42,5.39,5.948022763564208e-06,7,7,5,1.0,Mollusca,Mollusca,0.723
amphorina_farrani,felimare_fontandraui,7,2.03,3.45,4.12,0.0006385138095073578,4,7,6,1.0,Mollusca,Mollusca,0.723
ebenomitra_ebenus,talochlamys_multistriata,6,1.2,5.01,6.36,0.005722856638778286,5,6,5,1.0,Mollusca,Mollusca,0.722
tricolia_pullus,tritia_pellucida,8,2.0,4.01,4.76,5.648301325283674e-05,7,8,5,1.0,Mollusca,Mollusca,0.722
carcinus_aestuarii,idotea_balthica,13,4.21,3.08,5.68,6.696824666681081e-07,6,12,5,1.0,Malacostraca,Crustacea,0.721
halcampoides_purpureus,oestergrenia_digitata,7,2.03,3.44,4.0,0.0009094416635634191,4,7,6,1.0,Cnidaria,Echinodermata,0.721
arnoglossus_thori,serranus_hepatus,9,2.42,3.71,8.76,0.0038919475700480047,5,8,5,0.889,Actinopterygii,Actinopterygii,0.72
ensis_minor,pagellus_acarne,7,1.6,4.39,4.7,8.283336988518652e-05,4,6,5,1.0,Mollusca,Actinopterygii,0.72
dosinia_lupinus,epitonium_clathrus,8,2.53,3.17,4.15,0.0005074150510568826,7,8,6,1.0,Mollusca,Mollusca,0.72
glans_trapezia,tritia_incrassata,6,1.2,4.98,6.69,0.005865799549484176,6,6,5,1.0,Mollusca,Mollusca,0.719
atherina_boyeri,carcinus_aestuarii,9,2.43,3.7,5.5,2.563970382164404e-06,6,8,5,1.0,Actinopterygii,Malacostraca,0.719
patella_rustica,tritia_nitida,6,1.58,3.81,4.33,0.00040285383641452407,5,6,6,1.0,Mollusca,Mollusca,0.719
crithmum_maritimum,eryngium_maritimum,8,2.53,3.16,4.33,0.00028347017101814536,4,7,6,1.0,Plantae,Plantae,0.718
brissus_unicolor,posidonia_oceanica,7,2.04,3.42,3.76,0.0017854714019251928,5,6,6,1.0,Echinodermata,Plantae,0.718
alvania_lineata,ocenebra_edwardsii,9,2.44,3.69,6.94,0.004004063038606958,6,8,5,1.0,Mollusca,Mollusca,0.717
gymnothorax_unicolor,ophidiaster_ophidianus,13,4.25,3.06,6.16,6.651170598544039e-08,7,9,5,1.0,Actinopterygii,Echinodermata,0.717
antalis_vulgaris,cardites_antiquatus,7,1.6,4.37,5.2,1.329326348218291e-05,5,7,5,1.0,Mollusca,Mollusca,0.717
dictyonella_incisa,ircinia_variabilis,10,2.88,3.47,5.2,7.864054225310073e-06,7,10,5,1.0,Porifera,Porifera,0.716
dysidea_avara,neogoniolithon_brassica_florida,11,3.33,3.3,4.75,4.194224061382653e-05,4,11,5,1.0,Porifera,Plantae,0.716
halcampoides_purpureus,necora_puber,7,1.61,4.35,5.3,8.825510716718925e-06,5,6,5,1.0,Cnidaria,Malacostraca,0.715
lithophaga_lithophaga,patinella_radiata,12,3.8,3.16,5.27,4.7096061867213e-06,7,12,5,1.0,Mollusca,Bryozoa,0.715
dasycladus_vermicularis,phorbas_topsenti,8,2.02,3.96,5.2,1.0678451324603002e-05,6,8,5,1.0,Plantae,Porifera,0.715
torpedo_marmorata,trachinus_radiatus,8,2.02,3.96,5.18,1.1395251350012577e-05,6,8,5,1.0,Elasmobranchii,Actinopterygii,0.715
calmella_cavolini,scopalina_lophyropoda,12,3.8,3.16,4.98,1.5518035144990694e-05,5,12,5,1.0,Mollusca,Porifera,0.715
limaria_hians,pseudoceros_maximus,10,2.89,3.46,4.88,2.7858270163611334e-05,8,10,5,1.0,Mollusca,Platyhelminthes,0.715
pycnoclavella_communis,sparus_aurata,11,3.35,3.29,5.59,1.311346151712377e-06,6,9,5,1.0,Animalia,Actinopterygii,0.714
acanthocardia_paucicostata,donax_semistriatus,7,1.61,4.34,5.22,1.2141222115101403e-05,7,7,5,1.0,Mollusca,Mollusca,0.714
pagurus_cuanensis,pseudaphya_ferreri,7,1.61,4.34,4.9,4.064281500746784e-05,3,6,5,1.0,Malacostraca,Actinopterygii,0.714
acteon_tornatilis,euspira_macilenta,8,2.55,3.14,4.14,0.0005308225938069495,6,8,6,1.0,Mollusca,Mollusca,0.714
bulla_striata,steromphala_rarilineata,8,2.54,3.14,4.08,0.0006358976318123607,8,8,6,1.0,Mollusca,Mollusca,0.714
atherina_hepsetus,harmothoe_areolata,12,3.81,3.15,4.98,1.589501677205349e-05,9,12,5,1.0,Actinopterygii,Annelida,0.713
centrolabrus_melanocercus,gongolaria_squarrosa,6,1.59,3.77,4.68,0.01729274396636284,4,6,6,1.0,Actinopterygii,,0.713
limaria_tuberculata,spirobranchus_triqueter,8,2.03,3.94,4.43,0.0001818260963344648,4,8,5,1.0,Mollusca,Annelida,0.713
hemibdella_soleae,sicyonia_carinata,5,0.85,5.87,5.05,0.006846426257138757,3,5,5,1.0,Annelida,Malacostraca,0.712
limaria_tuberculata,ocenebra_edwardsii,7,1.62,4.31,4.81,5.7319954951956735e-05,5,7,5,1.0,Mollusca,Mollusca,0.711
sicyonia_carinata,spondyliosoma_cantharus,7,2.07,3.38,4.32,0.0003412922509976325,7,7,6,1.0,Malacostraca,Actinopterygii,0.711
hemimycale_columella,xantho_poressa,10,2.91,3.43,5.52,2.0428745443269542e-06,10,10,5,1.0,Porifera,Malacostraca,0.71
diplodus_vulgaris,mytilus_galloprovincialis,8,2.57,3.12,4.32,0.00029871758795861863,4,6,6,1.0,Actinopterygii,Mollusca,0.71
hedera_helix,quercus_ilex,8,2.57,3.12,4.15,0.0005067490601564486,6,6,6,1.0,Plantae,Plantae,0.71
ensis_minor,tritia_incrassata,12,3.83,3.13,4.64,5.830889683815326e-05,7,12,5,1.0,Mollusca,Mollusca,0.709
acteon_tornatilis,solecurtus_strigilatus,7,1.63,4.29,4.99,2.9365640570021808e-05,5,7,5,1.0,Mollusca,Mollusca,0.708
dosinia_lupinus,patella_rustica,8,2.57,3.11,4.53,0.0001475381175104269,7,8,6,1.0,Mollusca,Mollusca,0.708
acanthocardia_aculeata,astropecten_irregularis,5,0.86,5.8,5.3,0.007149553320795581,4,4,5,0.8,Mollusca,Echinodermata,0.707
irus_irus,ruditapes_decussatus,7,1.63,4.28,5.1,1.9305912709246654e-05,4,6,5,1.0,Mollusca,Mollusca,0.707
gnathophyllum_elegans,steromphala_varia,8,2.06,3.89,4.75,6.12401065677982e-05,5,8,5,1.0,Malacostraca,Mollusca,0.706
asphodelus_fistulosus,petrosedum_sediforme,7,1.64,4.27,4.75,7.093809695038114e-05,6,6,5,1.0,Plantae,Plantae,0.706
donacilla_cornea,patella_rustica,5,0.87,5.76,5.15,0.007325668449014496,5,5,5,1.0,Mollusca,Mollusca,0.705
aplidium_elegans,hexadella_racovitzai,9,2.5,3.61,4.7,6.194028104120185e-05,4,9,5,0.889,Animalia,Porifera,0.705
aplus_dorbignyi,limaria_tuberculata,13,4.34,3.0,5.13,7.773314001140297e-06,7,13,5,1.0,Mollusca,Mollusca,0.704
naticarius_hebraeus,striarca_lactea,10,2.94,3.4,4.91,2.513606016212804e-05,6,10,5,1.0,Mollusca,Mollusca,0.704
dalophis_imberbis,scophthalmus_rhombus,7,1.65,4.24,5.16,1.566859940824512e-05,4,4,5,1.0,Actinopterygii,Actinopterygii,0.703
asparagopsis_taxiformis,rugulopteryx_okamurae,6,1.62,3.7,3.91,0.0013977421398489317,4,6,6,1.0,Plantae,,0.703
crematogaster_scutellaris,pyrrhocoris_apterus,6,1.62,3.7,3.91,0.0014005456782491892,6,6,6,1.0,Insecta,Insecta,0.703
pagurus_prideaux,petalifera_petalifera,8,2.6,3.08,4.16,0.000508324380163916,5,7,6,0.875,Malacostraca,Mollusca,0.702
ericaria_mediterranea,holothuria_sanctori,11,3.42,3.22,5.61,1.1883848904784723e-06,7,10,5,1.0,,Echinodermata,0.701
aglaophenia_pluma,elysia_viridis,10,2.96,3.38,5.02,1.677115044783824e-05,7,10,5,0.9,Cnidaria,Mollusca,0.701
columbella_rustica,tridentata_perpusilla,10,2.96,3.38,4.95,2.143176188751771e-05,8,10,5,1.0,Mollusca,Cnidaria,0.701
berthella_ocellata,pagurus_cuanensis,9,2.51,3.58,4.93,2.6843582077979675e-05,5,8,5,1.0,Mollusca,Malacostraca,0.701
harmothoe_areolata,lepadogaster_candolii,10,2.96,3.38,4.65,6.805083825998417e-05,7,9,5,1.0,Annelida,Actinopterygii,0.701
astropecten_spinulosus,phallusia_mammillata,6,1.26,4.77,4.77,0.006990533247623322,5,6,5,1.0,Echinodermata,Animalia,0.7
foeniculum_vulgare,rumex_crispus,6,1.63,3.68,4.77,0.019063166157081517,5,5,6,1.0,Plantae,Plantae,0.7
donax_semistriatus,echinocyamus_pusillus,8,2.08,3.84,4.96,2.8089976358850995e-05,5,8,5,1.0,Mollusca,Echinodermata,0.699
ascandra_contorta,tenellia_ocellata,8,2.08,3.84,4.44,0.00017950389341379107,5,8,5,1.0,Porifera,Mollusca,0.699
cardita_calyculata,trivia_monacha,6,1.26,4.75,7.4,0.007130229883799114,6,6,5,0.833,Mollusca,Mollusca,0.698
steromphala_rarilineata,tritia_reticulata,7,1.67,4.2,4.9,4.159380082957654e-05,6,7,5,1.0,Mollusca,Mollusca,0.698
agelas_oroides,aplidium_conicum,8,2.62,3.06,4.08,0.0006478760226025028,3,8,6,1.0,Porifera,Animalia,0.698
acanthocardia_tuberculata,echinocyamus_pusillus,7,2.12,3.3,4.03,0.0008543101022254493,5,7,6,1.0,Mollusca,Echinodermata,0.697
aplidium_elegans,phallusia_mammillata,7,2.12,3.3,3.72,0.002033989665496097,5,7,6,1.0,Animalia,Animalia,0.697
dendrodoris_temarana,tritia_corniculum,10,2.99,3.35,5.36,4.082576385473119e-06,3,9,5,1.0,Mollusca,Mollusca,0.696
ciona_robusta,sycon_raphanus,10,2.99,3.35,5.21,7.750560857574639e-06,6,8,5,1.0,Animalia,Porifera,0.696
gibbula_magus,peronaea_planata,6,1.27,4.73,4.79,0.007250409396409095,5,6,5,1.0,Mollusca,Mollusca,0.696
gobius_cobitis,nerophis_maculatus,9,2.53,3.55,4.76,5.102501051932893e-05,3,7,5,1.0,Actinopterygii,Actinopterygii,0.696
dendroxea_lenis,pleraplysilla_spinifera,8,2.62,3.05,4.19,0.00045294537170231325,5,8,6,1.0,Porifera,Porifera,0.696
bosemprella_incarnata,lutraria_magna,6,1.27,4.72,6.8,0.007324959850033852,4,5,5,1.0,Mollusca,Mollusca,0.695
dasyatis_pastinaca,raja_brachyura,7,1.68,4.17,4.97,3.259586171264183e-05,4,6,5,1.0,Elasmobranchii,Elasmobranchii,0.695
antiopella_cristata,prostheceraeus_vittatus,5,0.89,5.63,4.9,0.007935170654891651,4,4,5,1.0,Mollusca,Platyhelminthes,0.695
pagellus_erythrinus,periclimenes_scriptus,10,2.99,3.34,5.02,1.6891250922538862e-05,4,10,5,1.0,Actinopterygii,Malacostraca,0.694
ctena_decussata,ebenomitra_ebenus,6,1.65,3.64,5.02,0.019755069451486532,6,6,6,1.0,Mollusca,Mollusca,0.694
felimida_binza,galathea_squamifera,8,2.1,3.8,4.9,3.5496703917534356e-05,6,7,5,1.0,Mollusca,Malacostraca,0.694
clanculus_jussieui,eupolymnia_nebulosa,11,3.46,3.18,4.49,0.0001093794763131003,5,11,5,1.0,Mollusca,Annelida,0.694
cerastoderma_edule,laevicardium_crassum,6,1.65,3.64,3.82,0.0017723422480676776,6,6,6,1.0,Mollusca,Mollusca,0.694
anomia_ephippium,donax_variegatus,8,2.63,3.04,3.69,0.0019978849329270816,5,8,6,1.0,Mollusca,Mollusca,0.694
gobius_geniporus,periclimenes_aegylios,8,2.11,3.79,4.78,5.479276259347895e-05,3,8,5,1.0,Actinopterygii,Malacostraca,0.693
limaria_tuberculata,pitar_rudis,6,1.65,3.63,3.83,0.00174211202636691,6,6,6,0.833,Mollusca,Mollusca,0.693
acanthocardia_paucicostata,neverita_josephinia,7,1.69,4.15,4.8,6.14354273873528e-05,5,7,5,1.0,Mollusca,Mollusca,0.692
lagurus_ovatus,urospermum_picroides,5,0.9,5.58,4.8,0.008185470678115406,5,5,5,1.0,Plantae,Plantae,0.692
condylactis_aurantiaca,dardanus_calidus,8,2.64,3.03,4.41,0.0002283164285097209,6,7,6,1.0,Cnidaria,Malacostraca,0.692
anadyomene_stellata,tricleocarpa_fragilis,7,2.14,3.27,4.33,0.00033936804651728687,7,7,6,1.0,Plantae,Plantae,0.692
ischnura_elegans,sympetrum_fonscolombii,6,1.66,3.62,4.26,0.0005071092133021055,6,6,6,1.0,Insecta,Insecta,0.692
ophidion_rochei,pachycerianthus_solitarius,5,0.9,5.57,4.83,0.008215372367222038,4,4,5,1.0,Actinopterygii,Cnidaria,0.691
dalophis_imberbis,neverita_josephinia,10,3.01,3.32,4.74,4.8803096526679404e-05,6,9,5,1.0,Actinopterygii,Mollusca,0.691
arundo_donax,rhamnus_alaternus,7,1.69,4.14,4.73,7.657854425732772e-05,6,6,5,1.0,Plantae,Plantae,0.691
diodora_graeca,tritia_neritea,6,1.29,4.67,5.44,0.007631227607429314,4,6,5,1.0,Mollusca,Mollusca,0.69
patella_rustica,solecurtus_strigilatus,6,1.66,3.61,4.32,0.0004228301436607521,6,6,6,1.0,Mollusca,Mollusca,0.69
pachycerianthus_solitarius,paraflabellina_ischitana,7,2.15,3.26,3.93,0.0011473715320840364,5,7,6,1.0,Cnidaria,Mollusca,0.69
homarus_gammarus,stenopus_spinosus,6,1.66,3.61,3.92,0.0013655974356415984,5,6,6,1.0,Malacostraca,Malacostraca,0.69
microcosmus_squamiger,styela_plicata,12,3.97,3.03,4.93,1.9298939129761262e-05,6,12,5,0.917,Animalia,Animalia,0.689
candiella_odhneri,tenellia_ocellata,8,2.65,3.02,4.87,4.5895628752237565e-05,7,8,6,1.0,Mollusca,Mollusca,0.689
ctenolabrus_rupestris,galathea_strigosa,8,2.13,3.76,4.56,0.00011805183786690049,7,8,5,1.0,Actinopterygii,Malacostraca,0.689
chelidonichthys_obscurus,torpedo_torpedo,7,2.16,3.25,5.32,0.01929286883870762,3,4,6,1.0,Actinopterygii,Elasmobranchii,0.688
acanthella_acuta,ciona_edwardsi,7,1.7,4.11,4.47,0.00019148609049311592,6,7,5,1.0,Porifera,Animalia,0.688
monochirus_hispidus,pagurus_prideaux,8,2.66,3.01,3.99,0.000843407912363564,5,8,6,1.0,Actinopterygii,Malacostraca,0.687
bothus_podas,pagrus_auriga,6,1.67,3.59,3.98,0.0011478452538213535,4,5,6,1.0,Actinopterygii,Actinopterygii,0.687
chaetaster_longipes,hacelia_attenuata,8,2.66,3.01,3.96,0.0009202621695610082,8,8,6,1.0,Echinodermata,Echinodermata,0.687
galathea_squamifera,limaria_tuberculata,10,3.04,3.29,6.44,2.5901414951613605e-08,6,9,5,1.0,Malacostraca,Mollusca,0.686
callista_chione,venus_casina,5,0.91,5.5,5.22,0.008584851251094525,4,4,5,1.0,Mollusca,Mollusca,0.686
paguristes_eremita,schizobrachiella_sanguinea,11,3.5,3.14,5.04,1.4159478336898853e-05,6,10,5,1.0,Malacostraca,Bryozoa,0.686
gobius_vittatus,serranus_hepatus,6,1.29,4.63,4.58,0.00016299713438199803,4,5,5,1.0,Actinopterygii,Actinopterygii,0.686
rissoa_ventricosa,tritia_incrassata,6,1.3,4.61,6.03,0.008003211392415357,5,6,5,1.0,Mollusca,Mollusca,0.685
barnea_candida,ruditapes_decussatus,5,0.91,5.49,5.14,0.008641779402176267,5,5,5,1.0,Mollusca,Mollusca,0.685
alcyonium_acaule,oscarella_lobularis,12,3.99,3.01,4.94,1.9193189371095262e-05,7,12,5,1.0,Cnidaria,Porifera,0.685
elysia_timida,phorbas_topsenti,8,2.66,3.0,4.0,0.0008336389777213847,7,8,6,1.0,Mollusca,Porifera,0.685
cliona_rhodensis,halopteris_filicina,8,2.67,3.0,3.58,0.002694707536027814,5,7,6,1.0,Porifera,,0.685
ficus_carica,rhamnus_alaternus,6,1.68,3.56,3.78,0.002034743870272552,5,6,6,1.0,Plantae,Plantae,0.683
bispira_volutacornis,marionia_blainvillea,7,2.17,3.22,3.63,0.0025887286061821897,4,7,6,1.0,Annelida,Mollusca,0.683
ocenebra_erinaceus,scyliorhinus_canicula,5,0.92,5.44,4.89,0.008927857404512395,3,4,5,1.0,Mollusca,Elasmobranchii,0.682
pagellus_erythrinus,trachinus_radiatus,7,1.72,4.06,4.63,0.00011283755909460166,5,7,5,1.0,Actinopterygii,Actinopterygii,0.682
felimida_binza,gnathophyllum_elegans,6,1.69,3.55,4.28,0.0004891866910440749,3,6,6,1.0,Mollusca,Malacostraca,0.681
epitonium_clathrus,gibbula_fanulum,10,3.06,3.26,7.83,0.005101191834159214,7,10,5,1.0,Mollusca,Mollusca,0.68
neverita_josephinia,ocenebra_edwardsii,6,1.32,4.54,6.43,0.008478100120170282,4,6,5,1.0,Mollusca,Mollusca,0.678
gari_depressa,irus_irus,10,3.08,3.25,4.91,2.627544942432922e-05,7,10,5,0.9,Mollusca,Mollusca,0.678
lantana_camara,salvia_rosmarinus,6,1.7,3.53,3.79,0.001983468684468583,5,6,6,1.0,Plantae,Plantae,0.678
acanthella_acuta,episcomitra_cornicula,9,2.62,3.43,5.22,8.549707149619813e-06,5,9,5,1.0,Porifera,Mollusca,0.677
quercus_rotundifolia,scirpoides_holoschoenus,10,3.09,3.24,4.75,4.780606861510158e-05,8,10,5,0.9,Plantae,Plantae,0.677
harmothoe_areolata,limaria_hians,11,3.56,3.09,4.89,2.582322686282965e-05,8,11,5,1.0,Annelida,Mollusca,0.676
dactylopterus_volitans,solea_senegalensis,7,1.75,4.01,4.89,4.423844268303682e-05,6,6,5,1.0,Actinopterygii,Actinopterygii,0.676
schizobrachiella_sanguinea,solecurtus_strigilatus,10,3.1,3.23,4.8,3.982726116939685e-05,9,10,5,1.0,Bryozoa,Mollusca,0.675
epitonium_clathrus,mactra_corallina,7,2.2,3.18,4.49,0.00021140624835613056,6,7,6,1.0,Mollusca,Mollusca,0.675
donax_trunculus,laevicardium_crassum,7,2.2,3.18,3.81,0.0016336098308092832,6,7,6,1.0,Mollusca,Mollusca,0.675
oblada_melanurus,pomatomus_saltatrix,5,0.94,5.34,4.94,0.009490824870193577,5,5,5,0.8,Actinopterygii,Actinopterygii,0.674
fulica_atra,saxicola_rubicola,9,2.64,3.41,4.57,0.00010264915015789388,3,9,5,1.0,Aves,Aves,0.674
eupolymnia_nebulosa,pycnoclavella_communis,9,2.64,3.41,4.3,0.0002594464937662977,6,9,5,1.0,Annelida,Animalia,0.674
arca_noae,lutraria_magna,8,2.19,3.65,4.49,0.0001547179964583036,6,8,5,1.0,Mollusca,Mollusca,0.673
aplysina_aerophoba,pinctada_radiata,7,1.76,3.98,5.34,0.008028139912991247,4,7,5,1.0,Porifera,Mollusca,0.672
mnemiopsis_leidyi,salaria_pavo,7,1.76,3.98,5.04,2.5298592316391312e-05,6,7,5,1.0,Ctenophora,Actinopterygii,0.672
dalophis_imberbis,echiichthys_vipera,9,2.65,3.4,4.74,5.601170215514121e-05,6,8,5,1.0,Actinopterygii,Actinopterygii,0.672
bulla_striata,mactra_corallina,7,1.76,3.98,4.67,9.934303338594383e-05,7,7,5,1.0,Mollusca,Mollusca,0.672
boops_boops,processa_macrophthalma,7,1.76,3.98,4.6,0.00012619183332989955,5,7,5,1.0,Actinopterygii,Malacostraca,0.672
dardanus_calidus,syngnathus_typhle,7,2.21,3.16,3.59,0.0029247169533367203,6,6,6,1.0,Malacostraca,Actinopterygii,0.672
ciona_robusta,halichondria_bowerbanki,9,2.66,3.39,5.4,4.158269440803863e-06,3,7,5,1.0,Animalia,Porifera,0.671
lissoclinum_weigelei,reptadeonella_violacea,6,1.35,4.46,4.53,0.00019359995594198394,5,6,5,1.0,Animalia,Bryozoa,0.67
caryophyllia_inornata,limaria_tuberculata,10,3.12,3.2,4.35,0.00019751545950895245,6,10,5,1.0,Cnidaria,Mollusca,0.67
haliclona_fulva,parazoanthus_axinellae,11,3.6,3.06,4.31,0.00021157658965301302,7,11,5,1.0,Porifera,Cnidaria,0.67
neverita_josephinia,ostrea_edulis,7,2.22,3.15,4.29,0.00040050146469128853,6,7,6,1.0,Mollusca,Mollusca,0.67
loligo_vulgaris,palinurus_elephas,5,0.95,5.28,5.31,0.009842916345056423,3,4,5,1.0,Mollusca,Malacostraca,0.669
pagellus_acarne,solea_senegalensis,9,2.67,3.38,5.05,1.7207544045001127e-05,4,8,5,1.0,Actinopterygii,Actinopterygii,0.669
gibbula_magus,naticarius_hebraeus,9,2.66,3.38,4.98,2.3105836873271616e-05,4,9,5,1.0,Mollusca,Mollusca,0.669
cochlicella_acuta,lagurus_ovatus,5,0.95,5.28,4.85,0.009865262123790347,5,5,5,1.0,Mollusca,Plantae,0.669
echiichthys_vipera,fissurella_nubecula,7,1.77,3.95,5.25,0.008314247039452872,5,7,5,1.0,Actinopterygii,Mollusca,0.668
electra_posidoniae,taonia_pseudociliata,6,1.35,4.44,4.7,0.009301129661448722,6,6,5,1.0,Bryozoa,,0.668
acanthocardia_paucicostata,ensis_minor,7,2.23,3.14,3.75,0.0019226515289265719,7,7,6,1.0,Mollusca,Mollusca,0.668
felimare_villafranca,runcina_adriatica,6,1.35,4.43,6.46,0.009367134664751876,3,4,5,1.0,Mollusca,Mollusca,0.667
aglaophenia_pluma,cystoseira_compressa,11,3.62,3.04,5.46,2.453870038363062e-06,10,11,5,1.0,Cnidaria,,0.667
chloromyia_formosa,oedemera_atrata,6,1.35,4.43,4.91,0.009328537248026266,4,6,5,1.0,Insecta,Insecta,0.667
bulla_striata,chamelea_gallina,11,3.62,3.04,4.69,5.5742578404018714e-05,9,11,5,1.0,Mollusca,Mollusca,0.667
gobius_roulei,uranoscopus_scaber,9,2.67,3.37,4.62,8.763906363423574e-05,7,8,5,1.0,Actinopterygii,Actinopterygii,0.667
cerianthus_membranaceus,gongolaria_squarrosa,7,1.78,3.93,11.52,0.008569479000987867,3,7,5,1.0,Cnidaria,,0.666
chamelea_striatula,ctena_decussata,9,2.68,3.36,5.74,9.503570697441742e-07,6,9,5,1.0,Mollusca,Mollusca,0.666
cornularia_cornucopiae,lithophaga_lithophaga,8,2.22,3.6,4.3,0.00029120942861572365,6,7,5,1.0,Cnidaria,Mollusca,0.666
loripes_orbiculatus,parvicardium_scriptum,11,3.63,3.03,5.32,4.526162461964658e-06,8,11,5,1.0,Mollusca,Mollusca,0.665
felimare_villafranca,pseudodistoma_crucigaster,11,3.64,3.03,4.47,0.00012269020027676214,5,11,5,1.0,Mollusca,Animalia,0.665
ebenomitra_ebenus,patella_rustica,7,2.24,3.12,4.32,0.0003698431076074726,6,7,6,1.0,Mollusca,Mollusca,0.664
clanculus_corallinus,mitrella_scripta,7,1.79,3.91,6.07,0.008723217752543767,7,7,5,1.0,Mollusca,Mollusca,0.663
calliostoma_zizyphinum,naticarius_hebraeus,6,1.37,4.39,4.79,0.009667169542734172,4,6,5,1.0,Mollusca,Mollusca,0.663
asparagus_acutifolius,laurus_nobilis,5,0.96,5.19,4.62,0.010443005158612073,5,5,5,1.0,Plantae,Plantae,0.663
dictyonella_incisa,gobius_geniporus,6,1.37,4.39,4.38,0.00031557105539251355,4,6,5,1.0,Porifera,Actinopterygii,0.663
glycymeris_nummaria,patella_ulyssiponensis,6,1.75,3.43,4.35,0.024573911393469646,6,6,6,1.0,Mollusca,Mollusca,0.663
epinephelus_costae,pseudodistoma_crucigaster,10,3.17,3.16,5.47,2.6937957174748386e-06,4,9,5,1.0,Actinopterygii,Animalia,0.662
bituminaria_bituminosa,pinus_pinea,7,1.79,3.9,4.61,0.00012251683302723444,7,7,5,1.0,Plantae,Plantae,0.662
parietaria_judaica,urtica_dioica,5,0.97,5.17,5.76,0.010621532275299123,5,5,5,0.8,Plantae,Plantae,0.661
caloria_elegans,candiella_striata,7,1.8,3.89,5.35,0.008870775765712059,5,7,5,1.0,Mollusca,Mollusca,0.661
smaragdia_viridis,steromphala_umbilicaris,6,1.75,3.42,3.96,0.0012514531677154,5,6,6,1.0,Mollusca,Mollusca,0.661
limaria_hians,thylacodes_arenarius,7,1.8,3.88,4.61,0.0001225248986831756,5,7,5,1.0,Mollusca,Mollusca,0.66
tricleocarpa_fragilis,zanardinia_typus,7,1.81,3.88,4.37,0.00027011056575755756,5,6,5,1.0,Plantae,,0.66
gobius_geniporus,loligo_vulgaris,6,1.38,4.35,4.47,0.00023547537557036007,6,6,5,1.0,Actinopterygii,Mollusca,0.659
polycyathus_muellerae,schizomavella_mamillata,5,0.97,5.15,4.31,0.010764301171772727,4,4,5,1.0,Cnidaria,Bryozoa,0.659
janua_heterostropha,paranemonia_cinerea,5,0.97,5.13,5.69,0.010881430489548026,5,5,5,1.0,Annelida,Cnidaria,0.658
didemnum_coccineum,dysidea_avara,6,1.76,3.4,4.85,0.02542940396086355,5,6,6,1.0,Animalia,Porifera,0.658
bosemprella_incarnata,pholas_dactylus,6,1.38,4.34,4.53,0.00019573572835184452,5,6,5,1.0,Mollusca,Mollusca,0.658
atriplex_halimus,eryngium_maritimum,6,1.77,3.4,3.52,0.00397864731911501,5,5,6,1.0,Plantae,Plantae,0.658
diplodus_cervinus,trachinotus_ovatus,10,3.19,3.13,5.84,5.092172003477609e-07,5,10,5,0.9,Actinopterygii,Actinopterygii,0.657
holothuria_mammata,zanardinia_typus,8,2.27,3.53,6.96,0.008367007300133575,6,8,5,1.0,Echinodermata,,0.656
hydrolithon_farinosum,pyura_dura,8,2.27,3.53,5.33,6.752926940530947e-06,7,8,5,1.0,Plantae,Animalia,0.656
daphne_gnidium,lonicera_implexa,5,0.98,5.11,4.89,0.011002043188469032,5,5,5,0.8,Plantae,Plantae,0.656
sagartia_undata,tritia_neritea,7,1.82,3.85,4.75,7.481245922917937e-05,4,6,5,1.0,Cnidaria,Mollusca,0.656
scyllarus_arctus,umbraculum_umbraculum,6,1.78,3.38,4.43,0.026058849303178984,4,5,6,0.833,Malacostraca,Mollusca,0.655
diaphorodoris_papillata,sycon_raphanus,10,3.2,3.12,4.37,0.00019248278090038646,7,10,5,1.0,Mollusca,Porifera,0.655
hermodice_carunculata,scorpaena_porcus,7,2.28,3.07,3.75,0.0019388543145940154,6,7,6,0.857,Annelida,Actinopterygii,0.655
asparagus_acutifolius,passer_montanus,6,1.77,3.38,3.75,0.002246405154477493,5,6,6,1.0,Plantae,Aves,0.655
callinectes_sapidus,mugil_cephalus,5,0.98,5.08,4.27,0.011253690084127835,5,5,5,1.0,Malacostraca,Actinopterygii,0.654
hypnea_musciformis,perforatus_perforatus,8,2.28,3.51,4.68,8.348228641630812e-05,7,8,5,1.0,Plantae,Crustacea,0.653
scopalina_lophyropoda,spondylus_gaederopus,10,3.22,3.11,4.09,0.0004706980569007566,7,9,5,1.0,Porifera,Mollusca,0.653
herbstia_condyliata,hermodice_carunculata,7,2.29,3.06,3.92,0.0012324857290446224,7,7,6,1.0,Malacostraca,Annelida,0.653
alpheus_dentipes,bunodactis_verrucosa,5,0.99,5.05,4.81,0.011496453257691488,3,5,5,1.0,Malacostraca,Cnidaria,0.652
gibbula_magus,timoclea_ovata,5,0.99,5.05,4.71,0.011488322968265009,5,5,5,0.8,Mollusca,Mollusca,0.652
simnia_spelta,spicara_smaris,7,1.83,3.82,4.4,0.0002528362634535667,6,7,5,1.0,Mollusca,Actinopterygii,0.652
pagurus_anachoretus,phallusia_mammillata,7,1.83,3.82,4.3,0.00033860487943270336,4,7,5,1.0,Malacostraca,Animalia,0.652
haminoea_orteai,pilumnus_hirtellus,10,3.22,3.1,5.22,7.888376218468295e-06,5,8,5,1.0,Mollusca,Malacostraca,0.651
antalis_vulgaris,bulla_striata,8,2.28,3.5,4.52,0.00014091842798994274,6,8,5,1.0,Mollusca,Mollusca,0.651
clathrina_clathrus,hexadella_pruvoti,10,3.22,3.1,4.51,0.00011709832057373348,5,10,5,1.0,Porifera,Porifera,0.651
gregariella_petagnae,lithophaga_lithophaga,6,1.4,4.28,4.44,0.0002638573137388774,4,6,5,1.0,Mollusca,Mollusca,0.651
diodora_graeca,phorbas_fictitius,9,2.75,3.27,4.27,0.0002933427148819632,6,9,5,0.889,Mollusca,Porifera,0.651
aglaophenia_tubiformis,eupolymnia_nebulosa,7,1.84,3.81,4.27,0.0003750431732002205,6,7,5,1.0,Cnidaria,Annelida,0.651
barbatia_barbata,conger_conger,6,1.4,4.28,4.27,0.00045307793706358734,4,4,5,1.0,Mollusca,Actinopterygii,0.651
pomadasys_incisus,protula_tubularia,5,0.99,5.04,4.22,0.011556925015640328,4,5,5,1.0,Actinopterygii,Annelida,0.651
lophius_budegassa,ophisurus_serpens,6,1.78,3.36,3.65,0.0029106988605310897,3,6,6,1.0,Actinopterygii,Actinopterygii,0.651
herbstia_condyliata,ophidion_rochei,10,3.23,3.09,6.87,0.006995804829212428,5,10,5,1.0,Malacostraca,Actinopterygii,0.649
caryophyllia_inornata,semicassis_undulata,6,1.41,4.26,4.21,0.0005460401764513387,4,6,5,1.0,Cnidaria,Mollusca,0.649
axinella_verrucosa,hermodice_carunculata,7,1.85,3.79,5.48,0.009940858629103594,6,7,5,1.0,Porifera,Annelida,0.648
conus_ventricosus,steromphala_rarilineata,6,1.8,3.34,4.66,0.02717341598263617,6,6,6,1.0,Mollusca,Mollusca,0.648
buglossidium_luteum,uranoscopus_scaber,7,1.85,3.79,4.21,0.0004623982619410377,4,6,5,1.0,Actinopterygii,Actinopterygii,0.648
luisella_babai,pagurus_anachoretus,6,1.8,3.34,3.83,0.0018008818715095581,6,6,6,0.833,Mollusca,Malacostraca,0.648
isara_cornea,paraleucilla_magna,6,1.8,3.33,3.42,0.005186482581518278,5,5,6,0.833,Mollusca,Porifera,0.647
clathrina_rubra,tripterygion_delaisi,6,1.42,4.22,4.52,0.00020350069095383724,5,6,5,1.0,Porifera,Actinopterygii,0.645
loligo_vulgaris,scorpaena_scrofa,6,1.81,3.32,3.94,0.0013694341607883873,3,6,6,1.0,Mollusca,Actinopterygii,0.645
foeniculum_vulgare,theba_pisana,5,1.01,4.94,4.62,0.012384176490623683,5,5,5,1.0,Plantae,Mollusca,0.643
donax_variegatus,spisula_subtruncata,7,2.32,3.01,3.76,0.0019300459902941145,4,7,6,1.0,Mollusca,Mollusca,0.643
pinnoctopus_macropus,scyllarides_latus,6,1.81,3.31,3.74,0.0023236299001413983,5,6,6,1.0,Mollusca,Malacostraca,0.643
erica_arborea,urospermum_dalechampii,7,2.33,3.01,3.5,0.0037844991419793885,5,7,6,1.0,Plantae,Plantae,0.643
bonellia_viridis,gongolaria_squarrosa,7,1.87,3.74,5.42,0.010577645035381856,4,7,5,1.0,Annelida,,0.642
prostheceraeus_moseleyi,tenellia_genovae,6,1.43,4.19,5.09,0.011643455319552513,6,6,5,1.0,Platyhelminthes,Mollusca,0.642
diaphorodoris_alba,pinna_rudis,6,1.44,4.17,5.51,0.011848153878175774,4,5,5,1.0,Mollusca,Mollusca,0.64
felimare_orsinii,pseudodistoma_crucigaster,6,1.83,3.29,5.12,0.028747013165838567,5,6,6,1.0,Mollusca,Animalia,0.64
elysia_gordanae,pomatoschistus_bathi,8,2.34,3.42,4.28,0.0003195432209291069,6,8,5,1.0,Mollusca,Actinopterygii,0.639
calyptraea_chinensis,steromphala_varia,7,1.89,3.71,6.39,0.01092624425173315,5,7,5,1.0,Mollusca,Mollusca,0.638
marionia_blainvillea,trinchesia_caerulea,8,2.34,3.41,4.46,0.00017937537263280494,5,7,5,1.0,Mollusca,Mollusca,0.638
papillicardium_papillosum,tritia_nitida,6,1.83,3.27,4.3,0.029145753478945165,6,6,6,1.0,Mollusca,Mollusca,0.637
alcyonium_acaule,tripterygion_delaisi,8,2.35,3.4,4.76,6.28449431145329e-05,6,8,5,1.0,Cnidaria,Actinopterygii,0.636
jania_rubens,nerocila_bivittata,7,1.89,3.7,4.69,9.652027542113748e-05,5,7,5,1.0,Plantae,Malacostraca,0.636
caloria_elegans,marionia_blainvillea,7,1.89,3.7,4.52,0.00017257882319459103,6,7,5,1.0,Mollusca,Mollusca,0.636
berthella_perforata,jorunna_tomentosa,7,1.89,3.7,4.42,0.0002341532882809966,3,7,5,1.0,Mollusca,Mollusca,0.636
barnea_candida,calyptraea_chinensis,7,1.9,3.69,4.98,3.326260652736337e-05,7,7,5,0.857,Mollusca,Mollusca,0.635
cardites_antiquatus,ruditapes_decussatus,5,1.03,4.85,4.63,0.013086172340216475,4,5,5,1.0,Mollusca,Mollusca,0.635
berthellina_edwardsii,xantho_poressa,7,1.9,3.69,4.05,0.00075207231255398,7,7,5,0.857,Mollusca,Malacostraca,0.635
echiichthys_vipera,pagellus_acarne,8,2.36,3.39,4.02,0.0007199230567310606,7,7,5,1.0,Actinopterygii,Actinopterygii,0.635
ciona_edwardsi,tylodina_perversa,6,1.84,3.26,3.82,0.0019054704349595643,5,6,6,1.0,Animalia,Mollusca,0.635
donax_semistriatus,epitonium_clathrus,6,1.46,4.11,4.58,0.01246913908181457,5,6,5,1.0,Mollusca,Mollusca,0.633
pinctada_radiata,sciaena_umbra,7,1.91,3.67,4.47,0.00020350069095383724,7,7,5,1.0,Mollusca,Actinopterygii,0.633
oxythyrea_funesta,tropinota_squalida,6,1.46,4.1,4.72,0.012580452929902487,6,6,5,0.833,Insecta,Insecta,0.632
acteon_tornatilis,arnoglossus_grohmanni,10,3.33,3.0,4.62,8.081624373868846e-05,8,9,5,1.0,Mollusca,Actinopterygii,0.632
conus_ventricosus,gibbula_ardens,6,1.47,4.08,4.36,0.00034511862552070375,6,6,5,1.0,Mollusca,Mollusca,0.63
ascidia_mentula,diaphorodoris_papillata,8,2.38,3.36,4.33,0.00027701200317716565,7,8,5,1.0,Animalia,Mollusca,0.63
microlipophrys_dalmatinus,polysyncraton_lacazei,8,2.38,3.36,4.05,0.0006663674363398264,5,7,5,1.0,Actinopterygii,Animalia,0.63
mactra_corallina,solecurtus_strigilatus,6,1.86,3.23,3.46,0.004707186495721734,6,6,6,1.0,Mollusca,Mollusca,0.63
lithophaga_lithophaga,paramuricea_clavata,6,1.86,3.23,3.23,0.008122959342946635,4,5,6,1.0,Mollusca,Cnidaria,0.63
callista_chione,solen_marginatus,5,1.05,4.78,4.58,0.01376255300728076,5,5,5,1.0,Mollusca,Mollusca,0.629
anilocra_physodes,derbesia_tenuissima,7,1.92,3.64,4.26,0.00040456796814596725,5,7,5,1.0,Malacostraca,Plantae,0.629
bunodactis_verrucosa,phycis_phycis,9,2.86,3.14,4.22,0.00035794725645104335,4,9,5,1.0,Cnidaria,Actinopterygii,0.629
donax_semistriatus,ruditapes_decussatus,6,1.86,3.22,4.05,0.0010304045371824506,5,5,6,1.0,Mollusca,Mollusca,0.629
arundo_donax,hordeum_murinum,6,1.86,3.22,3.78,0.002128861825844934,5,5,6,0.833,Plantae,Plantae,0.629
ulex_parviflorus,viburnum_tinus,6,1.86,3.22,3.66,0.0029216561399536298,6,6,6,1.0,Plantae,Plantae,0.629
crimora_papillata,nemesignis_banyulensis,6,1.48,4.05,7.31,0.013194001039077844,4,6,5,1.0,Mollusca,Mollusca,0.627
quercus_ilex,viburnum_tinus,6,1.48,4.05,5.59,0.013230844161878532,5,5,5,1.0,Plantae,Plantae,0.627
glans_trapezia,tricolia_speciosa,8,2.39,3.34,5.34,6.9889660365879785e-06,7,8,5,1.0,Mollusca,Mollusca,0.627
echinocardium_cordatum,turritellinella_tricarinata,7,1.93,3.63,4.13,0.0005955527269632106,5,5,5,1.0,Echinodermata,Mollusca,0.627
edmundsella_pedata,parablennius_tentacularis,9,2.88,3.12,4.26,0.0003152877828434101,4,8,5,1.0,Mollusca,Actinopterygii,0.625
haliotis_tuberculata,hippocampus_hippocampus,6,1.49,4.04,3.92,0.001277211012233233,3,5,5,1.0,Mollusca,Actinopterygii,0.625
cerastoderma_edule,donax_semistriatus,7,1.94,3.61,4.31,0.0003404843475122866,4,6,5,1.0,Mollusca,Mollusca,0.624
donax_semistriatus,striarca_lactea,6,1.88,3.19,4.26,0.03198841188770123,6,6,6,1.0,Mollusca,Mollusca,0.624
barnea_candida,donax_trunculus,6,1.88,3.19,3.45,0.00492283257765157,4,6,6,1.0,Mollusca,Mollusca,0.624
mesophyllum_expansum,ophidiaster_ophidianus,9,2.9,3.11,6.62,0.010204250162749373,8,8,5,1.0,Plantae,Echinodermata,0.623
ensis_ensis,mactra_stultorum,7,1.95,3.6,5.34,0.012548479299580712,6,7,5,0.857,Mollusca,Mollusca,0.623
ebenomitra_tricolor,ocenebra_edwardsii,7,1.95,3.6,4.94,3.9475418817672286e-05,5,6,5,1.0,Mollusca,Mollusca,0.623
bittium_reticulatum,tricolia_speciosa,9,2.9,3.11,4.45,0.00016466273211351788,6,9,5,1.0,Mollusca,Mollusca,0.623
muricopsis_cristata,tricolia_speciosa,5,1.07,4.69,4.31,0.014625323514479526,5,5,5,1.0,Mollusca,Mollusca,0.622
naticarius_hebraeus,patella_ulyssiponensis,6,1.89,3.18,3.83,0.001877640694185852,6,5,6,1.0,Mollusca,Mollusca,0.622
donacilla_cornea,ocenebra_edwardsii,5,1.07,4.68,5.05,0.014720421240729552,4,5,5,1.0,Mollusca,Mollusca,0.621
conus_ventricosus,gari_depressa,6,1.5,4.0,4.42,0.0002948373956706554,5,6,5,1.0,Mollusca,Mollusca,0.621
astropecten_spinulosus,petalifera_petalifera,9,2.91,3.09,4.77,5.366767445928041e-05,5,8,5,1.0,Echinodermata,Mollusca,0.62
candiella_odhneri,dendrodoris_limbata,6,1.5,3.99,4.72,0.014011111087722565,4,6,5,1.0,Mollusca,Mollusca,0.62
bituminaria_bituminosa,geranium_rotundifolium,9,2.91,3.09,4.06,0.0005806979583307991,6,8,5,0.889,Plantae,Plantae,0.62
diaphorodoris_papillata,placida_cremoniana,7,1.96,3.57,5.14,0.01291387351622502,3,5,5,1.0,Mollusca,Mollusca,0.619
parietaria_judaica,pistacia_lentiscus,6,1.51,3.98,4.34,0.00038205720892137693,5,6,5,0.833,Plantae,Plantae,0.619
condylactis_aurantiaca,peltodoris_atromaculata,5,1.07,4.65,3.95,0.015047130235781876,5,5,5,1.0,Cnidaria,Mollusca,0.618
conger_conger,torpedo_torpedo,6,1.9,3.15,4.2,0.033153101830810154,5,5,6,1.0,Actinopterygii,Elasmobranchii,0.617
isara_cornea,pseudodistoma_crucigaster,5,1.08,4.62,5.59,0.015355728199678493,3,3,5,1.0,Mollusca,Animalia,0.616
nerocila_bivittata,peltodoris_atromaculata,9,2.93,3.07,4.42,0.00018332467146652955,4,8,5,1.0,Malacostraca,Mollusca,0.616
miniacina_miniacea,stenopus_spinosus,9,2.93,3.07,4.32,0.0002554610232199994,8,9,5,0.889,,Malacostraca,0.616
chelidonichthys_lastoviza,nemesignis_banyulensis,6,1.52,3.95,4.16,0.0006492118378735214,5,5,5,1.0,Actinopterygii,Mollusca,0.615
microcosmus_polymorphus,palaemon_serratus,6,1.52,3.95,4.0,0.0010417839826474746,3,5,5,0.833,Animalia,Malacostraca,0.615
steromphala_rarilineata,vermetus_triquetrus,9,2.94,3.06,4.43,0.000181424519903644,9,9,5,1.0,Mollusca,Mollusca,0.614
botryllus_schlosseri,phorbas_fictitius,7,1.99,3.52,3.95,0.0010453710979835048,4,7,5,0.857,Animalia,Porifera,0.612
pyura_dura,tethya_aurantium,9,2.97,3.04,5.61,1.8530425065363573e-06,7,9,5,1.0,Animalia,Porifera,0.611
laurus_nobilis,quercus_pubescens,5,1.09,4.57,4.54,0.015931657595797694,5,5,5,1.0,Plantae,Plantae,0.611
periclimenes_scriptus,scorpaena_scrofa,9,2.96,3.04,4.29,0.0002873338323375764,6,8,5,1.0,Malacostraca,Actinopterygii,0.611
ophisurus_serpens,pegusa_nasuta,9,2.97,3.04,4.07,0.0005755240310095996,8,9,5,1.0,Actinopterygii,Actinopterygii,0.611
ctena_decussata,epitonium_clathrus,9,2.97,3.03,5.51,2.919209185334916e-06,8,9,5,1.0,Mollusca,Mollusca,0.609
haliclona_fulva,pleraplysilla_spinifera,7,2.0,3.5,4.27,0.00039250629600868196,4,7,5,1.0,Porifera,Porifera,0.609
clanculus_cruciatus,harmothoe_areolata,9,2.97,3.03,3.85,0.0011089221380408078,6,9,5,1.0,Mollusca,Annelida,0.609
filograna_implexa,nausithoe_punctata,8,2.48,3.22,4.4,0.00022755492709128125,5,8,5,1.0,Annelida,Cnidaria,0.608
bispira_volutacornis,manupecten_pesfelis,5,1.1,4.53,4.14,0.016472749130968946,5,5,5,1.0,Annelida,Mollusca,0.608
elysia_timida,haliotis_tuberculata,7,2.01,3.48,4.38,0.0002777417263626702,7,7,5,1.0,Mollusca,Mollusca,0.607
cyrillia_linearis,flexopecten_hyalinus,6,1.55,3.88,4.3,0.00043905142877093654,6,6,5,1.0,Mollusca,Mollusca,0.607
jacobaea_maritima,pistacia_lentiscus,5,1.11,4.51,4.49,0.01669773850444507,4,5,5,0.8,Plantae,Plantae,0.606
phorbas_topsenti,scartella_cristata,8,2.49,3.21,4.04,0.0007109681518559018,5,8,5,0.875,Porifera,Actinopterygii,0.606
galathea_strigosa,tylodina_perversa,9,2.99,3.01,4.43,0.00018095860847920853,4,9,5,1.0,Malacostraca,Mollusca,0.605
donax_trunculus,schizoporella_errata,8,2.5,3.2,4.1,0.0005918282033417461,5,8,5,1.0,Mollusca,Bryozoa,0.605
mactra_stultorum,papillicardium_papillosum,8,2.5,3.2,4.06,0.0006652967062396968,8,8,5,1.0,Mollusca,Mollusca,0.605
myxicola_infundibulum,rugulopteryx_okamurae,8,2.5,3.2,3.94,0.0009451154109591726,5,7,5,1.0,Annelida,,0.605
donax_venustus,limaria_tuberculata,6,1.95,3.08,3.29,0.0072077151328110885,6,6,6,0.833,Mollusca,Mollusca,0.605
halocynthia_papillosa,hexadella_topsenti,7,2.02,3.46,4.18,0.0005188056557520212,6,7,5,1.0,Animalia,Porifera,0.604
felimida_luteorosea,rudmania_krohni,6,1.96,3.07,3.82,0.0019555418501963967,5,6,6,1.0,Mollusca,Mollusca,0.603
phoronis_hippocrepia,symphodus_mediterraneus,6,1.56,3.84,3.78,0.001917777087257529,3,6,5,1.0,Animalia,Actinopterygii,0.603
thuridilla_hopei,trinchesia_caerulea,5,1.12,4.46,4.08,0.017303681416272233,5,5,5,1.0,Mollusca,Mollusca,0.602
clanculus_corallinus,tritia_corniculum,5,1.12,4.45,7.22,0.017403846548439534,4,5,5,1.0,Mollusca,Mollusca,0.601
dentex_dentex,parazoanthus_brevitentacularis,8,2.51,3.18,4.5,0.0001621424438013218,4,8,5,1.0,Actinopterygii,Cnidaria,0.601
moerella_pulchella,scrobicularia_plana,6,1.96,3.06,4.2,0.03687198534222362,5,6,6,1.0,Mollusca,Mollusca,0.601
ilia_nucleus,luria_lurida,7,2.03,3.44,4.08,0.0007163176343073384,6,7,5,1.0,Malacostraca,Mollusca,0.601
epinephelus_costae,tripterygion_tripteronotum,8,2.53,3.16,4.47,0.00018284913949544198,7,8,5,1.0,Actinopterygii,Actinopterygii,0.598
atherina_hepsetus,condylactis_aurantiaca,6,1.58,3.8,3.78,0.00194530294082537,4,6,5,1.0,Actinopterygii,Cnidaria,0.598
conus_ventricosus,salaria_pavo,7,2.05,3.41,4.63,0.00012342226249882645,7,7,5,1.0,Mollusca,Actinopterygii,0.597
amathia_verticillata,tricleocarpa_fragilis,6,1.58,3.79,4.28,0.0004733547660291182,4,6,5,1.0,Bryozoa,Plantae,0.597
pitar_rudis,turritellinella_tricarinata,8,2.54,3.15,4.3,0.00031433594730138616,7,8,5,0.875,Mollusca,Mollusca,0.596
asparagus_acutifolius,asplenium_onopteris,8,2.54,3.15,4.21,0.00042100972574149914,6,8,5,1.0,Plantae,Plantae,0.596
pagellus_acarne,solecurtus_strigilatus,8,2.55,3.14,4.15,0.0005073780115035899,6,8,5,1.0,Actinopterygii,Mollusca,0.595
aglaophenia_elongata,mactra_stultorum,8,2.54,3.14,3.94,0.0009579933814610991,3,6,5,1.0,Cnidaria,Mollusca,0.595
laevicardium_crassum,tritia_reticulata,7,2.06,3.4,3.9,0.0012206064011270864,5,7,5,0.857,Mollusca,Mollusca,0.595
felimare_orsinii,rudmania_purpurea,7,2.06,3.39,4.8,6.938506031828811e-05,4,7,5,1.0,Mollusca,Mollusca,0.594
pistacia_lentiscus,quercus_suber,5,1.14,4.38,3.99,0.018348773369925842,4,5,5,1.0,Plantae,Plantae,0.594
donax_venustus,patella_rustica,6,1.59,3.77,3.89,0.0014462817831623594,6,6,5,1.0,Mollusca,Mollusca,0.594
margaretta_cereoides,tricleocarpa_fragilis,7,2.07,3.39,3.72,0.0020044956116908757,4,7,5,1.0,Bryozoa,Plantae,0.594
ocenebra_erinaceus,patella_ulyssiponensis,8,2.55,3.13,5.77,0.014732928856060905,7,8,5,1.0,Mollusca,Mollusca,0.593
aporrhais_pespelecani,ensis_minor,6,1.6,3.76,4.52,0.017591001506596503,5,6,5,1.0,Mollusca,Mollusca,0.593
chelonaplysilla_noevus,styela_plicata,6,1.59,3.76,4.05,0.0009141498032569753,5,6,5,1.0,Porifera,Animalia,0.593
dysidea_fragilis,suberites_massa,5,1.15,4.36,4.03,0.018597977621675883,3,5,5,0.8,Porifera,Porifera,0.592
hemimycale_mediterranea,prostheceraeus_roseus,8,2.56,3.12,3.8,0.0014500664628249273,5,8,5,1.0,Porifera,Platyhelminthes,0.592
aplus_dorbignyi,trivia_monacha,6,1.6,3.74,7.39,0.017797484429617986,6,6,5,1.0,Mollusca,Mollusca,0.591
alicia_mirabilis,paradoris_indecora,6,1.61,3.73,5.73,0.01811505010238815,5,6,5,1.0,Cnidaria,Mollusca,0.59
convolvulus_althaeoides,cynodon_dactylon,6,1.61,3.73,3.98,0.0011375548843819945,6,6,5,1.0,Plantae,Plantae,0.59
holothuria_poli,sparisoma_cretense,5,1.15,4.33,3.81,0.002177212853544511,4,5,5,1.0,Echinodermata,Actinopterygii,0.59
caloria_quatrefagesi,felimare_bilineata,8,2.58,3.1,4.82,5.430594722744656e-05,5,7,5,1.0,Mollusca,Mollusca,0.588
mesochaetopterus_rogeri,pagellus_acarne,7,2.09,3.35,4.12,0.0006500082443223255,4,6,5,1.0,Annelida,Actinopterygii,0.588
marionia_blainvillea,paraflabellina_gabinierei,7,2.09,3.35,3.8,0.001603935875246371,3,7,5,1.0,Mollusca,Mollusca,0.588
branchiomma_moebii,parablennius_rouxi,7,2.09,3.34,3.65,0.0024264334462174146,7,7,5,1.0,Annelida,Actinopterygii,0.587
hexadella_racovitzai,leptopsammia_pruvoti,8,2.59,3.09,5.0,2.7858270163611334e-05,5,8,5,1.0,Porifera,Cnidaria,0.586
goniodoridella_picoensis,lamprohaminoea_ovalis,5,1.16,4.29,4.72,0.019633736698913107,3,4,5,1.0,Mollusca,Mollusca,0.586
alicia_mirabilis,pagurus_cuanensis,6,1.62,3.7,3.85,0.001639274138143408,3,4,5,1.0,Cnidaria,Malacostraca,0.586
aplysina_cavernicola,oscarella_viridis,6,1.62,3.7,3.83,0.0017355567971895555,3,5,5,1.0,Porifera,Porifera,0.586
tricleocarpa_fragilis,valonia_macrophysa,7,2.1,3.33,4.27,0.00041257130329945736,4,7,5,1.0,Plantae,Plantae,0.585
ctena_decussata,truncatella_subcylindrica,6,1.63,3.68,4.89,0.018942615829294896,5,6,5,1.0,Mollusca,Mollusca,0.584
acteon_tornatilis,tritia_varicosa,7,2.11,3.32,4.1,0.0006901041492988127,6,7,5,0.857,Mollusca,Mollusca,0.584
arnoglossus_grohmanni,caloria_quatrefagesi,7,2.11,3.32,3.77,0.0017891676627873603,5,7,5,1.0,Actinopterygii,Mollusca,0.584
acanthonyx_lunulatus,conus_ventricosus,7,2.12,3.31,4.66,0.00011506778444219931,7,7,5,1.0,Malacostraca,Mollusca,0.582
actinia_striata,caranx_crysos,5,1.18,4.25,4.33,0.020226632088920244,5,5,5,1.0,Cnidaria,Actinopterygii,0.582
patella_ulyssiponensis,pecten_jacobaeus,6,1.64,3.66,4.81,0.019385909826583936,6,5,5,1.0,Mollusca,Mollusca,0.581
donacilla_cornea,mactra_corallina,5,1.18,4.24,4.24,0.020346436107879343,5,5,5,1.0,Mollusca,Mollusca,0.581
diplosoma_spongiforme,necora_puber,7,2.12,3.3,4.23,0.0004684574742898628,7,7,5,1.0,Animalia,Malacostraca,0.581
bittium_reticulatum,haloa_japonica,6,1.64,3.66,4.02,0.0010242457818198877,3,6,5,1.0,Mollusca,Mollusca,0.581
bolinus_brandaris,gastrana_fragilis,8,2.62,3.05,5.59,0.01662031450081326,6,8,5,1.0,Mollusca,Mollusca,0.58
leptopsammia_pruvoti,salpa_fusiformis,8,2.62,3.05,4.68,9.17019852153129e-05,6,7,5,1.0,Cnidaria,Animalia,0.58
limaria_tuberculata,smaragdia_viridis,8,2.62,3.05,3.76,0.0016479086785686921,7,7,5,1.0,Mollusca,Mollusca,0.58
caryophyllia_inornata,phyllangia_americana,5,1.18,4.22,5.74,0.020683295270338593,5,5,5,1.0,Cnidaria,Cnidaria,0.579
bugulina_turbinata,prostheceraeus_moseleyi,6,1.65,3.64,5.36,0.019857548434486585,4,5,5,1.0,Bryozoa,Platyhelminthes,0.579
dasycladus_vermicularis,symphodus_cinereus,7,2.14,3.28,4.74,8.697499096963584e-05,5,7,5,1.0,Plantae,Actinopterygii,0.578
acanthella_acuta,didemnum_maculosum,8,2.63,3.04,4.56,0.00013988244885611298,8,8,5,1.0,Porifera,Animalia,0.578
hedera_helix,parietaria_officinalis,5,1.19,4.21,3.99,0.020828754575978263,4,5,5,1.0,Plantae,Plantae,0.578
passer_montanus,phoenicurus_ochruros,8,2.63,3.04,3.89,0.0011324778647994224,5,8,5,1.0,Aves,Aves,0.578
bolma_rugosa,cardita_calyculata,6,1.65,3.63,3.91,0.0014131963228687242,6,6,5,1.0,Mollusca,Mollusca,0.577
apogon_imberbis,sertularella_crassicaulis,7,2.14,3.27,4.96,0.01875561052118938,5,7,5,1.0,Actinopterygii,Cnidaria,0.576
necora_puber,spicara_smaris,5,1.21,4.15,4.79,0.021916160872471887,5,5,5,1.0,Malacostraca,Actinopterygii,0.573
atherina_boyeri,halichondria_bowerbanki,8,2.66,3.01,4.38,0.0002486795416405276,5,7,5,1.0,Actinopterygii,Porifera,0.573
gari_depressa,palaemon_serratus,6,1.67,3.59,3.52,0.0038791606208190676,4,6,5,1.0,Mollusca,Malacostraca,0.573
cerastoderma_glaucum,ensis_minor,5,1.21,4.14,4.07,0.021974178541024233,5,5,5,1.0,Mollusca,Mollusca,0.572
axinella_polypoides,caryophyllia_smithii,7,2.16,3.24,3.86,0.0013981725525778247,6,7,5,1.0,Porifera,Cnidaria,0.572
calliactis_parasitica,penaeus_kerathurus,5,1.21,4.14,3.69,0.0030485125230905407,4,5,5,1.0,Cnidaria,Malacostraca,0.572
branchiomma_luctuosum,gnathophyllum_elegans,8,2.67,3.0,6.87,0.017991937998579993,4,7,5,0.875,Annelida,Malacostraca,0.571
caloria_elegans,placida_cremoniana,5,1.21,4.12,4.8,0.02233263131540955,5,5,5,1.0,Mollusca,Mollusca,0.57
donax_venustus,mactra_corallina,7,2.16,3.23,4.22,0.0004796908793982929,7,7,5,1.0,Mollusca,Mollusca,0.57
ellisolandia_elongata,hypnea_musciformis,6,1.68,3.57,4.22,0.0005837940648343339,6,6,5,1.0,Plantae,Plantae,0.57
hoplangia_durotrix,oscarella_lobularis,7,2.17,3.22,4.05,0.0008043702989040818,4,7,5,1.0,Cnidaria,Porifera,0.569
columbella_rustica,mytilaster_minimus,7,2.17,3.22,3.76,0.0018383357681916452,5,7,5,1.0,Mollusca,Mollusca,0.569
paraflabellina_ischitana,raspaciona_aculeata,6,1.69,3.55,3.74,0.0022631310240880365,4,5,5,1.0,Mollusca,Porifera,0.568
frondipora_verrucosa,protula_intestinum,5,1.22,4.1,3.52,0.004604136276508468,3,5,5,1.0,Bryozoa,Annelida,0.568
foeniculum_vulgare,graphosoma_semipunctatum,5,1.22,4.09,4.06,0.022912762796072968,4,5,5,1.0,Plantae,Insecta,0.567
gyroscala_commutata,steromphala_varia,6,1.69,3.54,3.81,0.0018809378936245568,4,6,5,1.0,Mollusca,Mollusca,0.566
centaurea_aspera,petrosedum_sediforme,6,1.7,3.53,4.33,0.022092031360959233,6,6,5,1.0,Plantae,Plantae,0.565
prostheceraeus_vittatus,simnia_spelta,5,1.23,4.07,3.79,0.023371322430041568,3,4,5,1.0,Platyhelminthes,Mollusca,0.565
alcedo_atthis,ardea_cinerea,6,1.7,3.52,4.27,0.000510820419942643,6,6,5,1.0,Aves,Aves,0.564
dardanus_calidus,lepadogaster_lepadogaster,6,1.7,3.52,4.16,0.0007052876732897763,3,6,5,1.0,Malacostraca,Actinopterygii,0.564
cerianthus_membranaceus,flabellina_affinis,5,1.23,4.06,4.07,0.023537442299961527,4,4,5,1.0,Cnidaria,Mollusca,0.564
bosellia_mimetica,caloria_quatrefagesi,6,1.7,3.52,3.76,0.002108134964966597,6,6,5,1.0,Mollusca,Mollusca,0.564
ciona_edwardsi,paraflabellina_ischitana,5,1.23,4.05,4.48,0.02367120872734394,4,5,5,1.0,Animalia,Mollusca,0.563
rudmania_purpurea,tenellia_ocellata,5,1.23,4.05,3.81,0.023668579053175563,4,4,5,1.0,Mollusca,Mollusca,0.563
donacilla_cornea,donax_variegatus,7,2.22,3.16,4.34,0.0003361902959161928,5,7,5,0.857,Mollusca,Mollusca,0.56
bolma_rugosa,laevicardium_crassum,7,2.22,3.16,3.73,0.0020466827778183976,6,7,5,1.0,Mollusca,Mollusca,0.56
acteon_tornatilis,bosemprella_incarnata,7,2.21,3.16,3.71,0.002154659073916845,7,7,5,1.0,Mollusca,Mollusca,0.56
atherina_boyeri,semicassis_undulata,6,1.72,3.49,3.66,0.0027850108650123275,6,6,5,1.0,Actinopterygii,Mollusca,0.56
mesophyllum_expansum,pseudoceros_maximus,7,2.23,3.14,3.77,0.0018249867910533834,6,7,5,1.0,Plantae,Platyhelminthes,0.557
loligo_vulgaris,scorpaena_notata,6,1.73,3.47,3.71,0.0024779695740883585,4,5,5,0.833,Mollusca,Actinopterygii,0.557
monochirus_hispidus,pagellus_erythrinus,7,2.23,3.14,3.69,0.00227166780489711,4,6,5,1.0,Actinopterygii,Actinopterygii,0.557
anemonia_viridis,galathea_squamifera,7,2.23,3.14,3.55,0.003275509651216353,4,7,5,1.0,Cnidaria,Malacostraca,0.557
arca_noae,callinectes_sapidus,6,1.73,3.47,3.5,0.0041126473171844745,5,6,5,1.0,Mollusca,Malacostraca,0.557
sarcodictyon_catenatum,thylacodes_arenarius,5,1.26,3.98,4.18,0.02507476171899972,4,5,5,1.0,Cnidaria,Mollusca,0.556
haliclona_fulva,paramuricea_clavata,6,1.73,3.46,3.46,0.004617138658542463,5,6,5,1.0,Porifera,Cnidaria,0.556
cliona_viridis,ophidiaster_ophidianus,6,1.74,3.45,8.68,0.024216311136147105,6,6,5,1.0,Porifera,Echinodermata,0.555
donax_variegatus,tritia_pellucida,6,1.74,3.45,4.22,0.0005952008693173978,3,4,5,1.0,Mollusca,Mollusca,0.555
hermodice_carunculata,scorpaena_notata,7,2.24,3.12,4.06,0.0007919816717482413,4,6,5,0.857,Annelida,Actinopterygii,0.554
echium_sabulicola,medicago_littoralis,5,1.26,3.96,3.76,0.025484713026161943,5,5,5,1.0,Plantae,Plantae,0.554
cardita_calyculata,pseudochama_gryphina,5,1.27,3.94,4.9,0.025866368604403767,5,5,5,1.0,Mollusca,Mollusca,0.552
alicia_mirabilis,aplidium_elegans,7,2.25,3.11,3.84,0.0015137272032741342,4,7,5,1.0,Cnidaria,Animalia,0.552
echinolittorina_punctata,striarca_lactea,7,2.25,3.11,3.82,0.0016161125949974635,4,7,5,1.0,Mollusca,Mollusca,0.552
notocochlis_dillwynii,smaragdia_viridis,5,1.27,3.94,3.65,0.003390394254239969,5,5,5,0.8,Mollusca,Mollusca,0.552
cardita_calyculata,peronaea_planata,5,1.28,3.92,4.85,0.026358770477208682,5,5,5,1.0,Mollusca,Mollusca,0.55
collozoum_inerme,diplodus_cervinus,5,1.28,3.92,3.77,0.026290724799623088,5,5,5,1.0,,Actinopterygii,0.55
episcomitra_cornicula,pachycerianthus_solitarius,7,2.26,3.1,3.54,0.003388381212125009,3,6,5,1.0,Mollusca,Cnidaria,0.55
elysia_viridis,runcina_adriatica,6,1.76,3.4,4.5,0.025446978056553007,3,4,5,1.0,Mollusca,Mollusca,0.548
placida_dendritica,thuridilla_hopei,6,1.76,3.4,3.62,0.003154635319888228,6,6,5,1.0,Mollusca,Mollusca,0.548
rissoa_ventricosa,steromphala_varia,5,1.28,3.9,3.62,0.0036488577520615803,5,5,5,1.0,Mollusca,Mollusca,0.548
celtis_australis,plantago_lagopus,6,1.77,3.39,4.21,0.000612503551621549,5,4,5,1.0,Plantae,Plantae,0.547
actitis_hypoleucos,plegadis_falcinellus,5,1.29,3.89,4.09,0.026983086135296385,4,5,5,1.0,Aves,Aves,0.547
diaphorodoris_alba,lophius_piscatorius,5,1.29,3.88,4.84,0.02711228410766307,4,4,5,1.0,Mollusca,Actinopterygii,0.546
elysia_gordanae,placida_dendritica,6,1.78,3.38,4.32,0.026118697911486,5,6,5,1.0,Mollusca,Mollusca,0.546
limaria_tuberculata,planocera_ceratommata,6,1.78,3.38,3.99,0.0011805217350382283,3,6,5,1.0,Mollusca,Platyhelminthes,0.546
athanas_nitescens,pisidia_bluteli,7,2.28,3.07,3.97,0.001046269882235485,7,7,5,1.0,Malacostraca,Malacostraca,0.546
clanculus_jussieui,gibbula_fanulum,6,1.78,3.37,5.2,0.026174532251949732,5,6,5,1.0,Mollusca,Mollusca,0.544
hermodice_carunculata,semicassis_undulata,6,1.78,3.37,3.95,0.00130124499502875,5,6,5,1.0,Annelida,Mollusca,0.544
galathea_strigosa,phallusia_mammillata,5,1.29,3.87,3.91,0.027312486493639935,5,5,5,1.0,Malacostraca,Animalia,0.544
helicigona_lapicida,lauria_cylindracea,5,1.29,3.87,3.7,0.003068719728767426,5,5,5,1.0,Mollusca,Mollusca,0.544
dicentrarchus_labrax,steromphala_divaricata,6,1.78,3.37,3.29,0.006901339924528026,5,6,5,1.0,Actinopterygii,Mollusca,0.544
calyptraea_chinensis,ocenebra_erinaceus,5,1.3,3.85,4.75,0.027854704514548873,5,5,5,1.0,Mollusca,Mollusca,0.542
pterocladiella_capillacea,sphaerococcus_coronopifolius,7,2.3,3.05,3.8,0.0016841371468119262,5,7,5,1.0,Plantae,Plantae,0.542
donax_variegatus,limaria_tuberculata,6,1.79,3.35,3.65,0.00294496883101193,4,6,5,0.833,Mollusca,Mollusca,0.542
chama_gryphoides,notocochlis_dillwynii,5,1.3,3.84,3.93,0.028089388806155403,5,5,5,1.0,Mollusca,Mollusca,0.541
pitar_rudis,timoclea_ovata,5,1.3,3.84,3.92,0.02806483864712344,5,5,5,1.0,Mollusca,Mollusca,0.541
dalophis_imberbis,sicyonia_carinata,5,1.31,3.82,4.06,0.028375614615053252,5,5,5,1.0,Actinopterygii,Malacostraca,0.539
dictyota_spiralis,oedalechilus_labeo,7,2.31,3.03,3.82,0.001616999126552424,6,7,5,1.0,,Actinopterygii,0.539
axinella_verrucosa,hemimycale_mediterranea,6,1.8,3.33,3.36,0.005913741689738312,4,6,5,1.0,Porifera,Porifera,0.539
rhyssoplax_olivacea,tridentata_perpusilla,7,2.32,3.02,4.51,0.0002046998702673064,6,7,5,1.0,Mollusca,Cnidaria,0.538
ruditapes_decussatus,venerupis_geographica,6,1.82,3.3,4.55,0.028294057912652035,4,6,5,1.0,Mollusca,Mollusca,0.535
eryngium_maritimum,glycymeris_nummaria,5,1.33,3.77,3.91,0.02958476988052774,5,5,5,0.8,Plantae,Mollusca,0.534
dosinia_lupinus,laevicardium_oblongum,6,1.82,3.29,3.58,0.003493004320907491,6,6,5,1.0,Mollusca,Mollusca,0.533
dictyota_spiralis,pagurus_cuanensis,6,1.83,3.29,3.57,0.003560527567214239,3,5,5,1.0,,Malacostraca,0.533
gari_depressa,pagurus_cuanensis,5,1.33,3.76,3.5,0.005029645533363344,5,5,5,1.0,Mollusca,Malacostraca,0.533
chamelea_striatula,glycymeris_glycymeris,6,1.83,3.28,4.59,0.02891597111975657,4,6,5,1.0,Mollusca,Mollusca,0.532
alicia_mirabilis,loligo_vulgaris,6,1.83,3.28,3.74,0.0023618512309737973,4,6,5,1.0,Cnidaria,Mollusca,0.532
caloria_quatrefagesi,wrangelia_penicillata,5,1.34,3.74,3.71,0.030388611457542403,5,4,5,1.0,Mollusca,Plantae,0.531
ariosoma_balearicum,carapus_acus,5,1.34,3.74,3.64,0.0035555886430523806,3,5,5,1.0,Actinopterygii,Actinopterygii,0.531
urospermum_dalechampii,vicia_sativa,6,1.84,3.27,3.28,0.007207420092125057,5,6,5,1.0,Plantae,Plantae,0.531
aplidium_elegans,bispira_volutacornis,5,1.34,3.73,3.86,0.030687134643668335,4,5,5,1.0,Animalia,Annelida,0.53
calyx_nicaeensis,holothuria_sanctori,5,1.34,3.72,5.07,0.030839662772160815,4,5,5,0.8,Porifera,Echinodermata,0.529
gobius_xanthocephalus,suberites_domuncula,5,1.34,3.72,4.94,0.030859124509067196,3,5,5,1.0,Actinopterygii,Porifera,0.529
felimare_orsinii,gobius_geniporus,5,1.35,3.7,5.1,0.03151718452199517,5,5,5,1.0,Mollusca,Actinopterygii,0.526
echinolittorina_punctata,ensis_minor,5,1.35,3.7,4.11,0.03134590357784128,4,5,5,1.0,Mollusca,Mollusca,0.526
eudendrium_racemosum,felimare_villafranca,5,1.35,3.7,3.9,0.03134791661135353,5,5,5,1.0,Cnidaria,Mollusca,0.526
centrolabrus_melanocercus,felimare_bilineata,5,1.35,3.7,3.42,0.0060562884395540285,4,5,5,1.0,Actinopterygii,Mollusca,0.526
pycnoclavella_communis,salpa_fusiformis,5,1.36,3.69,3.39,0.0064885558066033145,3,3,5,1.0,Animalia,Animalia,0.525
ligia_italica,patella_caerulea,5,1.36,3.68,3.59,0.004112023595682244,5,5,5,1.0,Malacostraca,Mollusca,0.524
solen_marginatus,styela_plicata,6,1.87,3.21,4.56,0.031310702315436666,5,6,5,1.0,Mollusca,Animalia,0.522
haliclona_mediterranea,holothuria_sanctori,6,1.87,3.21,3.93,0.0014209695650551982,4,6,5,0.833,Porifera,Echinodermata,0.522
aglaophenia_harpago,spicara_smaris,5,1.37,3.66,3.45,0.005705780767966851,3,4,5,1.0,Cnidaria,Actinopterygii,0.522
glycymeris_glycymeris,tritia_reticulata,6,1.87,3.21,3.36,0.006019125079476221,4,6,5,1.0,Mollusca,Mollusca,0.522
chamelea_gallina,venerupis_geographica,6,1.88,3.2,3.56,0.0037736815078551057,6,6,5,1.0,Mollusca,Mollusca,0.521
necora_puber,scorpaena_notata,6,1.87,3.2,3.39,0.005556609093016443,5,5,5,1.0,Malacostraca,Actinopterygii,0.521
sicyonia_carinata,synapturichthys_kleinii,6,1.88,3.19,4.14,0.03172209593453311,3,6,5,1.0,Malacostraca,Actinopterygii,0.52
bittium_latreillii,tricolia_speciosa,6,1.88,3.19,3.53,0.004039430651307081,6,6,5,1.0,Mollusca,Mollusca,0.52
ctena_decussata,xantho_poressa,5,1.38,3.64,3.42,0.006119702607944219,3,5,5,1.0,Mollusca,Malacostraca,0.52
cardites_antiquatus,melarhaphe_neritoides,5,1.38,3.62,4.54,0.033568771821735593,5,5,5,1.0,Mollusca,Mollusca,0.518
aplysia_punctata,felimare_cantabrica,5,1.39,3.61,3.65,0.033976317696507524,3,5,5,0.8,Mollusca,Mollusca,0.517
ariosoma_balearicum,gaidropsarus_mediterraneus,6,1.89,3.17,3.44,0.004993356575599178,5,6,5,1.0,Actinopterygii,Actinopterygii,0.517
eristalis_tenax,sphaerophoria_scripta,5,1.39,3.6,4.53,0.0341228679434675,4,4,5,0.8,Insecta,Insecta,0.515
chloromyia_formosa,runcinia_grammica,5,1.39,3.6,3.92,0.03415312167287912,5,5,5,1.0,Insecta,Arachnida,0.515
halisarca_harmelini,phallusia_fumigata,5,1.39,3.6,3.34,0.007349602519393267,4,5,5,1.0,Porifera,Animalia,0.515
dactylopterus_volitans,galathea_squamifera,5,1.39,3.59,3.78,0.034535387834300206,3,5,5,1.0,Actinopterygii,Malacostraca,0.514
cribrinopsis_crassa,sicyonia_carinata,6,1.91,3.14,3.39,0.005660324044064788,3,6,5,1.0,Cnidaria,Malacostraca,0.513
hemimycale_columella,rhizostoma_pulmo,5,1.4,3.57,3.38,0.006782347655866805,3,5,5,1.0,Porifera,Cnidaria,0.512
microcosmus_polymorphus,phorbas_topsenti,5,1.4,3.56,3.95,0.035408020802002727,5,5,5,1.0,Animalia,Porifera,0.511
galathea_squamifera,gari_depressa,6,1.92,3.13,3.42,0.005262898566961481,6,6,5,1.0,Malacostraca,Mollusca,0.511
eryngium_maritimum,mactra_stultorum,5,1.4,3.56,3.33,0.007536857688923577,5,5,5,1.0,Plantae,Mollusca,0.511
ciona_edwardsi,diaphorodoris_papillata,5,1.41,3.55,4.12,0.03560974844986467,5,5,5,1.0,Animalia,Mollusca,0.51
acteon_tornatilis,arca_noae,5,1.41,3.54,3.58,0.004225251189443431,5,5,5,1.0,Mollusca,Mollusca,0.509
branchiostoma_lanceolatum,trachinus_draco,6,1.93,3.11,3.48,0.00456558207921776,4,6,5,1.0,Animalia,Actinopterygii,0.508
chamelea_gallina,glycymeris_bimaculata,6,1.94,3.1,3.5,0.004434719432823061,6,6,5,1.0,Mollusca,Mollusca,0.507
raja_undulata,synodus_saurus,5,1.42,3.52,3.71,0.03653035150403433,4,5,5,1.0,Elasmobranchii,Actinopterygii,0.506
melarhaphe_neritoides,thericium_lividulum,5,1.42,3.51,3.27,0.008675418164544318,5,5,5,1.0,Mollusca,Mollusca,0.505
haminoea_navicula,tritia_corniculum,6,1.95,3.08,3.38,0.005857472530241099,3,5,5,1.0,Mollusca,Mollusca,0.504
caulerpa_prolifera,thericium_vulgatum,6,1.95,3.08,3.09,0.0110591847225686,5,6,5,1.0,Plantae,Mollusca,0.504
echinolittorina_punctata,neverita_josephinia,5,1.43,3.49,3.72,0.03774013104935488,5,5,5,1.0,Mollusca,Mollusca,0.503
philinopsis_depicta,solea_senegalensis,6,1.96,3.07,3.94,0.0014273255874735226,5,6,5,1.0,Mollusca,Actinopterygii,0.502
centaurea_aspera,juncus_acutus,6,1.95,3.07,3.21,0.008691449833169185,6,6,5,1.0,Plantae,Plantae,0.502
ciona_edwardsi,smittina_cervicornis,6,1.96,3.06,3.95,0.0013785966352186053,3,6,5,1.0,Animalia,Bryozoa,0.501
calyptraea_chinensis,solecurtus_strigilatus,5,1.44,3.47,3.5,0.005172283208914252,5,5,5,1.0,Mollusca,Mollusca,0.501
capulus_ungaricus,epitonium_clathrus,6,1.98,3.04,4.46,0.037830520024138205,6,6,5,0.833,Mollusca,Mollusca,0.498
calmella_cavolini,pinna_rudis,5,1.45,3.45,3.42,0.006281543081295159,5,5,5,1.0,Mollusca,Mollusca,0.498
calystegia_soldanella,ononis_natrix,5,1.45,3.44,3.56,0.039321254768970075,4,5,5,1.0,Plantae,Plantae,0.497
aequorea_forskalea,caryophyllia_inornata,5,1.46,3.43,3.14,0.011393065253139729,4,4,5,1.0,Cnidaria,Cnidaria,0.496
aloe_maculata,plantago_lagopus,5,1.46,3.42,3.87,0.03984656674462017,5,5,5,1.0,Plantae,Plantae,0.495
periclimenes_amethysteus,thylacodes_arenarius,6,1.99,3.02,3.01,0.013358423268143989,5,6,5,1.0,Malacostraca,Mollusca,0.495
doto_koenneckeri,rudmania_krohni,6,2.0,3.0,3.33,0.006606743850563619,6,6,5,1.0,Mollusca,Mollusca,0.492
buglossidium_luteum,synodus_saurus,6,2.0,3.0,3.32,0.006849210896325312,3,5,5,1.0,Actinopterygii,Actinopterygii,0.492
acanthocardia_aculeata,echinocardium_cordatum,5,1.48,3.38,3.24,0.009414018069721197,4,4,5,1.0,Mollusca,Echinodermata,0.49
clavularia_crassa,salpa_fusiformis,5,1.48,3.37,3.83,0.04166160602357914,4,5,5,1.0,Cnidaria,Animalia,0.489
disporella_hispida,frondipora_verrucosa,5,1.48,3.37,3.51,0.005180038273062328,3,5,5,1.0,Bryozoa,Bryozoa,0.489
galathea_strigosa,scorpaena_scrofa,5,1.48,3.37,3.4,0.0066067628933047,4,5,5,1.0,Malacostraca,Actinopterygii,0.489
chthamalus_stellatus,ligia_italica,5,1.49,3.36,3.5,0.005289613690752794,5,5,5,1.0,Crustacea,Malacostraca,0.488
didemnum_coccineum,thuridilla_hopei,5,1.49,3.36,3.45,0.005931998458388099,4,5,5,1.0,Animalia,Mollusca,0.488
pagellus_acarne,semicassis_undulata,5,1.49,3.35,3.12,0.012148918408125691,5,5,5,1.0,Actinopterygii,Mollusca,0.486
corcyrogobius_liechtensteini,microlipophrys_nigriceps,5,1.51,3.32,3.21,0.009942708975865166,5,5,5,1.0,Actinopterygii,Actinopterygii,0.483
bispira_volutacornis,schizomavella_mamillata,5,1.51,3.3,4.22,0.044558813040504734,5,5,5,1.0,Annelida,Bryozoa,0.48
patella_ulyssiponensis,ruditapes_decussatus,5,1.51,3.3,3.57,0.04450993399854144,5,5,5,0.8,Mollusca,Mollusca,0.48
asparagus_acutifolius,crithmum_maritimum,5,1.52,3.29,3.82,0.045091398963358426,5,5,5,1.0,Plantae,Plantae,0.479
crithmum_maritimum,pistacia_lentiscus,5,1.52,3.29,3.82,0.045091398963358426,4,5,5,1.0,Plantae,Plantae,0.479
hippocampus_guttulatus,torpedo_torpedo,5,1.52,3.29,3.41,0.006584876436669977,3,5,5,1.0,Actinopterygii,Elasmobranchii,0.479
astropecten_aranciacus,bothus_podas,5,1.52,3.29,3.35,0.0074932210422843865,5,5,5,0.8,Echinodermata,Actinopterygii,0.479
carduus_pycnocephalus,sonchus_oleraceus,5,1.52,3.28,4.14,0.04526302663611796,5,5,5,1.0,Plantae,Plantae,0.478
hamigera_hamigera,tricleocarpa_fragilis,5,1.52,3.28,3.16,0.011271781275588444,4,5,5,1.0,Porifera,Plantae,0.478
muricopsis_cristata,rissoa_ventricosa,5,1.53,3.26,3.72,0.04615533941488101,5,5,5,1.0,Mollusca,Mollusca,0.475
diogenes_pugilator,syngnathus_abaster,5,1.53,3.26,3.14,0.01169417966109658,4,5,5,1.0,Malacostraca,Actinopterygii,0.475
aglaophenia_acacia,clathrina_clathrus,5,1.54,3.25,3.41,0.00663566280512799,4,5,5,1.0,Cnidaria,Porifera,0.474
gregariella_petagnae,venerupis_geographica,5,1.54,3.24,3.16,0.011295205578178967,4,5,5,1.0,Mollusca,Mollusca,0.473
penaeus_kerathurus,telmatactis_forskalii,5,1.55,3.23,3.8,0.04748390615059896,3,5,5,1.0,Malacostraca,Cnidaria,0.472
patella_rustica,steromphala_rarilineata,5,1.55,3.23,3.39,0.006965469474060122,5,5,5,1.0,Mollusca,Mollusca,0.472
eualus_cranchii,pagurus_cuanensis,5,1.55,3.22,3.01,0.015248034784791942,4,4,5,1.0,Malacostraca,Malacostraca,0.471
frondipora_verrucosa,turbicellepora_avicularis,5,1.55,3.22,2.99,0.01584543734713291,4,5,5,1.0,Bryozoa,Bryozoa,0.471
myriapora_truncata,platydoris_argo,5,1.55,3.22,2.92,0.018386247438331813,4,5,5,1.0,Bryozoa,Mollusca,0.471
bolma_rugosa,peronaea_planata,5,1.56,3.21,3.82,0.048429435027074245,4,5,5,1.0,Mollusca,Mollusca,0.469
electra_posidoniae,neogoniolithon_brassica_florida,5,1.56,3.21,3.15,0.011450067958300043,5,5,5,1.0,Bryozoa,Plantae,0.469
clavelina_lepadiformis,muraena_helena,5,1.56,3.2,3.38,0.007156303120479478,4,5,5,1.0,Animalia,Actinopterygii,0.468
celtis_australis,columba_livia,5,1.56,3.2,3.03,0.014817370142963445,5,5,5,1.0,Plantae,Aves,0.468
galathea_bolivari,pseudobiceros_splendidus,5,1.57,3.18,3.52,0.049642004233689675,3,5,5,1.0,Malacostraca,Platyhelminthes,0.465
isara_cornea,thylacodes_arenarius,5,1.57,3.18,2.94,0.017529740267404347,3,5,5,1.0,Mollusca,Mollusca,0.465
fasciospongia_cavernosa,pleraplysilla_spinifera,5,1.58,3.17,3.08,0.013510029838757452,4,4,5,1.0,Porifera,Porifera,0.464
polypodium_cambricum,ulex_parviflorus,5,1.6,3.13,3.28,0.008869192828057888,5,5,5,1.0,Plantae,Plantae,0.459
gari_depressa,ruditapes_decussatus,5,1.6,3.12,3.25,0.009499714846698586,5,5,5,1.0,Mollusca,Mollusca,0.458
hexaplex_trunculus,neverita_josephinia,5,1.6,3.12,3.03,0.015053861289264685,5,5,5,1.0,Mollusca,Mollusca,0.458
aglaophenia_acacia,hemimycale_columella,5,1.6,3.12,2.94,0.01785754755731264,4,5,5,1.0,Cnidaria,Porifera,0.458
inachus_phalangium,scyllarides_latus,5,1.61,3.11,3.2,0.01067461440617395,4,5,5,1.0,Malacostraca,Malacostraca,0.457
oscarella_lobularis,pomadasys_incisus,5,1.62,3.1,2.95,0.017561631745445012,4,4,5,0.8,Porifera,Actinopterygii,0.455
chloromyia_formosa,tropinota_squalida,5,1.62,3.09,3.26,0.009310093949070225,5,5,5,1.0,Insecta,Insecta,0.454
anthias_anthias,platydoris_argo,5,1.63,3.08,3.0,0.01596018939666574,3,5,5,1.0,Actinopterygii,Mollusca,0.453
aglaophenia_tubiformis,palaemon_elegans,5,1.63,3.07,2.92,0.018813988079007894,5,5,5,1.0,Cnidaria,Malacostraca,0.451
filograna_implexa,seirospora_giraudyi,5,1.63,3.06,2.8,0.02351564355213922,3,4,5,1.0,Annelida,Plantae,0.45
bolinus_brandaris,glycymeris_glycymeris,5,1.64,3.04,3.23,0.010152448579967254,4,5,5,1.0,Mollusca,Mollusca,0.447
cerianthus_membranaceus,dasycladus_vermicularis,5,1.65,3.03,3.15,0.011916084784121086,3,4,5,1.0,Cnidaria,Plantae,0.446
cladostephus_spongiosus,pecten_jacobaeus,5,1.65,3.02,3.26,0.00954600075516598,4,5,5,1.0,,Mollusca,0.445
mactra_corallina,scrobicularia_plana,5,1.66,3.01,3.28,0.00921338872807318,5,5,5,1.0,Mollusca,Mollusca,0.443
bittium_reticulatum,tritia_varicosa,5,1.66,3.01,3.17,0.01136848695355071,5,5,5,0.8,Mollusca,Mollusca,0.443
cereus_pedunculatus,galathea_bolivari,5,1.66,3.01,2.96,0.01726725817904463,4,5,5,1.0,Cnidaria,Malacostraca,0.443
gobius_paganellus,scopalina_lophyropoda,5,1.67,3.0,2.85,0.021353177529663373,3,5,5,1.0,Actinopterygii,Porifera,0.442
