{"type": "FeatureCollection", "features": [{"type": "Feature", "properties": {"source": "ne_10m_coastline", "i": 0}, "geometry": {"type": "LineString", "coordinates": [[24.211192254000082, 40.77317942900004], [24.110118035000085, 40.727850653000075], [24.073090040000068, 40.72142161700009], [24.030039910000085, 40.72333405200004], [23.986338738000086, 40.73216380400004], [23.87403405000009, 40.77765534100007], [23.854340040000068, 40.78115469000005], [23.842051629000082, 40.78335195500006], [23.809255405000044, 40.78042226800005], [23.754079623000052, 40.763006903000075], [23.731700066000087, 40.75185781500005], [23.71070397200009, 40.737616278000075], [23.69703209700009, 40.72142161700009], [23.691742384000065, 40.695379950000074], [23.70020592500009, 40.67365143400008], [23.718028191000087, 40.65867747600004], [23.740977410000085, 40.65314362200007], [23.75562584700009, 40.64565664300005], [23.77247155000009, 40.62763092700004], [23.786631707000083, 40.60614655200004], [23.79265384200005, 40.587958075000074], [23.799001498000052, 40.58661530200004], [23.833506707000083, 40.563788153000075], [23.84669030000009, 40.56028880400004], [23.862478061000047, 40.55914948100008], [23.877614780000044, 40.560248114000046], [23.888845248000052, 40.563788153000075], [23.895274285000085, 40.55304596600007], [23.914886915000068, 40.53888580900008], [23.915537957000083, 40.52960846600007], [23.90723717500009, 40.525376695000034], [23.838226759000065, 40.518744208000044], [23.823008660000085, 40.50698476800005], [23.819021030000044, 40.48773834800005], [23.82667076900009, 40.461371161000045], [23.86817467500009, 40.41351959800005], [23.87794030000009, 40.40615469000005], [23.909678582000083, 40.394232489000046], [23.915537957000083, 40.38934967700004], [23.95362389400009, 40.38263580900008], [23.96387780000009, 40.37946198100008], [23.975352410000085, 40.38336823100008], [24.00245201900009, 40.386379299000055], [24.011729363000086, 40.39248281500005], [24.011566602000073, 40.40184153900009], [24.00554446700005, 40.41461823100008], [23.99122155000009, 40.43406810100004], [23.998708530000044, 40.44086334800005], [23.99122155000009, 40.447699286000045], [24.01140384200005, 40.44916413000004], [24.028819207000083, 40.432074286000045], [24.05323326900009, 40.39248281500005], [24.065196160000085, 40.38100820500006], [24.085785352000073, 40.36603424700007], [24.108897332000083, 40.357407945000034], [24.128428582000083, 40.36517975500004], [24.138926629000082, 40.360663153000075], [24.169200066000087, 40.352850653000075], [24.179860873000052, 40.35150788000004], [24.18685957100007, 40.34662506700005], [24.198008660000085, 40.32416413000004], [24.203949415000068, 40.31736888200004], [24.23340905000009, 40.31688060100004], [24.266286655000044, 40.289048570000034], [24.320648634000065, 40.22797272300005], [24.38331139400009, 40.17914459800005], [24.393809441000087, 40.15249258000006], [24.36109459700009, 40.13239166900007], [24.318614129000082, 40.124701239000046], [24.299978061000047, 40.12807851800005], [24.292246941000087, 40.142645575000074], [24.28614342500009, 40.16054922100005], [24.271739129000082, 40.17096588700008], [24.253916863000086, 40.17829010600008], [24.238291863000086, 40.18699778900009], [24.21192467500009, 40.21747467700004], [24.19271894600007, 40.24896881700005], [24.16895592500009, 40.27529531500005], [24.128428582000083, 40.29002513200004], [24.04786217500009, 40.30117422100005], [24.01921634200005, 40.31049225500004], [23.99382571700005, 40.323919989000046], [23.957367384000065, 40.35260651200008], [23.93653405000009, 40.36517975500004], [23.922618035000085, 40.36933014500005], [23.885020379000082, 40.36517975500004], [23.848317905000044, 40.372707424000055], [23.833506707000083, 40.37201569200005], [23.78223717500009, 40.35268789300005], [23.759613477000073, 40.34918854400007], [23.730479363000086, 40.35895416900007], [23.72754967500009, 40.35346100500004], [23.720713738000086, 40.34479401200008], [23.716807488000086, 40.34528229400007], [23.69971764400009, 40.32636139500005], [23.693614129000082, 40.30923086100006], [23.695648634000065, 40.29291413000004], [23.71143639400009, 40.26113515800006], [23.716319207000083, 40.25531647300005], [23.72364342500009, 40.24909088700008], [23.757660352000073, 40.231675523000035], [23.764333530000044, 40.21539948100008], [23.778575066000087, 40.20270416900007], [23.792816602000073, 40.19599030200004], [23.799489780000044, 40.19757721600007], [23.86768639400009, 40.172756252000056], [23.88021894600007, 40.17633698100008], [23.896739129000082, 40.17133209800005], [23.913340691000087, 40.161363023000035], [23.926036004000082, 40.14980703300006], [23.940684441000087, 40.14154694200005], [23.98023522200009, 40.13068268400008], [23.99122155000009, 40.11871979400007], [23.99000084700009, 40.11001211100006], [23.977386915000068, 40.100490627000056], [23.97754967500009, 40.09080638200004], [23.983246290000068, 40.08490631700005], [24.001149936000047, 40.07493724200009], [24.00489342500009, 40.06720612200007], [24.00171959700009, 40.05878327000005], [23.99463951900009, 40.05731842700004], [23.987559441000087, 40.05744049700007], [23.984222852000073, 40.053615627000056], [23.98682701900009, 40.042181708000044], [23.993418816000087, 40.037543036000045], [24.002207879000082, 40.03851959800005], [24.011729363000086, 40.04364655200004], [24.01148522200009, 40.03343333500004], [24.01221764400009, 40.026556708000044], [24.014414910000085, 40.02130768400008], [24.01921634200005, 40.01630280200004], [23.992523634000065, 39.99884674700007], [23.98804772200009, 39.98997630400004], [23.998708530000044, 39.98159414300005], [23.998708530000044, 39.97475820500006], [23.979340040000068, 39.974310614000046], [23.969899936000047, 39.968085028000075], [23.972829623000052, 39.96185944200005], [23.99122155000009, 39.96108633000006], [23.99122155000009, 39.95359935100004], [23.93995201900009, 39.952460028000075], [23.91968834700009, 39.956366278000075], [23.92286217500009, 39.96792226800005], [23.92286217500009, 39.97475820500006], [23.915537957000083, 39.97475820500006], [23.907725457000083, 39.96979401200008], [23.900645379000082, 39.97117747600004], [23.897634311000047, 39.97793203300006], [23.902517123000052, 39.98843008000006], [23.867035352000073, 40.00409577000005], [23.860850457000083, 40.00580475500004], [23.856211785000085, 40.01675039300005], [23.844899936000047, 40.02411530200004], [23.831228061000047, 40.02651601800005], [23.824066602000073, 40.021918036000045], [23.823090040000068, 40.017279364000046], [23.82667076900009, 40.00885651200008], [23.789886915000068, 40.055975653000075], [23.785166863000086, 40.06720612200007], [23.79151451900009, 40.08380768400008], [23.793304884000065, 40.093817450000074], [23.78882897200009, 40.09829336100006], [23.77833092500009, 40.101629950000074], [23.77247155000009, 40.10956452000005], [23.768728061000047, 40.118841864000046], [23.764496290000068, 40.126166083000044], [23.67546634200005, 40.21792226800005], [23.641774936000047, 40.23541901200008], [23.62273196700005, 40.23965078300006], [23.540293816000087, 40.24477773600006], [23.48414147200009, 40.269598700000074], [23.43848717500009, 40.27920156500005], [23.398285352000073, 40.27773672100005], [23.36500084700009, 40.261704820000034], [23.340098504000082, 40.22797272300005], [23.33765709700009, 40.20844147300005], [23.34538821700005, 40.19155508000006], [23.355479363000086, 40.175034898000035], [23.360606316000087, 40.15664297100005], [23.363617384000065, 40.150458075000074], [23.371348504000082, 40.14740631700005], [23.39161217500009, 40.14606354400007], [23.400645379000082, 40.14398834800005], [23.406504754000082, 40.13890208500004], [23.41578209700009, 40.126166083000044], [23.46924889400009, 40.06708405200004], [23.498871290000068, 40.042303778000075], [23.602712436000047, 39.998480536000045], [23.670258009000065, 39.98607005400004], [23.67286217500009, 39.97996653900009], [23.67286217500009, 39.97125885600008], [23.675954623000052, 39.96108633000006], [23.685394727000073, 39.94904205900008], [23.697276238000086, 39.94049713700008], [23.713063998000052, 39.93545156500005], [23.733897332000083, 39.93378327000005], [23.747894727000073, 39.93048737200007], [23.740244988000086, 39.92328522300005], [23.72169030000009, 39.91596100500004], [23.703135613000086, 39.91266510600008], [23.616465691000087, 39.92332591400009], [23.470957879000082, 39.97162506700005], [23.446543816000087, 39.97475820500006], [23.37208092500009, 39.96515534100007], [23.360606316000087, 39.96108633000006], [23.365977410000085, 39.97215403900009], [23.378754102000073, 39.991115627000056], [23.381602410000085, 40.00267161700009], [23.378428582000083, 40.010972398000035], [23.363942905000044, 40.026597398000035], [23.360606316000087, 40.03278229400007], [23.352712436000047, 40.057074286000045], [23.335134311000047, 40.07444896000004], [23.316579623000052, 40.08885325700004], [23.305918816000087, 40.10447825700004], [23.319590691000087, 40.136786200000074], [23.324554884000065, 40.17495351800005], [23.318614129000082, 40.21051666900007], [23.299082879000082, 40.23541901200008], [23.258636915000068, 40.253119208000044], [23.236664259000065, 40.25958893400008], [23.199554884000065, 40.26626211100006], [23.182383660000085, 40.274318752000056], [23.166188998000052, 40.27985260600008], [23.14893639400009, 40.27643463700008], [23.096934441000087, 40.30609772300005], [23.086761915000068, 40.307074286000045], [23.076182488000086, 40.314439195000034], [23.052744988000086, 40.31867096600007], [23.029144727000073, 40.32575104400007], [23.010915561000047, 40.351223049000055], [22.96387780000009, 40.37946198100008], [22.944834832000083, 40.38629791900007], [22.92750084700009, 40.38849518400008], [22.888194207000083, 40.38629791900007], [22.897715691000087, 40.402044989000046], [22.88965905000009, 40.41836172100005], [22.860199415000068, 40.447699286000045], [22.863291863000086, 40.448553778000075], [22.865977410000085, 40.448472398000035], [22.867442254000082, 40.44944896000004], [22.867198113000086, 40.45392487200007], [22.830902540000068, 40.48578522300005], [22.82162519600007, 40.50214264500005], [22.84351647200009, 40.50918203300006], [22.907399936000047, 40.51203034100007], [22.941579623000052, 40.51715729400007], [22.95639082100007, 40.526271877000056], [22.962901238000086, 40.535142320000034], [22.97510826900009, 40.54242584800005], [22.983164910000085, 40.55267975500004], [22.976898634000065, 40.57062409100007], [22.95248457100007, 40.58242422100005], [22.946136915000068, 40.58429596600007], [22.941742384000065, 40.58734772300005], [22.943614129000082, 40.594183661000045], [22.949554884000065, 40.60541413000004], [22.933767123000052, 40.630926825000074], [22.910492384000065, 40.644598700000074], [22.883067254000082, 40.64728424700007], [22.85401451900009, 40.63947174700007], [22.86109459700009, 40.62055084800005], [22.858653191000087, 40.60529205900008], [22.85059655000009, 40.593410549000055], [22.84034264400009, 40.58429596600007], [22.824473504000082, 40.57807038000004], [22.815114780000044, 40.57294342700004], [22.815928582000083, 40.57062409100007], [22.795664910000085, 40.57078685100004], [22.787119988000086, 40.57294342700004], [22.77833092500009, 40.57807038000004], [22.758555535000085, 40.56777578300006], [22.745941602000073, 40.55524323100008], [22.742523634000065, 40.540350653000075], [22.750336134000065, 40.522772528000075], [22.744151238000086, 40.522772528000075], [22.736664259000065, 40.52960846600007], [22.736664259000065, 40.515326239000046], [22.730479363000086, 40.515326239000046], [22.730479363000086, 40.522772528000075], [22.72315514400009, 40.522772528000075], [22.719004754000082, 40.510972398000035], [22.710948113000086, 40.51162344000005], [22.700368686000047, 40.51780833500004], [22.688975457000083, 40.522772528000075], [22.68848717500009, 40.52749258000006], [22.67351321700005, 40.52684153900009], [22.657725457000083, 40.51666901200008], [22.656260613000086, 40.50454336100006], [22.675303582000083, 40.496161200000074], [22.666026238000086, 40.495347398000035], [22.659678582000083, 40.49290599200009], [22.65601647200009, 40.487616278000075], [22.654958530000044, 40.47809479400007], [22.650726759000065, 40.47280508000006], [22.64161217500009, 40.474676825000074], [22.626800977000073, 40.48187897300005], [22.60287519600007, 40.48126862200007], [22.590505405000044, 40.477443752000056], [22.57911217500009, 40.46820709800005], [22.59343509200005, 40.458197333000044], [22.603770379000082, 40.44399648600006], [22.60873457100007, 40.428168036000045], [22.60645592500009, 40.41356028900009], [22.61850019600007, 40.40509674700007], [22.62826582100007, 40.39362213700008], [22.63998457100007, 40.383693752000056], [22.658376498000052, 40.37946198100008], [22.66114342500009, 40.36904531500005], [22.647634311000047, 40.34589264500005], [22.620616082000083, 40.31049225500004], [22.59034264400009, 40.24164459800005], [22.59083092500009, 40.230169989000046], [22.55250084700009, 40.16657135600008], [22.549652540000068, 40.143866278000075], [22.557302280000044, 40.12718333500004], [22.56771894600007, 40.11050039300005], [22.572927280000044, 40.08771393400008], [22.56885826900009, 40.06484609600005], [22.57129967500009, 40.05426666900007], [22.583181186000047, 40.04987213700008], [22.58765709700009, 40.044907945000034], [22.600271030000044, 40.01630280200004], [22.652517123000052, 39.982082424000055], [22.661631707000083, 39.978216864000046], [22.667165561000047, 39.97435130400004], [22.690928582000083, 39.96816640800006], [22.696462436000047, 39.964544989000046], [22.69857832100007, 39.96088288000004], [22.707855665000068, 39.961371161000045], [22.710134311000047, 39.95734284100007], [22.708994988000086, 39.93903229400007], [22.709808790000068, 39.93504466400009], [22.710134311000047, 39.93378327000005], [22.722992384000065, 39.897772528000075], [22.730479363000086, 39.88540273600006], [22.740896030000044, 39.874701239000046], [22.77865644600007, 39.84983958500004], [22.801117384000065, 39.84031810100004], [22.815277540000068, 39.82904694200005], [22.84034264400009, 39.80341217700004], [22.850271030000044, 39.79051341400009], [22.858653191000087, 39.77326080900008], [22.864756707000083, 39.753159898000035], [22.867198113000086, 39.731756903000075], [22.871755405000044, 39.71580638200004], [22.901866082000083, 39.65884023600006], [22.92514082100007, 39.59951406500005], [22.939463738000086, 39.58063385600008], [22.95289147200009, 39.570013739000046], [23.00489342500009, 39.543402411000045], [23.055918816000087, 39.52724844000005], [23.094493035000085, 39.50409577000005], [23.09742272200009, 39.50177643400008], [23.101817254000082, 39.497381903000075], [23.114105665000068, 39.46698639500005], [23.125661655000044, 39.454413153000075], [23.210948113000086, 39.379339911000045], [23.223806186000047, 39.358587958000044], [23.271332227000073, 39.32294342700004], [23.292246941000087, 39.26898834800005], [23.34229576900009, 39.192613023000035], [23.343760613000086, 39.17963288000004], [23.333262566000087, 39.17438385600008], [23.30128014400009, 39.15135325700004], [23.28174889400009, 39.146144924000055], [23.243662957000083, 39.14166901200008], [23.224619988000086, 39.13711172100005], [23.209727410000085, 39.13182200700004], [23.215098504000082, 39.12946198100008], [23.21924889400009, 39.12710195500006], [23.223480665000068, 39.12518952000005], [23.23023522200009, 39.12441640800006], [23.23023522200009, 39.11815013200004], [23.221527540000068, 39.11603424700007], [23.21420332100007, 39.112616278000075], [23.208262566000087, 39.108710028000075], [23.20362389400009, 39.10455963700008], [23.191416863000086, 39.10781484600005], [23.169200066000087, 39.10659414300005], [23.14625084700009, 39.10175202000005], [23.131602410000085, 39.09430573100008], [23.115489129000082, 39.08828359600005], [23.092133009000065, 39.08934153900009], [23.052012566000087, 39.097723700000074], [23.061371290000068, 39.111761786000045], [23.073090040000068, 39.12441640800006], [23.06771894600007, 39.138006903000075], [23.08106530000009, 39.14720286700009], [23.114105665000068, 39.15912506700005], [23.113942905000044, 39.14630768400008], [23.10059655000009, 39.10455963700008], [23.171722852000073, 39.13495514500005], [23.182383660000085, 39.146144924000055], [23.17554772200009, 39.155462958000044], [23.18132571700005, 39.15867747600004], [23.190928582000083, 39.15810781500005], [23.196055535000085, 39.15574778900009], [23.199229363000086, 39.15143463700008], [23.206309441000087, 39.15704987200007], [23.213552280000044, 39.16811758000006], [23.217133009000065, 39.17963288000004], [23.21225019600007, 39.19049713700008], [23.186371290000068, 39.22443268400008], [23.17554772200009, 39.23427969000005], [23.179860873000052, 39.25079987200007], [23.169118686000047, 39.26854075700004], [23.15137780000009, 39.284857489000046], [23.134613477000073, 39.296942450000074], [23.115489129000082, 39.30744049700007], [23.09815514400009, 39.312201239000046], [23.02051842500009, 39.31753164300005], [23.019786004000082, 39.32099030200004], [23.021006707000083, 39.32558828300006], [23.01856530000009, 39.33047109600005], [23.013682488000086, 39.336371161000045], [23.003428582000083, 39.352443752000056], [22.998057488000086, 39.357123114000046], [22.99073326900009, 39.35809967700004], [22.96387780000009, 39.357123114000046], [22.94117272200009, 39.361761786000045], [22.935883009000065, 39.360581773000035], [22.942881707000083, 39.35097890800006], [22.942881707000083, 39.34414297100005], [22.932790561000047, 39.336004950000074], [22.92904707100007, 39.324204820000034], [22.93213951900009, 39.312201239000046], [22.942881707000083, 39.303168036000045], [22.91928144600007, 39.29865143400008], [22.87989342500009, 39.29555898600006], [22.842539910000085, 39.28847890800006], [22.826182488000086, 39.27216217700004], [22.824229363000086, 39.23346588700008], [22.826182488000086, 39.22125885600008], [22.85401451900009, 39.15912506700005], [22.860199415000068, 39.15912506700005], [22.868011915000068, 39.16974518400008], [22.880869988000086, 39.17963288000004], [22.876963738000086, 39.19037506700005], [22.882090691000087, 39.19098541900007], [22.890147332000083, 39.18427155200004], [22.89503014400009, 39.17279694200005], [22.901866082000083, 39.17963288000004], [22.910899285000085, 39.163316148000035], [22.91456139400009, 39.143784898000035], [22.920583530000044, 39.12514883000006], [22.93604576900009, 39.111395575000074], [22.935883009000065, 39.116115627000056], [22.93718509200005, 39.117254950000074], [22.939463738000086, 39.11713288000004], [22.942881707000083, 39.11815013200004], [22.938731316000087, 39.12494538000004], [22.93604576900009, 39.13182200700004], [22.961110873000052, 39.11904531500005], [22.973317905000044, 39.10195547100005], [22.982432488000086, 39.084418036000045], [22.998057488000086, 39.06976959800005], [22.99195397200009, 39.05731842700004], [22.993418816000087, 39.05463288000004], [22.998057488000086, 39.049261786000045], [22.96648196700005, 39.03465403900009], [22.958832227000073, 39.02513255400004], [22.96387780000009, 39.008978583000044], [23.01531009200005, 39.033189195000034], [23.042491082000083, 39.04010651200008], [23.073090040000068, 39.04246653900009], [23.073090040000068, 39.03628164300005], [23.064707879000082, 39.02875397300005], [23.03223717500009, 39.01512278900009], [23.023285352000073, 39.00844961100006], [23.019053582000083, 39.001288153000075], [23.011729363000086, 38.98102448100008], [23.00717207100007, 38.973944403000075], [23.000254754000082, 38.966457424000055], [22.99667402400007, 38.963405666000085], [22.992198113000086, 38.95962148600006], [22.984548373000052, 38.954331773000035], [22.978688998000052, 38.95327383000006], [22.964121941000087, 38.95526764500005], [22.95639082100007, 38.954331773000035], [22.94971764400009, 38.94961172100005], [22.94434655000009, 38.947333075000074], [22.93604576900009, 38.94684479400007], [22.940603061000047, 38.93646881700005], [22.942881707000083, 38.93260325700004], [22.928558790000068, 38.93158600500004], [22.908457879000082, 38.921942450000074], [22.898448113000086, 38.919623114000046], [22.88640384200005, 38.92169830900008], [22.873301629000082, 38.92593008000006], [22.85987389400009, 38.92853424700007], [22.846527540000068, 38.92641836100006], [22.841807488000086, 38.919175523000035], [22.836680535000085, 38.896470445000034], [22.829600457000083, 38.89166901200008], [22.804698113000086, 38.89101797100005], [22.79656009200005, 38.88711172100005], [22.79200280000009, 38.87799713700008], [22.777679884000065, 38.87848541900007], [22.754567905000044, 38.87396881700005], [22.732676629000082, 38.872381903000075], [22.72315514400009, 38.881740627000056], [22.718272332000083, 38.88979726800005], [22.707774285000085, 38.88739655200004], [22.688975457000083, 38.87799713700008], [22.680430535000085, 38.880519924000055], [22.663584832000083, 38.88959381700005], [22.658376498000052, 38.89166901200008], [22.656423373000052, 38.89435455900008], [22.62159264400009, 38.914496161000045], [22.613291863000086, 38.91307200700004], [22.594981316000087, 38.90281810100004], [22.58887780000009, 38.89801666900007], [22.580821160000085, 38.89362213700008], [22.569834832000083, 38.89166901200008], [22.55990644600007, 38.89109935100004], [22.55209394600007, 38.88922760600008], [22.545258009000065, 38.88507721600007], [22.53882897200009, 38.87799713700008], [22.53492272200009, 38.88068268400008], [22.52507571700005, 38.88544342700004], [22.52507571700005, 38.85814036700009], [22.572927280000044, 38.86432526200008], [22.572927280000044, 38.85814036700009], [22.553884311000047, 38.848089911000045], [22.563324415000068, 38.83624909100007], [22.582774285000085, 38.83197663000004], [22.59343509200005, 38.84446849200009], [22.600271030000044, 38.84446849200009], [22.59343509200005, 38.83022695500006], [22.608164910000085, 38.83075592700004], [22.621429884000065, 38.83388906500005], [22.632660352000073, 38.835150458000044], [22.64112389400009, 38.83022695500006], [22.690277540000068, 38.85000234600005], [22.702647332000083, 38.85065338700008], [22.726817254000082, 38.819647528000075], [22.748057488000086, 38.79922109600005], [22.758962436000047, 38.79409414300005], [22.769541863000086, 38.784816799000055], [22.77833092500009, 38.78172435100004], [22.786387566000087, 38.782416083000044], [22.805837436000047, 38.78790924700007], [22.815928582000083, 38.78925202000005], [22.829274936000047, 38.78607819200005], [22.845550977000073, 38.77802155200004], [22.85987389400009, 38.76703522300005], [22.867198113000086, 38.755072333000044], [22.887543165000068, 38.771144924000055], [22.89820397200009, 38.77529531500005], [22.914886915000068, 38.77558014500005], [22.925629102000073, 38.77171458500004], [22.945323113000086, 38.75812409100007], [22.960215691000087, 38.755072333000044], [23.016286655000044, 38.75446198100008], [23.04200280000009, 38.74673086100006], [23.059418165000068, 38.727728583000044], [23.090505405000044, 38.64911530200004], [23.10450280000009, 38.63841380400004], [23.12354576900009, 38.63690827000005], [23.13331139400009, 38.63971588700008], [23.145192905000044, 38.64899323100008], [23.156423373000052, 38.65346914300005], [23.16895592500009, 38.65228913000004], [23.182465040000068, 38.65375397300005], [23.196055535000085, 38.66632721600007], [23.17676842500009, 38.67658112200007], [23.168142123000052, 38.679388739000046], [23.186778191000087, 38.685980536000045], [23.204925977000073, 38.68268463700008], [23.23764082100007, 38.66632721600007], [23.253754102000073, 38.661810614000046], [23.286957227000073, 38.65814850500004], [23.305918816000087, 38.65265534100007], [23.320974155000044, 38.64325592700004], [23.331228061000047, 38.63027578300006], [23.33570397200009, 38.616400458000044], [23.333262566000087, 38.60423411700009], [23.321136915000068, 38.59442780200004], [23.306488477000073, 38.58885325700004], [23.293304884000065, 38.57908763200004], [23.285411004000082, 38.55646393400008], [23.29542076900009, 38.56810130400004], [23.307383660000085, 38.56854889500005], [23.319590691000087, 38.56199778900009], [23.32984459700009, 38.552720445000034], [23.340586785000085, 38.54555898600006], [23.367442254000082, 38.54047272300005], [23.381602410000085, 38.53534577000005], [23.381602410000085, 38.528550523000035], [23.37281334700009, 38.52594635600008], [23.349864129000082, 38.52558014500005], [23.340098504000082, 38.522365627000056], [23.33179772200009, 38.514878648000035], [23.329274936000047, 38.50836823100008], [23.33497155000009, 38.503607489000046], [23.35059655000009, 38.50185781500005], [23.41846764400009, 38.504339911000045], [23.519379102000073, 38.490668036000045], [23.531911655000044, 38.498114325000074], [23.542979363000086, 38.511704820000034], [23.567230665000068, 38.50112539300005], [23.60132897200009, 38.473944403000075], [23.580821160000085, 38.46356842700004], [23.573496941000087, 38.46088288000004], [23.573496941000087, 38.45343659100007], [23.585948113000086, 38.451157945000034], [23.59620201900009, 38.44676341400009], [23.60010826900009, 38.440619208000044], [23.594004754000082, 38.432928778000075], [23.594004754000082, 38.42609284100007], [23.625010613000086, 38.41400788000004], [23.67286217500009, 38.35643138200004], [23.70997155000009, 38.33673737200007], [23.724864129000082, 38.33612702000005], [23.781993035000085, 38.34357330900008], [23.805023634000065, 38.33250560100004], [23.81617272200009, 38.330511786000045], [23.912445509000065, 38.29824453300006], [23.932871941000087, 38.295803127000056], [23.951019727000073, 38.29092031500005], [23.966970248000052, 38.279282945000034], [23.99122155000009, 38.25421784100007], [24.038584832000083, 38.223944403000075], [24.046397332000083, 38.21694570500006], [24.050629102000073, 38.21067942900004], [24.069021030000044, 38.204738674000055], [24.073090040000068, 38.196478583000044], [24.070974155000044, 38.18842194200005], [24.06804446700005, 38.180894273000035], [24.069509311000047, 38.173529364000046], [24.08057701900009, 38.166001695000034], [24.06999759200005, 38.16278717700004], [24.06413821700005, 38.15509674700007], [24.06104576900009, 38.144191799000055], [24.059418165000068, 38.131293036000045], [24.05323326900009, 38.14524974200009], [24.037771030000044, 38.143744208000044], [23.989024285000085, 38.12262604400007], [23.99000084700009, 38.10211823100008], [24.00489342500009, 38.05927155200004], [24.00912519600007, 38.04059479400007], [24.01856530000009, 38.026678778000075], [24.028168165000068, 38.01618073100008], [24.032725457000083, 38.00775788000004], [24.030039910000085, 37.99843984600005], [24.01661217500009, 37.97695547100005], [24.011729363000086, 37.966864325000074], [24.011892123000052, 37.958319403000075], [24.014496290000068, 37.948472398000035], [24.015879754000082, 37.93744538000004], [24.011729363000086, 37.92523834800005], [24.02279707100007, 37.92572663000004], [24.034434441000087, 37.92291901200008], [24.043304884000065, 37.916449286000045], [24.046397332000083, 37.90599192900004], [24.042246941000087, 37.90070221600007], [24.011729363000086, 37.89175039300005], [24.01889082100007, 37.88515859600005], [24.02784264400009, 37.88031647300005], [24.038910352000073, 37.87787506700005], [24.05323326900009, 37.87807851800005], [24.046397332000083, 37.87059153900009], [24.051931186000047, 37.86969635600008], [24.06690514400009, 37.86440664300005], [24.060801629000082, 37.85561758000006], [24.059336785000085, 37.848537502000056], [24.061778191000087, 37.84251536700009], [24.06690514400009, 37.837103583000044], [24.061778191000087, 37.83470286700009], [24.05762780000009, 37.83218008000006], [24.054942254000082, 37.82851797100005], [24.05323326900009, 37.82282135600008], [24.076996290000068, 37.81110260600008], [24.084646030000044, 37.80174388200004], [24.087412957000083, 37.785223700000074], [24.086192254000082, 37.763739325000074], [24.081879102000073, 37.75250885600008], [24.059418165000068, 37.73346588700008], [24.073090040000068, 37.72724030200004], [24.073090040000068, 37.71979401200008], [24.059418165000068, 37.71979401200008], [24.059418165000068, 37.71356842700004], [24.06576582100007, 37.71279531500005], [24.066742384000065, 37.70970286700009], [24.06576582100007, 37.70502350500004], [24.06690514400009, 37.699286200000074], [24.065684441000087, 37.70189036700009], [24.065277540000068, 37.70482005400004], [24.063975457000083, 37.70502350500004], [24.059418165000068, 37.699286200000074], [24.072113477000073, 37.689520575000074], [24.063731316000087, 37.67845286700009], [24.046397332000083, 37.66583893400008], [24.032725457000083, 37.65151601800005], [24.021332227000073, 37.65778229400007], [23.983083530000044, 37.67031484600005], [23.96729576900009, 37.67259349200009], [23.94971764400009, 37.677435614000046], [23.94304446700005, 37.68992747600004], [23.943369988000086, 37.72724030200004], [23.93653405000009, 37.72724030200004], [23.922699415000068, 37.72117747600004], [23.913340691000087, 37.73969147300005], [23.902517123000052, 37.78188711100006], [23.898692254000082, 37.779282945000034], [23.888845248000052, 37.77440013200004], [23.881602410000085, 37.791083075000074], [23.865570509000065, 37.80768463700008], [23.847504102000073, 37.81810130400004], [23.833506707000083, 37.81598541900007], [23.82911217500009, 37.81940338700008], [23.825368686000047, 37.82135651200008], [23.822113477000073, 37.82416413000004], [23.819183790000068, 37.82965729400007], [23.81299889400009, 37.82965729400007], [23.807302280000044, 37.808579820000034], [23.797211134000065, 37.80849844000005], [23.786631707000083, 37.812160549000055], [23.77898196700005, 37.80231354400007], [23.777354363000086, 37.80906810100004], [23.776621941000087, 37.81427643400008], [23.773610873000052, 37.81688060100004], [23.764496290000068, 37.81598541900007], [23.77084394600007, 37.82831452000005], [23.766449415000068, 37.83893463700008], [23.744802280000044, 37.85761139500005], [23.742198113000086, 37.876654364000046], [23.70053144600007, 37.92519765800006], [23.69703209700009, 37.939520575000074], [23.68018639400009, 37.94586823100008], [23.663340691000087, 37.94293854400007], [23.646006707000083, 37.93667226800005], [23.628103061000047, 37.93268463700008], [23.627696160000085, 37.93764883000006], [23.628103061000047, 37.939520575000074], [23.63770592500009, 37.94293854400007], [23.640798373000052, 37.94578685100004], [23.641774936000047, 37.95254140800006], [23.62663821700005, 37.94749583500004], [23.618011915000068, 37.95327383000006], [23.61036217500009, 37.962144273000035], [23.597666863000086, 37.966864325000074], [23.58334394600007, 37.96710846600007], [23.571055535000085, 37.96869538000004], [23.560801629000082, 37.97280508000006], [23.552989129000082, 37.980454820000034], [23.58887780000009, 38.00633372600004], [23.597911004000082, 38.021144924000055], [23.590586785000085, 38.03880442900004], [23.581309441000087, 38.04629140800006], [23.574554884000065, 38.04677969000005], [23.568207227000073, 38.044256903000075], [23.559825066000087, 38.04254791900007], [23.521820509000065, 38.04254791900007], [23.51148522200009, 38.04043203300006], [23.50489342500009, 38.03571198100008], [23.499847852000073, 38.03099192900004], [23.49463951900009, 38.02887604400007], [23.470876498000052, 38.027777411000045], [23.460459832000083, 38.025458075000074], [23.449961785000085, 38.02142975500004], [23.41187584700009, 37.99437083500004], [23.395274285000085, 37.987941799000055], [23.42945397200009, 37.980454820000034], [23.408946160000085, 37.974310614000046], [23.32984459700009, 37.980454820000034], [23.226817254000082, 37.97361888200004], [23.18921959700009, 37.95880768400008], [23.159434441000087, 37.94053782800006], [23.14234459700009, 37.93008047100005], [23.094086134000065, 37.911037502000056], [23.052012566000087, 37.92523834800005], [23.04273522200009, 37.921942450000074], [23.03484134200005, 37.922308661000045], [23.026133660000085, 37.92413971600007], [23.015147332000083, 37.92523834800005], [23.01148522200009, 37.919989325000074], [23.011729363000086, 37.90851471600007], [23.01026451900009, 37.89695872600004], [23.001475457000083, 37.89175039300005], [22.99512780000009, 37.882147528000075], [22.999522332000083, 37.86269765800006], [23.012543165000068, 37.84756094000005], [23.03223717500009, 37.850775458000044], [23.049652540000068, 37.84357330900008], [23.073496941000087, 37.841131903000075], [23.097178582000083, 37.84357330900008], [23.114105665000068, 37.850775458000044], [23.14625084700009, 37.825832424000055], [23.16382897200009, 37.81525299700007], [23.182383660000085, 37.80914948100008], [23.177989129000082, 37.79930247600004], [23.176442905000044, 37.78998444200005], [23.177989129000082, 37.78156159100007], [23.182383660000085, 37.77440013200004], [23.168711785000085, 37.772365627000056], [23.150401238000086, 37.763373114000046], [23.128184441000087, 37.76048411700009], [23.125010613000086, 37.75726959800005], [23.12403405000009, 37.75096263200004], [23.120941602000073, 37.74091217700004], [23.14584394600007, 37.725816148000035], [23.159353061000047, 37.720770575000074], [23.17554772200009, 37.71979401200008], [23.166270379000082, 37.69700755400004], [23.16382897200009, 37.68158600500004], [23.167246941000087, 37.666449286000045], [23.17554772200009, 37.64468008000006], [23.16187584700009, 37.64468008000006], [23.16456139400009, 37.623032945000034], [23.168630405000044, 37.614162502000056], [23.190114780000044, 37.60732656500005], [23.23023522200009, 37.58258698100008], [23.23764082100007, 37.59003327000005], [23.274668816000087, 37.56122467700004], [23.27906334700009, 37.55996328300006], [23.28419030000009, 37.55923086100006], [23.292246941000087, 37.555894273000035], [23.312347852000073, 37.54254791900007], [23.323008660000085, 37.53742096600007], [23.336680535000085, 37.53546784100007], [23.36036217500009, 37.54767487200007], [23.35914147200009, 37.574286200000074], [23.340586785000085, 37.60028717700004], [23.31218509200005, 37.610541083000044], [23.31218509200005, 37.61737702000005], [23.32911217500009, 37.628241278000075], [23.347829623000052, 37.634426174000055], [23.398692254000082, 37.637884833000044], [23.409027540000068, 37.62592194200005], [23.404307488000086, 37.599269924000055], [23.390798373000052, 37.57135651200008], [23.374278191000087, 37.555894273000035], [23.384287957000083, 37.54743073100008], [23.39503014400009, 37.54140859600005], [23.407399936000047, 37.53750234600005], [23.422048373000052, 37.53546784100007], [23.422048373000052, 37.52802155200004], [23.402679884000065, 37.52252838700008], [23.395274285000085, 37.52179596600007], [23.395274285000085, 37.514960028000075], [23.40211022200009, 37.514960028000075], [23.41065514400009, 37.51190827000005], [23.436289910000085, 37.50812409100007], [23.458832227000073, 37.496161200000074], [23.479177280000044, 37.490668036000045], [23.525645379000082, 37.45970286700009], [23.52051842500009, 37.455064195000034], [23.51889082100007, 37.45302969000005], [23.520681186000047, 37.450873114000046], [23.525645379000082, 37.44603099200009], [23.525645379000082, 37.43919505400004], [23.505381707000083, 37.43048737200007], [23.446543816000087, 37.41461823100008], [23.44182376400005, 37.41441478100006], [23.32325280000009, 37.40973541900007], [23.305918816000087, 37.41193268400008], [23.307383660000085, 37.40839264500005], [23.308116082000083, 37.40525950700004], [23.309418165000068, 37.402044989000046], [23.31218509200005, 37.39826080900008], [23.276052280000044, 37.40224844000005], [23.26270592500009, 37.40102773600006], [23.264414910000085, 37.39081452000005], [23.23023522200009, 37.38458893400008], [23.229991082000083, 37.37494538000004], [23.237071160000085, 37.370306708000044], [23.24740644600007, 37.36945221600007], [23.25757897200009, 37.37091705900008], [23.25131269600007, 37.36351146000004], [23.25131269600007, 37.35732656500005], [23.258962436000047, 37.35639069200005], [23.278005405000044, 37.34983958500004], [23.262380405000044, 37.34398021000004], [23.243988477000073, 37.34243398600006], [23.20671634200005, 37.34369538000004], [23.18604576900009, 37.34064362200007], [23.185394727000073, 37.33218008000006], [23.194509311000047, 37.319240627000056], [23.20362389400009, 37.30267975500004], [23.182871941000087, 37.299261786000045], [23.168630405000044, 37.29950592700004], [23.156260613000086, 37.30312734600005], [23.141449415000068, 37.30951569200005], [23.141449415000068, 37.31635163000004], [23.16187584700009, 37.31635163000004], [23.16187584700009, 37.323146877000056], [23.15015709700009, 37.32575104400007], [23.136241082000083, 37.32371653900009], [23.123383009000065, 37.32477448100008], [23.114105665000068, 37.33616771000004], [23.134613477000073, 37.329331773000035], [23.129730665000068, 37.338771877000056], [23.12240644600007, 37.345689195000034], [23.10059655000009, 37.35732656500005], [23.09278405000009, 37.350775458000044], [23.082774285000085, 37.35053131700005], [23.073090040000068, 37.35521067900004], [23.073090040000068, 37.35732656500005], [23.07007897200009, 37.38890208500004], [23.072601759000065, 37.40110911700009], [23.08375084700009, 37.394517320000034], [23.094981316000087, 37.389553127000056], [23.10523522200009, 37.396918036000045], [23.112559441000087, 37.41087474200009], [23.114105665000068, 37.42560455900008], [23.135996941000087, 37.41547272300005], [23.141449415000068, 37.41193268400008], [23.141449415000068, 37.41815827000005], [23.136566602000073, 37.42731354400007], [23.135101759000065, 37.43349844000005], [23.134613477000073, 37.442613023000035], [23.132009311000047, 37.44863515800006], [23.12549889400009, 37.45111725500004], [23.117930535000085, 37.452826239000046], [23.111338738000086, 37.45661041900007], [23.097178582000083, 37.462225653000075], [23.062022332000083, 37.45498281500005], [23.04590905000009, 37.45970286700009], [23.059418165000068, 37.46653880400004], [23.04590905000009, 37.48700592700004], [23.021006707000083, 37.47528717700004], [23.011241082000083, 37.46906159100007], [23.00489342500009, 37.45970286700009], [22.990896030000044, 37.495754299000055], [22.980723504000082, 37.50877513200004], [22.96387780000009, 37.52179596600007], [22.959239129000082, 37.522772528000075], [22.947601759000065, 37.52130768400008], [22.942881707000083, 37.52179596600007], [22.93913821700005, 37.52496979400007], [22.937347852000073, 37.52944570500006], [22.936696811000047, 37.53351471600007], [22.93604576900009, 37.53546784100007], [22.92156009200005, 37.540350653000075], [22.912852410000085, 37.54181549700007], [22.901866082000083, 37.54165273600006], [22.914317254000082, 37.53880442900004], [22.91846764400009, 37.535589911000045], [22.92237389400009, 37.52802155200004], [22.902354363000086, 37.534857489000046], [22.885020379000082, 37.53314850500004], [22.869395379000082, 37.52562083500004], [22.85401451900009, 37.514960028000075], [22.847178582000083, 37.52098216400009], [22.81934655000009, 37.53546784100007], [22.821543816000087, 37.539129950000074], [22.826182488000086, 37.54905833500004], [22.81348717500009, 37.55341217700004], [22.802012566000087, 37.56085846600007], [22.79590905000009, 37.56915924700007], [22.798838738000086, 37.57640208500004], [22.788340691000087, 37.588771877000056], [22.77833092500009, 37.596869208000044], [22.756521030000044, 37.58966705900008], [22.738454623000052, 37.58087799700007], [22.726410352000073, 37.56635163000004], [22.72315514400009, 37.54165273600006], [22.725352410000085, 37.53656647300005], [22.734629754000082, 37.52456289300005], [22.736664259000065, 37.51837799700007], [22.735524936000047, 37.51190827000005], [22.730723504000082, 37.50023021000004], [22.730479363000086, 37.49445221600007], [22.734711134000065, 37.48334381700005], [22.73991946700005, 37.47748444200005], [22.745371941000087, 37.47313060100004], [22.750336134000065, 37.46653880400004], [22.751475457000083, 37.46161530200004], [22.750336134000065, 37.442613023000035], [22.752696160000085, 37.43968333500004], [22.764821811000047, 37.43178945500006], [22.76417076900009, 37.421535549000055], [22.757334832000083, 37.408270575000074], [22.757985873000052, 37.39826080900008], [22.810394727000073, 37.34837474200009], [22.81934655000009, 37.34369538000004], [22.812510613000086, 37.329331773000035], [22.826182488000086, 37.329331773000035], [22.826182488000086, 37.323146877000056], [22.81934655000009, 37.323146877000056], [22.81934655000009, 37.31635163000004], [22.82984459700009, 37.308294989000046], [22.853770379000082, 37.273871161000045], [22.860850457000083, 37.25568268400008], [22.89503014400009, 37.20648834800005], [22.898448113000086, 37.20368073100008], [22.906586134000065, 37.19391510600008], [22.911631707000083, 37.18341705900008], [22.90528405000009, 37.17853424700007], [22.900401238000086, 37.17291901200008], [22.897227410000085, 37.159857489000046], [22.89503014400009, 37.13385651200008], [22.903168165000068, 37.12128327000005], [22.922048373000052, 37.11798737200007], [22.94271894600007, 37.12010325700004], [22.95639082100007, 37.12396881700005], [22.957041863000086, 37.11933014500005], [22.958832227000073, 37.116522528000075], [22.961192254000082, 37.11399974200009], [22.96387780000009, 37.11029694200005], [22.95679772200009, 37.106756903000075], [22.95801842500009, 37.10578034100007], [22.96387780000009, 37.10342031500005], [22.95639082100007, 37.09593333500004], [22.973480665000068, 37.09096914300005], [22.981700066000087, 37.08270905200004], [22.979177280000044, 37.077826239000046], [22.96387780000009, 37.08295319200005], [22.972911004000082, 37.06513092700004], [22.999847852000073, 37.033270575000074], [22.998057488000086, 37.021470445000034], [23.006114129000082, 37.00458405200004], [23.011729363000086, 36.986761786000045], [23.006521030000044, 36.987209377000056], [22.99586022200009, 36.98647695500006], [22.99073326900009, 36.986761786000045], [22.99317467500009, 36.98183828300006], [23.000824415000068, 36.97117747600004], [23.00489342500009, 36.966864325000074], [23.00684655000009, 36.97016022300005], [23.00757897200009, 36.97085195500006], [23.008474155000044, 36.97109609600005], [23.011729363000086, 36.973089911000045], [23.01498457100007, 36.96385325700004], [23.016368035000085, 36.95526764500005], [23.01531009200005, 36.94708893400008], [23.011729363000086, 36.93891022300005], [23.021739129000082, 36.92572663000004], [23.041677280000044, 36.88544342700004], [23.049001498000052, 36.87689850500004], [23.04590905000009, 36.86908600500004], [23.059255405000044, 36.85150788000004], [23.086761915000068, 36.82908763200004], [23.093272332000083, 36.81826406500005], [23.095550977000073, 36.80703359600005], [23.091807488000086, 36.79832591400009], [23.08057701900009, 36.794989325000074], [23.08057701900009, 36.788763739000046], [23.091075066000087, 36.788275458000044], [23.098806186000047, 36.78693268400008], [23.114105665000068, 36.781317450000074], [23.10987389400009, 36.77366771000004], [23.098399285000085, 36.76666901200008], [23.094411655000044, 36.76080963700008], [23.092946811000047, 36.755194403000075], [23.093028191000087, 36.752020575000074], [23.093760613000086, 36.748928127000056], [23.094411655000044, 36.74371979400007], [23.088633660000085, 36.73289622600004], [23.07585696700005, 36.73383209800005], [23.061696811000047, 36.74054596600007], [23.052012566000087, 36.74713776200008], [23.04346764400009, 36.736029364000046], [23.03093509200005, 36.72557200700004], [23.025645379000082, 36.71564362200007], [23.039073113000086, 36.70620351800005], [23.036957227000073, 36.70286692900004], [23.03419030000009, 36.69586823100008], [23.03223717500009, 36.692572333000044], [23.059418165000068, 36.692572333000044], [23.034434441000087, 36.67487213700008], [23.03565514400009, 36.64907461100006], [23.05046634200005, 36.62246328300006], [23.070160352000073, 36.596991278000075], [23.08057701900009, 36.579291083000044], [23.084808790000068, 36.576157945000034], [23.104665561000047, 36.56932200700004], [23.115977410000085, 36.56224192900004], [23.134613477000073, 36.55536530200004], [23.138845248000052, 36.55052317900004], [23.141286655000044, 36.54559967700004], [23.145355665000068, 36.54193756700005], [23.155039910000085, 36.541083075000074], [23.145762566000087, 36.53563060100004], [23.141449415000068, 36.53424713700008], [23.141449415000068, 36.52802155200004], [23.14747155000009, 36.522365627000056], [23.14820397200009, 36.51715729400007], [23.14389082100007, 36.51227448100008], [23.134613477000073, 36.50755442900004], [23.151866082000083, 36.48729075700004], [23.181813998000052, 36.472316799000055], [23.20362389400009, 36.45612213700008], [23.196055535000085, 36.432521877000056], [23.16187584700009, 36.446193752000056], [23.151866082000083, 36.435614325000074], [23.139333530000044, 36.43406810100004], [23.09473717500009, 36.44318268400008], [23.08570397200009, 36.45359935100004], [23.078379754000082, 36.465277411000045], [23.066254102000073, 36.47345612200007], [23.066254102000073, 36.47964101800005], [23.072113477000073, 36.49310944200005], [23.065114780000044, 36.509100653000075], [23.051036004000082, 36.52244700700004], [23.03565514400009, 36.52802155200004], [22.99268639400009, 36.52033112200007], [22.97242272200009, 36.52020905200004], [22.96387780000009, 36.53115469000005], [22.959239129000082, 36.54743073100008], [22.936778191000087, 36.58616771000004], [22.929209832000083, 36.59634023600006], [22.917816602000073, 36.605169989000046], [22.87468509200005, 36.630519924000055], [22.888926629000082, 36.64248281500005], [22.884287957000083, 36.65424225500004], [22.842539910000085, 36.68500397300005], [22.837168816000087, 36.68650950700004], [22.833181186000047, 36.678900458000044], [22.81934655000009, 36.665228583000044], [22.81495201900009, 36.67055898600006], [22.813731316000087, 36.679388739000046], [22.81934655000009, 36.702785549000055], [22.817149285000085, 36.717962958000044], [22.807871941000087, 36.739569403000075], [22.800791863000086, 36.77578359600005], [22.78687584700009, 36.79344310100004], [22.765147332000083, 36.80418528900009], [22.736664259000065, 36.808579820000034], [22.685557488000086, 36.809475002000056], [22.622569207000083, 36.80345286700009], [22.577403191000087, 36.78302643400008], [22.57911217500009, 36.74038320500006], [22.546153191000087, 36.72142161700009], [22.533457879000082, 36.70722077000005], [22.52507571700005, 36.68512604400007], [22.540293816000087, 36.685207424000055], [22.54981530000009, 36.67829010600008], [22.55372155000009, 36.66620514500005], [22.55250084700009, 36.65094635600008], [22.545664910000085, 36.65094635600008], [22.543793165000068, 36.65802643400008], [22.54004967500009, 36.665269273000035], [22.533864780000044, 36.67055898600006], [22.52507571700005, 36.67145416900007], [22.516774936000047, 36.66616445500006], [22.51140384200005, 36.65688711100006], [22.510020379000082, 36.64801666900007], [22.514496290000068, 36.64411041900007], [22.53101647200009, 36.632798570000034], [22.526052280000044, 36.61237213700008], [22.51270592500009, 36.602769273000035], [22.504649285000085, 36.624253648000035], [22.49000084700009, 36.61701080900008], [22.48406009200005, 36.606634833000044], [22.483571811000047, 36.54791901200008], [22.486582879000082, 36.525091864000046], [22.49268639400009, 36.506293036000045], [22.51148522200009, 36.46662018400008], [22.507334832000083, 36.46108633000006], [22.51148522200009, 36.452337958000044], [22.498301629000082, 36.44525788000004], [22.49390709700009, 36.434759833000044], [22.496755405000044, 36.422756252000056], [22.504649285000085, 36.411363023000035], [22.504649285000085, 36.40452708500004], [22.49545332100007, 36.40534088700008], [22.493011915000068, 36.40249258000006], [22.492849155000044, 36.39728424700007], [22.490977410000085, 36.39093659100007], [22.479746941000087, 36.402044989000046], [22.47632897200009, 36.419256903000075], [22.47510826900009, 36.437567450000074], [22.469899936000047, 36.452337958000044], [22.455332879000082, 36.462225653000075], [22.42042076900009, 36.473537502000056], [22.408376498000052, 36.48712799700007], [22.401621941000087, 36.48712799700007], [22.391368035000085, 36.478501695000034], [22.38135826900009, 36.480454820000034], [22.371918165000068, 36.48822663000004], [22.364024285000085, 36.49701569200005], [22.35450280000009, 36.51190827000005], [22.355316602000073, 36.52293528900009], [22.361501498000052, 36.53375885600008], [22.367442254000082, 36.54791901200008], [22.383555535000085, 36.544175523000035], [22.388194207000083, 36.55605703300006], [22.384043816000087, 36.57249583500004], [22.373708530000044, 36.58270905200004], [22.37867272200009, 36.587591864000046], [22.387950066000087, 36.60252513200004], [22.367442254000082, 36.60252513200004], [22.369313998000052, 36.61538320500006], [22.367930535000085, 36.630845445000034], [22.371348504000082, 36.64272695500006], [22.387950066000087, 36.64411041900007], [22.387950066000087, 36.65094635600008], [22.368418816000087, 36.65648021000004], [22.370616082000083, 36.67357005400004], [22.387950066000087, 36.70620351800005], [22.358571811000047, 36.70209381700005], [22.339366082000083, 36.72646719000005], [22.323741082000083, 36.757879950000074], [22.305430535000085, 36.775091864000046], [22.306976759000065, 36.794582424000055], [22.291677280000044, 36.82013580900008], [22.221527540000068, 36.89752838700008], [22.20020592500009, 36.90639883000006], [22.175059441000087, 36.89118073100008], [22.148692254000082, 36.90717194200005], [22.137868686000047, 36.91714101800005], [22.133474155000044, 36.93211497600004], [22.13575280000009, 36.931626695000034], [22.140635613000086, 36.937160549000055], [22.145355665000068, 36.94611237200007], [22.147715691000087, 36.95604075700004], [22.148773634000065, 36.96743398600006], [22.153575066000087, 36.98688385600008], [22.155121290000068, 37.014105536000045], [22.153168165000068, 37.021185614000046], [22.08562259200005, 37.03339264500005], [22.048106316000087, 37.035142320000034], [22.030039910000085, 37.030951239000046], [21.992198113000086, 37.01211172100005], [21.954600457000083, 37.00364817900004], [21.94312584700009, 36.99331289300005], [21.937347852000073, 36.97996653900009], [21.927256707000083, 36.884466864000046], [21.922211134000065, 36.872300523000035], [21.921722852000073, 36.86322663000004], [21.925954623000052, 36.85171133000006], [21.93213951900009, 36.843003648000035], [21.93490644600007, 36.83421458500004], [21.928558790000068, 36.822251695000034], [21.945648634000065, 36.809027411000045], [21.956228061000047, 36.80345286700009], [21.970225457000083, 36.80174388200004], [21.970225457000083, 36.794989325000074], [21.95679772200009, 36.794134833000044], [21.94507897200009, 36.789943752000056], [21.93881269600007, 36.783189195000034], [21.942230665000068, 36.775091864000046], [21.935883009000065, 36.76601797100005], [21.89429772200009, 36.73505280200004], [21.888682488000086, 36.72992584800005], [21.88257897200009, 36.726548570000034], [21.87403405000009, 36.72671133000006], [21.85678144600007, 36.755072333000044], [21.853526238000086, 36.75739166900007], [21.82276451900009, 36.808579820000034], [21.804860873000052, 36.80760325700004], [21.789724155000044, 36.804754950000074], [21.76417076900009, 36.794989325000074], [21.752289259000065, 36.80499909100007], [21.728770379000082, 36.81264883000006], [21.722504102000073, 36.822251695000034], [21.716319207000083, 36.822251695000034], [21.707367384000065, 36.818019924000055], [21.701914910000085, 36.82562897300005], [21.69662519600007, 36.83844635600008], [21.68848717500009, 36.84955475500004], [21.69239342500009, 36.859035549000055], [21.691661004000082, 36.867254950000074], [21.68921959700009, 36.877020575000074], [21.68848717500009, 36.89118073100008], [21.691579623000052, 36.90029531500005], [21.70476321700005, 36.91714101800005], [21.70948326900009, 36.92593008000006], [21.70997155000009, 36.942694403000075], [21.702647332000083, 36.95726146000004], [21.688161655000044, 36.964544989000046], [21.667979363000086, 36.959418036000045], [21.67741946700005, 36.96328359600005], [21.680430535000085, 36.966457424000055], [21.681651238000086, 36.973089911000045], [21.672699415000068, 36.97357819200005], [21.66773522200009, 36.97093333500004], [21.66179446700005, 36.959418036000045], [21.65479576900009, 36.99469635600008], [21.629242384000065, 37.02090078300006], [21.59929446700005, 37.04572174700007], [21.57862389400009, 37.07672760600008], [21.56967207100007, 37.11619700700004], [21.567556186000047, 37.156317450000074], [21.574392123000052, 37.19236888200004], [21.592133009000065, 37.22016022300005], [21.654958530000044, 37.26072825700004], [21.682302280000044, 37.28392161700009], [21.69581139400009, 37.31635163000004], [21.691416863000086, 37.356634833000044], [21.681976759000065, 37.378973700000074], [21.67481530000009, 37.39598216400009], [21.60710696700005, 37.49949778900009], [21.569021030000044, 37.545355536000045], [21.549978061000047, 37.56146881700005], [21.463633660000085, 37.610256252000056], [21.44304446700005, 37.61859772300005], [21.431813998000052, 37.62763092700004], [21.412364129000082, 37.64801666900007], [21.402191602000073, 37.65542226800005], [21.343272332000083, 37.66933828300006], [21.323741082000083, 37.664943752000056], [21.318532748000052, 37.637884833000044], [21.31226647200009, 37.637884833000044], [21.31023196700005, 37.64740631700005], [21.310394727000073, 37.657416083000044], [21.30827884200005, 37.66624583500004], [21.298675977000073, 37.67259349200009], [21.31104576900009, 37.69310130400004], [21.314707879000082, 37.70954010600008], [21.31185957100007, 37.72630442900004], [21.295258009000065, 37.77167389500005], [21.28492272200009, 37.78510163000004], [21.271006707000083, 37.793402411000045], [21.227305535000085, 37.81191640800006], [21.12208092500009, 37.83738841400009], [21.11304772200009, 37.84332916900007], [21.107595248000052, 37.855454820000034], [21.111582879000082, 37.870428778000075], [21.106211785000085, 37.87807851800005], [21.133555535000085, 37.94635651200008], [21.14039147200009, 37.94635651200008], [21.164398634000065, 37.92963288000004], [21.207774285000085, 37.94603099200009], [21.25163821700005, 37.976223049000055], [21.277517123000052, 38.00096263200004], [21.29151451900009, 37.99721914300005], [21.303477410000085, 38.00332265800006], [21.314626498000052, 38.013373114000046], [21.32593834700009, 38.02142975500004], [21.32593834700009, 38.02887604400007], [21.322276238000086, 38.030910549000055], [21.321136915000068, 38.031683661000045], [21.320648634000065, 38.03266022300005], [21.318532748000052, 38.03510163000004], [21.308848504000082, 38.03172435100004], [21.299082879000082, 38.02651601800005], [21.290537957000083, 38.02065664300005], [21.284353061000047, 38.015285549000055], [21.329356316000087, 38.06989166900007], [21.331309441000087, 38.07640208500004], [21.367035352000073, 38.121079820000034], [21.371429884000065, 38.13149648600006], [21.373708530000044, 38.14447663000004], [21.375743035000085, 38.204291083000044], [21.374278191000087, 38.22064850500004], [21.384938998000052, 38.21112702000005], [21.398285352000073, 38.19293854400007], [21.408539259000065, 38.18593984600005], [21.407725457000083, 38.19794342700004], [21.40528405000009, 38.207464911000045], [21.40088951900009, 38.21478913000004], [21.406097852000073, 38.20840078300006], [21.420664910000085, 38.202337958000044], [21.438243035000085, 38.200384833000044], [21.459727410000085, 38.20018138200004], [21.47396894600007, 38.19603099200009], [21.52393639400009, 38.166001695000034], [21.603037957000083, 38.15180084800005], [21.622325066000087, 38.15477122600004], [21.64234459700009, 38.162095445000034], [21.67481530000009, 38.179673570000034], [21.701345248000052, 38.20526764500005], [21.74154707100007, 38.26972077000005], [21.76417076900009, 38.295803127000056], [21.840505405000044, 38.333644924000055], [21.849457227000073, 38.34129466400009], [21.915537957000083, 38.330511786000045], [21.937022332000083, 38.33063385600008], [21.946543816000087, 38.33234284100007], [21.955902540000068, 38.33673737200007], [21.965505405000044, 38.32990143400008], [21.978037957000083, 38.323553778000075], [21.992523634000065, 38.31875234600005], [22.007823113000086, 38.31688060100004], [22.020355665000068, 38.31321849200009], [22.026621941000087, 38.304348049000055], [22.030772332000083, 38.292954820000034], [22.037852410000085, 38.282131252000056], [22.048838738000086, 38.27480703300006], [22.07862389400009, 38.26341380400004], [22.089366082000083, 38.26166413000004], [22.09734134200005, 38.26276276200008], [22.108653191000087, 38.26740143400008], [22.113617384000065, 38.26780833500004], [22.12208092500009, 38.26080963700008], [22.128916863000086, 38.256293036000045], [22.13721764400009, 38.25421784100007], [22.143321160000085, 38.24909088700008], [22.15406334700009, 38.22345612200007], [22.161387566000087, 38.21320221600007], [22.16968834700009, 38.20970286700009], [22.20606530000009, 38.20018138200004], [22.209157748000052, 38.19794342700004], [22.212901238000086, 38.193060614000046], [22.21851647200009, 38.18817780200004], [22.226573113000086, 38.18593984600005], [22.25757897200009, 38.18593984600005], [22.300791863000086, 38.17747630400004], [22.312836134000065, 38.17226797100005], [22.331228061000047, 38.178900458000044], [22.346853061000047, 38.170803127000056], [22.363454623000052, 38.158270575000074], [22.39421634200005, 38.148423570000034], [22.404307488000086, 38.141913153000075], [22.414805535000085, 38.137884833000044], [22.42554772200009, 38.141831773000035], [22.432790561000047, 38.14325592700004], [22.51148522200009, 38.12929922100005], [22.620616082000083, 38.08348216400009], [22.680430535000085, 38.06659577000005], [22.688975457000083, 38.05927155200004], [22.698496941000087, 38.056708075000074], [22.77833092500009, 38.00096263200004], [22.796397332000083, 37.97679271000004], [22.802256707000083, 37.97361888200004], [22.82129967500009, 37.969183661000045], [22.852386915000068, 37.94749583500004], [22.867198113000086, 37.939520575000074], [22.882660352000073, 37.937567450000074], [22.89820397200009, 37.93976471600007], [22.92237389400009, 37.94635651200008], [22.930023634000065, 37.946600653000075], [22.938324415000068, 37.94594961100006], [22.94629967500009, 37.94623444200005], [22.952972852000073, 37.94940827000005], [22.97315514400009, 37.97361888200004], [22.975352410000085, 37.97898997600004], [22.965505405000044, 37.99070872600004], [22.95093834700009, 38.00242747600004], [22.939463738000086, 38.00775788000004], [22.923838738000086, 38.011786200000074], [22.899180535000085, 38.027777411000045], [22.880869988000086, 38.02887604400007], [22.88412519600007, 38.03221263200004], [22.887461785000085, 38.033636786000045], [22.85401451900009, 38.03510163000004], [22.87549889400009, 38.04930247600004], [22.885427280000044, 38.05426666900007], [22.898448113000086, 38.05621979400007], [22.911631707000083, 38.06012604400007], [22.933767123000052, 38.07827383000006], [22.942881707000083, 38.08348216400009], [22.96973717500009, 38.08197663000004], [23.019053582000083, 38.06525299700007], [23.039073113000086, 38.06989166900007], [23.068614129000082, 38.05890534100007], [23.10092207100007, 38.06240469000005], [23.17286217500009, 38.07949453300006], [23.189707879000082, 38.09438711100006], [23.20671634200005, 38.09780508000006], [23.216644727000073, 38.10333893400008], [23.21029707100007, 38.11538320500006], [23.194183790000068, 38.126939195000034], [23.17554772200009, 38.131293036000045], [23.175303582000083, 38.13629791900007], [23.17554772200009, 38.144964911000045], [23.188243035000085, 38.14606354400007], [23.21070397200009, 38.15058014500005], [23.223399285000085, 38.15180084800005], [23.223399285000085, 38.15924713700008], [23.21338951900009, 38.160264390000066], [23.144053582000083, 38.16742584800005], [23.128428582000083, 38.17226797100005], [23.14893639400009, 38.18593984600005], [23.12273196700005, 38.20807526200008], [23.109629754000082, 38.21010976800005], [23.07748457100007, 38.18577708500004], [23.066661004000082, 38.18317291900007], [23.03223717500009, 38.18593984600005], [23.03223717500009, 38.19277578300006], [23.052012566000087, 38.19277578300006], [23.03882897200009, 38.208319403000075], [23.02507571700005, 38.21662018400008], [23.010427280000044, 38.220038153000075], [22.951914910000085, 38.22528717700004], [22.933767123000052, 38.22207265800006], [22.92237389400009, 38.207017320000034], [22.935883009000065, 38.210598049000055], [22.95053144600007, 38.20978424700007], [22.963063998000052, 38.20404694200005], [22.969493035000085, 38.19277578300006], [22.952321811000047, 38.19310130400004], [22.922536655000044, 38.19745514500005], [22.90870201900009, 38.19277578300006], [22.89503014400009, 38.24115631700005], [22.888194207000083, 38.24115631700005], [22.880869988000086, 38.22695547100005], [22.879567905000044, 38.231675523000035], [22.876475457000083, 38.236314195000034], [22.87468509200005, 38.24115631700005], [22.85645592500009, 38.236395575000074], [22.81999759200005, 38.23297760600008], [22.80567467500009, 38.22695547100005], [22.764821811000047, 38.24799225500004], [22.77320397200009, 38.25828685100004], [22.791270379000082, 38.27045319200005], [22.798838738000086, 38.282131252000056], [22.78028405000009, 38.28856028900009], [22.742360873000052, 38.29706452000005], [22.719411655000044, 38.31028880400004], [22.70289147200009, 38.31403229400007], [22.696462436000047, 38.31688060100004], [22.691416863000086, 38.32217031500005], [22.675303582000083, 38.34357330900008], [22.684418165000068, 38.36107005400004], [22.670176629000082, 38.38153717700004], [22.646494988000086, 38.389960028000075], [22.626800977000073, 38.371527411000045], [22.644867384000065, 38.36961497600004], [22.64616946700005, 38.36180247600004], [22.636729363000086, 38.35626862200007], [22.623789910000085, 38.360988674000055], [22.61231530000009, 38.36383698100008], [22.60092207100007, 38.35565827000005], [22.591807488000086, 38.344183661000045], [22.587168816000087, 38.33673737200007], [22.587168816000087, 38.330511786000045], [22.59229576900009, 38.328192450000074], [22.595225457000083, 38.326239325000074], [22.599131707000083, 38.32461172100005], [22.60645592500009, 38.32306549700007], [22.60645592500009, 38.31688060100004], [22.599131707000083, 38.31281159100007], [22.59815514400009, 38.31073639500005], [22.599782748000052, 38.30817291900007], [22.600271030000044, 38.30263906500005], [22.588633660000085, 38.293036200000074], [22.576426629000082, 38.29018789300005], [22.562510613000086, 38.29352448100008], [22.545664910000085, 38.30263906500005], [22.545258009000065, 38.305568752000056], [22.533946160000085, 38.32265859600005], [22.531993035000085, 38.32306549700007], [22.52898196700005, 38.32880280200004], [22.526215040000068, 38.331732489000046], [22.52833092500009, 38.33392975500004], [22.53882897200009, 38.33673737200007], [22.52515709700009, 38.35883209800005], [22.477305535000085, 38.40566640800006], [22.46843509200005, 38.421128648000035], [22.463063998000052, 38.42609284100007], [22.458832227000073, 38.42792389500005], [22.44825280000009, 38.43048737200007], [22.401621941000087, 38.45343659100007], [22.40284264400009, 38.443060614000046], [22.407399936000047, 38.425116278000075], [22.408376498000052, 38.41559479400007], [22.381114129000082, 38.39883047100005], [22.373708530000044, 38.39203522300005], [22.381032748000052, 38.383978583000044], [22.385996941000087, 38.380194403000075], [22.38998457100007, 38.380519924000055], [22.394786004000082, 38.38515859600005], [22.398610873000052, 38.37592194200005], [22.39625084700009, 38.368353583000044], [22.389821811000047, 38.36225006700005], [22.381114129000082, 38.357855536000045], [22.387950066000087, 38.35101959800005], [22.382334832000083, 38.342678127000056], [22.367523634000065, 38.341864325000074], [22.348399285000085, 38.347357489000046], [22.322520379000082, 38.35101959800005], [22.28492272200009, 38.347316799000055], [22.279307488000086, 38.35309479400007], [22.266449415000068, 38.35854726800005], [22.252614780000044, 38.360988674000055], [22.243337436000047, 38.357855536000045], [22.237071160000085, 38.357855536000045], [22.224864129000082, 38.36005280200004], [22.209320509000065, 38.35293203300006], [22.195974155000044, 38.339544989000046], [22.18921959700009, 38.32306549700007], [22.180918816000087, 38.32998281500005], [22.175303582000083, 38.34332916900007], [22.168793165000068, 38.35101959800005], [22.15951582100007, 38.353949286000045], [22.150726759000065, 38.352769273000035], [22.145762566000087, 38.35398997600004], [22.147715691000087, 38.36408112200007], [22.13257897200009, 38.372748114000046], [22.100759311000047, 38.38031647300005], [22.049082879000082, 38.398504950000074], [22.029551629000082, 38.39923737200007], [22.011241082000083, 38.39203522300005], [21.98764082100007, 38.410589911000045], [21.957855665000068, 38.41168854400007], [21.928965691000087, 38.40289948100008], [21.888519727000073, 38.379787502000056], [21.879242384000065, 38.37799713700008], [21.864105665000068, 38.37767161700009], [21.856130405000044, 38.380926825000074], [21.85124759200005, 38.388006903000075], [21.84620201900009, 38.39533112200007], [21.840505405000044, 38.398871161000045], [21.831228061000047, 38.39667389500005], [21.78223717500009, 38.36367422100005], [21.774587436000047, 38.35260651200008], [21.771657748000052, 38.333644924000055], [21.762543165000068, 38.32835521000004], [21.743011915000068, 38.33783600500004], [21.716319207000083, 38.357855536000045], [21.65796959700009, 38.357855536000045], [21.64161217500009, 38.35443756700005], [21.627126498000052, 38.34813060100004], [21.613536004000082, 38.344956773000035], [21.599619988000086, 38.35101959800005], [21.535411004000082, 38.31395091400009], [21.52393639400009, 38.295803127000056], [21.517751498000052, 38.295803127000056], [21.508474155000044, 38.30223216400009], [21.494395379000082, 38.30463288000004], [21.481618686000047, 38.305121161000045], [21.476084832000083, 38.30605703300006], [21.46924889400009, 38.312933661000045], [21.428396030000044, 38.330511786000045], [21.445323113000086, 38.334051825000074], [21.461192254000082, 38.32697174700007], [21.476084832000083, 38.31635163000004], [21.489756707000083, 38.309475002000056], [21.489756707000083, 38.31688060100004], [21.485118035000085, 38.32123444200005], [21.482676629000082, 38.32461172100005], [21.48373457100007, 38.32904694200005], [21.489756707000083, 38.33673737200007], [21.48023522200009, 38.342230536000045], [21.476084832000083, 38.34357330900008], [21.476084832000083, 38.35101959800005], [21.479991082000083, 38.35248444200005], [21.489756707000083, 38.357855536000045], [21.469981316000087, 38.357855536000045], [21.476084832000083, 38.371527411000045], [21.466970248000052, 38.36786530200004], [21.458506707000083, 38.36635976800005], [21.450450066000087, 38.36741771000004], [21.442637566000087, 38.371527411000045], [21.43685957100007, 38.36766185100004], [21.43262780000009, 38.36619700700004], [21.422129754000082, 38.36408112200007], [21.428477410000085, 38.38373444200005], [21.416270379000082, 38.39411041900007], [21.39584394600007, 38.398138739000046], [21.37745201900009, 38.398871161000045], [21.369883660000085, 38.408189195000034], [21.360118035000085, 38.46771881700005], [21.339040561000047, 38.487534898000035], [21.32748457100007, 38.494574286000045], [21.322520379000082, 38.49628327000005], [21.318207227000073, 38.495306708000044], [21.308604363000086, 38.49437083500004], [21.312022332000083, 38.48655833500004], [21.35328209700009, 38.432928778000075], [21.339040561000047, 38.432928778000075], [21.34115644600007, 38.42926666900007], [21.342133009000065, 38.42853424700007], [21.34343509200005, 38.42837148600006], [21.346446160000085, 38.42609284100007], [21.34278405000009, 38.41575755400004], [21.34034264400009, 38.40460846600007], [21.336599155000044, 38.395697333000044], [21.329356316000087, 38.39203522300005], [21.319102410000085, 38.39020416900007], [21.29786217500009, 38.38141510600008], [21.291188998000052, 38.37767161700009], [21.293630405000044, 38.37368398600006], [21.29468834700009, 38.37343984600005], [21.298675977000073, 38.371527411000045], [21.291188998000052, 38.36408112200007], [21.277679884000065, 38.37091705900008], [21.269541863000086, 38.36786530200004], [21.266368035000085, 38.361395575000074], [21.267588738000086, 38.357855536000045], [21.272227410000085, 38.35443756700005], [21.264903191000087, 38.346909898000035], [21.250254754000082, 38.33673737200007], [21.23926842500009, 38.33112213700008], [21.232432488000086, 38.329413153000075], [21.21265709700009, 38.330511786000045], [21.204600457000083, 38.33417389500005], [21.197113477000073, 38.34015534100007], [21.189626498000052, 38.34137604400007], [21.18132571700005, 38.330511786000045], [21.186371290000068, 38.326605536000045], [21.192556186000047, 38.32412344000005], [21.199961785000085, 38.32306549700007], [21.19507897200009, 38.321966864000046], [21.182871941000087, 38.31915924700007], [21.175059441000087, 38.31329987200007], [21.174489780000044, 38.30263906500005], [21.15560957100007, 38.303900458000044], [21.148610873000052, 38.31403229400007], [21.14584394600007, 38.327053127000056], [21.14039147200009, 38.33673737200007], [21.128428582000083, 38.34015534100007], [21.097911004000082, 38.340725002000056], [21.085215691000087, 38.34357330900008], [21.096934441000087, 38.34788646000004], [21.105723504000082, 38.35297272300005], [21.109385613000086, 38.36041901200008], [21.106211785000085, 38.371527411000045], [21.096446160000085, 38.36692942900004], [21.092539910000085, 38.36408112200007], [21.10132897200009, 38.37970612200007], [21.106211785000085, 38.38515859600005], [21.10328209700009, 38.378159898000035], [21.113536004000082, 38.373928127000056], [21.125010613000086, 38.37995026200008], [21.133636915000068, 38.388657945000034], [21.14039147200009, 38.398871161000045], [21.12240644600007, 38.41034577000005], [21.114756707000083, 38.40961334800005], [21.106211785000085, 38.398871161000045], [21.09473717500009, 38.40298086100006], [21.086761915000068, 38.41046784100007], [21.08179772200009, 38.42072174700007], [21.078949415000068, 38.432928778000075], [21.082041863000086, 38.43496328300006], [21.08301842500009, 38.43504466400009], [21.08366946700005, 38.435980536000045], [21.085215691000087, 38.44037506700005], [21.095225457000083, 38.43024323100008], [21.10678144600007, 38.425441799000055], [21.11622155000009, 38.42804596600007], [21.119883660000085, 38.44037506700005], [21.106211785000085, 38.432928778000075], [21.110850457000083, 38.44611237200007], [21.101410352000073, 38.46474844000005], [21.106211785000085, 38.473944403000075], [21.106211785000085, 38.48139069200005], [21.09669030000009, 38.48143138200004], [21.090179884000065, 38.48314036700009], [21.078949415000068, 38.487534898000035], [21.088145379000082, 38.49201080900008], [21.092621290000068, 38.49359772300005], [21.09937584700009, 38.49437083500004], [21.09538821700005, 38.49648672100005], [21.089691602000073, 38.500433661000045], [21.085215691000087, 38.50185781500005], [21.09473717500009, 38.51788971600007], [21.09742272200009, 38.52594635600008], [21.095957879000082, 38.53192780200004], [21.086680535000085, 38.536444403000075], [21.078868035000085, 38.532416083000044], [21.071055535000085, 38.525824286000045], [21.061778191000087, 38.522365627000056], [21.058116082000083, 38.51850006700005], [21.047211134000065, 38.511379299000055], [21.035817905000044, 38.50690338700008], [21.030528191000087, 38.511419989000046], [21.02833092500009, 38.52057526200008], [21.019053582000083, 38.53497955900008], [21.016856316000087, 38.54588450700004], [21.024587436000047, 38.58673737200007], [21.024668816000087, 38.60846588700008], [21.00367272200009, 38.62645091400009], [20.988129102000073, 38.66400788000004], [20.97901451900009, 38.67255280200004], [20.940114780000044, 38.67291901200008], [20.926605665000068, 38.67674388200004], [20.914398634000065, 38.68622467700004], [20.907399936000047, 38.698553778000075], [20.883148634000065, 38.779364325000074], [20.873383009000065, 38.79531484600005], [20.85987389400009, 38.80353424700007], [20.845225457000083, 38.79962799700007], [20.83057701900009, 38.78778717700004], [20.818532748000052, 38.773504950000074], [20.811371290000068, 38.76251862200007], [20.80404707100007, 38.77338288000004], [20.798106316000087, 38.771551825000074], [20.791840040000068, 38.76654694200005], [20.784027540000068, 38.76813385600008], [20.773285352000073, 38.760931708000044], [20.76929772200009, 38.76504140800006], [20.767425977000073, 38.77411530200004], [20.763682488000086, 38.78172435100004], [20.729340040000068, 38.80353424700007], [20.729340040000068, 38.809759833000044], [20.736989780000044, 38.82257721600007], [20.741465691000087, 38.84088776200008], [20.74935957100007, 38.85724518400008], [20.76734459700009, 38.86432526200008], [20.78882897200009, 38.863714911000045], [20.800303582000083, 38.864569403000075], [20.80518639400009, 38.86774323100008], [20.801931186000047, 38.87409088700008], [20.794200066000087, 38.879787502000056], [20.785980665000068, 38.88385651200008], [20.764496290000068, 38.891791083000044], [20.756032748000052, 38.90688711100006], [20.754079623000052, 38.92495351800005], [20.75749759200005, 38.94009023600006], [20.769786004000082, 38.958970445000034], [20.77515709700009, 38.951605536000045], [20.781586134000065, 38.93500397300005], [20.797699415000068, 38.92641836100006], [20.817067905000044, 38.92137278900009], [20.835948113000086, 38.928900458000044], [20.849782748000052, 38.94367096600007], [20.85987389400009, 38.96051666900007], [20.866709832000083, 38.96051666900007], [20.869965040000068, 38.95258209800005], [20.871104363000086, 38.947251695000034], [20.87012780000009, 38.943426825000074], [20.866709832000083, 38.94009023600006], [20.86850019600007, 38.938381252000056], [20.87159264400009, 38.93634674700007], [20.872243686000047, 38.932806708000044], [20.866709832000083, 38.92641836100006], [20.886973504000082, 38.92617422100005], [20.903819207000083, 38.92804596600007], [20.91578209700009, 38.93610260600008], [20.920664910000085, 38.954331773000035], [20.92750084700009, 38.954331773000035], [20.93718509200005, 38.94403717700004], [20.947276238000086, 38.94358958500004], [20.95948326900009, 38.94672272300005], [20.975352410000085, 38.94684479400007], [20.98878014400009, 38.94281647300005], [20.998301629000082, 38.93805573100008], [21.00945071700005, 38.93423086100006], [21.027354363000086, 38.93260325700004], [21.029958530000044, 38.926214911000045], [21.02670332100007, 38.912176825000074], [21.025563998000052, 38.89801666900007], [21.033946160000085, 38.89166901200008], [21.047536655000044, 38.88898346600007], [21.060801629000082, 38.88222890800006], [21.085215691000087, 38.86432526200008], [21.08643639400009, 38.87335846600007], [21.08887780000009, 38.87848541900007], [21.09310957100007, 38.881740627000056], [21.09937584700009, 38.88544342700004], [21.09937584700009, 38.89166901200008], [21.091644727000073, 38.90452708500004], [21.102305535000085, 38.91083405200004], [21.12086022200009, 38.910223700000074], [21.136973504000082, 38.90253327000005], [21.160411004000082, 38.88068268400008], [21.160817905000044, 38.87799713700008], [21.16700280000009, 38.87518952000005], [21.172618035000085, 38.87352122600004], [21.17741946700005, 38.87604401200008], [21.18132571700005, 38.88544342700004], [21.173106316000087, 38.89118073100008], [21.16968834700009, 38.895819403000075], [21.166840040000068, 38.91087474200009], [21.163340691000087, 38.911810614000046], [21.158864780000044, 38.91083405200004], [21.154551629000082, 38.913397528000075], [21.141856316000087, 38.93081289300005], [21.140147332000083, 38.94131094000005], [21.147227410000085, 38.954331773000035], [21.14193769600007, 38.96238841400009], [21.14503014400009, 38.97138092700004], [21.152598504000082, 38.97671133000006], [21.160817905000044, 38.97418854400007], [21.15992272200009, 38.997748114000046], [21.135590040000068, 39.02338288000004], [21.085215691000087, 39.062933661000045], [21.078135613000086, 39.05654531500005], [21.074392123000052, 39.050034898000035], [21.074473504000082, 39.04336172100005], [21.078949415000068, 39.03628164300005], [21.065277540000068, 39.04051341400009], [21.06031334700009, 39.039048570000034], [21.05518639400009, 39.03750234600005], [21.037364129000082, 39.02195872600004], [21.05836022200009, 39.008978583000044], [21.003184441000087, 39.01512278900009], [21.003184441000087, 39.02195872600004], [20.990896030000044, 39.02423737200007], [20.979177280000044, 39.03070709800005], [20.969981316000087, 39.037176825000074], [20.965668165000068, 39.03937409100007], [20.953786655000044, 39.03416575700004], [20.944183790000068, 39.03856028900009], [20.937510613000086, 39.04767487200007], [20.934825066000087, 39.056708075000074], [20.936778191000087, 39.056708075000074], [20.939789259000065, 39.06102122600004], [20.948496941000087, 39.062933661000045], [20.948496941000087, 39.06976959800005], [20.94109134200005, 39.06976959800005], [20.93140709700009, 39.06476471600007], [20.920176629000082, 39.064520575000074], [20.909434441000087, 39.06867096600007], [20.90137780000009, 39.07721588700008], [20.89389082100007, 39.07721588700008], [20.888194207000083, 39.06720612200007], [20.870371941000087, 39.05931224200009], [20.866709832000083, 39.05304596600007], [20.870941602000073, 39.04311758000006], [20.882009311000047, 39.04120514500005], [20.88648522200009, 39.036444403000075], [20.844899936000047, 39.03693268400008], [20.85987389400009, 39.04246653900009], [20.858164910000085, 39.049261786000045], [20.857758009000065, 39.05890534100007], [20.854991082000083, 39.06549713700008], [20.84620201900009, 39.062933661000045], [20.846446160000085, 39.06679922100005], [20.84546959700009, 39.06915924700007], [20.844899936000047, 39.07086823100008], [20.846527540000068, 39.07208893400008], [20.84620201900009, 39.07721588700008], [20.83765709700009, 39.07831452000005], [20.832367384000065, 39.07689036700009], [20.82911217500009, 39.07371653900009], [20.825694207000083, 39.06976959800005], [20.838063998000052, 39.09174225500004], [20.834157748000052, 39.10846588700008], [20.822438998000052, 39.114488023000035], [20.811371290000068, 39.10455963700008], [20.80518639400009, 39.111395575000074], [20.80128014400009, 39.10419342700004], [20.79542076900009, 39.09861888200004], [20.787364129000082, 39.09438711100006], [20.777191602000073, 39.09088776200008], [20.777191602000073, 39.08344147300005], [20.791840040000068, 39.08079661700009], [20.787933790000068, 39.07245514500005], [20.78760826900009, 39.06102122600004], [20.784027540000068, 39.049261786000045], [20.77670332100007, 39.04193756700005], [20.768728061000047, 39.03774648600006], [20.761566602000073, 39.032416083000044], [20.75749759200005, 39.02195872600004], [20.74317467500009, 39.02948639500005], [20.74390709700009, 39.01927317900004], [20.745371941000087, 39.01471588700008], [20.74935957100007, 39.01398346600007], [20.75749759200005, 39.01512278900009], [20.803884311000047, 38.98529694200005], [20.823496941000087, 38.977850653000075], [20.829600457000083, 38.970770575000074], [20.83179772200009, 38.96369049700007], [20.828786655000044, 38.96051666900007], [20.82007897200009, 38.962225653000075], [20.80209394600007, 38.97064850500004], [20.772715691000087, 38.97825755400004], [20.766368035000085, 38.97760651200008], [20.75749759200005, 38.97418854400007], [20.757009311000047, 38.96979401200008], [20.746918165000068, 38.95795319200005], [20.735118035000085, 38.950100002000056], [20.729340040000068, 38.957464911000045], [20.72632897200009, 38.966782945000034], [20.719086134000065, 38.97357819200005], [20.712168816000087, 38.97907135600008], [20.708994988000086, 38.984442450000074], [20.707855665000068, 38.99038320500006], [20.70557701900009, 38.99363841400009], [20.703298373000052, 38.995794989000046], [20.70215905000009, 38.99835846600007], [20.704356316000087, 39.00495026200008], [20.709239129000082, 39.008978583000044], [20.71387780000009, 39.01190827000005], [20.71583092500009, 39.01512278900009], [20.705739780000044, 39.04857005400004], [20.68653405000009, 39.07245514500005], [20.660004102000073, 39.08999258000006], [20.627696160000085, 39.10455963700008], [20.595876498000052, 39.12384674700007], [20.517832879000082, 39.20075104400007], [20.488291863000086, 39.21662018400008], [20.478851759000065, 39.22516510600008], [20.482432488000086, 39.23427969000005], [20.477386915000068, 39.243394273000035], [20.47510826900009, 39.255072333000044], [20.476410352000073, 39.26658763200004], [20.482432488000086, 39.27521393400008], [20.482432488000086, 39.28266022300005], [20.47038821700005, 39.27846914300005], [20.460215691000087, 39.27728913000004], [20.45281009200005, 39.280462958000044], [20.44825280000009, 39.289496161000045], [20.433441602000073, 39.282863674000055], [20.419200066000087, 39.28335195500006], [20.405772332000083, 39.28880442900004], [20.39356530000009, 39.296942450000074], [20.365570509000065, 39.28766510600008], [20.324880405000044, 39.30377838700008], [20.292816602000073, 39.33344147300005], [20.29070071700005, 39.36465078300006], [20.277191602000073, 39.374701239000046], [20.269704623000052, 39.38735586100006], [20.258962436000047, 39.39728424700007], [20.23601321700005, 39.39935944200005], [20.23601321700005, 39.40619538000004], [20.242849155000044, 39.40619538000004], [20.242849155000044, 39.41242096600007], [20.234711134000065, 39.420355536000045], [20.22364342500009, 39.43585846600007], [20.215586785000085, 39.440334377000056], [20.232758009000065, 39.444647528000075], [20.25359134200005, 39.44415924700007], [20.26734459700009, 39.446926174000055], [20.263926629000082, 39.46076080900008], [20.254242384000065, 39.468817450000074], [20.215586785000085, 39.488714911000045], [20.215586785000085, 39.49494049700007], [20.23292076900009, 39.494208075000074], [20.245371941000087, 39.49164459800005], [20.255056186000047, 39.49237702000005], [20.263926629000082, 39.50177643400008], [20.263926629000082, 39.50861237200007], [20.25359134200005, 39.51422760600008], [20.23601321700005, 39.520819403000075], [20.22201582100007, 39.52130768400008], [20.22242272200009, 39.50861237200007], [20.213633660000085, 39.514960028000075], [20.20215905000009, 39.520412502000056], [20.190684441000087, 39.52167389500005], [20.201914910000085, 39.529730536000045], [20.183116082000083, 39.533270575000074], [20.16578209700009, 39.53473541900007], [20.149587436000047, 39.533636786000045], [20.133555535000085, 39.529730536000045], [20.141286655000044, 39.53782786700009], [20.14551842500009, 39.54706452000005], [20.147146030000044, 39.557806708000044], [20.146657748000052, 39.57070547100005], [20.15406334700009, 39.56391022300005], [20.160899285000085, 39.56435781500005], [20.16765384200005, 39.569525458000044], [20.174571160000085, 39.57684967700004], [20.174978061000047, 39.58026764500005], [20.174164259000065, 39.59320709800005], [20.174571160000085, 39.59796784100007], [20.176524285000085, 39.59861888200004], [20.18604576900009, 39.60382721600007], [20.188243035000085, 39.60419342700004], [20.181813998000052, 39.62445709800005], [20.165212436000047, 39.63361237200007], [20.14820397200009, 39.63751862200007], [20.14039147200009, 39.64240143400008], [20.137054884000065, 39.646551825000074], [20.121348504000082, 39.65680573100008], [20.11622155000009, 39.65884023600006], [20.10482832100007, 39.66107819200005], [20.096527540000068, 39.66596100500004], [20.08887780000009, 39.673081773000035], [20.04460696700005, 39.680894273000035], [20.021657748000052, 39.68768952000005], [20.010020379000082, 39.69354889500005], [20.00440514400009, 39.69277578300006], [19.999847852000073, 39.69350820500006], [19.996836785000085, 39.692572333000044], [19.99586022200009, 39.686712958000044], [19.989024285000085, 39.686712958000044], [19.983571811000047, 39.70136139500005], [19.986989780000044, 39.717962958000044], [20.002696160000085, 39.74823639500005], [19.985606316000087, 39.75372955900008], [19.980642123000052, 39.75731028900009], [19.99586022200009, 39.78294505400004], [20.01417076900009, 39.83295319200005], [20.016286655000044, 39.845038153000075], [20.009776238000086, 39.865668036000045], [19.999278191000087, 39.87140534100007], [19.98373457100007, 39.872381903000075], [19.961680535000085, 39.878566799000055], [19.960215691000087, 39.88104889500005], [19.95997155000009, 39.88507721600007], [19.958832227000073, 39.88934967700004], [19.95484459700009, 39.89280833500004], [19.94117272200009, 39.89899323100008], [19.931162957000083, 39.90192291900007], [19.914073113000086, 39.902411200000074], [19.906423373000052, 39.90643952000005], [19.906423373000052, 39.91266510600008], [19.92123457100007, 39.926947333000044], [19.93100019600007, 39.93451569200005], [19.94117272200009, 39.94000885600008], [19.923838738000086, 39.952826239000046], [19.876800977000073, 40.022365627000056], [19.87045332100007, 40.03473541900007], [19.863454623000052, 40.045355536000045], [19.85523522200009, 40.04987213700008], [19.82325280000009, 40.05060455900008], [19.807383660000085, 40.05288320500006], [19.79656009200005, 40.05731842700004], [19.804535352000073, 40.06346263200004], [19.777354363000086, 40.077785549000055], [19.77312259200005, 40.07123444200005], [19.771657748000052, 40.06830475500004], [19.77051842500009, 40.06346263200004], [19.76726321700005, 40.07245514500005], [19.762461785000085, 40.07684967700004], [19.75635826900009, 40.07990143400008], [19.74935957100007, 40.08462148600006], [19.748057488000086, 40.08860911700009], [19.740896030000044, 40.10040924700007], [19.732676629000082, 40.110256252000056], [19.72901451900009, 40.10822174700007], [19.719086134000065, 40.11603424700007], [19.653168165000068, 40.13239166900007], [19.597829623000052, 40.15770091400009], [19.56576582100007, 40.17983633000006], [19.509287957000083, 40.19448476800005], [19.47624759200005, 40.21369049700007], [19.381114129000082, 40.29523346600007], [19.369965040000068, 40.309027411000045], [19.365082227000073, 40.31736888200004], [19.351573113000086, 40.36204661700009], [19.34424889400009, 40.374335028000075], [19.309255405000044, 40.400824286000045], [19.296885613000086, 40.41356028900009], [19.295176629000082, 40.41754791900007], [19.295176629000082, 40.41868724200009], [19.28956139400009, 40.42039622600004], [19.28956139400009, 40.42723216400009], [19.31617272200009, 40.43781159100007], [19.33253014400009, 40.43891022300005], [19.34815514400009, 40.43065013200004], [19.38379967500009, 40.39740631700005], [19.393239780000044, 40.38629791900007], [19.406504754000082, 40.362616278000075], [19.411957227000073, 40.348089911000045], [19.414235873000052, 40.334418036000045], [19.42359459700009, 40.33002350500004], [19.444590691000087, 40.33380768400008], [19.465586785000085, 40.341498114000046], [19.474945509000065, 40.34837474200009], [19.481618686000047, 40.439113674000055], [19.478770379000082, 40.45392487200007], [19.453135613000086, 40.46531810100004], [19.418793165000068, 40.491888739000046], [19.391368035000085, 40.52179596600007], [19.38640384200005, 40.54328034100007], [19.393239780000044, 40.53705475500004], [19.396006707000083, 40.52960846600007], [19.398610873000052, 40.52094147300005], [19.40674889400009, 40.522772528000075], [19.414235873000052, 40.522772528000075], [19.433604363000086, 40.505926825000074], [19.446055535000085, 40.51113515800006], [19.452647332000083, 40.52985260600008], [19.454600457000083, 40.55385976800005], [19.442149285000085, 40.57306549700007], [19.41570071700005, 40.58348216400009], [19.39161217500009, 40.57831452000005], [19.38640384200005, 40.55072663000004], [19.379242384000065, 40.56614817900004], [19.309825066000087, 40.64435455900008], [19.30437259200005, 40.65314362200007], [19.309336785000085, 40.66502513200004], [19.322927280000044, 40.67487213700008], [19.339040561000047, 40.68406810100004], [19.351573113000086, 40.69415924700007], [19.360524936000047, 40.70978424700007], [19.364512566000087, 40.72650788000004], [19.365570509000065, 40.78595612200007], [19.36882571700005, 40.80215078300006], [19.377777540000068, 40.81297435100004], [19.39625084700009, 40.81704336100006], [19.40674889400009, 40.820746161000045], [19.40406334700009, 40.829291083000044], [19.396739129000082, 40.83869049700007], [19.393239780000044, 40.844916083000044], [19.397634311000047, 40.85297272300005], [19.40479576900009, 40.86107005400004], [19.411387566000087, 40.86709219000005], [19.414235873000052, 40.868841864000046], [19.406260613000086, 40.88031647300005], [19.39112389400009, 40.89524974200003], [19.381195509000065, 40.908270575000074], [19.389821811000047, 40.91380442900004], [19.404958530000044, 40.91815827000005], [19.424571160000085, 40.93964264500005], [19.440928582000083, 40.94863515800006], [19.427012566000087, 40.936835028000075], [19.435394727000073, 40.913397528000075], [19.427256707000083, 40.89337799700007], [19.427256707000083, 40.872259833000044], [19.434743686000047, 40.872259833000044], [19.437836134000065, 40.88654205900008], [19.437673373000052, 40.88344961100006], [19.43913821700005, 40.880072333000044], [19.440928582000083, 40.872259833000044], [19.45411217500009, 40.88580963700008], [19.506602410000085, 40.90509674700007], [19.523448113000086, 40.92064036700003], [19.52515709700009, 40.94525788000004], [19.51465905000009, 40.964911200000074], [19.501475457000083, 40.98297760600008], [19.49545332100007, 41.00263092700004], [19.492035352000073, 40.97695547100005], [19.479665561000047, 40.95392487200007], [19.453868035000085, 40.92397695500006], [19.453461134000065, 40.92837148600006], [19.44776451900009, 40.93431224200003], [19.458506707000083, 40.942613023000035], [19.469981316000087, 40.956732489000046], [19.477224155000044, 40.97500234600005], [19.474945509000065, 40.995794989000046], [19.469981316000087, 41.00071849200003], [19.453786655000044, 41.005845445000034], [19.44776451900009, 41.009466864000046], [19.440603061000047, 41.02065664300005], [19.441254102000073, 41.02602773600006], [19.445485873000052, 41.03070709800005], [19.45639082100007, 41.106675523000035], [19.451182488000086, 41.122707424000055], [19.445485873000052, 41.12946198100008], [19.44117272200009, 41.13735586100006], [19.44190514400009, 41.143866278000075], [19.463715040000068, 41.15131256700005], [19.467133009000065, 41.16266510600008], [19.467133009000065, 41.17617422100005], [19.468760613000086, 41.187567450000074], [19.50953209700009, 41.23729075700004], [19.51661217500009, 41.25641510600008], [19.51335696700005, 41.276678778000075], [19.50294030000009, 41.294134833000044], [19.48804772200009, 41.30646393400008], [19.471934441000087, 41.31110260600008], [19.450043165000068, 41.31110260600008], [19.431651238000086, 41.313706773000035], [19.41895592500009, 41.32257721600007], [19.414235873000052, 41.341498114000046], [19.414235873000052, 41.382798570000034], [19.410817905000044, 41.39166901200008], [19.396006707000083, 41.402044989000046], [19.393239780000044, 41.41351959800005], [19.406423373000052, 41.400376695000034], [19.42872155000009, 41.40131256700005], [19.445160352000073, 41.41518789300005], [19.440928582000083, 41.44086334800005], [19.46461022200009, 41.450873114000046], [19.48926842500009, 41.466131903000075], [19.508636915000068, 41.48688385600008], [19.51661217500009, 41.51341380400004], [19.51417076900009, 41.52997467700004], [19.50717207100007, 41.53628164300005], [19.496348504000082, 41.538763739000046], [19.482432488000086, 41.543850002000056], [19.468028191000087, 41.55426666900007], [19.451996290000068, 41.57477448100008], [19.440928582000083, 41.58539459800005], [19.528086785000085, 41.57656484600005], [19.55640709700009, 41.58307526200008], [19.565196160000085, 41.58510976800005], [19.584808790000068, 41.619574286000045], [19.591644727000073, 41.619574286000045], [19.59229576900009, 41.608587958000044], [19.596039259000065, 41.602728583000044], [19.603037957000083, 41.60175202000005], [19.61296634200005, 41.60529205900008], [19.604991082000083, 41.632147528000075], [19.60010826900009, 41.639105536000045], [19.591644727000073, 41.63263580900008], [19.587087436000047, 41.640692450000074], [19.55762780000009, 41.66054922100005], [19.578135613000086, 41.68764883000006], [19.576345248000052, 41.71893952000005], [19.571136915000068, 41.752386786000045], [19.57129967500009, 41.770412502000056], [19.58952884200005, 41.765692450000074], [19.59896894600007, 41.77871328300006], [19.599782748000052, 41.79975006700005], [19.591644727000073, 41.818793036000045], [19.585215691000087, 41.81854889500005], [19.465505405000044, 41.855454820000034], [19.451182488000086, 41.862534898000035], [19.43295332100007, 41.86859772300005], [19.365082227000073, 41.85236237200007], [19.346934441000087, 41.86395905200004], [19.31023196700005, 41.894517320000034], [19.293223504000082, 41.90078359600005], [19.220225457000083, 41.918850002000056], [19.202972852000073, 41.927069403000075], [19.178477410000085, 41.93390534100007], [19.170258009000065, 41.93797435100004], [19.162282748000052, 41.94794342700004], [19.161957227000073, 41.95343659100007], [19.163259311000047, 41.958970445000034], [19.160329623000052, 41.96898021000004], [19.15560957100007, 41.97064850500004], [19.145274285000085, 41.97760651200008], [19.137950066000087, 41.98529694200005], [19.142914259000065, 41.98883698100008], [19.14356530000009, 41.993068752000056], [19.13917076900009, 42.04242584800005], [19.08253014400009, 42.08120351800005], [19.07471764400009, 42.09564850500004], [19.083832227000073, 42.11009349200003], [19.076426629000082, 42.11595286700003], [19.063975457000083, 42.12018463700008], [19.048675977000073, 42.14020416900007], [19.010590040000068, 42.139553127000056], [19.002126498000052, 42.15021393400008], [18.999847852000073, 42.16107819200005], [18.994802280000044, 42.16364166900007], [18.98804772200009, 42.163723049000055], [18.981618686000047, 42.16705963700008], [18.968028191000087, 42.188706773000035], [18.953461134000065, 42.19985586100006], [18.913340691000087, 42.22223541900007], [18.90170332100007, 42.237494208000044], [18.894704623000052, 42.27049388200004], [18.885996941000087, 42.284369208000044], [18.87159264400009, 42.29047272300005], [18.85401451900009, 42.29047272300005], [18.83887780000009, 42.28571198100008], [18.83139082100007, 42.27753327000005], [18.826508009000065, 42.28221263200004], [18.820485873000052, 42.28668854400007], [18.817637566000087, 42.29116445500006], [18.801524285000085, 42.284369208000044], [18.79395592500009, 42.28034088700008], [18.78874759200005, 42.27602773600006], [18.786387566000087, 42.27411530200004], [18.778575066000087, 42.271470445000034], [18.77198326900009, 42.27692291900007], [18.762461785000085, 42.29116445500006], [18.72950280000009, 42.31159088700008], [18.71452884200005, 42.32526276200008], [18.714121941000087, 42.33893463700008], [18.70834394600007, 42.34247467700004], [18.69971764400009, 42.34983958500004], [18.693614129000082, 42.353216864000046], [18.693614129000082, 42.359442450000074], [18.69581139400009, 42.37376536700003], [18.678477410000085, 42.385972398000035], [18.658539259000065, 42.38662344000005], [18.653168165000068, 42.36627838700008], [18.646494988000086, 42.36627838700008], [18.63843834700009, 42.370306708000044], [18.616709832000083, 42.368068752000056], [18.61231530000009, 42.36994049700007], [18.60710696700005, 42.37641022300005], [18.594899936000047, 42.38373444200005], [18.580902540000068, 42.389837958000044], [18.570648634000065, 42.39297109600005], [18.573008660000085, 42.39642975500004], [18.573090040000068, 42.39752838700008], [18.574066602000073, 42.39826080900008], [18.578135613000086, 42.400376695000034], [18.552989129000082, 42.41364166900007], [18.545176629000082, 42.42357005400004], [18.55014082100007, 42.43512604400007], [18.562836134000065, 42.43854401200008], [18.64494876400005, 42.41836172100005], [18.656504754000082, 42.41551341400009], [18.685557488000086, 42.403998114000046], [18.700450066000087, 42.39297109600005], [18.708181186000047, 42.40851471600007], [18.706553582000083, 42.42104726800005], [18.683848504000082, 42.45880768400008], [18.68327884200005, 42.468085028000075], [18.687347852000073, 42.48289622600004], [18.654144727000073, 42.45180898600006], [18.608653191000087, 42.445379950000074], [18.50245201900009, 42.45563385600008], [18.50245201900009, 42.44818756700005], [18.52125084700009, 42.43797435100004], [18.512950066000087, 42.40900299700007], [18.52979576900009, 42.400376695000034], [18.51026451900009, 42.40525950700004], [18.496429884000065, 42.41632721600007], [18.474457227000073, 42.44135163000004], [18.460948113000086, 42.44794342700004], [18.427582227000073, 42.45526764500005], [18.41309655000009, 42.46185944200005], [18.41187584700009, 42.47601959800005], [18.238942905000044, 42.55906810100004], [18.220550977000073, 42.57916901200008], [18.220876498000052, 42.588324286000045], [18.22315514400009, 42.60211823100008], [18.223480665000068, 42.61469147300005], [18.217539910000085, 42.62010325700004], [18.166026238000086, 42.626939195000034], [18.124847852000073, 42.644598700000074], [18.108653191000087, 42.64740631700005], [18.091644727000073, 42.64826080900008], [18.076019727000073, 42.65131256700005], [18.063975457000083, 42.65761953300006], [18.057383660000085, 42.66791413000004], [18.077321811000047, 42.66791413000004], [18.055918816000087, 42.68301015800006], [18.04786217500009, 42.690619208000044], [18.043223504000082, 42.702053127000056], [18.02833092500009, 42.69131094000005], [18.00326582100007, 42.70066966400009], [17.961192254000082, 42.729396877000056], [17.901621941000087, 42.75189850500004], [17.880707227000073, 42.768744208000044], [17.892832879000082, 42.79083893400008], [17.865082227000073, 42.789943752000056], [17.83497155000009, 42.80719635600008], [17.806651238000086, 42.81191640800006], [17.800059441000087, 42.810980536000045], [17.79232832100007, 42.80853913000004], [17.78565514400009, 42.80516185100004], [17.780121290000068, 42.796942450000074], [17.773773634000065, 42.79857005400004], [17.767751498000052, 42.80231354400007], [17.76539147200009, 42.80442942900004], [17.75879967500009, 42.80760325700004], [17.735118035000085, 42.821966864000046], [17.720957879000082, 42.826239325000074], [17.73959394600007, 42.81305573100008], [17.748708530000044, 42.80341217700004], [17.761892123000052, 42.77871328300006], [17.761892123000052, 42.774318752000056], [17.755137566000087, 42.77094147300005], [17.748708530000044, 42.77204010600008], [17.748708530000044, 42.77814362200007], [17.750254754000082, 42.78571198100008], [17.748871290000068, 42.79083893400008], [17.728770379000082, 42.800767320000034], [17.678558790000068, 42.81622955900008], [17.633474155000044, 42.82294342700004], [17.580088738000086, 42.84125397300005], [17.525238477000073, 42.84861888200004], [17.44044030000009, 42.87335846600007], [17.44271894600007, 42.89862702000005], [17.417246941000087, 42.91120026200008], [17.35092207100007, 42.92177969000005], [17.271332227000073, 42.96336497600004], [17.237478061000047, 42.97138092700004], [17.221527540000068, 42.979803778000075], [17.21387780000009, 42.98261139500005], [17.201914910000085, 42.98432038000004], [17.09538821700005, 42.984442450000074], [17.062510613000086, 42.99005768400008], [17.046153191000087, 42.99506256700005], [17.027517123000052, 43.003566799000055], [17.017914259000065, 43.01382070500006], [17.028168165000068, 43.02415599200003], [17.028168165000068, 43.03099192900004], [17.018809441000087, 43.034084377000056], [17.012950066000087, 43.03921133000006], [17.008067254000082, 43.04531484600005], [17.00163821700005, 43.05149974200003], [17.02312259200005, 43.04865143400008], [17.05567467500009, 43.028957424000055], [17.07325280000009, 43.02415599200003], [17.15870201900009, 43.03099192900004], [17.240244988000086, 43.022772528000075], [17.390472852000073, 42.977728583000044], [17.425791863000086, 42.96088288000004], [17.45411217500009, 42.942287502000056], [17.455739780000044, 42.93842194200005], [17.455902540000068, 42.932928778000075], [17.45679772200009, 42.926988023000035], [17.460215691000087, 42.92177969000005], [17.464854363000086, 42.92072174700007], [17.476573113000086, 42.92243073100008], [17.48145592500009, 42.92177969000005], [17.499278191000087, 42.91185130400004], [17.507660352000073, 42.909084377000056], [17.51889082100007, 42.90814850500004], [17.522634311000047, 42.910223700000074], [17.522146030000044, 42.919623114000046], [17.526133660000085, 42.92177969000005], [17.532074415000068, 42.92059967700004], [17.54151451900009, 42.91547272300005], [17.54656009200005, 42.91429271000004], [17.558929884000065, 42.91282786700003], [17.56812584700009, 42.909084377000056], [17.58375084700009, 42.90070221600007], [17.622894727000073, 42.89130280200004], [17.64161217500009, 42.884466864000046], [17.652679884000065, 42.87335846600007], [17.658946160000085, 42.87335846600007], [17.673675977000073, 42.875067450000074], [17.715993686000047, 42.844183661000045], [17.741465691000087, 42.83926015800006], [17.710948113000086, 42.856634833000044], [17.701914910000085, 42.868475653000075], [17.713633660000085, 42.88080475500004], [17.707367384000065, 42.88703034100007], [17.67872155000009, 42.87938060100004], [17.65333092500009, 42.89093659100007], [17.65284264400009, 42.89118073100008], [17.556488477000073, 42.934759833000044], [17.57398522200009, 42.93427155200004], [17.601084832000083, 42.92523834800005], [17.617930535000085, 42.92177969000005], [17.603037957000083, 42.93256256700005], [17.58065839900007, 42.94208405200004], [17.580088738000086, 42.94232819200005], [17.549652540000068, 42.95530833500004], [17.53451582100007, 42.95062897300005], [17.515635613000086, 42.95888906500005], [17.49854576900009, 42.97215403900009], [17.488291863000086, 42.98261139500005], [17.474619988000086, 43.001166083000044], [17.470876498000052, 43.01341380400004], [17.479177280000044, 43.02240631700005], [17.501963738000086, 43.03099192900004], [17.48796634200005, 43.03497955900008], [17.47169030000009, 43.030462958000044], [17.453379754000082, 43.022772528000075], [17.433604363000086, 43.01740143400008], [17.440684441000087, 43.019964911000045], [17.460215691000087, 43.03099192900004], [17.450450066000087, 43.03115469000005], [17.440684441000087, 43.03229401200008], [17.432302280000044, 43.03620026200008], [17.426117384000065, 43.044623114000046], [17.433604363000086, 43.05149974200003], [17.42741946700005, 43.06085846600007], [17.426117384000065, 43.06517161700003], [17.404551629000082, 43.05149974200003], [17.37086022200009, 43.073879299000055], [17.316254102000073, 43.12726471600007], [17.17237389400009, 43.18183014500005], [17.13803144600007, 43.202337958000044], [17.121348504000082, 43.20880768400008], [17.113942905000044, 43.21320221600007], [17.107758009000065, 43.22638580900008], [17.100271030000044, 43.231675523000035], [17.090179884000065, 43.23517487200007], [17.080088738000086, 43.23651764500005], [17.073496941000087, 43.23895905200004], [17.066661004000082, 43.24485911700003], [17.05632571700005, 43.25698476800005], [17.05445397200009, 43.26121653900009], [17.051117384000065, 43.27423737200007], [17.049489780000044, 43.27802155200004], [17.045095248000052, 43.27977122600004], [17.032399936000047, 43.28237539300005], [17.028168165000068, 43.28424713700008], [16.933929884000065, 43.37360260600008], [16.90601647200009, 43.38727448100008], [16.895762566000087, 43.394598700000074], [16.888519727000073, 43.40119049700007], [16.88062584700009, 43.405951239000046], [16.75245201900009, 43.41950104400007], [16.69385826900009, 43.43829987200007], [16.625824415000068, 43.44904205900008], [16.53484134200005, 43.49713776200008], [16.533457879000082, 43.499701239000046], [16.53256269600007, 43.504339911000045], [16.530039910000085, 43.50877513200004], [16.524668816000087, 43.51080963700008], [16.51856530000009, 43.50971100500004], [16.50953209700009, 43.505072333000044], [16.50440514400009, 43.503973700000074], [16.46656334700009, 43.51080963700008], [16.391449415000068, 43.51080963700008], [16.391449415000068, 43.517645575000074], [16.411387566000087, 43.51780833500004], [16.434255405000044, 43.52187734600005], [16.455902540000068, 43.528957424000055], [16.473399285000085, 43.53815338700008], [16.45679772200009, 43.54588450700004], [16.433848504000082, 43.54975006700005], [16.336761915000068, 43.55117422100005], [16.324961785000085, 43.548529364000046], [16.30632571700005, 43.539943752000056], [16.29932701900009, 43.53815338700008], [16.281097852000073, 43.536037502000056], [16.23959394600007, 43.526556708000044], [16.11768639400009, 43.52448151200008], [16.11768639400009, 43.517645575000074], [16.150726759000065, 43.511379299000055], [16.164886915000068, 43.50409577000005], [16.17237389400009, 43.48969147300005], [16.110850457000083, 43.48969147300005], [16.113129102000073, 43.47890859600005], [16.098480665000068, 43.48004791900007], [16.06617272200009, 43.48969147300005], [16.03956139400009, 43.49079010600008], [16.02833092500009, 43.49494049700007], [16.014008009000065, 43.503973700000074], [16.007823113000086, 43.503973700000074], [16.007823113000086, 43.49713776200008], [15.99577884200005, 43.50336334800005], [15.973480665000068, 43.503119208000044], [15.966319207000083, 43.51080963700008], [15.965505405000044, 43.509100653000075], [15.965586785000085, 43.50617096600007], [15.964366082000083, 43.503892320000034], [15.959483269000089, 43.503973700000074], [15.961273634000065, 43.51504140800006], [15.96656334700009, 43.516913153000075], [15.97437584700009, 43.51675039300005], [15.983653191000087, 43.52106354400007], [15.986989780000044, 43.52728913000004], [15.984222852000073, 43.53204987200007], [15.982269727000073, 43.53729889500005], [15.987315300000091, 43.544907945000034], [15.970957879000082, 43.54352448100008], [15.965098504000082, 43.54193756700005], [15.959483269000089, 43.53815338700008], [15.956228061000047, 43.54791901200008], [15.948090040000068, 43.55288320500006], [15.925303582000083, 43.558579820000034], [15.941905144000089, 43.56000397300005], [15.944183790000068, 43.56671784100007], [15.935394727000073, 43.57294342700004], [15.917979363000086, 43.57290273600006], [15.917979363000086, 43.57908763200004], [15.922618035000085, 43.58112213700008], [15.927582227000073, 43.58429596600007], [15.932139519000089, 43.58657461100006], [15.922129754000082, 43.59198639500005], [15.917979363000086, 43.59332916900007], [15.925303582000083, 43.59955475500004], [15.917979363000086, 43.60639069200005], [15.925303582000083, 43.61383698100008], [15.918955925000091, 43.62872955900008], [15.929535352000073, 43.63422272300005], [15.966319207000083, 43.63373444200005], [15.966319207000083, 43.64118073100008], [15.921397332000083, 43.648138739000046], [15.904795769000089, 43.64801666900007], [15.916758660000085, 43.653631903000075], [15.926605665000068, 43.65302155200004], [15.934825066000087, 43.64984772300005], [15.942393425000091, 43.64801666900007], [15.952972852000073, 43.65086497600004], [15.951426629000082, 43.657416083000044], [15.942637566000087, 43.66429271000004], [15.932139519000089, 43.66844310100004], [15.945974155000044, 43.672308661000045], [15.952403191000087, 43.679754950000074], [15.950450066000087, 43.68854401200008], [15.938975457000083, 43.69643789300005], [15.939707879000082, 43.67763906500005], [15.931162957000083, 43.67649974200003], [15.906748894000089, 43.691473700000074], [15.892914259000065, 43.700506903000075], [15.885996941000087, 43.70034414300005], [15.876800977000073, 43.70164622600004], [15.87077884200005, 43.703192450000074], [15.864512566000087, 43.70815664300005], [15.850759311000047, 43.723944403000075], [15.844004754000082, 43.72992584800005], [15.803477410000085, 43.74640534100007], [15.792165561000047, 43.75446198100008], [15.771006707000083, 43.75995514500005], [15.706309441000087, 43.76341380400004], [15.692637566000087, 43.774603583000044], [15.682139519000089, 43.79718659100007], [15.658457879000082, 43.80508047100005], [15.632985873000052, 43.81045156500005], [15.617442254000082, 43.825506903000075], [15.647308790000068, 43.81586334800005], [15.663096550000091, 43.81297435100004], [15.678884311000047, 43.811835028000075], [15.678884311000047, 43.81928131700005], [15.673024936000047, 43.82123444200005], [15.668955925000091, 43.82099030200004], [15.666758660000085, 43.819973049000055], [15.66578209700009, 43.81928131700005], [15.638845248000052, 43.83612702000005], [15.574066602000073, 43.85952383000006], [15.546885613000086, 43.87657298400006], [15.545176629000082, 43.87763092700004], [15.524912957000083, 43.900458075000074], [15.512217644000089, 43.91107819200005], [15.49773196700005, 43.91551341400009], [15.482432488000086, 43.91714101800005], [15.473643425000091, 43.919134833000044], [15.466075066000087, 43.92169830900008], [15.455088738000086, 43.92804596600007], [15.449717644000089, 43.93439362200007], [15.445648634000065, 43.94135163000004], [15.438731316000087, 43.949652411000045], [15.384043816000087, 43.997381903000075], [15.358083530000044, 44.02570221600007], [15.33961022200009, 44.03937409100007], [15.319509311000047, 44.04523346600007], [15.277598504000082, 44.08234284100007], [15.278330925000091, 44.085598049000055], [15.233246290000068, 44.12091705900008], [15.22201582100007, 44.12563711100006], [15.212901238000086, 44.13104889500005], [15.208832227000073, 44.13816966400009], [15.212738477000073, 44.14826080900008], [15.19695071700005, 44.15648021000004], [15.144541863000086, 44.19546133000006], [15.160411004000082, 44.21320221600007], [15.152191602000073, 44.23529694200005], [15.131521030000044, 44.25462474200003], [15.110362175000091, 44.26434967700004], [15.122243686000047, 44.27480703300006], [15.140635613000086, 44.282456773000035], [15.15756269600007, 44.28034088700008], [15.165049675000091, 44.26121653900009], [15.176605665000068, 44.24994538000004], [15.197927280000044, 44.25731028900009], [15.207774285000085, 44.272772528000075], [15.185394727000073, 44.28538646000004], [15.19304446700005, 44.28685130400004], [15.194183790000068, 44.28864166900007], [15.194590691000087, 44.28880442900004], [15.199066602000073, 44.28538646000004], [15.206553582000083, 44.28538646000004], [15.201182488000086, 44.29751211100006], [15.198090040000068, 44.301662502000056], [15.247569207000083, 44.27798086100006], [15.268402540000068, 44.25844961100006], [15.279551629000082, 44.25177643400008], [15.295258009000065, 44.25067780200004], [15.281748894000089, 44.28538646000004], [15.290537957000083, 44.28742096600007], [15.294932488000086, 44.290228583000044], [15.297862175000091, 44.29401276200008], [15.302744988000086, 44.29913971600007], [15.289317254000082, 44.30219147300005], [15.278168165000068, 44.309800523000035], [15.26889082100007, 44.32046133000006], [15.261241082000083, 44.33258698100008], [15.280528191000087, 44.32754140800006], [15.308604363000086, 44.30927155200004], [15.336924675000091, 44.301662502000056], [15.408539259000065, 44.27228424700007], [15.424489780000044, 44.26797109600005], [15.50359134200005, 44.25922272300005], [15.525238477000073, 44.26068756700005], [15.52865644600007, 44.27179596600007], [15.514821811000047, 44.278509833000044], [15.449229363000086, 44.28538646000004], [15.444183790000068, 44.28847890800006], [15.414073113000086, 44.31655508000006], [15.40601647200009, 44.32062409100007], [15.30795332100007, 44.354396877000056], [15.293793165000068, 44.36481354400007], [15.155039910000085, 44.46670156500005], [15.108083530000044, 44.51386139500005], [15.080088738000086, 44.53607819200005], [15.052012566000087, 44.54547760600008], [15.047862175000091, 44.55036041900007], [15.01531009200005, 44.56907786700003], [15.007334832000083, 44.56972890800006], [15.00131269600007, 44.57851797100005], [14.901377800000091, 44.69017161700003], [14.883799675000091, 44.72361888200004], [14.895192905000044, 44.73615143400008], [14.89389082100007, 44.75096263200004], [14.887461785000085, 44.76837799700007], [14.883799675000091, 44.788763739000046], [14.881358269000089, 44.84406159100007], [14.883799675000091, 44.86147695500006], [14.905284050000091, 44.92462799700007], [14.914886915000068, 44.93992747600004], [14.92164147200009, 44.95880768400008], [14.914317254000082, 44.98143138200004], [14.856455925000091, 45.07648346600007], [14.852793816000087, 45.09365469000005], [14.842539910000085, 45.105536200000074], [14.827403191000087, 45.11395905200004], [14.765961134000065, 45.13735586100006], [14.65788821700005, 45.196600653000075], [14.606700066000087, 45.24437083500004], [14.592784050000091, 45.24982330900008], [14.576019727000073, 45.26227448100008], [14.568614129000082, 45.27594635600008], [14.582204623000052, 45.28534577000005], [14.570811394000089, 45.29364655200004], [14.534353061000047, 45.31268952000005], [14.552256707000083, 45.29767487200007], [14.555430535000085, 45.29588450700004], [14.551931186000047, 45.28807200700004], [14.543304884000065, 45.28384023600006], [14.533050977000073, 45.28388092700004], [14.524424675000091, 45.288763739000046], [14.510508660000085, 45.29975006700005], [14.402354363000086, 45.33860911700003], [14.363617384000065, 45.344631252000056], [14.345876498000052, 45.351629950000074], [14.32976321700005, 45.35398997600004], [14.311534050000091, 45.34398021000004], [14.29078209700009, 45.32050202000005], [14.271983269000089, 45.29010651200008], [14.258474155000044, 45.25576406500005], [14.24773196700005, 45.18646881700005], [14.234711134000065, 45.15456777600008], [14.23406009200005, 45.15306224200003], [14.232595248000052, 45.14935944200005], [14.209239129000082, 45.12636953300006], [14.17937259200005, 45.13450755400004], [14.195323113000086, 45.12059153900009], [14.19312584700009, 45.10561758000006], [14.180430535000085, 45.091457424000055], [14.164398634000065, 45.07990143400008], [14.158213738000086, 45.08734772300005], [14.154307488000086, 45.07892487200007], [14.15406334700009, 45.071966864000046], [14.158213738000086, 45.05320872600004], [14.154307488000086, 45.05499909100007], [14.147471550000091, 45.05727773600006], [14.14389082100007, 45.05939362200007], [14.14389082100007, 45.05320872600004], [14.159434441000087, 45.040350653000075], [14.166188998000052, 45.01894765800006], [14.16374759200005, 44.995754299000055], [14.151377800000091, 44.97748444200005], [14.139903191000087, 44.97134023600006], [14.131846550000091, 44.97207265800006], [14.124196811000047, 44.97540924700007], [14.113291863000086, 44.97748444200005], [14.10132897200009, 44.974269924000055], [14.089691602000073, 44.966498114000046], [14.080414259000065, 44.95726146000004], [14.075694207000083, 44.94953034100007], [14.068858269000089, 44.94953034100007], [14.07162519600007, 44.96906159100007], [14.079600457000083, 44.97793203300006], [14.083832227000073, 44.986395575000074], [14.075694207000083, 45.00482819200005], [14.054535352000073, 45.018459377000056], [14.051524285000085, 45.02602773600006], [14.053070509000065, 45.03314850500004], [14.051931186000047, 45.03803131700005], [14.040293816000087, 45.03896719000005], [14.044118686000047, 45.02716705900008], [14.039886915000068, 45.009426174000055], [14.04428144600007, 45.00141022300005], [14.054698113000086, 44.996527411000045], [14.06413821700005, 44.995754299000055], [14.071543816000087, 44.993353583000044], [14.075694207000083, 44.983710028000075], [14.064789259000065, 44.97614166900007], [14.050791863000086, 44.95648834800005], [14.044444207000083, 44.95140208500004], [14.040293816000087, 44.956366278000075], [14.034678582000083, 44.956366278000075], [14.03874759200005, 44.94940827000005], [14.040212436000047, 44.941066799000055], [14.039073113000086, 44.93183014500005], [14.034678582000083, 44.922308661000045], [14.026621941000087, 44.92405833500004], [14.022471550000091, 44.923488674000055], [14.022634311000047, 44.92059967700004], [14.027842644000089, 44.91543203300006], [14.027842644000089, 44.908636786000045], [14.022715691000087, 44.908270575000074], [14.021494988000086, 44.90737539300005], [14.021739129000082, 44.90509674700007], [14.020518425000091, 44.90110911700003], [14.010590040000068, 44.90525950700004], [13.988454623000052, 44.90078359600005], [13.972666863000086, 44.90110911700003], [13.980723504000082, 44.896551825000074], [13.985850457000083, 44.89207591400009], [13.993011915000068, 44.881293036000045], [13.986175977000073, 44.881293036000045], [13.986175977000073, 44.875067450000074], [13.993011915000068, 44.875067450000074], [13.993011915000068, 44.867621161000045], [13.985850457000083, 44.864162502000056], [13.981293165000068, 44.859808661000045], [13.972666863000086, 44.84715403900009], [13.974619988000086, 44.83966705900008], [13.97632897200009, 44.83746979400007], [13.97624759200005, 44.83490631700005], [13.972666863000086, 44.82664622600004], [13.983246290000068, 44.827053127000056], [13.989431186000047, 44.825100002000056], [13.993988477000073, 44.82050202000005], [14.000010613000086, 44.81305573100008], [13.963877800000091, 44.811835028000075], [13.946299675000091, 44.813788153000075], [13.931651238000086, 44.82050202000005], [13.929698113000086, 44.81635163000004], [13.929535352000073, 44.81525299700007], [13.924815300000091, 44.81305573100008], [13.918711785000085, 44.82904694200005], [13.909678582000083, 44.830959377000056], [13.899587436000047, 44.82904694200005], [13.890147332000083, 44.83348216400009], [13.883148634000065, 44.82664622600004], [13.89389082100007, 44.82339101800005], [13.904307488000086, 44.817287502000056], [13.909353061000047, 44.80898672100005], [13.904470248000052, 44.79877350500004], [13.91342207100007, 44.782416083000044], [13.917979363000086, 44.77826569200005], [13.903168165000068, 44.77240631700005], [13.899424675000091, 44.78196849200003], [13.89975019600007, 44.79828522300005], [13.896983269000089, 44.81305573100008], [13.889659050000091, 44.81708405200004], [13.860036655000044, 44.82566966400009], [13.849131707000083, 44.82664622600004], [13.85124759200005, 44.83002350500004], [13.853851759000065, 44.83706289300005], [13.855967644000089, 44.840277411000045], [13.852793816000087, 44.84076569200005], [13.845550977000073, 44.84015534100007], [13.842295769000089, 44.840277411000045], [13.849131707000083, 44.84715403900009], [13.842295769000089, 44.85464101800005], [13.83139082100007, 44.852728583000044], [13.815684441000087, 44.85659414300005], [13.799327019000089, 44.864569403000075], [13.787119988000086, 44.875067450000074], [13.79460696700005, 44.881293036000045], [13.804860873000052, 44.87059153900009], [13.819590691000087, 44.86766185100004], [13.83375084700009, 44.87335846600007], [13.842295769000089, 44.88812897300005], [13.815277540000068, 44.88353099200003], [13.804860873000052, 44.88540273600006], [13.79460696700005, 44.894964911000045], [13.79460696700005, 44.90110911700003], [13.798675977000073, 44.903957424000055], [13.803477410000085, 44.91063060100004], [13.808116082000083, 44.91543203300006], [13.796722852000073, 44.92487213700008], [13.774099155000044, 44.96381256700005], [13.732758009000065, 44.99494049700007], [13.68132571700005, 45.04637278900009], [13.673350457000083, 45.05109284100007], [13.660817905000044, 45.06122467700004], [13.643809441000087, 45.07050202000005], [13.623220248000052, 45.07306549700007], [13.627696160000085, 45.079413153000075], [13.633067254000082, 45.08942291900007], [13.636892123000052, 45.09357330900008], [13.612559441000087, 45.11786530200004], [13.638519727000073, 45.13003164300005], [13.72624759200005, 45.13450755400004], [13.70671634200005, 45.14109935100004], [13.683604363000086, 45.14337799700007], [13.636892123000052, 45.14203522300005], [13.611989780000044, 45.136786200000074], [13.600596550000091, 45.13727448100008], [13.595957879000082, 45.145412502000056], [13.597911004000082, 45.155951239000046], [13.600596550000091, 45.16461823100008], [13.59937584700009, 45.17129140800006], [13.589121941000087, 45.175482489000046], [13.593760613000086, 45.18227773600006], [13.594411655000044, 45.18732330900008], [13.590586785000085, 45.19179922100005], [13.582286004000082, 45.196600653000075], [13.582286004000082, 45.202826239000046], [13.590505405000044, 45.20648834800005], [13.594493035000085, 45.21263255400004], [13.594248894000089, 45.220770575000074], [13.589121941000087, 45.23069896000004], [13.595713738000086, 45.24054596600007], [13.595225457000083, 45.25079987200007], [13.588226759000065, 45.25958893400008], [13.575450066000087, 45.264878648000035], [13.578786655000044, 45.27098216400009], [13.584239129000082, 45.27606842700004], [13.592051629000082, 45.27912018400008], [13.602712436000047, 45.27912018400008], [13.602712436000047, 45.28534577000005], [13.592539910000085, 45.28880442900004], [13.584646030000044, 45.29319896000004], [13.578949415000068, 45.29901764500005], [13.575450066000087, 45.30646393400008], [13.58570397200009, 45.307806708000044], [13.594493035000085, 45.31110260600008], [13.609548373000052, 45.32013580900008], [13.597911004000082, 45.32436758000006], [13.571055535000085, 45.32501862200007], [13.561778191000087, 45.32636139500005], [13.550629102000073, 45.33429596600007], [13.541270379000082, 45.346136786000045], [13.540537957000083, 45.356756903000075], [13.554942254000082, 45.36107005400004], [13.554942254000082, 45.36733633000006], [13.543142123000052, 45.376166083000044], [13.51335696700005, 45.43622467700004], [13.51539147200009, 45.43813711100006], [13.518565300000091, 45.440334377000056], [13.520762566000087, 45.443019924000055], [13.515961134000065, 45.44745514500005], [13.515635613000086, 45.448146877000056], [13.517832879000082, 45.44977448100008], [13.520762566000087, 45.45726146000004], [13.504567905000044, 45.48387278900009], [13.501475457000083, 45.49860260600008], [13.507090691000087, 45.51190827000005], [13.51335696700005, 45.51190827000005], [13.52312259200005, 45.50625234600005], [13.568614129000082, 45.49079010600008], [13.58952884200005, 45.48883698100008], [13.591644727000073, 45.49310944200005], [13.589121941000087, 45.501613674000055], [13.595957879000082, 45.51190827000005], [13.595957879000082, 45.51813385600008], [13.586192254000082, 45.51947663000004], [13.578623894000089, 45.52338288000004], [13.572764519000089, 45.52997467700004], [13.568614129000082, 45.53925202000005], [13.58961022200009, 45.53579336100006], [13.67514082100007, 45.54474518400008], [13.752940300000091, 45.55288320500006], [13.752940300000091, 45.55906810100004], [13.742360873000052, 45.56976959800005], [13.727386915000068, 45.58120351800005], [13.711761915000068, 45.59320709800005], [13.718760613000086, 45.60065338700008], [13.73015384200005, 45.61310455900008], [13.757009311000047, 45.61367422100005], [13.78687584700009, 45.61115143400008], [13.808116082000083, 45.61432526200008], [13.795583530000044, 45.61701080900008], [13.78646894600007, 45.624335028000075], [13.77711022200009, 45.63544342700004], [13.739268425000091, 45.64911530200004], [13.757660352000073, 45.65497467700004], [13.75367272200009, 45.672308661000045], [13.739105665000068, 45.69159577000005], [13.72624759200005, 45.70376211100006], [13.647308790000068, 45.76203034100007], [13.628916863000086, 45.77260976800005], [13.574229363000086, 45.78961823100008], [13.551280144000089, 45.79242584800005], [13.534434441000087, 45.78204987200007], [13.524180535000085, 45.76007721600007], [13.528330925000091, 45.74054596600007], [13.554942254000082, 45.737209377000056], [13.518402540000068, 45.72483958500004], [13.51335696700005, 45.720770575000074], [13.507823113000086, 45.71442291900007], [13.48023522200009, 45.71067942900004], [13.469248894000089, 45.70685455900008], [13.451670769000089, 45.693793036000045], [13.427989129000082, 45.68113841400009], [13.40170332100007, 45.675441799000055], [13.37671959700009, 45.68317291900007], [13.390961134000065, 45.68577708500004], [13.409190300000091, 45.69131094000005], [13.424815300000091, 45.698553778000075], [13.43140709700009, 45.70685455900008], [13.422618035000085, 45.72406647300005], [13.381683790000068, 45.73004791900007], [13.369395379000082, 45.74461497600004], [13.351817254000082, 45.740301825000074], [13.254893425000091, 45.75604889500005], [13.24586022200009, 45.75893789300005], [13.221853061000047, 45.77606842700004], [13.215505405000044, 45.77879466400009], [13.204925977000073, 45.77773672100005], [13.169444207000083, 45.768744208000044], [13.157725457000083, 45.75458405200004], [13.149668816000087, 45.75153229400007], [13.139821811000047, 45.75486888200004], [13.131358269000089, 45.768866278000075], [13.119313998000052, 45.77195872600004], [13.110850457000083, 45.767645575000074], [13.108164910000085, 45.75820547100005], [13.111827019000089, 45.74884674700007], [13.122894727000073, 45.74461497600004], [13.122894727000073, 45.737209377000056], [13.100596550000091, 45.73623281500005], [13.080577019000089, 45.72760651200008], [13.069590691000087, 45.71369049700007], [13.075043165000068, 45.69684479400007], [13.09148196700005, 45.68919505400004], [13.111664259000065, 45.69135163000004], [13.149668816000087, 45.70376211100006], [13.13803144600007, 45.68939850500004], [13.103037957000083, 45.66901276200008], [13.095632358000046, 45.652329820000034], [13.095550977000073, 45.65216705900008], [13.084971550000091, 45.641913153000075], [13.060557488000086, 45.63666413000004], [12.981700066000087, 45.634833075000074], [12.943858269000089, 45.628566799000055], [12.780772332000083, 45.55353424700007], [12.611664259000065, 45.496161200000074], [12.512705925000091, 45.47044505400004], [12.495941602000073, 45.46039459800005], [12.487803582000083, 45.456732489000046], [12.451426629000082, 45.450425523000035], [12.423675977000073, 45.43805573100008], [12.410329623000052, 45.43622467700004], [12.418223504000082, 45.45111725500004], [12.429209832000083, 45.46401601800005], [12.435801629000082, 45.47492096600007], [12.430918816000087, 45.484035549000055], [12.440603061000047, 45.48297760600008], [12.447276238000086, 45.48432038000004], [12.451019727000073, 45.48899974200003], [12.451426629000082, 45.49823639500005], [12.458181186000047, 45.49823639500005], [12.462901238000086, 45.48973216400009], [12.466970248000052, 45.485581773000035], [12.471934441000087, 45.48590729400007], [12.478688998000052, 45.49079010600008], [12.465017123000052, 45.50446198100008], [12.47632897200009, 45.503566799000055], [12.487152540000068, 45.50409577000005], [12.497325066000087, 45.506740627000056], [12.499196811000047, 45.50446198100008], [12.499847852000073, 45.505845445000034], [12.503184441000087, 45.50287506700005], [12.506195509000065, 45.49909088700008], [12.506602410000085, 45.49823639500005], [12.503184441000087, 45.49787018400008], [12.492930535000085, 45.49823639500005], [12.492930535000085, 45.49079010600008], [12.515147332000083, 45.49274323100008], [12.520518425000091, 45.50503164300005], [12.521494988000086, 45.51898834800005], [12.530446811000047, 45.52558014500005], [12.548106316000087, 45.527004299000055], [12.562510613000086, 45.53164297100005], [12.57357832100007, 45.54002513200004], [12.58171634200005, 45.55288320500006], [12.56967207100007, 45.54938385600008], [12.544200066000087, 45.53656647300005], [12.537282748000052, 45.53583405200004], [12.518321160000085, 45.54995351800005], [12.510508660000085, 45.55906810100004], [12.506602410000085, 45.57330963700008], [12.485199415000068, 45.56500885600008], [12.458506707000083, 45.54832591400009], [12.441905144000089, 45.53034088700008], [12.451426629000082, 45.51813385600008], [12.451426629000082, 45.51190827000005], [12.43490644600007, 45.51235586100006], [12.41773522200009, 45.52358633000006], [12.410329623000052, 45.51813385600008], [12.403575066000087, 45.51813385600008], [12.396739129000082, 45.53925202000005], [12.38412519600007, 45.52301666900007], [12.39039147200009, 45.51398346600007], [12.424001498000052, 45.50446198100008], [12.424001498000052, 45.49823639500005], [12.411631707000083, 45.49331289300005], [12.393402540000068, 45.49164459800005], [12.38054446700005, 45.49477773600006], [12.383067254000082, 45.50446198100008], [12.350433790000068, 45.50486888200004], [12.309580925000091, 45.48891836100006], [12.272715691000087, 45.46360911700003], [12.252696160000085, 45.43622467700004], [12.252696160000085, 45.42999909100007], [12.258962436000047, 45.42999909100007], [12.250010613000086, 45.42072174700007], [12.246104363000086, 45.411322333000044], [12.248545769000089, 45.40253327000005], [12.258962436000047, 45.39520905200004], [12.249196811000047, 45.38548411700003], [12.24740644600007, 45.378241278000075], [12.248057488000086, 45.37099844000005], [12.245290561000047, 45.36107005400004], [12.237803582000083, 45.35773346600007], [12.22828209700009, 45.357489325000074], [12.223806186000047, 45.353949286000045], [12.23218834700009, 45.34056224200003], [12.220876498000052, 45.327053127000056], [12.216319207000083, 45.31622955900008], [12.20875084700009, 45.30906810100004], [12.187510613000086, 45.30646393400008], [12.174327019000089, 45.310532945000034], [12.162933790000068, 45.31622955900008], [12.154470248000052, 45.31346263200004], [12.149099155000044, 45.292181708000044], [12.15984134200005, 45.28310781500005], [12.168793165000068, 45.262152411000045], [12.180674675000091, 45.25804271000004], [12.191661004000082, 45.262884833000044], [12.199392123000052, 45.274603583000044], [12.201914910000085, 45.288316148000035], [12.197438998000052, 45.29962799700007], [12.217295769000089, 45.293850002000056], [12.221446160000085, 45.283270575000074], [12.220550977000073, 45.268784898000035], [12.224864129000082, 45.251166083000044], [12.213877800000091, 45.248114325000074], [12.211110873000052, 45.24298737200007], [12.215179884000065, 45.23680247600004], [12.224864129000082, 45.23069896000004], [12.221364780000044, 45.21625397300005], [12.230479363000086, 45.20425039300005], [12.247325066000087, 45.196926174000055], [12.266368035000085, 45.196600653000075], [12.263519727000073, 45.20034414300005], [12.262543165000068, 45.20075104400007], [12.258962436000047, 45.202826239000046], [12.273692254000082, 45.21084219000005], [12.296071811000047, 45.226629950000074], [12.307302280000044, 45.23069896000004], [12.298024936000047, 45.21539948100008], [12.303965691000087, 45.20075104400007], [12.315114780000044, 45.18646881700005], [12.321055535000085, 45.17234935100004], [12.32195071700005, 45.138739325000074], [12.328461134000065, 45.10101959800005], [12.318369988000086, 45.10346100500004], [12.307302280000044, 45.107855536000045], [12.308441602000073, 45.114447333000044], [12.307302280000044, 45.12417226800005], [12.307302280000044, 45.12836334800005], [12.297373894000089, 45.106350002000056], [12.296722852000073, 45.08856842700004], [12.306651238000086, 45.078558661000045], [12.328461134000065, 45.07990143400008], [12.325205925000091, 45.083685614000046], [12.32357832100007, 45.08673737200007], [12.321055535000085, 45.09357330900008], [12.340830925000091, 45.08144765800006], [12.353037957000083, 45.06696198100008], [12.363291863000086, 45.05219147300005], [12.376231316000087, 45.03896719000005], [12.376231316000087, 45.03217194200005], [12.368337436000047, 45.03115469000005], [12.364105665000068, 45.029364325000074], [12.360850457000083, 45.02708567900004], [12.35515384200005, 45.024644273000035], [12.36882571700005, 45.010972398000035], [12.383555535000085, 45.02643463700008], [12.386566602000073, 45.038763739000046], [12.38062584700009, 45.05093008000006], [12.36882571700005, 45.065619208000044], [12.383311394000089, 45.056341864000046], [12.401377800000091, 45.04987213700008], [12.41342207100007, 45.04287344000005], [12.410329623000052, 45.03217194200005], [12.426280144000089, 45.02000560100004], [12.434092644000089, 45.01552969000005], [12.444590691000087, 45.010972398000035], [12.464691602000073, 44.99201080900008], [12.486175977000073, 44.97650788000004], [12.499196811000047, 44.983710028000075], [12.49586022200009, 44.98395416900007], [12.489105665000068, 44.983303127000056], [12.48609459700009, 44.983710028000075], [12.48609459700009, 44.99115631700005], [12.502614780000044, 44.991441148000035], [12.516774936000047, 44.987616278000075], [12.527598504000082, 44.980169989000046], [12.533864780000044, 44.970038153000075], [12.53296959700009, 44.96084219000005], [12.52312259200005, 44.95001862200007], [12.52702884200005, 44.943345445000034], [12.518809441000087, 44.93378327000005], [12.51539147200009, 44.92837148600006], [12.512705925000091, 44.922308661000045], [12.506602410000085, 44.922308661000045], [12.499034050000091, 44.92145416900007], [12.494883660000085, 44.91046784100007], [12.492930535000085, 44.878159898000035], [12.487315300000091, 44.86225006700005], [12.474131707000083, 44.845770575000074], [12.444590691000087, 44.82050202000005], [12.44312584700009, 44.82501862200007], [12.438731316000087, 44.83490631700005], [12.432139519000089, 44.84601471600007], [12.424001498000052, 44.85464101800005], [12.43921959700009, 44.87759023600006], [12.44304446700005, 44.89008209800005], [12.438324415000068, 44.90110911700003], [12.426931186000047, 44.90497467700004], [12.415537957000083, 44.89984772300005], [12.406911655000044, 44.89130280200004], [12.403575066000087, 44.88471100500004], [12.392100457000083, 44.868394273000035], [12.391612175000091, 44.85883209800005], [12.416514519000089, 44.85114166900007], [12.415863477000073, 44.84357330900008], [12.408213738000086, 44.83624909100007], [12.396739129000082, 44.83348216400009], [12.396739129000082, 44.82664622600004], [12.403819207000083, 44.825425523000035], [12.416270379000082, 44.82143789300005], [12.424001498000052, 44.82050202000005], [12.416188998000052, 44.80329010600008], [12.397959832000083, 44.79376862200007], [12.375661655000044, 44.792222398000035], [12.357432488000086, 44.80414459800005], [12.346853061000047, 44.815334377000056], [12.321055535000085, 44.83348216400009], [12.302989129000082, 44.84292226800005], [12.29232832100007, 44.84324778900009], [12.266368035000085, 44.82664622600004], [12.266368035000085, 44.82050202000005], [12.280039910000085, 44.82050202000005], [12.25359134200005, 44.751288153000075], [12.246592644000089, 44.71161530200004], [12.252696160000085, 44.668402411000045], [12.265879754000082, 44.63617584800005], [12.274912957000083, 44.62051015800006], [12.283457879000082, 44.61375560100004], [12.285817905000044, 44.60268789300005], [12.280039910000085, 44.53188711100006], [12.283702019000089, 44.487616278000075], [12.31421959700009, 44.38719310100004], [12.318207227000073, 44.36115143400008], [12.321055535000085, 44.35370514500005], [12.325450066000087, 44.34780508000006], [12.33920332100007, 44.33429596600007], [12.342133009000065, 44.32949453300006], [12.344248894000089, 44.308294989000046], [12.350271030000044, 44.28815338700008], [12.36882571700005, 44.25067780200004], [12.38998457100007, 44.222723700000074], [12.417165561000047, 44.19546133000006], [12.458018425000091, 44.16640859600005], [12.478770379000082, 44.13934967700004], [12.510915561000047, 44.114569403000075], [12.547373894000089, 44.093451239000046], [12.574229363000086, 44.085598049000055], [12.631358269000089, 44.03009674700007], [12.660899285000085, 44.00828685100004], [12.691579623000052, 43.99062734600005], [12.71029707100007, 43.98289622600004], [12.753835483000046, 43.97239817900004], [12.756114129000082, 43.971869208000044], [12.803965691000087, 43.966864325000074], [12.823008660000085, 43.95856354400007], [12.862152540000068, 43.93537018400008], [12.928884311000047, 43.91583893400008], [12.938649936000047, 43.90460846600007], [12.947276238000086, 43.89760976800005], [13.25326582100007, 43.703192450000074], [13.370127800000091, 43.650458075000074], [13.389821811000047, 43.644598700000074], [13.399668816000087, 43.635646877000056], [13.44662519600007, 43.62372467700004], [13.473399285000085, 43.61200592700004], [13.483164910000085, 43.61627838700008], [13.490733269000089, 43.62360260600008], [13.496267123000052, 43.62750885600008], [13.499034050000091, 43.62848541900007], [13.501231316000087, 43.63060130400004], [13.504405144000089, 43.63275788000004], [13.510264519000089, 43.63373444200005], [13.516123894000089, 43.631740627000056], [13.519053582000083, 43.62718333500004], [13.521006707000083, 43.622707424000055], [13.524180535000085, 43.62067291900007], [13.543223504000082, 43.61322663000004], [13.557790561000047, 43.59674713700008], [13.569183790000068, 43.58030833500004], [13.578868035000085, 43.57290273600006], [13.597911004000082, 43.569525458000044], [13.615570509000065, 43.56049225500004], [13.624522332000083, 43.54718659100007], [13.61695397200009, 43.531317450000074], [13.760264519000089, 43.263739325000074], [13.776052280000044, 43.24359772300005], [13.780284050000091, 43.23651764500005], [13.786631707000083, 43.20058828300006], [13.79078209700009, 43.19208405200004], [13.802744988000086, 43.17820872600004], [13.834808790000068, 43.12726471600007], [13.848643425000091, 43.09174225500004], [13.865407748000052, 43.00731028900009], [13.905528191000087, 42.901556708000044], [13.94467207100007, 42.79828522300005], [13.980479363000086, 42.73037344000005], [14.001231316000087, 42.698431708000044], [14.063243035000085, 42.62482330900008], [14.068858269000089, 42.60956452000005], [14.075368686000047, 42.598822333000044], [14.220550977000073, 42.47016022300005], [14.284190300000091, 42.42829010600008], [14.356211785000085, 42.39297109600005], [14.387380405000044, 42.37295156500005], [14.42904707100007, 42.32172272300005], [14.56023196700005, 42.22565338700008], [14.595876498000052, 42.20856354400007], [14.653493686000047, 42.191066799000055], [14.693695509000065, 42.18537018400008], [14.709239129000082, 42.175482489000046], [14.717051629000082, 42.16006094000005], [14.722829623000052, 42.118801174000055], [14.729502800000091, 42.09910716400009], [14.740733269000089, 42.08462148600006], [14.75749759200005, 42.07884349200003], [14.76335696700005, 42.07794830900008], [14.780121290000068, 42.07526276200008], [14.799815300000091, 42.06635163000004], [14.835459832000083, 42.044134833000044], [14.871104363000086, 42.03180573100008], [14.951996290000068, 42.02106354400007], [14.993662957000083, 42.010646877000056], [15.007334832000083, 42.00136953300006], [15.03451582100007, 41.974595445000034], [15.045176629000082, 41.96898021000004], [15.063161655000044, 41.96430084800005], [15.104340040000068, 41.94188060100004], [15.123383009000065, 41.93427155200004], [15.143565300000091, 41.93117910400008], [15.16537519600007, 41.927801825000074], [15.281748894000089, 41.92804596600007], [15.400563998000052, 41.90778229400007], [15.446055535000085, 41.90692780200004], [15.611338738000086, 41.92804596600007], [15.774424675000091, 41.921210028000075], [16.02711022200009, 41.94407786700003], [16.110850457000083, 41.92804596600007], [16.111989780000044, 41.92633698100008], [16.140472852000073, 41.919907945000034], [16.160899285000085, 41.892645575000074], [16.179209832000083, 41.89329661700003], [16.176036004000082, 41.877386786000045], [16.183604363000086, 41.85846588700008], [16.192230665000068, 41.82135651200008], [16.19304446700005, 41.80841705900008], [16.192881707000083, 41.79092031500005], [16.184336785000085, 41.77960846600007], [16.166677280000044, 41.76341380400004], [16.145762566000087, 41.74884674700007], [16.127614780000044, 41.74249909100007], [16.10718834700009, 41.737616278000075], [16.089691602000073, 41.72601959800005], [16.063161655000044, 41.70148346600007], [16.027517123000052, 41.67991771000004], [15.925303582000083, 41.64004140800006], [15.90007571700005, 41.61465078300006], [15.891368035000085, 41.57684967700004], [15.896332227000073, 41.536444403000075], [15.91179446700005, 41.50287506700005], [15.933604363000086, 41.47943756700005], [15.961110873000052, 41.45945872600004], [16.021657748000052, 41.427801825000074], [16.085134311000047, 41.41266510600008], [16.100352410000085, 41.403550523000035], [16.114105665000068, 41.39288971600007], [16.301442905000044, 41.32786692900004], [16.46029707100007, 41.26264069200005], [16.520681186000047, 41.25014883000006], [16.538584832000083, 41.23940664300005], [16.55437259200005, 41.22748444200005], [16.593923373000052, 41.20697663000004], [16.83057701900009, 41.14630768400008], [16.851410352000073, 41.13296133000006], [16.858164910000085, 41.13296133000006], [16.858164910000085, 41.14036692900004], [16.864431186000047, 41.14036692900004], [16.88526451900009, 41.12396881700005], [17.05713951900009, 41.08185455900008], [17.203135613000086, 41.02098216400009], [17.27637780000009, 40.98021067900004], [17.310069207000083, 40.954779364000046], [17.347911004000082, 40.912095445000034], [17.361175977000073, 40.90639883000006], [17.377696160000085, 40.90228913000004], [17.413584832000083, 40.88108958500004], [17.476084832000083, 40.830145575000074], [17.49195397200009, 40.82444896000004], [17.51221764400009, 40.820298570000034], [17.548350457000083, 40.801947333000044], [17.63453209700009, 40.78497955900008], [17.645274285000085, 40.77977122600004], [17.748383009000065, 40.74762604400007], [17.843923373000052, 40.69415924700007], [17.921885613000086, 40.68301015800006], [17.955821160000085, 40.67047760600008], [17.954925977000073, 40.646918036000045], [17.966319207000083, 40.64679596600007], [17.99195397200009, 40.65314362200007], [18.007009311000047, 40.65070221600007], [18.01107832100007, 40.644191799000055], [18.01148522200009, 40.63523997600004], [18.015798373000052, 40.62518952000005], [18.039235873000052, 40.60822174700007], [18.043223504000082, 40.601996161000045], [18.037445509000065, 40.55695221600007], [18.119965040000068, 40.50458405200004], [18.211680535000085, 40.46474844000005], [18.23145592500009, 40.461371161000045], [18.238291863000086, 40.45766836100006], [18.25879967500009, 40.43065013200004], [18.270192905000044, 40.421210028000075], [18.30323326900009, 40.39988841400009], [18.32911217500009, 40.36668528900009], [18.343760613000086, 40.351629950000074], [18.361501498000052, 40.34528229400007], [18.37045332100007, 40.33869049700007], [18.43726647200009, 40.26788971600007], [18.500010613000086, 40.15249258000006], [18.504242384000065, 40.14642975500004], [18.50945071700005, 40.141831773000035], [18.51612389400009, 40.13922760600008], [18.51107832100007, 40.12759023600006], [18.513682488000086, 40.12055084800005], [18.517425977000073, 40.114162502000056], [18.51612389400009, 40.10447825700004], [18.508067254000082, 40.09454987200007], [18.49187259200005, 40.08466217700004], [18.483571811000047, 40.05516185100004], [18.47038821700005, 40.04344310100004], [18.43409264400009, 40.02252838700008], [18.411387566000087, 39.97882721600007], [18.40788821700005, 39.96849192900004], [18.40406334700009, 39.94749583500004], [18.394786004000082, 39.92560455900008], [18.392588738000086, 39.916083075000074], [18.399668816000087, 39.890326239000046], [18.40007571700005, 39.878566799000055], [18.38648522200009, 39.82534414300005], [18.38917076900009, 39.81708405200004], [18.383962436000047, 39.81391022300005], [18.373708530000044, 39.79979075700004], [18.368337436000047, 39.79661692900004], [18.346527540000068, 39.798041083000044], [18.33838951900009, 39.800116278000075], [18.330414259000065, 39.80341217700004], [18.282074415000068, 39.833197333000044], [18.265635613000086, 39.837591864000046], [18.22437584700009, 39.837591864000046], [18.211273634000065, 39.83934153900009], [18.18653405000009, 39.85187409100007], [18.16187584700009, 39.860541083000044], [18.13062584700009, 39.88349030200004], [18.09424889400009, 39.90273672100005], [18.080902540000068, 39.90643952000005], [18.071543816000087, 39.91152578300006], [18.007334832000083, 39.98607005400004], [17.995371941000087, 39.99526601800005], [17.995371941000087, 40.00267161700009], [18.01107832100007, 40.00336334800005], [18.020274285000085, 40.010199286000045], [18.022146030000044, 40.02167389500005], [18.015798373000052, 40.03620026200008], [18.005137566000087, 40.04486725500004], [17.978363477000073, 40.051662502000056], [17.967458530000044, 40.05731842700004], [18.00294030000009, 40.07444896000004], [18.010996941000087, 40.09601471600007], [17.997243686000047, 40.120428778000075], [17.967458530000044, 40.14606354400007], [17.940684441000087, 40.16303131700005], [17.926036004000082, 40.17625560100004], [17.91960696700005, 40.190741278000075], [17.919200066000087, 40.20994700700004], [17.91700280000009, 40.22687409100007], [17.91114342500009, 40.240301825000074], [17.899668816000087, 40.24909088700008], [17.912771030000044, 40.24909088700008], [17.912771030000044, 40.25531647300005], [17.863129102000073, 40.28563060100004], [17.847666863000086, 40.29002513200004], [17.512054884000065, 40.30369700700004], [17.49390709700009, 40.30744049700007], [17.44044030000009, 40.33100006700005], [17.430430535000085, 40.33161041900007], [17.40951582100007, 40.33002350500004], [17.39942467500009, 40.33100006700005], [17.392100457000083, 40.33502838700008], [17.37468509200005, 40.34857819200005], [17.36817467500009, 40.35150788000004], [17.35124759200005, 40.354803778000075], [17.296397332000083, 40.37946198100008], [17.24000084700009, 40.39533112200007], [17.212901238000086, 40.40619538000004], [17.20020592500009, 40.42039622600004], [17.223480665000068, 40.42841217700004], [17.243011915000068, 40.441392320000034], [17.247894727000073, 40.45734284100007], [17.22754967500009, 40.47443268400008], [17.24740644600007, 40.48029205900008], [17.295746290000068, 40.47321198100008], [17.316254102000073, 40.48187897300005], [17.32325280000009, 40.498480536000045], [17.30404707100007, 40.49945709800005], [17.261729363000086, 40.488714911000045], [17.263519727000073, 40.49103424700007], [17.26856530000009, 40.496161200000074], [17.24740644600007, 40.502834377000056], [17.22901451900009, 40.49689362200007], [17.21070397200009, 40.48700592700004], [17.18995201900009, 40.48187897300005], [17.181813998000052, 40.48529694200005], [17.176442905000044, 40.49315013200004], [17.171722852000073, 40.50226471600007], [17.166188998000052, 40.50918203300006], [17.15601647200009, 40.51239655200004], [17.133474155000044, 40.51264069200005], [17.124522332000083, 40.515326239000046], [17.049571160000085, 40.51911041900007], [16.976084832000083, 40.492621161000045], [16.912119988000086, 40.44521719000005], [16.863291863000086, 40.39093659100007], [16.782725457000083, 40.30158112200007], [16.76140384200005, 40.269598700000074], [16.737559441000087, 40.211004950000074], [16.730723504000082, 40.20066966400009], [16.715993686000047, 40.19358958500004], [16.67945397200009, 40.14606354400007], [16.640065951000054, 40.11876048400006], [16.624522332000083, 40.10797760600008], [16.604746941000087, 40.08445872600004], [16.596934441000087, 40.04677969000005], [16.59937584700009, 40.03412506700005], [16.613617384000065, 39.99664948100008], [16.631602410000085, 39.96621328300006], [16.621755405000044, 39.953558661000045], [16.605479363000086, 39.94293854400007], [16.58920332100007, 39.91982656500005], [16.542246941000087, 39.88540273600006], [16.508148634000065, 39.837591864000046], [16.491709832000083, 39.80548737200007], [16.489756707000083, 39.77521393400008], [16.502126498000052, 39.74705638200004], [16.528575066000087, 39.72150299700007], [16.528575066000087, 39.71466705900008], [16.515635613000086, 39.68960195500006], [16.54590905000009, 39.66087474200009], [16.59148196700005, 39.636786200000074], [16.624847852000073, 39.62531159100007], [16.74976647200009, 39.620021877000056], [16.782481316000087, 39.61163971600007], [16.798106316000087, 39.60346100500004], [16.81609134200005, 39.591050523000035], [16.830902540000068, 39.576157945000034], [16.837168816000087, 39.56045156500005], [16.84620201900009, 39.55267975500004], [16.90601647200009, 39.529730536000045], [16.952972852000073, 39.499212958000044], [16.970876498000052, 39.49494049700007], [16.995371941000087, 39.49274323100008], [17.01148522200009, 39.48615143400008], [17.023448113000086, 39.47540924700007], [17.035817905000044, 39.46076080900008], [17.05713951900009, 39.44163646000004], [17.088552280000044, 39.42259349200009], [17.124196811000047, 39.40900299700007], [17.15870201900009, 39.40619538000004], [17.122243686000047, 39.338324286000045], [17.11491946700005, 39.28278229400007], [17.114512566000087, 39.26935455900008], [17.11768639400009, 39.25600820500006], [17.12476647200009, 39.24461497600004], [17.142100457000083, 39.222316799000055], [17.145681186000047, 39.21067942900004], [17.14039147200009, 39.178900458000044], [17.122243686000047, 39.12103913000004], [17.124522332000083, 39.09088776200008], [17.147959832000083, 39.05418528900009], [17.151866082000083, 39.04588450700004], [17.158457879000082, 39.04047272300005], [17.192556186000047, 39.03107330900008], [17.20639082100007, 39.02948639500005], [17.18685957100007, 39.01902903900009], [17.176605665000068, 39.01211172100005], [17.17237389400009, 39.005194403000075], [17.17156009200005, 38.966009833000044], [17.17237389400009, 38.96051666900007], [17.138845248000052, 38.936712958000044], [17.135020379000082, 38.93260325700004], [17.127696160000085, 38.92877838700008], [17.11890709700009, 38.91966380400004], [17.10401451900009, 38.89907461100006], [17.094981316000087, 38.919134833000044], [17.070567254000082, 38.92279694200005], [17.042246941000087, 38.91624583500004], [17.02198326900009, 38.905951239000046], [16.996348504000082, 38.92951080900008], [16.981293165000068, 38.937201239000046], [16.957286004000082, 38.94009023600006], [16.935069207000083, 38.938706773000035], [16.838552280000044, 38.91819896000004], [16.727793816000087, 38.87885163000004], [16.687754754000082, 38.85586172100005], [16.67945397200009, 38.84756094000005], [16.670746290000068, 38.84064362200007], [16.610606316000087, 38.81655508000006], [16.58562259200005, 38.79783763200004], [16.574392123000052, 38.78506094000005], [16.563731316000087, 38.756740627000056], [16.550954623000052, 38.741400458000044], [16.53882897200009, 38.72333405200004], [16.53484134200005, 38.69989655200004], [16.546885613000086, 38.69318268400008], [16.549082879000082, 38.68992747600004], [16.54851321700005, 38.67206452000005], [16.558848504000082, 38.59601471600007], [16.576996290000068, 38.528550523000035], [16.57715905000009, 38.50287506700005], [16.569590691000087, 38.42951080900008], [16.561371290000068, 38.41632721600007], [16.52198326900009, 38.387152411000045], [16.508148634000065, 38.371527411000045], [16.497569207000083, 38.36928945500006], [16.467051629000082, 38.34870026200008], [16.435069207000083, 38.33999258000006], [16.339854363000086, 38.300848700000074], [16.30632571700005, 38.27708567900004], [16.169444207000083, 38.14321523600006], [16.151866082000083, 38.11082591400009], [16.12549889400009, 38.00482819200005], [16.110850457000083, 37.97361888200004], [16.10132897200009, 37.96051666900007], [16.090017123000052, 37.949204820000034], [16.07715905000009, 37.939886786000045], [16.063161655000044, 37.93268463700008], [16.015879754000082, 37.924709377000056], [16.00098717500009, 37.91901276200008], [15.942149285000085, 37.93309153900009], [15.76148522200009, 37.92523834800005], [15.734873894000089, 37.930975653000075], [15.708262566000087, 37.94098541900007], [15.684418165000068, 37.95351797100005], [15.66578209700009, 37.966864325000074], [15.645518425000091, 37.988348700000074], [15.635101759000065, 38.009100653000075], [15.63835696700005, 38.02773672100005], [15.658457879000082, 38.04254791900007], [15.632660352000073, 38.074204820000034], [15.624034050000091, 38.09210846600007], [15.627452019000089, 38.10736725500004], [15.641612175000091, 38.12592194200005], [15.64779707100007, 38.14313385600008], [15.646494988000086, 38.162095445000034], [15.637950066000087, 38.18593984600005], [15.632823113000086, 38.22028229400007], [15.650563998000052, 38.24103424700007], [15.684255405000044, 38.253119208000044], [15.78646894600007, 38.27802155200004], [15.795664910000085, 38.28554922100005], [15.798675977000073, 38.290716864000046], [15.812836134000065, 38.30060455900008], [15.81617272200009, 38.30605703300006], [15.82976321700005, 38.35101959800005], [15.904795769000089, 38.473944403000075], [15.917816602000073, 38.516791083000044], [15.916026238000086, 38.55036041900007], [15.90007571700005, 38.57827383000006], [15.87077884200005, 38.60423411700009], [15.863536004000082, 38.60822174700007], [15.849945509000065, 38.613348700000074], [15.844004754000082, 38.61790599200009], [15.835459832000083, 38.628241278000075], [15.83366946700005, 38.63377513200004], [15.835215691000087, 38.63922760600008], [15.836599155000044, 38.64899323100008], [15.844493035000085, 38.66038646000004], [15.863129102000073, 38.66828034100007], [15.904795769000089, 38.679388739000046], [15.968028191000087, 38.712591864000046], [16.002614780000044, 38.72540924700007], [16.048838738000086, 38.727728583000044], [16.12086022200009, 38.72093333500004], [16.135996941000087, 38.723822333000044], [16.152598504000082, 38.730902411000045], [16.179209832000083, 38.74827708500004], [16.20093834700009, 38.77643463700008], [16.215098504000082, 38.814154364000046], [16.22169030000009, 38.85659414300005], [16.22006269600007, 38.89907461100006], [16.214691602000073, 38.91901276200008], [16.204600457000083, 38.93406810100004], [16.189626498000052, 38.94354889500005], [16.16895592500009, 38.94684479400007], [16.154307488000086, 38.95502350500004], [16.13965905000009, 38.97378164300005], [16.08301842500009, 39.07526276200008], [16.04200280000009, 39.310614325000074], [16.03402716100004, 39.34524176800005], [15.995396030000052, 39.438768236000044], [15.958075525000083, 39.47756361200004], [15.933116082000083, 39.513657945000034], [15.904795769000089, 39.53595612200007], [15.876231316000087, 39.55145905200004], [15.867523634000065, 39.56391022300005], [15.859716355000046, 39.58876446000005], [15.850271030000044, 39.61473216400009], [15.836599155000044, 39.65265534100007], [15.815684441000087, 39.678900458000044], [15.80640709700009, 39.69550202000005], [15.78874759200005, 39.79661692900004], [15.78874759200005, 39.790350653000075], [15.783946160000085, 39.81000397300005], [15.778819207000083, 39.82013580900008], [15.771332227000073, 39.82453034100007], [15.769704623000052, 39.830145575000074], [15.781911655000044, 39.86859772300005], [15.774424675000091, 39.89109935100004], [15.74154707100007, 39.92959219000005], [15.73414147200009, 39.94375234600005], [15.728037957000083, 39.964178778000075], [15.713145379000082, 39.98102448100008], [15.678884311000047, 40.00885651200008], [15.651621941000087, 40.04364655200004], [15.630381707000083, 40.05768463700008], [15.62468509200005, 40.064886786000045], [15.624278191000087, 40.077785549000055], [15.610199415000068, 40.07318756700005], [15.53492272200009, 40.077785549000055], [15.513127170000075, 40.067680206000034], [15.49531187100007, 40.04671893700004], [15.459808790000068, 40.029364325000074], [15.429601880000064, 39.99979266000008], [15.410099591000062, 39.99396986000005], [15.360943483000085, 39.998890575000075], [15.343159872000058, 40.00414865200008], [15.314300977000073, 40.03375885600008], [15.302744988000086, 40.03620026200008], [15.293304884000065, 40.032416083000044], [15.283050977000073, 40.02985260600008], [15.272227410000085, 40.02875397300005], [15.261241082000083, 40.029364325000074], [15.261241082000083, 40.03620026200008], [15.279144727000073, 40.04767487200007], [15.26343834700009, 40.07371653900009], [15.233897332000083, 40.10000234600005], [15.209646030000044, 40.11188385600008], [15.189952019000089, 40.119126695000034], [15.127207879000082, 40.169623114000046], [15.112803582000083, 40.17479075700004], [15.095876498000052, 40.173081773000035], [15.065684441000087, 40.16657135600008], [15.047211134000065, 40.16893138200004], [15.03492272200009, 40.17536041900007], [15.02280382400005, 40.195626867000044], [15.003122129000076, 40.210258570000065], [14.975904024000045, 40.219313312000054], [14.966319207000083, 40.22455475500004], [14.957087508000086, 40.231549930000085], [14.93813785900005, 40.22783932200008], [14.922129754000082, 40.23802317900004], [14.911143425000091, 40.24164459800005], [14.906911655000044, 40.25861237200007], [14.931895379000082, 40.28554922100005], [14.93913821700005, 40.307074286000045], [14.932383660000085, 40.324286200000074], [14.932383660000085, 40.33372630400004], [14.942149285000085, 40.33783600500004], [14.953949415000068, 40.339911200000074], [14.964366082000083, 40.34516022300005], [14.972911004000082, 40.351996161000045], [14.994489870000052, 40.35843381300003], [15.000432928000066, 40.36882818300006], [14.998266587000046, 40.39755866100006], [14.97592207100007, 40.43146393400008], [14.888845248000052, 40.57306549700007], [14.861501498000052, 40.60716380400004], [14.835459832000083, 40.63263580900008], [14.809743686000047, 40.65298086100006], [14.781993035000085, 40.66986725500004], [14.752207879000082, 40.67670319200005], [14.719981316000087, 40.66681549700007], [14.690440300000091, 40.64911530200004], [14.678070509000065, 40.64663320500006], [14.625743035000085, 40.64907461100006], [14.613291863000086, 40.64590078300006], [14.571299675000091, 40.61774323100008], [14.544200066000087, 40.61359284100007], [14.516368035000085, 40.61985911700009], [14.486582879000082, 40.63263580900008], [14.471364780000044, 40.624660549000055], [14.422048373000052, 40.61554596600007], [14.401540561000047, 40.60211823100008], [14.355804884000065, 40.583644924000055], [14.342621290000068, 40.57062409100007], [14.32984459700009, 40.58445872600004], [14.327972852000073, 40.60541413000004], [14.337738477000073, 40.62441640800006], [14.359629754000082, 40.63263580900008], [14.379730665000068, 40.63385651200008], [14.387380405000044, 40.63694896000004], [14.398213357000088, 40.64384157400008], [14.404798645000085, 40.65603259200009], [14.444210811000062, 40.68598713600005], [14.476369627000054, 40.69510212700004], [14.479746941000087, 40.71149323100008], [14.474131707000083, 40.729681708000044], [14.46062259200005, 40.744208075000074], [14.442637566000087, 40.755072333000044], [14.421290079000073, 40.750930081000035], [14.405402903000038, 40.75688689500004], [14.39443265300008, 40.76156623900005], [14.382554016000086, 40.772265565000055], [14.366608709000047, 40.78017824600005], [14.348887566000087, 40.796861070000034], [14.312347852000073, 40.828111070000034], [14.294200066000087, 40.838771877000056], [14.275726759000065, 40.84003327000005], [14.248383009000065, 40.83771393400008], [14.223643425000091, 40.831366278000075], [14.212738477000073, 40.820746161000045], [14.203461134000065, 40.801214911000045], [14.182202959000051, 40.80091803100004], [14.165596632000074, 40.81575233700005], [14.135233189000076, 40.81855425300006], [14.111501498000052, 40.82953522300005], [14.095957879000082, 40.83380768400008], [14.082530144000089, 40.831284898000035], [14.076182488000086, 40.82221100500004], [14.077403191000087, 40.81037018400008], [14.081228061000047, 40.79710521000004], [14.082530144000089, 40.78351471600007], [14.075281919000076, 40.786277590000054], [14.04769740100005, 40.78958927300005], [14.041151478000074, 40.79648412900008], [14.052256707000083, 40.837591864000046], [14.044464903000062, 40.87420513200004], [14.021343774000059, 40.921828936000054], [13.965342644000089, 40.99640534100007], [13.930186394000089, 41.01414622600004], [13.917979363000086, 41.02366771000004], [13.914561394000089, 41.03314850500004], [13.912771030000044, 41.05442942900004], [13.910655144000089, 41.06464264500005], [13.884318292000046, 41.104799842000034], [13.851725251000062, 41.14731569400004], [13.79049088000005, 41.205864029000054], [13.721853061000047, 41.252386786000045], [13.708506707000083, 41.25641510600008], [13.678721550000091, 41.25055573100008], [13.663340691000087, 41.25067780200004], [13.656586134000065, 41.25958893400008], [13.594411655000044, 41.253119208000044], [13.563649936000047, 41.237982489000046], [13.575450066000087, 41.20807526200008], [13.543955925000091, 41.20661041900007], [13.534434441000087, 41.20807526200008], [13.525238477000073, 41.21539948100008], [13.519541863000086, 41.22516510600008], [13.514414910000085, 41.229681708000044], [13.507090691000087, 41.22174713700008], [13.49968509200005, 41.22174713700008], [13.48023522200009, 41.239162502000056], [13.324392123000052, 41.29482656500005], [13.285817905000044, 41.29572174700007], [13.20484459700009, 41.28375885600008], [13.187022332000083, 41.27802155200004], [13.151215040000068, 41.260199286000045], [13.114512566000087, 41.250881252000056], [13.090505405000044, 41.226548570000034], [13.068207227000073, 41.22174713700008], [13.04460696700005, 41.22752513200004], [13.03679446700005, 41.24042389500005], [13.033457879000082, 41.25690338700008], [13.023692254000082, 41.27358633000006], [13.011973504000082, 41.28652578300006], [12.992686394000089, 41.315619208000044], [12.979502800000091, 41.33100006700005], [12.923838738000086, 41.379787502000056], [12.893565300000091, 41.399318752000056], [12.862152540000068, 41.41351959800005], [12.84156334700009, 41.418402411000045], [12.762950066000087, 41.42137278900009], [12.748545769000089, 41.42373281500005], [12.678558790000068, 41.45795319200005], [12.65398196700005, 41.46564362200007], [12.642425977000073, 41.458197333000044], [12.635264519000089, 41.44749583500004], [12.619395379000082, 41.45913320500006], [12.545583530000044, 41.544134833000044], [12.448008660000085, 41.63076406500005], [12.342784050000091, 41.70229726800005], [12.327159050000091, 41.711371161000045], [12.300629102000073, 41.71743398600006], [12.285004102000073, 41.72719961100006], [12.276621941000087, 41.72943756700005], [12.246918165000068, 41.733710028000075], [12.239024285000085, 41.73627350500004], [12.223480665000068, 41.75067780200004], [12.215179884000065, 41.76813385600008], [12.211761915000068, 41.787543036000045], [12.211192254000082, 41.807928778000075], [12.206228061000047, 41.827337958000044], [12.194590691000087, 41.847357489000046], [12.170176629000082, 41.87958405200004], [12.147471550000091, 41.90346914300005], [12.049978061000047, 41.960150458000044], [12.03882897200009, 41.96515534100007], [12.029795769000089, 41.97284577000005], [12.026133660000085, 41.98578522300005], [12.020355665000068, 41.993068752000056], [11.992035352000073, 41.99628327000005], [11.98218834700009, 41.99974192900004], [11.969004754000082, 42.011419989000046], [11.952647332000083, 42.02228424700007], [11.934580925000091, 42.03148021000004], [11.916840040000068, 42.03790924700007], [11.839691602000073, 42.036444403000075], [11.82748457100007, 42.03416575700004], [11.822113477000073, 42.04677969000005], [11.809418165000068, 42.06635163000004], [11.793630405000044, 42.08445872600004], [11.779795769000089, 42.09251536700003], [11.771983269000089, 42.10626862200007], [11.750173373000052, 42.12791575700004], [11.745616082000083, 42.13662344000005], [11.742930535000085, 42.15228913000004], [11.736175977000073, 42.16889069200005], [11.682139519000089, 42.25214264500005], [11.658213738000086, 42.279364325000074], [11.539073113000086, 42.348863023000035], [11.489268425000091, 42.359361070000034], [11.420664910000085, 42.38662344000005], [11.39616946700005, 42.39297109600005], [11.39616946700005, 42.400376695000034], [11.386892123000052, 42.404282945000034], [11.37663821700005, 42.40688711100006], [11.365733269000089, 42.407904364000046], [11.354665561000047, 42.40721263200004], [11.362071160000085, 42.400376695000034], [11.333018425000091, 42.40058014500005], [11.259043816000087, 42.42084381700005], [11.245616082000083, 42.422308661000045], [11.227386915000068, 42.42218659100007], [11.211273634000065, 42.41889069200005], [11.204356316000087, 42.41095612200007], [11.20093834700009, 42.39545319200005], [11.186289910000085, 42.37929922100005], [11.183848504000082, 42.36627838700008], [11.174652540000068, 42.36933014500005], [11.164724155000044, 42.36933014500005], [11.157399936000047, 42.36774323100008], [11.15593509200005, 42.36627838700008], [11.14779707100007, 42.37140534100007], [11.13453209700009, 42.38418203300006], [11.106618686000047, 42.39126211100006], [11.094493035000085, 42.40273672100005], [11.086761915000068, 42.41836172100005], [11.08694107100007, 42.429456508000044], [11.099131707000083, 42.44285716400009], [11.113021206000042, 42.44635807800006], [11.141815527000063, 42.43879721600007], [11.164190816000087, 42.43982808100009], [11.179691769000044, 42.45649774900005], [11.18844752800004, 42.480267455000046], [11.188975457000083, 42.50470612200007], [11.18685957100007, 42.520819403000075], [11.166026238000086, 42.546210028000075], [11.158457879000082, 42.56403229400007], [11.148610873000052, 42.56317780200004], [11.137217644000089, 42.55890534100007], [11.12867272200009, 42.55805084800005], [11.115977410000085, 42.571966864000046], [11.107269727000073, 42.59076569200005], [11.09742272200009, 42.60687897300005], [11.080902540000068, 42.61269765800006], [11.07781009200005, 42.63222890800006], [11.053477410000085, 42.64704010600008], [11.005707227000073, 42.66791413000004], [11.000254754000082, 42.67987702000005], [10.995616082000083, 42.69603099200003], [10.99000084700009, 42.710272528000075], [10.981211785000085, 42.71629466400009], [10.97234134200005, 42.720038153000075], [10.943614129000082, 42.74298737200007], [10.890879754000082, 42.76390208500004], [10.731293165000068, 42.80442942900004], [10.755381707000083, 42.81915924700007], [10.764903191000087, 42.835272528000075], [10.766368035000085, 42.85419342700004], [10.765635613000086, 42.87710195500006], [10.768728061000047, 42.88393789300005], [10.774587436000047, 42.88825104400007], [10.777679884000065, 42.89472077000005], [10.772959832000083, 42.90814850500004], [10.763519727000073, 42.91828034100007], [10.750743035000085, 42.92527903900009], [10.68140709700009, 42.94904205900008], [10.63249759200005, 42.95848216400009], [10.583262566000087, 42.95970286700003], [10.539073113000086, 42.94912344000005], [10.543467644000089, 42.938788153000075], [10.54656009200005, 42.934759833000044], [10.518565300000091, 42.92527903900009], [10.499522332000083, 42.94049713700008], [10.477549675000091, 42.99005768400008], [10.502696160000085, 43.005560614000046], [10.517100457000083, 43.02391185100004], [10.539073113000086, 43.079413153000075], [10.535655144000089, 43.09137604400007], [10.535655144000089, 43.112616278000075], [10.539317254000082, 43.13418203300006], [10.54656009200005, 43.14712148600006], [10.538340691000087, 43.16425202000005], [10.534434441000087, 43.18528880400004], [10.53288821700005, 43.226223049000055], [10.528168165000068, 43.24677155200004], [10.51693769600007, 43.266791083000044], [10.437022332000083, 43.38857656500005], [10.373383009000065, 43.453192450000074], [10.35914147200009, 43.465277411000045], [10.326345248000052, 43.47687409100007], [10.317230665000068, 43.492621161000045], [10.294769727000073, 43.56854889500005], [10.264008009000065, 43.80939362200007], [10.25163821700005, 43.84662506700005], [10.210134311000047, 43.92023346600007], [10.180674675000091, 43.95526764500005], [10.13648522200009, 43.97870514500005], [10.105804884000065, 44.01675039300005], [10.090586785000085, 44.025376695000034], [10.07203209700009, 44.02952708500004], [10.035329623000052, 44.04783763200004], [10.014821811000047, 44.052069403000075], [9.998545769000089, 44.05805084800005], [9.988536004000082, 44.059759833000044], [9.98414147200009, 44.05548737200007], [9.980723504000082, 44.04987213700008], [9.972666863000086, 44.04572174700007], [9.962738477000073, 44.04466380400004], [9.953623894000089, 44.04865143400008], [9.937836134000065, 44.06037018400008], [9.904307488000086, 44.07990143400008], [9.887950066000087, 44.093003648000035], [9.876800977000073, 44.08783600500004], [9.844737175000091, 44.108628648000035], [9.826426629000082, 44.10724518400008], [9.833262566000087, 44.09983958500004], [9.828623894000089, 44.09813060100004], [9.82398522200009, 44.09511953300006], [9.819590691000087, 44.093003648000035], [9.824473504000082, 44.08490631700005], [9.830577019000089, 44.07884349200003], [9.838145379000082, 44.07477448100008], [9.847504102000073, 44.07249583500004], [9.847504102000073, 44.06631094000005], [9.841644727000073, 44.063381252000056], [9.838877800000091, 44.06037018400008], [9.833262566000087, 44.052069403000075], [9.846364780000044, 44.04629140800006], [9.842539910000085, 44.04116445500006], [9.832286004000082, 44.042303778000075], [9.826426629000082, 44.05548737200007], [9.819834832000083, 44.063381252000056], [9.771820509000065, 44.079413153000075], [9.720876498000052, 44.11347077000005], [9.709727410000085, 44.11774323100008], [9.682627800000091, 44.13654205900008], [9.672536655000044, 44.14081452000005], [9.643239780000044, 44.14232005400004], [9.631032748000052, 44.144598700000074], [9.621104363000086, 44.14826080900008], [9.586192254000082, 44.177720445000034], [9.579925977000073, 44.178941148000035], [9.573008660000085, 44.19159577000005], [9.556488477000073, 44.20014069200005], [9.511241082000083, 44.21523672100005], [9.499034050000091, 44.22182851800005], [9.489756707000083, 44.230902411000045], [9.484385613000086, 44.243841864000046], [9.472504102000073, 44.23981354400007], [9.453868035000085, 44.23769765800006], [9.436778191000087, 44.239488023000035], [9.429209832000083, 44.247259833000044], [9.422373894000089, 44.25678131700005], [9.374522332000083, 44.27179596600007], [9.367686394000089, 44.29441966400009], [9.262705925000091, 44.33641185100004], [9.230642123000052, 44.35370514500005], [9.221039259000065, 44.34406159100007], [9.213715040000068, 44.33344147300005], [9.209808790000068, 44.32086823100008], [9.21070397200009, 44.30532461100006], [9.165049675000091, 44.31830475500004], [9.146657748000052, 44.328558661000045], [9.148610873000052, 44.34003327000005], [9.130056186000047, 44.363348700000074], [9.102061394000089, 44.37396881700005], [9.001231316000087, 44.38727448100008], [8.95289147200009, 44.39980703300006], [8.923675977000073, 44.41156647300005], [8.914561394000089, 44.40892161700003], [8.868418816000087, 44.40973541900007], [8.84538821700005, 44.41347890800006], [8.837738477000073, 44.417181708000044], [8.826996290000068, 44.42845286700003], [8.762380405000044, 44.43211497600004], [8.737152540000068, 44.42877838700008], [8.724782748000052, 44.42397695500006], [8.695811394000089, 44.40672435100004], [8.68531334700009, 44.398098049000055], [8.678558790000068, 44.39468008000006], [8.670909050000091, 44.39472077000005], [8.662771030000044, 44.39557526200008], [8.655121290000068, 44.39468008000006], [8.593760613000086, 44.36273834800005], [8.576670769000089, 44.360541083000044], [8.564789259000065, 44.35716380400004], [8.540293816000087, 44.34003327000005], [8.466075066000087, 44.30426666900007], [8.444509311000047, 44.28388092700004], [8.449717644000089, 44.26434967700004], [8.439463738000086, 44.253159898000035], [8.436534050000091, 44.24754466400009], [8.435394727000073, 44.24042389500005], [8.432383660000085, 44.23802317900004], [8.417246941000087, 44.23065827000005], [8.41187584700009, 44.22703685100004], [8.406504754000082, 44.21503327000005], [8.408539259000065, 44.20408763200004], [8.408213738000086, 44.19350820500006], [8.394541863000086, 44.18235911700003], [8.369395379000082, 44.173529364000046], [8.313487175000091, 44.16046784100007], [8.284678582000083, 44.14826080900008], [8.269541863000086, 44.138739325000074], [8.256521030000044, 44.12836334800005], [8.233164910000085, 44.103583075000074], [8.229991082000083, 44.09634023600006], [8.231211785000085, 44.08030833500004], [8.229991082000083, 44.07249583500004], [8.223806186000047, 44.05719635600008], [8.216319207000083, 44.04523346600007], [8.169118686000047, 44.00665924700007], [8.152679884000065, 43.98322174700007], [8.167979363000086, 43.96263255400004], [8.167979363000086, 43.95648834800005], [8.144704623000052, 43.95258209800005], [8.115244988000086, 43.92767975500004], [8.08920332100007, 43.91986725500004], [8.081553582000083, 43.915228583000044], [8.075450066000087, 43.90965403900009], [8.073008660000085, 43.90460846600007], [8.06771894600007, 43.89667389500005], [8.055674675000091, 43.89207591400009], [8.031423373000052, 43.88751862200007], [7.9597274100000845, 43.852850653000075], [7.7858179050000444, 43.821966864000046], [7.736582879000082, 43.79824453300006], [7.69499759200005, 43.79120514500005], [7.57203209700009, 43.79132721600007], [7.544118686000047, 43.784491278000075], [7.531097852000073, 43.784491278000075], [7.52320397200009, 43.789048570000034], [7.512868686000047, 43.79214101800005], [7.502289259000065, 43.792222398000035], [7.489105665000068, 43.78546784100007], [7.4848738940000885, 43.78538646000004], [7.480723504000082, 43.78583405200004], [7.476410352000073, 43.784491278000075], [7.475759311000047, 43.78082916900007], [7.4773055350000845, 43.76813385600008], [7.476410352000073, 43.76463450700004], [7.46843509200005, 43.761704820000034], [7.46265709700009, 43.76211172100005], [7.454345265000086, 43.75711729100004], [7.445974054000089, 43.74984536000005], [7.432845087000089, 43.739852548000044], [7.417956880000077, 43.73090382500004], [7.404319061000081, 43.71796907700008], [7.380722515000059, 43.71927314100009], [7.365750207000076, 43.72273028300003], [7.353184272000078, 43.715690694000045], [7.3422957690000885, 43.70783112200007], [7.338063998000052, 43.69830963700008], [7.330533323000054, 43.68642412300005], [7.319001775000061, 43.68524995800004], [7.300903921000042, 43.687689084000056], [7.280252530000041, 43.69332627400007], [7.257273161000057, 43.69164800400006], [7.241674873000079, 43.68486905200007], [7.228509115000065, 43.67419580900008], [7.23181420800006, 43.66347049400008], [7.2138045990000705, 43.648672916000066], [7.203791110000054, 43.64435965000007], [7.196677433000048, 43.656916607000085], [7.1776510020000615, 43.66010941900004], [7.1645948910000925, 43.65606095600003], [7.151621941000087, 43.65477122600004], [7.14421634200005, 43.64545319200005], [7.136566602000073, 43.64118073100008], [7.133067254000082, 43.63385651200008], [7.126154018000079, 43.60583297200009], [7.132090691000087, 43.57880280200004], [7.13257897200009, 43.573553778000075], [7.136241540000071, 43.56245863800007], [7.138916191000078, 43.55402035800006], [7.1255111780000675, 43.547768114000064], [7.112940732000084, 43.56454415400009], [7.104323741000087, 43.568293579000056], [7.08842678700006, 43.568674446000045], [7.071052428000087, 43.56080479800005], [7.058107568000082, 43.549885465000045], [7.045077517000038, 43.542142829000056], [7.03720222700008, 43.53626350600007], [7.03063439400006, 43.547889169000086], [7.0144681330000935, 43.54708658200008], [6.9938186720000886, 43.54890562600008], [6.975599612000053, 43.54694595700005], [6.962087436000047, 43.54010651200008], [6.945203125000091, 43.52725267200009], [6.94088799900004, 43.512459668000076], [6.949554884000065, 43.507879950000074], [6.94898522200009, 43.50739166900007], [6.953805085000056, 43.50461583900005], [6.954298556000083, 43.500106394000056], [6.925079666000045, 43.472760512000036], [6.920372044000089, 43.44901182400008], [6.898241732000088, 43.43799878100003], [6.8940279900000405, 43.42762841500007], [6.871072493000042, 43.42609293000004], [6.86967160800009, 43.43205232200006], [6.866559591000055, 43.43545579400006], [6.862957239000082, 43.439362059000075], [6.857987506000086, 43.43617576500009], [6.856098247000091, 43.42872944000004], [6.860136328000067, 43.41586789000007], [6.846671575000073, 43.41257713600004], [6.834825863000049, 43.415811149000035], [6.818843208000089, 43.416072341000074], [6.783050322000065, 43.408634723000034], [6.772973707000062, 43.41845419200007], [6.757085807000067, 43.42268659200005], [6.746501343000091, 43.417906118000076], [6.731146285000079, 43.407846721000055], [6.732823701000086, 43.38207900700007], [6.717784050000091, 43.366888739000046], [6.7178375340000684, 43.350604247000035], [6.693930649000038, 43.34837157100009], [6.6745711600000845, 43.34638092700004], [6.666026238000086, 43.333197333000044], [6.661306186000047, 43.322333075000074], [6.65202884200005, 43.31492747600004], [6.62462860100004, 43.29591306000009], [6.597242936000043, 43.284007286000076], [6.590891640000052, 43.26889795100004], [6.611672016000057, 43.26428823700007], [6.672358114000076, 43.27619557300005], [6.6933736080000585, 43.27297279800007], [6.698021526000048, 43.26545707400004], [6.68539489200009, 43.248037166000074], [6.668355527000074, 43.23953564200008], [6.665403062000053, 43.22128973900004], [6.671977632000051, 43.21360924600003], [6.679800772000078, 43.20155281400008], [6.660400217000074, 43.19041167900008], [6.64039147200009, 43.18183014500005], [6.629161004000082, 43.17987702000005], [6.6098738940000885, 43.17340729400007], [6.599457227000073, 43.174994208000044], [6.59546959700009, 43.17987702000005], [6.593272332000083, 43.18773021000004], [6.581275607000066, 43.18437362000009], [6.563718110000082, 43.18444937500004], [6.53991191700004, 43.18220400900009], [6.536426701000039, 43.17254385500007], [6.526714449000053, 43.16056742200004], [6.505683047000048, 43.15097126400008], [6.479162710000082, 43.15606016800007], [6.451331547000052, 43.15271929100004], [6.4220175720000725, 43.15234158000004], [6.401678985000046, 43.14693816700009], [6.37854096500007, 43.13607915600005], [6.36608020500006, 43.11863492200007], [6.36987767800008, 43.10551938000003], [6.37537147200004, 43.09084111400006], [6.342257678000067, 43.09076336900006], [6.3288680350000845, 43.09992096600007], [6.325694207000083, 43.10419342700004], [6.306202437000081, 43.10941311600004], [6.28037394100005, 43.11866552300006], [6.2534701790000895, 43.12087477300008], [6.219702497000071, 43.11654758100008], [6.193198227000039, 43.10877332700005], [6.178664022000078, 43.10285632800009], [6.162933790000068, 43.09259674700007], [6.153168165000068, 43.071966864000046], [6.152767707000066, 43.04810730600008], [6.171330439000087, 43.042324989000065], [6.185420303000058, 43.04544363500008], [6.1800724480000895, 43.035922138000046], [6.154461750000053, 43.03375113300007], [6.097694325000077, 43.031261474000075], [6.088517320000051, 43.034848587000056], [6.103031188000045, 43.04078050000004], [6.119254454000043, 43.045150180000064], [6.132065822000072, 43.052638336000086], [6.129087889000061, 43.07136218800008], [6.10966232800007, 43.08431566500008], [6.091933384000072, 43.08290279500005], [6.044522586000085, 43.07820776700004], [6.027008490000071, 43.07819510200005], [6.016520033000063, 43.098936371000036], [5.991732384000045, 43.102347472000076], [5.958652331000053, 43.10216795200006], [5.9340926440000885, 43.11359284100007], [5.936534050000091, 43.11945221600007], [5.9382430350000845, 43.12909577000005], [5.940928582000083, 43.134019273000035], [5.9244897800000444, 43.13434479400007], [5.908539259000065, 43.131293036000045], [5.8794051440000885, 43.120428778000075], [5.89625084700009, 43.11542389500005], [5.910610168000062, 43.09320399500007], [5.927252244000044, 43.08760106100004], [5.9513789680000855, 43.07997756900005], [5.940288036000084, 43.07090971700006], [5.917208171000084, 43.07274182500004], [5.887956364000047, 43.07222586900008], [5.875336134000065, 43.068793036000045], [5.856605081000055, 43.04482851500006], [5.818960387000061, 43.05346898400006], [5.790241589000061, 43.06993079400007], [5.781873138000037, 43.07911819900005], [5.80289558000004, 43.088890484000046], [5.818085226000051, 43.09908959200004], [5.811464562000083, 43.10672548200006], [5.800564292000047, 43.11184894300004], [5.783406919000072, 43.114597606000075], [5.780840298000044, 43.12333360400004], [5.776126699000088, 43.13081108100005], [5.760558150000065, 43.13198199200008], [5.741011636000053, 43.13206265100007], [5.696298672000069, 43.14687511100004], [5.687673373000052, 43.168850002000056], [5.673918542000081, 43.179888546000086], [5.655221278000056, 43.185590034000086], [5.6342126420000795, 43.18722911700007], [5.622902872000054, 43.17672741200005], [5.612420433000068, 43.16042865900005], [5.588262046000068, 43.16797860200006], [5.572706403000041, 43.16914829000007], [5.558973791000085, 43.181577564000065], [5.547245558000043, 43.19385852900007], [5.537835580000092, 43.207389644000045], [5.524952486000075, 43.212629082000035], [5.514335724000091, 43.207739925000055], [5.5041758510000705, 43.205658895000056], [5.459833401000083, 43.20851918300008], [5.4397538740000755, 43.207645710000065], [5.40951522000006, 43.21129237300005], [5.395310694000045, 43.21234101300007], [5.370337389000042, 43.20785932100006], [5.346980067000061, 43.21589931800008], [5.350596550000091, 43.233587958000044], [5.353770379000082, 43.243801174000055], [5.360850457000083, 43.253973700000074], [5.369151238000086, 43.270412502000056], [5.357342712000047, 43.28034452800006], [5.3559676440000885, 43.29205963700008], [5.351817254000082, 43.29791901200008], [5.338882958000056, 43.33428883600004], [5.294173414000056, 43.355471883000064], [5.238278858000058, 43.32804075100006], [5.163237317000039, 43.329314199000066], [5.12517355600005, 43.32576874300008], [5.064794619000054, 43.328018530000065], [5.034022073000074, 43.335476431000075], [5.0139363860000685, 43.357920695000075], [5.005572076000078, 43.38162750200007], [5.0261336600000845, 43.40932851800005], [5.0571395190000885, 43.42206452000005], [5.14616946700005, 43.42206452000005], [5.173838738000086, 43.42829010600008], [5.192881707000083, 43.439520575000074], [5.2135522800000444, 43.45783112200007], [5.22632897200009, 43.48029205900008], [5.222829623000052, 43.503973700000074], [5.193614129000082, 43.489935614000046], [5.165537957000083, 43.482489325000074], [5.1399845710000704, 43.48578522300005], [5.118418816000087, 43.503973700000074], [5.111501498000052, 43.51935455900008], [5.110850457000083, 43.52789948100008], [5.105723504000082, 43.53302643400008], [5.084971550000091, 43.53815338700008], [5.077403191000087, 43.53888580900008], [5.053721550000091, 43.53815338700008], [5.0495711600000845, 43.541449286000045], [5.035329623000052, 43.55573151200008], [5.029144727000073, 43.558579820000034], [5.022308790000068, 43.55219147300005], [5.015879754000082, 43.538763739000046], [5.010996941000087, 43.525091864000046], [5.009287957000083, 43.517645575000074], [5.014659050000091, 43.49872467700004], [5.023692254000082, 43.49046458500004], [5.0358179050000444, 43.485581773000035], [5.050303582000083, 43.47671133000006], [5.06226647200009, 43.45164622600004], [5.051117384000065, 43.42926666900007], [5.027598504000082, 43.41697825700004], [4.998465760000045, 43.41469940600007], [4.9830835300000444, 43.41705963700008], [4.9284774100000845, 43.44013092700004], [4.903168165000068, 43.431626695000034], [4.892588738000086, 43.42536041900007], [4.868174675000091, 43.42145416900007], [4.858409050000091, 43.415228583000044], [4.8502710300000444, 43.40143463700008], [4.854991082000083, 43.396185614000046], [4.864890595000077, 43.377900012000055], [4.867531575000044, 43.365112099000044], [4.901005115000089, 43.36696508500006], [4.877188604000082, 43.350782491000075], [4.855778264000094, 43.341779141000075], [4.850823418000061, 43.35892884400005], [4.833262566000087, 43.38198476800005], [4.7917586600000845, 43.39911530200004], [4.757823113000086, 43.42234935100004], [4.742442254000082, 43.44871653900009], [4.744965040000068, 43.50739166900007], [4.742442254000082, 43.52448151200008], [4.736175977000073, 43.539496161000045], [4.725840691000087, 43.55678945500006], [4.711924675000091, 43.571519273000035], [4.694590691000087, 43.57908763200004], [4.694590691000087, 43.57290273600006], [4.72437584700009, 43.538397528000075], [4.728770379000082, 43.52789948100008], [4.728770379000082, 43.45620351800005], [4.742523634000065, 43.42255280200004], [4.769704623000052, 43.40192291900007], [4.800059441000087, 43.386053778000075], [4.823018876000049, 43.36716896300004], [4.820279138000046, 43.34635571600006], [4.791247192000071, 43.34522195800008], [4.66588637600006, 43.34754133600006], [4.592335626000079, 43.35988927400007], [4.566288765000081, 43.37109356600007], [4.565544044000092, 43.38794900900007], [4.58570397200009, 43.40424225500004], [4.588043737000078, 43.41689077600006], [4.57959363000009, 43.43006620400007], [4.555208306000054, 43.443265515000064], [4.5130314460000704, 43.45579661700003], [4.409418594000044, 43.447741342000086], [4.205902540000068, 43.45990631700005], [4.181651238000086, 43.463771877000056], [4.160329623000052, 43.47150299700007], [4.132823113000086, 43.48704661700003], [4.117198113000086, 43.51048411700003], [4.132823113000086, 43.53278229400007], [4.131195509000065, 43.53624095300006], [4.105316602000073, 43.55186595300006], [4.047455274000072, 43.55613841400009], [3.9908960300000444, 43.550848700000074], [3.952972852000073, 43.539943752000056], [3.939300977000073, 43.532538153000075], [3.7399194670000497, 43.41282786700003], [3.622162306000064, 43.37490469000005], [3.589691602000073, 43.35488515800006], [3.5133569670000497, 43.28107330900008], [3.4923608730000524, 43.274318752000056], [3.452403191000087, 43.288763739000046], [3.4283960300000444, 43.28546784100007], [3.3854272800000444, 43.28392161700003], [3.3177189460000704, 43.26308828300006], [3.2443139980000524, 43.21942780200004], [3.227549675000091, 43.20425039300005], [3.220957879000082, 43.19521719000005], [3.207286004000082, 43.18663157800006], [3.1958927740000718, 43.176662502000056], [3.178721550000091, 43.165228583000044], [3.1659448580000458, 43.152411200000074], [3.1544702480000524, 43.135280666000085], [3.135996941000087, 43.12103913000004], [3.1140242850000845, 43.106309312000064], [3.1041772800000444, 43.08779531500005], [3.096039259000065, 43.07257721600007], [3.086029493000069, 43.054022528000075], [3.070404493000069, 43.02692291900007], [3.0632430350000845, 43.00836823100008], [3.0560815760000537, 42.992702541000085], [3.046153191000087, 42.964178778000075], [3.0389917330000458, 42.94277578300006], [3.041840040000068, 42.932806708000044], [3.054698113000086, 42.92711009300007], [3.0560815760000537, 42.907131252000056], [3.0475366550000444, 42.84723541900007], [3.0404565760000537, 42.79018789300005], [3.0389917330000458, 42.75027090100008], [3.043304884000065, 42.724595445000034], [3.0376082690000885, 42.68321360900006], [3.041840040000068, 42.62905508000006], [3.046153191000087, 42.58767324400009], [3.051849806000064, 42.55487702000005], [3.0660913420000497, 42.54205963700008], [3.0874943370000665, 42.53493886900009], [3.1145939460000704, 42.53062571800007], [3.1373804050000444, 42.52492910400008], [3.1459253260000537, 42.514960028000075], [3.1459253260000537, 42.50352610900006], [3.1430770190000885, 42.49213288000004], [3.150238477000073, 42.48216380400004], [3.160248243000069, 42.475043036000045], [3.175873243000069, 42.45648834800005], [3.1815698580000458, 42.43508535400008], [3.178721550000091, 42.41799551000008], [3.170176629000082, 42.396592515000066], [3.1744897800000444, 42.38088613500008], [3.1744897800000444, 42.363796291000085], [3.187347852000073, 42.34951406500005], [3.204193556000064, 42.33958567900004], [3.2264917330000458, 42.34251536700003], [3.249847852000073, 42.34320709800005], [3.2630314460000704, 42.32920970300006], [3.269867384000065, 42.32920970300006], [3.2806095710000704, 42.33685944200005], [3.2937117850000845, 42.33498769700009], [3.3177189460000704, 42.32298411700003], [3.294037306000064, 42.28803131700005], [3.2903751960000704, 42.27806224200003], [3.2870386080000458, 42.262925523000035], [3.279388868000069, 42.25564199400009], [3.270355665000068, 42.250108140000066], [3.2630314460000704, 42.23985423400006], [3.247162306000064, 42.24571360900006], [3.210134311000047, 42.23973216400009], [3.178721550000091, 42.249701239000046], [3.170176629000082, 42.25967031500005], [3.151621941000087, 42.25682200700004], [3.1303003260000537, 42.23973216400009], [3.1188257170000497, 42.21832916900007], [3.117442254000082, 42.182847398000035], [3.116465691000087, 42.15843333500004], [3.1224878260000537, 42.14048899900007], [3.1386011080000458, 42.12763092700004], [3.173106316000087, 42.11200592700004], [3.1922985280000375, 42.09292147100007], [3.2144956930000603, 42.06833384600009], [3.213009237000051, 42.05598607700006], [3.1998595640000644, 42.046190092000074], [3.1958961470000418, 42.03311787200005], [3.2015893890000484, 42.01744212400007], [3.2069604830000458, 41.99669017100007], [3.207855665000068, 41.99001699400009], [3.211843295000051, 41.98460521000004], [3.230560743000069, 41.97300853100006], [3.2356876960000704, 41.96552155200004], [3.23218834700009, 41.94603099200003], [3.2074487640000484, 41.91392649900007], [3.1949162120000665, 41.88829173400006], [3.178558790000068, 41.87523021000004], [3.1501653770000644, 41.845350970000084], [3.1168293320000657, 41.84756921200005], [3.078630960000055, 41.826618274000054], [3.069057555000086, 41.79907611200008], [3.0403410370000756, 41.78689001300006], [2.95093834700009, 41.73427969000005], [2.9329908510000564, 41.71246437600007], [2.9008702380000386, 41.706706377000046], [2.877253539000094, 41.70195770000004], [2.8510848320000832, 41.69717031500005], [2.840179884000065, 41.694647528000075], [2.8354598320000832, 41.692572333000044], [2.820160352000073, 41.68195221600007], [2.8170679050000444, 41.67763906500005], [2.8131616550000444, 41.67031484600005], [2.803721550000091, 41.66864655200004], [2.792002800000091, 41.66901276200008], [2.778496578000045, 41.64558226100007], [2.6518660820000832, 41.60529205900008], [2.449473504000082, 41.535223700000074], [2.428965691000087, 41.51894765800006], [2.371348504000082, 41.48920319200005], [2.296722852000073, 41.46531810100004], [2.26734459700009, 41.44863515800006], [2.2404077480000524, 41.42096588700008], [2.1919051440000885, 41.356756903000075], [2.163259311000047, 41.32664622600004], [2.1305444670000497, 41.30365631700005], [2.06031334700009, 41.274603583000044], [2.0197046230000524, 41.26585521000004], [1.9513452480000524, 41.26068756700005], [1.8841251960000704, 41.24750397300005], [1.8637801440000885, 41.23810455900008], [1.8540145190000885, 41.235988674000055], [1.8198348320000832, 41.23712799700007], [1.6243595710000704, 41.19216543200008], [1.5392358730000524, 41.18744538000004], [1.2880965500000912, 41.11627838700008], [1.2177840500000912, 41.104681708000044], [1.2100529310000638, 41.09988027600008], [1.1924748060000638, 41.07599518400008], [1.188649936000047, 41.06830475500004], [1.1836043630000859, 41.062567450000074], [1.1729435560000638, 41.058661200000074], [1.1490991550000444, 41.069647528000075], [1.1416935560000638, 41.07172272300005], [1.0976668630000859, 41.07086823100008], [1.0556746750000912, 41.064886786000045], [1.017425977000073, 41.05178457200009], [0.9904077480000524, 41.03969961100006], [0.8774520190000885, 40.954779364000046], [0.8227645190000885, 40.899603583000044], [0.7142033210000704, 40.81521230700008], [0.6948348320000832, 40.785996812000064], [0.7215275400000678, 40.774278062000064], [0.7501733730000524, 40.76557038000004], [0.7623804050000444, 40.766058661000045], [0.7672632170000497, 40.77102285400008], [0.7635197270000731, 40.77838776200008], [0.7501733730000524, 40.785996812000064], [0.7669376960000704, 40.78502024900007], [0.7805281910000872, 40.77948639500005], [0.7920028000000912, 40.771185614000046], [0.8159285820000832, 40.74839915600006], [0.8418074880000859, 40.732123114000046], [0.8541772800000444, 40.73314036700009], [0.8737085300000444, 40.72793203300006], [0.8724064460000704, 40.707098700000074], [0.8580835300000444, 40.68626536700009], [0.8483179050000444, 40.67536041900007], [0.7840275400000678, 40.66095612200007], [0.7563582690000885, 40.642238674000055], [0.7070418630000859, 40.58340078300006], [0.6770939460000704, 40.56517161700009], [0.6479598320000832, 40.55691152600008], [0.6158960300000444, 40.55345286700009], [0.5924585300000444, 40.582098700000074], [0.6406356130000859, 40.58685944200005], [0.6631779310000638, 40.574733791000085], [0.6962182950000511, 40.590358791000085], [0.7326766290000819, 40.63373444200005], [0.7124943370000665, 40.63617584800005], [0.6822208990000718, 40.63422272300005], [0.5997827480000524, 40.613714911000045], [0.5801701180000691, 40.60366445500006], [0.5634871750000912, 40.59003327000005], [0.5485132170000497, 40.572333075000074], [0.5174259770000731, 40.51434967700004], [0.5013126960000704, 40.48419830900008], [0.48340905000009116, 40.46503327000005], [0.46615644600007045, 40.45066966400009], [0.4526473320000832, 40.43406810100004], [0.4461369150000678, 40.40843333500004], [0.42025800900006516, 40.38825104400007], [0.35059655000009116, 40.28489817900004], [0.33895918100006384, 40.27435944200005], [0.3121037120000665, 40.257513739000046], [0.29883873800008587, 40.24677155200004], [0.26474043100006384, 40.20978424700007], [0.20525149800005238, 40.171535549000055], [0.14454186300008587, 40.07884349200009], [0.11703535200007309, 40.056341864000046], [0.06617272200008983, 40.03192780200004], [0.0404972670000916, 40.00287506700005], [-0.002919074999908844, 39.93195221600007], [-0.028675910999936605, 39.90180084800005], [-0.09129798099991149, 39.84792715100008], [-0.1944880849999322, 39.71544017100007], [-0.19981848899993793, 39.70494212400007], [-0.20213782499990884, 39.680853583000044], [-0.2089330719999225, 39.66408926000008], [-0.21983801999994057, 39.65139394700009], [-0.2437231109999516, 39.63104889500005], [-0.2574356759999432, 39.61623769700009], [-0.26956132699990576, 39.59870026200008], [-0.2748917309999115, 39.58181386900009], [-0.28148352799991017, 39.56936269700009], [-0.31273352799991017, 39.53400299700007], [-0.32335364499994057, 39.51622142100007], [-0.3305934769999226, 39.480406634000076], [-0.3274715699999433, 39.43067493700005], [-0.3206680979999419, 39.38812897300005], [-0.3013402989999463, 39.32200755400004], [-0.23870140799994033, 39.21544586500005], [-0.2278179459999592, 39.19933563600006], [-0.21549282399990943, 39.18183854400007], [-0.2278573689999348, 39.17524499700005], [-0.24218216599990683, 39.16627518000007], [-0.2365053229999603, 39.14805346800006], [-0.22670336299995597, 39.11178175500004], [-0.21002659599992057, 39.078690194000046], [-0.18404018799992627, 39.04225851600006], [-0.15802975199994762, 39.00214264500005], [-0.12067623599995159, 38.95111725500004], [-0.10594641799991678, 38.93650950700004], [-0.06859290299991017, 38.913397528000075], [-0.030995245999918097, 38.88275788000004], [-0.009755011999914132, 38.86969635600008], [0.01742597700007309, 38.86432526200008], [0.06308027400007177, 38.86078522300005], [0.11101321700004974, 38.84992096600007], [0.15398196700004974, 38.83100006700005], [0.18531334700008983, 38.80353424700007], [0.18100019600007045, 38.80190664300005], [0.17090905000009116, 38.796087958000044], [0.1828719410000872, 38.79181549700007], [0.19076582100007045, 38.785223700000074], [0.21786543100006384, 38.76813385600008], [0.2277124360000471, 38.77020905200004], [0.23406009200004974, 38.757879950000074], [0.23454837300005238, 38.742254950000074], [0.2277124360000471, 38.73456452000005], [0.20899498800008587, 38.733710028000075], [0.19206790500004445, 38.73041413000004], [0.17676842500009116, 38.72402578300006], [0.1626082690000885, 38.71352773600006], [0.1508895190000885, 38.69245026200008], [0.1489363940000885, 38.68992747600004], [0.1450301440000885, 38.68634674700007], [0.12574303500008455, 38.68549225500004], [0.1185815760000537, 38.682806708000044], [0.10531660200007309, 38.67255280200004], [0.09367923300004577, 38.667629299000055], [0.08301842500009116, 38.66095612200007], [0.07313073000005943, 38.64520905200004], [0.08057701900008851, 38.63100820500006], [0.06043541800005414, 38.634833075000074], [0.046641472000089834, 38.63222890800006], [0.03337649800005238, 38.627386786000045], [0.015025261000062073, 38.62474192900004], [-0.01475989499994057, 38.62441640800006], [-0.028797980999911488, 38.62067291900007], [-0.04295813699991413, 38.61172109600005], [-0.05475826699995423, 38.59528229400007], [-0.05508378799993352, 38.58075592700004], [-0.053618943999936164, 38.56696198100008], [-0.06004798099991149, 38.552720445000034], [-0.07542883999991545, 38.539943752000056], [-0.09019934799994189, 38.53534577000005], [-0.13174394399993616, 38.53534577000005], [-0.17699133999991545, 38.52724844000005], [-0.20213782499990884, 38.519598700000074], [-0.2339574859999516, 38.501654364000046], [-0.32941646999995555, 38.470038153000075], [-0.3445531889999529, 38.46161530200004], [-0.35081946499991545, 38.45001862200007], [-0.35871334499995555, 38.44594961100006], [-0.39517167899992955, 38.413763739000046], [-0.4060766269999476, 38.398871161000045], [-0.41014563699991413, 38.379339911000045], [-0.4099828769999476, 38.36896393400008], [-0.4136856759999432, 38.36481354400007], [-0.4458715489999463, 38.36343008000006], [-0.46019446499991545, 38.36005280200004], [-0.47057044199993925, 38.35187409100007], [-0.4743546209999181, 38.33673737200007], [-0.5098363919999542, 38.33836497600004], [-0.5187882149999155, 38.29865143400008], [-0.5040177069999459, 38.20722077000005], [-0.5154516269999476, 38.19550202000005], [-0.5328669909999348, 38.19216543200008], [-0.5688370429999168, 38.194199937000064], [-0.5913793609999516, 38.18964264500005], [-0.6094864569999459, 38.17804596600007], [-0.6236873039999296, 38.16242096600007], [-0.6343888009999432, 38.145819403000075], [-0.6407364569999459, 38.13165924700007], [-0.6450089179999168, 38.11603424700007], [-0.6480199859999516, 38.07379791900007], [-0.6524958979999269, 38.00775788000004], [-0.6545304029999102, 37.98932526200008], [-0.6634008449999556, 37.98029205900008], [-0.6899307929999168, 37.97215403900009], [-0.7088516919999392, 37.956284898000035], [-0.7184138659999348, 37.943019924000055], [-0.7586156889999529, 37.863348700000074], [-0.7607315749999088, 37.84707265800006], [-0.7605688139999529, 37.84585195500006], [-0.7560929029999102, 37.80605703300006], [-0.7607315749999088, 37.796128648000035], [-0.7879939439999362, 37.82282135600008], [-0.8124080069999309, 37.77008698100008], [-0.8255509109999366, 37.761379299000055], [-0.8478083979999269, 37.75608958500004], [-0.8561091789999296, 37.74249909100007], [-0.8526098299999489, 37.72378164300005], [-0.8198136059999115, 37.67670319200005], [-0.8099259109999366, 37.666896877000056], [-0.7776993479999419, 37.650091864000046], [-0.7547908189999362, 37.64130280200004], [-0.7348526679999168, 37.63934967700004], [-0.7264705069999309, 37.65151601800005], [-0.7079971999999088, 37.643011786000045], [-0.7012426419999542, 37.63133372600004], [-0.7053116529999102, 37.61953359600005], [-0.7197159499999088, 37.610541083000044], [-0.7278946609999366, 37.60342031500005], [-0.7366430329999503, 37.59943268400008], [-0.7456762359999516, 37.59943268400008], [-0.7545059889999379, 37.60431549700007], [-0.7640274729999419, 37.599595445000034], [-0.7914932929999168, 37.591457424000055], [-0.8079727859999366, 37.58844635600008], [-0.8364151679999168, 37.57640208500004], [-0.8738907539999445, 37.57640208500004], [-0.8867081369999141, 37.574286200000074], [-0.9006241529999102, 37.56903717700004], [-0.9251602859999366, 37.555894273000035], [-0.9337052069999459, 37.56102122600004], [-0.9735001289999445, 37.57640208500004], [-1.0064184239999463, 37.58144765800006], [-1.0699356759999432, 37.58258698100008], [-1.0877579419999392, 37.58087799700007], [-1.1034236319999309, 37.57640208500004], [-1.1146541009999282, 37.56867096600007], [-1.1199845039999445, 37.559027411000045], [-1.1168513659999348, 37.54938385600008], [-1.1057666879999601, 37.532134935000045], [-1.1371719399999165, 37.53800062300007], [-1.1670574809999152, 37.543755316000045], [-1.1734084769999527, 37.55507578800007], [-1.1785853259999612, 37.563883357000066], [-1.1997320679999461, 37.56656465400005], [-1.2289932929999168, 37.57607656500005], [-1.242698867999934, 37.57920279700005], [-1.2576668029999496, 37.567013400000064], [-1.2616705869999123, 37.55766126800006], [-1.2897843089999128, 37.55841705900008], [-1.3237351409999292, 37.56199082100005], [-1.353260870999918, 37.54991282800006], [-1.3691707019999058, 37.54136790600006], [-1.4136856759999432, 37.50653717700004], [-1.4303686189999212, 37.498114325000074], [-1.4502253899999573, 37.49469635600008], [-1.4555557929999168, 37.492702541000085], [-1.463490363999938, 37.487982489000046], [-1.4708959629999185, 37.48224518400008], [-1.4741104809999115, 37.47760651200008], [-1.4766739569999459, 37.472723700000074], [-1.4872940749999088, 37.43976471600007], [-1.4883520169999542, 37.43321360900006], [-1.4969376289999445, 37.427801825000074], [-1.5027970039999445, 37.42926666900007], [-1.508168097999942, 37.43268463700008], [-1.5150040359999366, 37.43321360900006], [-1.5239151679999168, 37.42865631700005], [-1.5437312489999613, 37.41498444200005], [-1.5529679029999102, 37.412176825000074], [-1.5677384109999366, 37.40993886900009], [-1.6187231109999516, 37.392279364000046], [-1.6416177129999596, 37.38103644700004], [-1.6459134429999267, 37.36924709500005], [-1.6528389419999598, 37.36125918700009], [-1.6708878249999088, 37.36330801000008], [-1.6801651679999168, 37.35443756700005], [-1.6857804029999102, 37.33698151200008], [-1.698963995999918, 37.31643301000008], [-1.7285050119999141, 37.282416083000044], [-1.7872208319999459, 37.235215562000064], [-1.8127335279999102, 37.20705801000008], [-1.8303523429999586, 37.16636790600006], [-1.8377579419999392, 37.13161855700008], [-1.8498429029999102, 37.10443756700005], [-1.855213995999918, 37.076605536000045], [-1.8849991529999102, 37.01548899900007], [-1.9061173169999392, 36.987616278000075], [-1.9069718089999128, 36.97528717700004], [-1.9041641919999392, 36.96637604400007], [-1.9005020819999459, 36.95876699400009], [-1.8986710279999102, 36.950059312000064], [-1.9003393219999225, 36.94118886900009], [-1.9052221339999278, 36.935980536000045], [-1.9128718739999613, 36.93353913000004], [-1.935292120999918, 36.93219635600008], [-1.9413956369999141, 36.92987702000005], [-1.9538468089999128, 36.91994863500008], [-1.9889216789999296, 36.900498765000066], [-2.0027970039999445, 36.88703034100007], [-2.0130509109999366, 36.845770575000074], [-2.0247696609999366, 36.83376699400009], [-2.04047604099992, 36.824326890000066], [-2.05687415299991, 36.81008535400008], [-2.0607397129999185, 36.802435614000046], [-2.0659073559999115, 36.78355540600006], [-2.0711563789999445, 36.77533600500004], [-2.08031165299991, 36.77061595300006], [-2.091420050999943, 36.76825592700004], [-2.1008194649999155, 36.76516347900008], [-2.111073370999918, 36.74612051000008], [-2.126698370999918, 36.736395575000074], [-2.14671790299991, 36.72992584800005], [-2.166127081999946, 36.72756582200009], [-2.2036433579999084, 36.73712799700007], [-2.2316788399999155, 36.76007721600007], [-2.2561335929999586, 36.78738027600008], [-2.2827856109999516, 36.81008535400008], [-2.318348761999914, 36.82790761900009], [-2.339141404999907, 36.83425527600008], [-2.361683722999942, 36.836778062000064], [-2.3802384109999366, 36.83376699400009], [-2.412709113999938, 36.820013739000046], [-2.4330948559999115, 36.81627024900007], [-2.442331508999928, 36.81830475500004], [-2.4693904289999296, 36.82774485900006], [-2.481434699999909, 36.82994212400007], [-2.56078040299991, 36.818793036000045], [-2.576893683999913, 36.81130605700008], [-2.5967097649999573, 36.773098049000055], [-2.617176886999914, 36.72842031500005], [-2.642689581999946, 36.707017320000034], [-2.6475723949999406, 36.70416901200008], [-2.658884243999921, 36.69481028900009], [-2.6843562489999613, 36.685980536000045], [-2.7182511059999115, 36.68203359600005], [-2.7361954419999392, 36.68740469000005], [-2.756662563999953, 36.68036530200004], [-2.782948370999918, 36.694606838000084], [-2.8026016919999392, 36.70730215100008], [-2.820993618999921, 36.71389394700009], [-2.829986131999931, 36.71173737200007], [-2.839060024999924, 36.702419338000084], [-2.848255988999938, 36.70022207200009], [-2.8587540359999366, 36.70494212400007], [-2.8860977859999366, 36.73440176000008], [-2.913970506999931, 36.75031159100007], [-2.933257615999935, 36.751654364000046], [-2.987718933999929, 36.73710894900006], [-3.0764534049999384, 36.749756234000074], [-3.156711171999916, 36.744525733000046], [-3.2278946609999366, 36.75482819200005], [-3.3295792309999115, 36.74489980700008], [-3.3443904289999296, 36.73692454600007], [-3.358306443999936, 36.72593821800007], [-3.3787735669999392, 36.71389394700009], [-3.4151546689999464, 36.69551628700009], [-3.477602127999944, 36.696095994000075], [-3.5159625469999582, 36.72104650500006], [-3.5360603639999226, 36.71840638700007], [-3.54983156499992, 36.71237268600004], [-3.5864015489999588, 36.72657925700008], [-3.601100173999953, 36.74255029400007], [-3.6324198849999334, 36.74127967000004], [-3.665666698999928, 36.73937041600004], [-3.6798223639999605, 36.728807878000055], [-3.7312813299999448, 36.72409732400007], [-3.803433052999935, 36.74247433600004], [-3.8385412549999387, 36.751969933000055], [-3.889444745999924, 36.74338838400007], [-3.9609611239999367, 36.72679277900005], [-4.056711391999954, 36.74799225500004], [-4.079957949999937, 36.743564192000065], [-4.110172195999951, 36.725732647000086], [-4.197010870999918, 36.71539948100008], [-4.224720831999946, 36.71238841400009], [-4.4031876289999445, 36.723863023000035], [-4.4203181629999335, 36.71987539300005], [-4.433257615999935, 36.71067942900004], [-4.46117102799991, 36.67145416900007], [-4.466867641999954, 36.66303131700005], [-4.480458136999914, 36.65119049700007], [-4.491118943999936, 36.63666413000004], [-4.4953507149999155, 36.62055084800005], [-4.524826052999913, 36.58071526400005], [-4.58779979399992, 36.57381766100008], [-4.615021325999919, 36.53055576100007], [-4.649810350999928, 36.51211172100005], [-4.659250454999949, 36.50763580900008], [-4.680287238999938, 36.50079987200007], [-4.722767706999946, 36.49298737200007], [-4.764230923999946, 36.49396393400008], [-4.88031979099992, 36.50568268400008], [-4.90265865799995, 36.50653717700004], [-4.912180141999954, 36.504014390000066], [-4.9235326809999265, 36.49685293200008], [-4.994166374999907, 36.45709395800009], [-5.062489386999914, 36.45221588700008], [-5.1087133449999556, 36.429022528000075], [-5.1210424469999225, 36.42556386900009], [-5.157622850999928, 36.421942450000074], [-5.173654751999948, 36.41742584800005], [-5.186553514999957, 36.41120026200008], [-5.199655727999925, 36.39716217700004], [-5.227121548999946, 36.357936916000085], [-5.227935350999928, 36.348537502000056], [-5.244699673999946, 36.31207916900007], [-5.253651495999918, 36.29710521000004], [-5.258615688999953, 36.29254791900007], [-5.26593990799995, 36.287095445000034], [-5.274118618999921, 36.282538153000075], [-5.290598110999952, 36.277411200000074], [-5.289499477999925, 36.26984284100007], [-5.285308397999927, 36.26080963700008], [-5.296620245999918, 36.247381903000075], [-5.3293350899999155, 36.198146877000056], [-5.334055141999954, 36.18781159100007], [-5.339914516999954, 36.12982819200005], [-5.339060024999924, 36.12384674700007], [-5.34203040299991, 36.11050039300005], [-5.3502498039999296, 36.11928945500006], [-5.366607225999928, 36.16315338700008], [-5.3825170559999265, 36.172308661000045], [-5.406076626999948, 36.17922597900008], [-5.425445115999935, 36.179754950000074], [-5.428700324999909, 36.169989325000074], [-5.4378962879999335, 36.16148509300007], [-5.442331508999928, 36.14878978100006], [-5.441477016999954, 36.13454824400009], [-5.4348852199999556, 36.121527411000045], [-5.439890102999925, 36.11420319200005], [-5.437163865999935, 36.09870026200008], [-5.431630011999914, 36.08893463700008], [-5.428700324999909, 36.08079661700009], [-5.4318334629999185, 36.069566148000035], [-5.438628709999932, 36.06281159100007], [-5.4455053379999185, 36.05744049700007], [-5.4665014309999265, 36.05072663000004], [-5.5665990879999185, 36.02163320500006], [-5.581003383999928, 36.01398346600007], [-5.611765102999925, 36.00645579600007], [-5.629709438999953, 36.036769924000055], [-5.671701626999948, 36.055975653000075], [-5.689361131999931, 36.06712474200009], [-5.71312415299991, 36.05996328300006], [-5.7338761059999115, 36.065659898000035], [-5.753651495999918, 36.07558828300006], [-5.796050584999932, 36.08551666900007], [-5.811268683999913, 36.09682851800005], [-5.832753058999913, 36.122381903000075], [-5.89789791599992, 36.173895575000074], [-5.917185024999924, 36.18406810100004], [-5.9389542309999115, 36.18382396000004], [-5.983550584999932, 36.176988023000035], [-6.036773240999935, 36.189520575000074], [-6.062489386999914, 36.217230536000045], [-6.082183397999927, 36.25067780200004], [-6.1047257149999155, 36.28070709800005], [-6.159453904999907, 36.30430735900006], [-6.1659643219999225, 36.31871165600006], [-6.168527798999946, 36.33531321800007], [-6.175200975999928, 36.353583075000074], [-6.184193488999938, 36.37071360900006], [-6.218373175999943, 36.402451890000066], [-6.242054816999939, 36.446478583000044], [-6.257110154999907, 36.47642649900007], [-6.27961178299995, 36.51129791900007], [-6.3014216789999296, 36.52598704600007], [-6.31000729099992, 36.53412506700005], [-6.297678188999953, 36.538763739000046], [-6.28937740799995, 36.53729889500005], [-6.2575170559999265, 36.513780015000066], [-6.248972133999928, 36.504746812000064], [-6.2540990879999185, 36.49628327000005], [-6.246652798999946, 36.48663971600007], [-6.231475389999957, 36.47268301000008], [-6.21906490799995, 36.47496165600006], [-6.211496548999946, 36.480536200000074], [-6.200754360999952, 36.493841864000046], [-6.179351365999935, 36.51353587400007], [-6.186472133999928, 36.51422760600008], [-6.206817186999956, 36.50889720300006], [-6.224354620999918, 36.51085032800006], [-6.232451951999906, 36.52619049700007], [-6.22602291599992, 36.55666738500008], [-6.234893357999908, 36.57575104400007], [-6.283192511999914, 36.61237213700008], [-6.293853318999936, 36.616848049000055], [-6.3617244129999335, 36.62055084800005], [-6.379790818999936, 36.624253648000035], [-6.394683397999927, 36.63690827000005], [-6.406971808999913, 36.67670319200005], [-6.417632615999935, 36.69594961100006], [-6.431548631999931, 36.71458567900004], [-6.4378962879999335, 36.733303127000056], [-6.433338995999918, 36.751206773000035], [-6.414540167999917, 36.767645575000074], [-6.396311001999948, 36.775091864000046], [-6.3588761059999115, 36.78583405200004], [-6.345611131999931, 36.794989325000074], [-6.3351944649999155, 36.81826406500005], [-6.343739386999914, 36.85993073100008], [-6.33820553299995, 36.88373444200005], [-6.304351365999935, 36.90721263200004], [-6.223255988999938, 36.902329820000034], [-6.1948136059999115, 36.93211497600004], [-6.214019334999932, 36.92169830900008], [-6.239654100999928, 36.913397528000075], [-6.265044725999928, 36.91290924700007], [-6.283558722999942, 36.92593008000006], [-6.325917120999918, 36.91266510600008], [-6.344715949999909, 36.901271877000056], [-6.352447068999936, 36.88027578300006], [-6.346669074999909, 36.81989166900007], [-6.352447068999936, 36.808579820000034], [-6.3880102199999556, 36.80817291900007], [-6.41624915299991, 36.83779531500005], [-6.448638475999928, 36.90420156500005], [-6.4710994129999335, 36.935614325000074], [-6.499582485999952, 36.95966217700004], [-6.744862433999913, 37.10138580900008], [-6.771473761999914, 37.11277903900009], [-6.794667120999918, 37.11774323100008], [-6.8117569649999155, 37.12372467700004], [-6.8530167309999115, 37.15110911700009], [-6.87328040299991, 37.15867747600004], [-6.89289303299995, 37.16657135600008], [-6.910878058999913, 37.18895091400009], [-6.917632615999935, 37.21507396000004], [-6.910755988999938, 37.22760651200008], [-6.89875240799995, 37.23578522300005], [-6.8641251289999445, 37.27753327000005], [-6.852691209999932, 37.29523346600007], [-6.903472459999932, 37.24957916900007], [-6.9311417309999115, 37.23387278900009], [-6.962554490999935, 37.23383209800005], [-6.962554490999935, 37.22760651200008], [-6.9407445949999556, 37.20066966400009], [-6.9300837879999335, 37.18317291900007], [-6.928456183999913, 37.17234935100004], [-6.94163977799991, 37.171087958000044], [-7.029367641999954, 37.205511786000045], [-7.061675584999932, 37.21393463700008], [-7.101040416999922, 37.224250751000056], [-7.1273494129999335, 37.21474844000005], [-7.098988410999937, 37.21190013200004], [-7.085560675999943, 37.20648834800005], [-7.327870245999918, 37.20156484600005], [-7.3430883449999556, 37.19623444200005], [-7.362904425999943, 37.181708075000074], [-7.381418423999946, 37.17991771000004], [-7.398508266999954, 37.18545156500005], [-7.414418097999942, 37.19281647300005], [-7.411488410999937, 37.187933661000045], [-7.4094132149999155, 37.18374258000006], [-7.406402147999927, 37.18048737200007], [-7.400217251999948, 37.17853424700007], [-7.400217251999948, 37.17234935100004], [-7.407622850999928, 37.16486237200007], [-7.424305792999917, 37.175034898000035], [-7.4457087879999335, 37.17963288000004], [-7.468658006999931, 37.18032461100006], [-7.490142381999931, 37.17853424700007], [-7.511789516999954, 37.17177969000005], [-7.5522354809999115, 37.14923737200007], [-7.5689998039999296, 37.14443594000005], [-7.6273494129999335, 37.11395905200004], [-7.6351619129999335, 37.10541413000004], [-7.7866104809999115, 37.022691148000035], [-7.8195694649999155, 36.99872467700004], [-7.834055141999954, 36.998928127000056], [-7.849598761999914, 37.00438060100004], [-7.870716925999943, 37.007879950000074], [-7.932443813999953, 37.00853099200009], [-7.94953365799995, 37.014105536000045], [-7.958119269999941, 37.00263092700004], [-7.968820766999954, 37.00372955900008], [-7.981597459999932, 37.01007721600007], [-7.991200324999909, 37.014105536000045], [-7.981353318999936, 37.00169505400004], [-7.978098110999952, 36.995347398000035], [-7.97679602799991, 36.986761786000045], [-7.9992569649999155, 37.01325104400007], [-8.035267706999946, 37.03750234600005], [-8.10655676999994, 37.06928131700005], [-8.147475007999958, 37.07653102900008], [-8.179151775999912, 37.08809908300009], [-8.212896014999956, 37.08691032300004], [-8.29320227799991, 37.07770416900007], [-8.327381964999915, 37.08738841400009], [-8.365383983999948, 37.097998535000045], [-8.395214820999911, 37.08713944100003], [-8.438834223999947, 37.08273401100007], [-8.482256767999957, 37.095754396000075], [-8.484251971999925, 37.09416437300007], [-8.537464972999942, 37.11782461100006], [-8.580148891999954, 37.12396881700005], [-8.626779751999948, 37.121161200000074], [-8.641590949999909, 37.11774323100008], [-8.654652472999942, 37.11029694200005], [-8.686268683999913, 37.08295319200005], [-8.747670050999943, 37.08295319200005], [-8.75967363199993, 37.08026764500005], [-8.785552537999934, 37.06720612200007], [-8.798573370999918, 37.062486070000034], [-8.813710089999915, 37.06159088700008], [-8.837215191999917, 37.05658783100006], [-8.859157616999937, 37.040797603000044], [-8.87891910199994, 37.04720877900007], [-8.896962042999917, 37.03278229400007], [-8.905100063999953, 37.02773672100005], [-8.915598110999952, 37.024603583000044], [-8.935617641999954, 37.010972398000035], [-8.946034308999913, 37.007879950000074], [-8.96117102799991, 37.01239655200004], [-8.972075975999928, 37.021185614000046], [-8.982899542999917, 37.026597398000035], [-8.997873501999948, 37.021470445000034], [-8.991037563999953, 37.04950592700004], [-8.985585089999915, 37.063381252000056], [-8.98078365799995, 37.06928131700005], [-8.94179321699994, 37.11870607000009], [-8.926909959999932, 37.146144924000055], [-8.913563605999911, 37.169907945000034], [-8.922718878999945, 37.199652411000045], [-8.904652472999942, 37.21320221600007], [-8.88136486399992, 37.23248011000004], [-8.86708995999993, 37.27672464900007], [-8.87491876599995, 37.29411948100005], [-8.882767549999926, 37.30993128100005], [-8.866676224999935, 37.335154388000035], [-8.838656939999908, 37.360318145000065], [-8.833363410999937, 37.38458893400008], [-8.815988735999952, 37.41791413000004], [-8.80406415199991, 37.462787190000086], [-8.797861434999959, 37.489600059000054], [-8.795496837999906, 37.53536243600007], [-8.801305057999912, 37.559064618000036], [-8.81114359299994, 37.57489650400004], [-8.824370897999927, 37.587551174000055], [-8.826527472999942, 37.60057200700004], [-8.812855597999942, 37.64468008000006], [-8.808257615999935, 37.67202383000006], [-8.799305792999917, 37.69757721600007], [-8.786206346999961, 37.70261488500006], [-8.757639126999948, 37.706732489000046], [-8.75218665299991, 37.73078034100007], [-8.75218665299991, 37.73456452000005], [-8.761830206999946, 37.727769273000035], [-8.784056434999911, 37.72312947100005], [-8.808705206999946, 37.72288646000004], [-8.817005988999938, 37.740301825000074], [-8.809582468999906, 37.79123117000006], [-8.797181740999918, 37.844872863000035], [-8.79895597399991, 37.87809298600007], [-8.804814876999956, 37.90187254600005], [-8.820668952999938, 37.92726681400006], [-8.853871222999942, 37.93227773600006], [-8.89484615799995, 37.95254140800006], [-8.890044725999928, 37.960923570000034], [-8.883168097999942, 37.964504299000055], [-8.875396287999934, 37.96735260600008], [-8.86750240799995, 37.97361888200004], [-8.81568343999993, 38.06211534800008], [-8.796993236999924, 38.13324640800005], [-8.774395582999944, 38.18694927000007], [-8.777952340999946, 38.24069108300006], [-8.785465988999931, 38.303908239000066], [-8.795070658999919, 38.35922726900009], [-8.82094092299991, 38.398820544000046], [-8.84679114499994, 38.42007070500006], [-8.878285285999937, 38.44916413000004], [-8.914662238999938, 38.47284577000005], [-8.942616339999915, 38.48139069200005], [-8.927316860999952, 38.493801174000055], [-8.90453040299991, 38.486395575000074], [-8.86750240799995, 38.46088288000004], [-8.821848110999952, 38.448553778000075], [-8.800160285999937, 38.439113674000055], [-8.798573370999918, 38.42609284100007], [-8.756988084999932, 38.42731354400007], [-8.65689042899993, 38.405951239000046], [-8.606800910999937, 38.41868724200009], [-8.636830206999946, 38.42015208500004], [-8.66274980399993, 38.42450592700004], [-8.736154751999948, 38.45184967700004], [-8.745025193999936, 38.460272528000075], [-8.750803188999953, 38.473944403000075], [-8.752512173999946, 38.487982489000046], [-8.750884568999936, 38.50063711100006], [-8.745757615999935, 38.51007721600007], [-8.737172003999945, 38.514878648000035], [-8.737172003999945, 38.522365627000056], [-8.751454230999911, 38.52643463700008], [-8.761219855999911, 38.53807200700004], [-8.764230923999946, 38.552069403000075], [-8.757639126999948, 38.56329987200007], [-8.77334550699993, 38.565334377000056], [-8.792958136999914, 38.53359609600005], [-8.812855597999942, 38.528550523000035], [-8.812855597999942, 38.522365627000056], [-8.790638800999943, 38.51992422100005], [-8.780262824999909, 38.50543854400007], [-8.780018683999913, 38.48908112200007], [-8.788400844999956, 38.48139069200005], [-8.812326626999948, 38.482855536000045], [-8.83226477799991, 38.48704661700009], [-8.86750240799995, 38.50185781500005], [-8.905832485999952, 38.51239655200004], [-8.954890212999942, 38.50514373300007], [-8.999765319999938, 38.46425312000008], [-8.991864489999955, 38.45947786000005], [-9.048595104999947, 38.440670552000086], [-9.145657471999925, 38.431382985000084], [-9.165908652999917, 38.42508941600005], [-9.182141078999905, 38.41562365600004], [-9.200356960999954, 38.41248093300004], [-9.226185675999943, 38.418402411000045], [-9.230620897999927, 38.41868724200009], [-9.233998175999943, 38.42422109600005], [-9.233754035999937, 38.43146393400008], [-9.231068488999938, 38.43768952000005], [-9.22720292899993, 38.44037506700005], [-9.219960089999915, 38.44904205900008], [-9.19002655199995, 38.472531708000076], [-9.183867601999907, 38.50412810500006], [-9.18379286499993, 38.551536973000054], [-9.208070232999944, 38.597417318000055], [-9.238463896999917, 38.635411598000076], [-9.252674913999954, 38.665483907000066], [-9.234395243999927, 38.67336074900004], [-9.187681016999932, 38.678009735000046], [-9.145041681999942, 38.68106793700008], [-9.12413489499994, 38.67096588700008], [-9.11392167899993, 38.65888092700004], [-9.10773678299995, 38.65888092700004], [-9.11392167899993, 38.679388739000046], [-9.098866339999915, 38.685614325000074], [-9.067290818999936, 38.69232819200005], [-9.052398240999935, 38.69367096600007], [-9.052398240999935, 38.69989655200004], [-9.037433729999918, 38.713940526000044], [-9.021167539999908, 38.726530265000065], [-8.992709282999954, 38.74381367700005], [-8.956857876999948, 38.76813385600008], [-8.952951626999948, 38.77024974200009], [-8.94713294199994, 38.77423737200007], [-8.942616339999915, 38.77558014500005], [-8.942616339999915, 38.78172435100004], [-8.952626105999911, 38.794907945000034], [-8.964263475999928, 38.81484609600005], [-8.970285610999952, 38.83543528900009], [-8.96312415299991, 38.85065338700008], [-8.986317511999914, 38.84943268400008], [-8.996815558999913, 38.86554596600007], [-9.00259355399993, 38.889837958000044], [-9.011545376999948, 38.913397528000075], [-8.969105597999942, 38.98395416900007], [-8.94322669199994, 39.01520416900007], [-8.90843665299991, 39.03628164300005], [-8.888417120999918, 39.04010651200008], [-8.845529751999948, 39.04291413000004], [-8.826527472999942, 39.049261786000045], [-8.790353969999956, 39.07062409100007], [-8.790353969999956, 39.07062409100007], [-8.774647589999915, 39.08344147300005], [-8.765126105999911, 39.097723700000074], [-8.791737433999913, 39.08242422100005], [-8.836415167999917, 39.056708075000074], [-8.922718878999945, 39.049261786000045], [-8.93586178299995, 39.040716864000046], [-8.955067511999914, 39.01219310100004], [-9.003529425999943, 38.95774974200009], [-9.05890865799995, 38.87140534100007], [-9.089670376999948, 38.84357330900008], [-9.10024980399993, 38.83022695500006], [-9.10655676999994, 38.813788153000075], [-9.104217233999918, 38.79481578000008], [-9.102257423999959, 38.76159338000008], [-9.098247540999921, 38.73785767600009], [-9.112503309999909, 38.71418229100004], [-9.163287066999942, 38.70167186300006], [-9.220170787999905, 38.69389544000006], [-9.28520930399992, 38.69875756500005], [-9.30348529899993, 38.68770490300005], [-9.321777364999946, 38.67032451300008], [-9.360585089999915, 38.689520575000074], [-9.404774542999917, 38.70408763200004], [-9.429188605999911, 38.70726146000004], [-9.471669074999909, 38.702460028000075], [-9.491688605999911, 38.70758698100008], [-9.491281704999949, 38.727728583000044], [-9.484730597999942, 38.74469635600008], [-9.497466600999928, 38.78823476800005], [-9.497466600999928, 38.809759833000044], [-9.491932745999918, 38.819240627000056], [-9.479888475999928, 38.83075592700004], [-9.455495665999933, 38.850468694000085], [-9.422724913999957, 38.93140379100004], [-9.425363735999952, 38.99164459800005], [-9.43663489499994, 39.02948639500005], [-9.42664680799993, 39.05172399400004], [-9.42254887799993, 39.07862519400004], [-9.383696135999912, 39.134031769000046], [-9.371417906999909, 39.160919652000075], [-9.350859757999956, 39.19730924500004], [-9.34678102199996, 39.23522589600009], [-9.340590389999932, 39.26682959900006], [-9.354074673999946, 39.31622955900008], [-9.365834113999938, 39.336004950000074], [-9.401763475999928, 39.365220445000034], [-9.40929114499994, 39.37518952000005], [-9.397816535999937, 39.37799713700008], [-9.352921539999954, 39.36793401400007], [-9.279244908999942, 39.40582171900007], [-9.260803351999925, 39.418442396000046], [-9.240314902999955, 39.419997091000084], [-9.227894660999937, 39.40843333500004], [-9.217600063999953, 39.40619538000004], [-9.205922003999945, 39.41547272300005], [-9.21353105399993, 39.428615627000056], [-9.229888475999928, 39.440741278000075], [-9.213649287999942, 39.46103549900005], [-9.191085031999933, 39.48153602000008], [-9.182873267999923, 39.49258381800007], [-9.164413231999958, 39.50202368500004], [-9.135694137999906, 39.51618029900004], [-9.121300040999927, 39.535104663000084], [-9.111008998999921, 39.55087924400004], [-9.090434486999925, 39.57927490600008], [-9.088341062999916, 39.596661622000056], [-9.09034313199993, 39.615641037000046], [-9.077946754999914, 39.64247909000005], [-9.071692364999933, 39.68043688600005], [-8.993031378999945, 39.84316640800006], [-8.868153449999909, 40.12482330900008], [-8.853260870999918, 40.13922760600008], [-8.841623501999948, 40.12596263200004], [-8.825062628999945, 40.12006256700005], [-8.784982876999948, 40.11871979400007], [-8.784982876999948, 40.126166083000044], [-8.80109615799995, 40.137925523000035], [-8.816151495999918, 40.146551825000074], [-8.833607550999943, 40.151678778000075], [-8.879383917999917, 40.156236070000034], [-8.896473761999914, 40.16474030200004], [-8.906605597999942, 40.179388739000046], [-8.90843665299991, 40.20066966400009], [-8.895741339999915, 40.22874583500004], [-8.865386522999927, 40.275458075000074], [-8.798573370999918, 40.47443268400008], [-8.784855297999911, 40.53681779200008], [-8.765788097999916, 40.58254100400006], [-8.753000454999949, 40.64081452000005], [-8.750355597999942, 40.64394765800006], [-8.744618292999917, 40.646918036000045], [-8.743967251999948, 40.62579987200007], [-8.744618292999917, 40.61904531500005], [-8.724680141999954, 40.644517320000034], [-8.710275844999956, 40.65346914300005], [-8.696156378999945, 40.646918036000045], [-8.690012173999946, 40.646918036000045], [-8.690012173999946, 40.65314362200007], [-8.692372199999909, 40.65570709800005], [-8.69640051999994, 40.661322333000044], [-8.698801235999952, 40.667954820000034], [-8.696156378999945, 40.67365143400008], [-8.686390753999945, 40.67792389500005], [-8.68077551999994, 40.674994208000044], [-8.67686926999994, 40.66966380400004], [-8.671986456999946, 40.66681549700007], [-8.662098761999914, 40.66986725500004], [-8.653635219999956, 40.67719147300005], [-8.641590949999909, 40.69415924700007], [-8.657460089999915, 40.70140208500004], [-8.66633053299995, 40.71320221600007], [-8.663644985999952, 40.72406647300005], [-8.644927537999934, 40.72890859600005], [-8.621815558999913, 40.73065827000005], [-8.603871222999942, 40.73578522300005], [-8.588368292999917, 40.744208075000074], [-8.572661912999934, 40.755560614000046], [-8.589507615999935, 40.75470612200007], [-8.614735480999911, 40.74494049700007], [-8.635975714999915, 40.74160390800006], [-8.639881964999915, 40.74005768400008], [-8.645375128999945, 40.73973216400009], [-8.668446417999917, 40.74746328300006], [-8.67568925699993, 40.755560614000046], [-8.683705206999946, 40.78310781500005], [-8.645578579999949, 40.82367584800005], [-8.655262824999909, 40.844916083000044], [-8.656971808999913, 40.828558661000045], [-8.66319739499994, 40.81492747600004], [-8.670521613999938, 40.81118398600006], [-8.67568925699993, 40.82444896000004], [-8.689808722999942, 40.80410390800006], [-8.700550910999937, 40.77798086100006], [-8.707386847999942, 40.75031159100007], [-8.709828253999945, 40.72516510600008], [-8.714263475999928, 40.709051825000074], [-8.725087042999917, 40.685980536000045], [-8.738433397999927, 40.664496161000045], [-8.750803188999953, 40.65314362200007], [-8.655100063999953, 40.993801174000055], [-8.655262824999909, 41.030503648000035], [-8.66710364499994, 41.09756094000005], [-8.666127081999946, 41.13275788000004], [-8.64834550699993, 41.14663320500006], [-8.64834550699993, 41.152777411000045], [-8.68578040299991, 41.159491278000075], [-8.705189581999946, 41.18691640800006], [-8.718373175999943, 41.22150299700007], [-8.737172003999945, 41.249660549000055], [-8.73228919199994, 41.262925523000035], [-8.73460852799991, 41.27407461100006], [-8.740061001999948, 41.28497955900008], [-8.744618292999917, 41.29743073100008], [-8.74445553299995, 41.328111070000034], [-8.74913489499994, 41.33779531500005], [-8.756132205999961, 41.34054000000003], [-8.760324673999946, 41.350897528000075], [-8.764027472999942, 41.361314195000034], [-8.778146938999953, 41.379339911000045], [-8.783802863999938, 41.393866278000075], [-8.78377336299991, 41.406108551000045], [-8.785563586999956, 41.434878223000055], [-8.774849231999951, 41.46833848600005], [-8.786469626999917, 41.49106709600005], [-8.788260342999934, 41.511798431000045], [-8.792733322999936, 41.52583822300005], [-8.79542022399994, 41.54255277400006], [-8.808338995999918, 41.57294342700004], [-8.812855597999942, 41.595404364000046], [-8.819488084999932, 41.61188385600008], [-8.82044899999994, 41.630096826000056], [-8.828603353999938, 41.64815749600007], [-8.830511327999943, 41.671585564000054], [-8.827056443999936, 41.682806708000044], [-8.804676886999914, 41.68927643400008], [-8.74327551999994, 41.696966864000046], [-8.725941535999937, 41.703111070000034], [-8.710031704999949, 41.71185944200005], [-8.696156378999945, 41.721991278000075], [-8.80687415299991, 41.696966864000046], [-8.82998613199993, 41.694647528000075], [-8.84288489499994, 41.69578685100004], [-8.86111256299995, 41.70436810700005], [-8.88030624399994, 41.73686160300008], [-8.88031700299996, 41.76553269200008], [-8.872038936999957, 41.81056866200004], [-8.878895636999914, 41.83901601800005], [-8.874745245999918, 41.84955475500004], [-8.86750240799995, 41.85911692900004], [-8.796620245999918, 41.90330638200004], [-8.762766079999949, 41.93195221600007], [-8.750803188999953, 41.96898021000004], [-8.76195227799991, 41.95258209800005], [-8.777088995999918, 41.937160549000055], [-8.795399542999917, 41.92568594000005], [-8.815988735999952, 41.921210028000075], [-8.832834438999953, 41.91396719000005], [-8.848784959999932, 41.89948151200008], [-8.864654100999928, 41.88890208500004], [-8.881255662999934, 41.89329661700003], [-8.878732876999948, 41.907131252000056], [-8.898589647999927, 42.10175202000005], [-8.895497199999909, 42.11908600500004], [-8.884592251999948, 42.12604401200008], [-8.844960089999915, 42.126613674000055], [-8.826527472999942, 42.130519924000055], [-8.819081183999913, 42.13971588700008], [-8.823719855999911, 42.14760976800005], [-8.842762824999909, 42.15444570500006], [-8.846994594999956, 42.16083405200004], [-8.84203040299991, 42.16429271000004], [-8.815988735999952, 42.17450592700004], [-8.813465949999909, 42.17869700700004], [-8.811024542999917, 42.18813711100006], [-8.80577551999994, 42.19749583500004], [-8.79523678299995, 42.20172760600008], [-8.790638800999943, 42.20453522300005], [-8.771962042999917, 42.22223541900007], [-8.719553188999953, 42.25234609600005], [-8.706450975999928, 42.25641510600008], [-8.701893683999913, 42.25853099200003], [-8.669911261999914, 42.280910549000055], [-8.652007615999935, 42.286322333000044], [-8.631743943999936, 42.29682038000004], [-8.625152147999927, 42.301947333000044], [-8.621652798999946, 42.310207424000055], [-8.621652798999946, 42.34080638200004], [-8.622710740999935, 42.34747955900008], [-8.626454230999911, 42.34833405200004], [-8.634755011999914, 42.34638092700004], [-8.649891730999911, 42.335598049000055], [-8.660755988999938, 42.31679922100005], [-8.674794074999909, 42.29901764500005], [-8.699574347999942, 42.29116445500006], [-8.71983801999994, 42.28758372600004], [-8.773915167999917, 42.26898834800005], [-8.784982876999948, 42.26007721600007], [-8.795765753999945, 42.258246161000045], [-8.84829667899993, 42.260972398000035], [-8.86750240799995, 42.25641510600008], [-8.863636847999942, 42.26898834800005], [-8.85342363199993, 42.291083075000074], [-8.853260870999918, 42.30483633000006], [-8.846994594999956, 42.30483633000006], [-8.832997199999909, 42.289129950000074], [-8.827219204999949, 42.29669830900008], [-8.826527472999942, 42.32904694200005], [-8.828521287999934, 42.337225653000075], [-8.83071855399993, 42.34162018400008], [-8.82725989499994, 42.34414297100005], [-8.812855597999942, 42.34638092700004], [-8.776926235999952, 42.34015534100007], [-8.771962042999917, 42.34271881700005], [-8.764637824999909, 42.35569896000004], [-8.72687740799995, 42.388739325000074], [-8.709828253999945, 42.400376695000034], [-8.67686926999994, 42.416449286000045], [-8.662505662999934, 42.42690664300005], [-8.655262824999909, 42.44135163000004], [-8.66437740799995, 42.43797435100004], [-8.67251542899993, 42.43842194200005], [-8.682525193999936, 42.44135163000004], [-8.69127356699994, 42.440619208000044], [-8.694488084999932, 42.43964264500005], [-8.696766730999911, 42.43797435100004], [-8.718820766999954, 42.42796458500004], [-8.743641730999911, 42.41323476800005], [-8.757639126999948, 42.40721263200004], [-8.779367641999954, 42.40289948100008], [-8.811024542999917, 42.40070221600007], [-8.843576626999948, 42.40371328300006], [-8.86750240799995, 42.41469961100006], [-8.875721808999913, 42.42597077000005], [-8.880238410999937, 42.445013739000046], [-8.888010219999956, 42.45563385600008], [-8.900949673999946, 42.461004950000074], [-8.93545488199993, 42.46539948100008], [-8.942616339999915, 42.46930573100008], [-8.935047980999911, 42.47907135600008], [-8.916737433999913, 42.487616278000075], [-8.895985480999911, 42.49388255400004], [-8.881255662999934, 42.49656810100004], [-8.86900794199994, 42.493394273000035], [-8.860829230999911, 42.48501211100006], [-8.861154751999948, 42.47557200700004], [-8.874338344999956, 42.46930573100008], [-8.86554928299995, 42.46503327000005], [-8.851551886999914, 42.46076080900008], [-8.836984829999949, 42.45892975500004], [-8.826527472999942, 42.46185944200005], [-8.82249915299991, 42.472357489000046], [-8.825184699999909, 42.48411692900004], [-8.825062628999945, 42.49494049700007], [-8.812855597999942, 42.50275299700007], [-8.825184699999909, 42.53742096600007], [-8.826527472999942, 42.55463288000004], [-8.822987433999913, 42.569525458000044], [-8.813832160999937, 42.58144765800006], [-8.801584438999953, 42.58930084800005], [-8.788400844999956, 42.59218984600005], [-8.775502081999946, 42.604722398000035], [-8.738758917999917, 42.666083075000074], [-8.730946417999917, 42.68842194200005], [-8.737172003999945, 42.68842194200005], [-8.74404863199993, 42.67243073100008], [-8.753895636999914, 42.65688711100006], [-8.767323370999918, 42.64516836100006], [-8.784982876999948, 42.64057038000004], [-8.80382239499994, 42.64594147300005], [-8.815988735999952, 42.65851471600007], [-8.826242641999954, 42.67413971600007], [-8.839507615999935, 42.68244049700007], [-8.85460364499994, 42.66156647300005], [-8.857004360999952, 42.64911530200004], [-8.846994594999956, 42.64057038000004], [-8.868763800999943, 42.61749909100007], [-8.880523240999935, 42.61180247600004], [-8.89484615799995, 42.62010325700004], [-8.889475063999953, 42.63060130400004], [-8.90343176999994, 42.62547435100004], [-8.936390753999945, 42.60643138200004], [-8.922230597999942, 42.59369538000004], [-8.933990037999934, 42.586818752000056], [-8.969878709999932, 42.57916901200008], [-8.972767706999946, 42.573919989000046], [-8.98078365799995, 42.551214911000045], [-8.989165818999936, 42.548895575000074], [-8.997059699999909, 42.543402411000045], [-9.011545376999948, 42.53070709800005], [-9.026356574999909, 42.54311758000006], [-9.028553839999915, 42.56146881700005], [-9.033355272999927, 42.578111070000034], [-9.055816209999932, 42.58539459800005], [-9.070871548999946, 42.596136786000045], [-9.065744594999956, 42.620306708000044], [-9.05142167899993, 42.64594147300005], [-9.038807745999918, 42.66107819200005], [-9.039458787999934, 42.673041083000044], [-9.036284959999932, 42.687933661000045], [-9.030140753999945, 42.70770905200004], [-9.018788214999915, 42.71975332200009], [-9.014027472999942, 42.72683340100008], [-9.006255662999934, 42.73383209800005], [-8.994496222999942, 42.73700592700004], [-8.992014126999948, 42.73908112200007], [-8.96312415299991, 42.751288153000075], [-8.93736731699994, 42.777777411000045], [-8.922230597999942, 42.78811269700009], [-8.898264126999948, 42.792303778000075], [-8.891346808999913, 42.799343166000085], [-8.884917772999927, 42.81500885600008], [-8.887684699999909, 42.83112213700008], [-8.90843665299991, 42.83946360900006], [-8.912587042999917, 42.81659577000005], [-8.928089972999942, 42.80251699400009], [-8.95103919199994, 42.79511139500005], [-8.977365688999953, 42.792303778000075], [-9.028187628999945, 42.79787832200009], [-9.048939581999946, 42.79474518400008], [-9.045643683999913, 42.77802155200004], [-9.06867428299995, 42.75971100500004], [-9.081288214999915, 42.75482819200005], [-9.10024980399993, 42.757513739000046], [-9.113433397999927, 42.766058661000045], [-9.120106574999909, 42.778998114000046], [-9.125477667999917, 42.794989325000074], [-9.13499915299991, 42.81277090100008], [-9.122547980999911, 42.812608140000066], [-9.11318925699993, 42.81635163000004], [-9.106190558999913, 42.82330963700008], [-9.10024980399993, 42.833278713000084], [-9.108387824999909, 42.84483470300006], [-9.122222459999932, 42.85175202000005], [-9.141224738999938, 42.85744863500008], [-9.142323370999918, 42.865301825000074], [-9.147531704999949, 42.878607489000046], [-9.14867102799991, 42.884466864000046], [-9.146636522999927, 42.888373114000046], [-9.137521938999953, 42.89606354400007], [-9.13499915299991, 42.90216705900008], [-9.133697068999936, 42.91120026200008], [-9.134510870999918, 42.91754791900007], [-9.141428188999953, 42.92141347900008], [-9.158599412999934, 42.92263418200008], [-9.16787675699993, 42.92682526200008], [-9.18346106699994, 42.94525788000004], [-9.195871548999946, 42.949326890000066], [-9.195871548999946, 42.94314199400009], [-9.190012173999946, 42.93239980700008], [-9.195790167999917, 42.92658112200007], [-9.205189581999946, 42.92475006700005], [-9.21007239499994, 42.92572663000004], [-9.214344855999911, 42.93903229400007], [-9.224232550999943, 42.94021230700008], [-9.235585089999915, 42.934881903000075], [-9.244252081999946, 42.92877838700008], [-9.251698370999918, 42.92023346600007], [-9.261708136999914, 42.90017324400009], [-9.268422003999945, 42.89130280200004], [-9.273060675999943, 42.89333730700008], [-9.282948370999918, 42.91661204600007], [-9.291981574999909, 42.92263418200008], [-9.291981574999909, 42.92877838700008], [-9.28538977799991, 42.938340562000064], [-9.26475989499994, 42.98033274900007], [-9.26398678299995, 42.98651764500005], [-9.261830206999946, 42.99449290600006], [-9.258656378999945, 43.002386786000045], [-9.254790818999936, 43.00800202000005], [-9.250965949999909, 43.016791083000044], [-9.257313605999911, 43.02326080900008], [-9.27212480399993, 43.03127676000008], [-9.27953040299991, 43.05499909100007], [-9.271107550999943, 43.06049225500004], [-9.257923956999946, 43.06089915600006], [-9.25108801999994, 43.06976959800005], [-9.245716925999943, 43.087998765000066], [-9.233957485999952, 43.09650299700007], [-9.222320115999935, 43.102728583000044], [-9.217600063999953, 43.114447333000044], [-9.202951626999948, 43.10504791900007], [-9.189808722999942, 43.10232168200008], [-9.176828579999949, 43.105576890000066], [-9.162261522999927, 43.114447333000044], [-9.15689042899993, 43.11973704600007], [-9.15420488199993, 43.124701239000046], [-9.15029863199993, 43.12958405200004], [-9.141224738999938, 43.134873765000066], [-9.13312740799995, 43.137966213000084], [-9.125803188999953, 43.13959381700005], [-9.10773678299995, 43.141140041000085], [-9.10773678299995, 43.148504950000074], [-9.124663865999935, 43.14252350500004], [-9.147084113999938, 43.13869863500008], [-9.163319464999915, 43.13975657800006], [-9.162261522999927, 43.148504950000074], [-9.194203253999945, 43.13654205900008], [-9.208363410999937, 43.137884833000044], [-9.217600063999953, 43.15534088700008], [-9.170074022999927, 43.188747463000084], [-9.137928839999915, 43.20152415600006], [-9.100412563999953, 43.189520575000074], [-9.083159959999932, 43.18976471600007], [-9.065174933999913, 43.19232819200005], [-9.052398240999935, 43.19635651200008], [-9.039784308999913, 43.20453522300005], [-9.026966925999943, 43.210150458000044], [-9.016753709999932, 43.223863023000035], [-9.011545376999948, 43.23875560100004], [-9.004058397999927, 43.23875560100004], [-8.985747850999928, 43.22687409100007], [-8.958973761999914, 43.22748444200005], [-8.932525193999936, 43.23529694200005], [-8.915272589999915, 43.245021877000056], [-8.936390753999945, 43.24408600500004], [-8.948150193999936, 43.24994538000004], [-8.96312415299991, 43.27228424700007], [-8.967518683999913, 43.27195872600004], [-8.979807094999956, 43.27692291900007], [-8.988026495999918, 43.28302643400008], [-8.98078365799995, 43.28595612200007], [-8.970855272999927, 43.28656647300005], [-8.930490688999953, 43.29975006700005], [-8.888010219999956, 43.320746161000045], [-8.856597459999932, 43.32689036700003], [-8.849110480999911, 43.334051825000074], [-8.841175910999937, 43.33893463700008], [-8.82998613199993, 43.34121328300006], [-8.817005988999938, 43.33584219000005], [-8.785552537999934, 43.31244538000004], [-8.768544074999909, 43.307074286000045], [-8.750477667999917, 43.30491771000004], [-8.711740688999953, 43.29555898600006], [-8.693104620999918, 43.293402411000045], [-8.665394660999937, 43.30117422100005], [-8.630034959999932, 43.31586334800005], [-8.592518683999913, 43.324204820000034], [-8.558420376999948, 43.31321849200003], [-8.505970831999946, 43.33152903900009], [-8.497547980999911, 43.33779531500005], [-8.494252081999946, 43.34662506700005], [-8.486073370999918, 43.35431549700007], [-8.475982225999928, 43.35968659100007], [-8.45571855399993, 43.363348700000074], [-8.45140540299991, 43.36737702000005], [-8.448963995999918, 43.371975002000056], [-8.443023240999935, 43.37531159100007], [-8.388295050999943, 43.38589101800005], [-8.38467363199993, 43.372707424000055], [-8.375721808999913, 43.362982489000046], [-8.353586391999954, 43.34861888200004], [-8.340809699999909, 43.35993073100008], [-8.337269660999937, 43.36904531500005], [-8.339914516999954, 43.39272695500006], [-8.33071855399993, 43.40566640800006], [-8.310617641999954, 43.40314362200007], [-8.28156490799995, 43.38959381700005], [-8.267201300999943, 43.385931708000044], [-8.260812954999949, 43.377020575000074], [-8.257069464999915, 43.365668036000045], [-8.250559048999946, 43.35488515800006], [-8.227528449999909, 43.33812083500004], [-8.217274542999917, 43.32831452000005], [-8.210194464999915, 43.31321849200003], [-8.202463344999956, 43.32925039300005], [-8.202951626999948, 43.34467194200005], [-8.210194464999915, 43.37531159100007], [-8.20962480399993, 43.390692450000074], [-8.204823370999918, 43.399725653000075], [-8.193959113999938, 43.40680573100008], [-8.175404425999943, 43.41632721600007], [-8.195057745999918, 43.42324453300006], [-8.213286912999934, 43.42495351800005], [-8.247141079999949, 43.423081773000035], [-8.26475989499994, 43.42731354400007], [-8.288726365999935, 43.44623444200005], [-8.305165167999917, 43.45107656500005], [-8.286488410999937, 43.46198151200008], [-8.185617641999954, 43.47150299700007], [-8.178781704999949, 43.47329336100006], [-8.171457485999952, 43.47797272300005], [-8.166981574999909, 43.48456452000005], [-8.168568488999938, 43.49201080900008], [-8.173451300999943, 43.49274323100008], [-8.196522589999915, 43.48517487200007], [-8.257313605999911, 43.477728583000044], [-8.253651495999918, 43.48126862200007], [-8.250884568999936, 43.482855536000045], [-8.243723110999952, 43.48517487200007], [-8.247547980999911, 43.48773834800005], [-8.257313605999911, 43.49201080900008], [-8.269195115999935, 43.478949286000045], [-8.28897050699993, 43.47296784100007], [-8.33311926999994, 43.47150299700007], [-8.325347459999932, 43.486761786000045], [-8.321685350999928, 43.507879950000074], [-8.31663977799991, 43.52289459800005], [-8.305165167999917, 43.51935455900008], [-8.29210364499994, 43.53294505400004], [-8.300160285999937, 43.53823476800005], [-8.308216925999943, 43.54633209800005], [-8.313221808999913, 43.556341864000046], [-8.312652147999927, 43.56712474200003], [-8.308705206999946, 43.56712474200003], [-8.29133053299995, 43.56484609600005], [-8.284657355999911, 43.56712474200003], [-8.260975714999915, 43.564520575000074], [-8.232248501999948, 43.575506903000075], [-8.086659308999913, 43.65648021000004], [-8.082997199999909, 43.64545319200005], [-8.074615037999934, 43.63963450700004], [-8.063547329999949, 43.63886139500005], [-8.05186926999994, 43.64280833500004], [-8.06240800699993, 43.64232005400004], [-8.06554114499994, 43.64280833500004], [-8.06554114499994, 43.64907461100006], [-8.061268683999913, 43.65094635600008], [-8.056467251999948, 43.65424225500004], [-8.05186926999994, 43.65648021000004], [-8.071156378999945, 43.66787344000005], [-8.073963995999918, 43.67853424700007], [-8.069162563999953, 43.68927643400008], [-8.06554114499994, 43.700873114000046], [-8.059315558999913, 43.709418036000045], [-8.044504360999952, 43.712103583000044], [-8.010975714999915, 43.71173737200007], [-7.981190558999913, 43.71784088700008], [-7.952951626999948, 43.730129299000055], [-7.9281306629999335, 43.74677155200004], [-7.908558722999942, 43.76634349200003], [-7.880848761999914, 43.76325104400007], [-7.869048631999931, 43.74884674700007], [-7.861480272999927, 43.73118724200003], [-7.846506313999953, 43.717962958000044], [-7.846506313999953, 43.71173737200007], [-7.852284308999913, 43.714178778000075], [-7.862294074999909, 43.71625397300005], [-7.8675837879999335, 43.717962958000044], [-7.874623175999943, 43.709418036000045], [-7.879261847999942, 43.700506903000075], [-7.879790818999936, 43.69196198100008], [-7.873768683999913, 43.684475002000056], [-7.8841039699999556, 43.678615627000056], [-7.887318488999938, 43.679673570000034], [-7.894886847999942, 43.684475002000056], [-7.9012345039999445, 43.679754950000074], [-7.903879360999952, 43.67829010600008], [-7.908558722999942, 43.676988023000035], [-7.908558722999942, 43.67015208500004], [-7.858387824999909, 43.66819896000004], [-7.849232550999943, 43.67560455900008], [-7.8675837879999335, 43.69745514500005], [-7.856027798999946, 43.70343659100007], [-7.843861456999946, 43.70380280200004], [-7.819162563999953, 43.69745514500005], [-7.821400519999941, 43.70075104400007], [-7.823963995999918, 43.70807526200008], [-7.826039191999939, 43.71173737200007], [-7.8120011059999115, 43.723089911000045], [-7.793853318999936, 43.73411692900004], [-7.773793097999942, 43.74258047100005], [-7.734038865999935, 43.750067450000074], [-7.712757941999939, 43.76068756700005], [-7.6957087879999335, 43.77488841400009], [-7.688832160999937, 43.78998444200005], [-7.685536261999914, 43.79344310100004], [-7.678334113999938, 43.79047272300005], [-7.671294725999928, 43.782863674000055], [-7.668324347999942, 43.77252838700008], [-7.672596808999913, 43.76666901200008], [-7.69562740799995, 43.74591705900008], [-7.6961563789999445, 43.73151276200008], [-7.691558397999927, 43.72724030200004], [-7.6839900379999335, 43.72870514500005], [-7.675160285999937, 43.731634833000044], [-7.673573370999918, 43.734361070000034], [-7.67414303299995, 43.73920319200005], [-7.672474738999938, 43.743841864000046], [-7.664621548999946, 43.74591705900008], [-7.658029751999948, 43.746527411000045], [-7.6410212879999335, 43.75267161700003], [-7.637603318999936, 43.73908112200007], [-7.613026495999918, 43.704291083000044], [-7.615956183999913, 43.68854401200008], [-7.607167120999918, 43.691107489000046], [-7.5945938789999445, 43.70368073100008], [-7.586415167999917, 43.717962958000044], [-7.574289516999954, 43.714544989000046], [-7.565419074999909, 43.71979401200008], [-7.555775519999941, 43.72760651200008], [-7.5414119129999335, 43.731634833000044], [-7.502023891999954, 43.72833893400008], [-7.490142381999931, 43.72532786700003], [-7.407622850999928, 43.69122955900008], [-7.367054816999939, 43.68008047100005], [-7.304107225999928, 43.59857819200005], [-7.256743943999936, 43.58161041900007], [-7.2601619129999335, 43.57750071800007], [-7.262277798999946, 43.574286200000074], [-7.2651261059999115, 43.571478583000044], [-7.271066860999952, 43.56863027600008], [-7.271066860999952, 43.56114329600007], [-7.257720506999931, 43.55666738500008], [-7.249623175999943, 43.55939362200007], [-7.242014126999948, 43.56480540600006], [-7.230091925999943, 43.56863027600008], [-7.215443488999938, 43.56867096600007], [-7.194894985999952, 43.56350332200009], [-7.156971808999913, 43.55927155200004], [-7.095855272999927, 43.560980536000045], [-7.0793350899999155, 43.56863027600008], [-7.061594204999949, 43.56159088700008], [-7.044300910999937, 43.55939362200007], [-7.032338019999941, 43.55300527600008], [-7.030873175999943, 43.53322988500008], [-7.0377498039999296, 43.52224355700008], [-7.048410610999952, 43.51044342700004], [-7.053618943999936, 43.496527411000045], [-7.044585740999935, 43.47919342700004], [-7.043853318999936, 43.47919342700004], [-7.0383194649999155, 43.47919342700004], [-7.0327042309999115, 43.49546946800007], [-7.02953040299991, 43.512152411000045], [-7.02375240799995, 43.525824286000045], [-7.010365363999938, 43.53322988500008], [-7.001372850999928, 43.55666738500008], [-6.943959113999938, 43.56598541900007], [-6.84593665299991, 43.56863027600008], [-6.8307185539999296, 43.56513092700004], [-6.7708227199999556, 43.56863027600008], [-6.729644334999932, 43.559759833000044], [-6.703724738999938, 43.55756256700005], [-6.64867102799991, 43.57904694200005], [-6.597727016999954, 43.57522207200009], [-6.546620245999918, 43.561835028000075], [-6.510121222999942, 43.54747142100007], [-6.499663865999935, 43.55308665600006], [-6.488270636999914, 43.555121161000045], [-6.462961391999954, 43.55495840100008], [-6.464751756999931, 43.55967845300006], [-6.467274542999917, 43.57086823100008], [-6.469105597999942, 43.575384833000044], [-6.45531165299991, 43.57335032800006], [-6.431792772999927, 43.56342194200005], [-6.417632615999935, 43.56114329600007], [-6.366118943999936, 43.56863027600008], [-6.314605272999927, 43.56863027600008], [-6.3000382149999155, 43.57062409100007], [-6.273915167999917, 43.57961660400008], [-6.249989386999914, 43.584051825000074], [-6.243885870999918, 43.58930084800005], [-6.236398891999954, 43.59430573100008], [-6.222767706999946, 43.59589264500005], [-6.190988735999952, 43.578558661000045], [-6.17804928299995, 43.575384833000044], [-6.100412563999953, 43.569199937000064], [-6.084950324999909, 43.575384833000044], [-6.069162563999953, 43.56968821800007], [-6.0541886059999115, 43.57457103100006], [-6.039214647999927, 43.58311595300006], [-6.023508266999954, 43.58844635600008], [-5.907378709999932, 43.58844635600008], [-5.902170376999948, 43.59752024900007], [-5.9088435539999296, 43.60492584800005], [-5.913075324999909, 43.61286041900007], [-5.90062415299991, 43.62323639500005], [-5.90257727799991, 43.62649160400008], [-5.905344204999949, 43.63381582200009], [-5.907378709999932, 43.636826890000066], [-5.875152147999927, 43.636786200000074], [-5.86351477799991, 43.64142487200007], [-5.859038865999935, 43.653631903000075], [-5.8522029289999296, 43.662949937000064], [-5.8363337879999335, 43.662217515000066], [-5.803822394999941, 43.650498765000066], [-5.782338019999941, 43.63703034100007], [-5.7274063789999445, 43.589544989000046], [-5.708851691999939, 43.56863027600008], [-5.701975063999953, 43.56863027600008], [-5.6967667309999115, 43.58283112200007], [-5.689198370999918, 43.578558661000045], [-5.677479620999918, 43.56114329600007], [-5.625599738999938, 43.55495840100008], [-5.4242244129999335, 43.56114329600007], [-5.3938695949999556, 43.55524323100008], [-5.390736456999946, 43.54132721600007], [-5.4035538399999155, 43.52541738500008], [-5.420806443999936, 43.513373114000046], [-5.413929816999939, 43.50653717700004], [-5.403675910999937, 43.51109446800007], [-5.382639126999948, 43.51638418200008], [-5.372425910999937, 43.52020905200004], [-5.365101691999939, 43.52671946800007], [-5.362212693999936, 43.53339264500005], [-5.356800910999937, 43.53860097900008], [-5.341949022999927, 43.54063548400006], [-5.299875454999949, 43.53766510600008], [-5.284006313999953, 43.53347402600008], [-5.211903449999909, 43.49835846600007], [-5.177886522999927, 43.48936595300006], [-5.091664191999939, 43.48627350500004], [-5.0676977199999556, 43.48139069200005], [-5.0570369129999335, 43.46861399900007], [-5.045033331999946, 43.474310614000046], [-4.975168423999946, 43.45876699400009], [-4.96711178299995, 43.46088288000004], [-4.952544725999928, 43.47007884300007], [-4.941029425999943, 43.47174713700008], [-4.930246548999946, 43.46950918200008], [-4.907622850999928, 43.460638739000046], [-4.836537238999938, 43.44977448100008], [-4.754994269999941, 43.42165761900009], [-4.734934048999946, 43.41710032800006], [-4.512318488999938, 43.40273672100005], [-4.508168097999942, 43.402451890000066], [-4.4816788399999155, 43.38361237200007], [-4.460804816999939, 43.39870840100008], [-4.432525193999936, 43.40261465100008], [-4.404896613999938, 43.396999416000085], [-4.385568813999953, 43.38361237200007], [-4.379261847999942, 43.38361237200007], [-4.368763800999943, 43.396185614000046], [-4.359364386999914, 43.399684963000084], [-4.31281490799995, 43.395778713000084], [-4.188588019999941, 43.40538157800006], [-4.160959438999953, 43.421169338000084], [-4.097727016999954, 43.435614325000074], [-4.073963995999918, 43.43825918200008], [-4.029204881999931, 43.43825918200008], [-4.023426886999914, 43.44094472900008], [-4.022572394999941, 43.445746161000045], [-4.020904100999928, 43.450384833000044], [-4.012766079999949, 43.45250071800007], [-4.005686001999948, 43.45079173400006], [-3.981434699999909, 43.43825918200008], [-3.976470506999931, 43.44293854400007], [-3.9719945949999556, 43.44415924700007], [-3.967152472999942, 43.444199937000064], [-3.9610082669999542, 43.44509511900009], [-3.965443488999938, 43.44684479400007], [-3.974598761999914, 43.45250071800007], [-3.974598761999914, 43.45876699400009], [-3.940052863999938, 43.47711823100008], [-3.9227188789999445, 43.48261139500005], [-3.9063207669999542, 43.47919342700004], [-3.8937882149999155, 43.484890041000085], [-3.89085852799991, 43.483710028000075], [-3.8858536449999406, 43.47919342700004], [-3.8568009109999366, 43.49237702000005], [-3.8267309239999463, 43.49701569200005], [-3.797027147999927, 43.49274323100008], [-3.769154425999943, 43.47919342700004], [-3.812652147999927, 43.46487051000008], [-3.830962693999936, 43.45600006700005], [-3.8443090489999463, 43.44509511900009], [-3.8338516919999392, 43.43589915600006], [-3.829253709999932, 43.43313222900008], [-3.823841925999943, 43.43077220300006], [-3.8272598949999406, 43.43003978100006], [-3.829986131999931, 43.430121161000045], [-3.8315323559999115, 43.42906321800007], [-3.8312882149999155, 43.42458730700008], [-3.820220506999931, 43.424261786000045], [-3.8111873039999296, 43.425482489000046], [-3.796498175999943, 43.43077220300006], [-3.7895401679999168, 43.43585846600007], [-3.776193813999953, 43.449652411000045], [-3.772287563999953, 43.45250071800007], [-3.7634985019999476, 43.45026276200008], [-3.75413977799991, 43.44049713700008], [-3.7449845039999445, 43.43825918200008], [-3.7407120429999168, 43.44232819200005], [-3.7430313789999445, 43.45136139500005], [-3.7488907539999445, 43.46072011900009], [-3.755523240999935, 43.46552155200004], [-3.755523240999935, 43.47174713700008], [-3.7415258449999556, 43.47024160400008], [-3.7357478509999282, 43.468817450000074], [-3.728871222999942, 43.46552155200004], [-3.727162238999938, 43.47052643400008], [-3.7258194649999155, 43.47052643400008], [-3.721424933999913, 43.47174713700008], [-3.728871222999942, 43.47919342700004], [-3.717925584999932, 43.48273346600007], [-3.688384568999936, 43.48423899900007], [-3.6769913399999155, 43.489447333000044], [-3.667062954999949, 43.49664948100008], [-3.6560766269999476, 43.50067780200004], [-3.5794164699999556, 43.51825592700004], [-3.554351365999935, 43.516913153000075], [-3.556263800999943, 43.499701239000046], [-3.539051886999914, 43.49896881700005], [-3.52562415299991, 43.49164459800005], [-3.514719204999949, 43.48322174700007], [-3.5053604809999115, 43.47919342700004], [-3.4366348949999406, 43.47048574400009], [-3.4315079419999392, 43.466864325000074], [-3.4282934239999463, 43.46173737200007], [-3.4271541009999282, 43.45563385600008], [-3.428618943999936, 43.44684479400007], [-3.432606574999909, 43.445420640000066], [-3.4388728509999282, 43.446559963000084], [-3.447010870999918, 43.44509511900009], [-3.451161261999914, 43.447699286000045], [-3.460601365999935, 43.45221588700008], [-3.4700414699999556, 43.45416901200008], [-3.474354620999918, 43.44879791900007], [-3.4777725899999155, 43.443060614000046], [-3.4858292309999115, 43.437567450000074], [-3.501698370999918, 43.43077220300006], [-3.4818009109999366, 43.42804596600007], [-3.470448370999918, 43.41677480700008], [-3.461089647999927, 43.41246165600006], [-3.447010870999918, 43.43077220300006], [-3.4361873039999296, 43.41901276200008], [-3.422230597999942, 43.418076890000066], [-3.392486131999931, 43.42458730700008], [-3.3780411449999406, 43.42255280200004], [-3.33031165299991, 43.41034577000005], [-3.2689509759999282, 43.40412018400008], [-3.223540818999936, 43.39162832200009], [-3.2105199859999516, 43.389837958000044], [-3.200021938999953, 43.38552480700008], [-3.176909959999932, 43.36623769700009], [-3.1508682929999168, 43.360215562000064], [-3.1314998039999296, 43.35578034100007], [-3.112375454999949, 43.35407135600008], [-3.089507615999935, 43.366888739000046], [-3.0578507149999155, 43.35236237200007], [-3.008168097999942, 43.32090892100007], [-3.008168097999942, 43.32843659100007], [-3.0200089179999168, 43.35256582200009], [-3.023426886999914, 43.364935614000046], [-3.029286261999914, 43.37213776200008], [-3.029286261999914, 43.376166083000044], [-3.024322068999936, 43.380926825000074], [-3.0109757149999155, 43.38414134300007], [-2.9994197259999282, 43.39435455900008], [-2.9559220039999445, 43.41384511900009], [-2.9399307929999168, 43.41710032800006], [-2.9399307929999168, 43.42458730700008], [-2.9466853509999282, 43.42458730700008], [-2.9466853509999282, 43.43077220300006], [-2.9300837879999335, 43.437933661000045], [-2.905262824999909, 43.439886786000045], [-2.854237433999913, 43.43825918200008], [-2.806996222999942, 43.44167715100008], [-2.785959438999953, 43.44786204600007], [-2.768625454999949, 43.45250071800007], [-2.755848761999914, 43.45026276200008], [-2.7349340489999463, 43.438788153000075], [-2.715199347999942, 43.42450592700004], [-2.7065323559999115, 43.41368235900006], [-2.694935675999943, 43.38861725500004], [-2.691029425999943, 43.36753978100006], [-2.6870011059999115, 43.37144603100006], [-2.6792699859999516, 43.389837958000044], [-2.678456183999913, 43.394639390000066], [-2.678781704999949, 43.40058014500005], [-2.6778051419999542, 43.40619538000004], [-2.6729630199999406, 43.41034577000005], [-2.661203579999949, 43.41193268400008], [-2.649322068999936, 43.40953196800007], [-2.6380916009999282, 43.405951239000046], [-2.6069229809999115, 43.40188222900008], [-2.5488988919999542, 43.38361237200007], [-2.506011522999927, 43.37714264500005], [-2.4835098949999406, 43.37063222900008], [-2.4644262359999516, 43.34922923400006], [-2.36742102799991, 43.315700588000084], [-2.327056443999936, 43.30683014500005], [-2.2846573559999115, 43.30349355700008], [-2.241118943999936, 43.30723704600007], [-2.2078751289999445, 43.31399160400008], [-2.196278449999909, 43.31476471600007], [-2.190419074999909, 43.31159088700008], [-2.1834610669999392, 43.30451080900008], [-2.1744685539999296, 43.29743073100008], [-2.162220831999946, 43.294256903000075], [-2.1595759759999282, 43.295355536000045], [-2.1563207669999542, 43.29767487200007], [-2.151519334999932, 43.299994208000044], [-2.1448461579999503, 43.30109284100007], [-2.1400447259999282, 43.298895575000074], [-2.1378067699999406, 43.294216213000084], [-2.1348363919999542, 43.289577541000085], [-2.1277970039999445, 43.28742096600007], [-2.0988663399999155, 43.30414459800005], [-2.0864151679999168, 43.30723704600007], [-2.0655411449999406, 43.30959707200009], [-1.9946182929999168, 43.32843659100007], [-1.9717911449999406, 43.33921946800007], [-1.9603572259999282, 43.343085028000075], [-1.9456274079999503, 43.342637437000064], [-1.9337052069999459, 43.335638739000046], [-1.926584438999953, 43.325873114000046], [-1.9186905589999128, 43.32099030200004], [-1.904652472999942, 43.32843659100007], [-1.9102270169999542, 43.331366278000075], [-1.9188533189999362, 43.33856842700004], [-1.9256892569999309, 43.342637437000064], [-1.884917772999927, 43.35602448100008], [-1.847401495999918, 43.380926825000074], [-1.8112686839999128, 43.39508698100008], [-1.791371222999942, 43.38458893400008], [-1.790760870999918, 43.38426341400009], [-1.7755020819999459, 43.376166083000044], [-1.7679744129999335, 43.38361237200007], [-1.7496231759999432, 43.38922760600008], [-1.6610001289999445, 43.399684963000084], [-1.6378067699999406, 43.42377350500004], [-1.6154679029999102, 43.43256256700005], [-1.596750454999949, 43.44253164300005], [-1.588042772999927, 43.451157945000034], [-1.5663956369999141, 43.48216380400004], [-1.5620824859999516, 43.493394273000035], [-1.553334113999938, 43.50136953300006], [-1.5139867829999503, 43.53864166900007], [-1.5063370429999168, 43.550116278000075], [-1.4768774079999503, 43.580064195000034], [-1.4700414699999556, 43.61151764500005], [-1.4459529289999296, 43.66844310100004], [-1.4049373039999296, 43.83234284100007], [-1.3811742829999503, 43.88959381700005], [-1.3460994129999335, 44.019191799000055], [-1.2815649079999503, 44.30219147300005], [-1.2541397779999102, 44.44245026200008], [-1.2473038399999155, 44.50454336100006], [-1.249745245999918, 44.519232489000046], [-1.2582901679999168, 44.54755280200004], [-1.2572322259999282, 44.55605703300006], [-1.2307836579999503, 44.58356354400007], [-1.2268774079999503, 44.589911200000074], [-1.2241918609999516, 44.601996161000045], [-1.2062882149999155, 44.64789459800005], [-1.1865128249999088, 44.66547272300005], [-1.1614477199999556, 44.66616445500006], [-1.100209113999938, 44.65534088700008], [-1.0650121739999463, 44.65912506700005], [-1.0447485019999476, 44.66941966400009], [-1.0444229809999115, 44.68463776200008], [-1.069162563999953, 44.703192450000074], [-1.055490688999953, 44.703192450000074], [-1.0652970039999445, 44.71747467700004], [-1.1408585279999102, 44.76813385600008], [-1.1517227859999366, 44.77142975500004], [-1.156402147999927, 44.773423570000034], [-1.1606339179999168, 44.77651601800005], [-1.1653539699999556, 44.77871328300006], [-1.172230597999942, 44.77826569200005], [-1.1765030589999128, 44.77521393400008], [-1.1784561839999128, 44.77090078300006], [-1.1797582669999542, 44.766913153000075], [-1.1821182929999168, 44.76520416900007], [-1.1885880199999406, 44.755845445000034], [-1.2336319649999155, 44.70685455900008], [-1.244943813999953, 44.66274648600006], [-1.2538142569999309, 44.638657945000034], [-1.260365363999938, 44.62742747600004], [-1.1994522779999102, 45.12083567900004], [-1.1578669909999348, 45.27912018400008], [-1.1399633449999556, 45.49005768400008], [-1.1336970689999362, 45.50482819200005], [-1.0995987619999141, 45.55353424700007], [-1.0852758449999556, 45.56903717700004], [-1.069162563999953, 45.57330963700008], [-1.0585831369999141, 45.569647528000075], [-1.0562231109999516, 45.56513092700004], [-1.0567520819999459, 45.55760325700004], [-1.0573624339999128, 45.54633209800005], [-1.0601700509999432, 45.543036200000074], [-1.0623266269999476, 45.53774648600006], [-1.0623266269999476, 45.532416083000044], [-1.0592341789999296, 45.527044989000046], [-1.0486954419999392, 45.51504140800006], [-1.0399470689999362, 45.50726959800005], [-0.9729711579999503, 45.47052643400008], [-0.9307755199999406, 45.45380280200004], [-0.9152725899999155, 45.450425523000035], [-0.7941788399999155, 45.35541413000004], [-0.7661840489999463, 45.32607656500005], [-0.7545059889999379, 45.29588450700004], [-0.7519425119999141, 45.27594635600008], [-0.7386775379999335, 45.238714911000045], [-0.7200414699999556, 45.14594147300005], [-0.7159724599999322, 45.13450755400004], [-0.6821996739999463, 45.07648346600007], [-0.6481827459999181, 45.044907945000034], [-0.6098526679999168, 45.018459377000056], [-0.5777888659999348, 45.005072333000044], [-0.5689591139999379, 44.99799225500004], [-0.5606990229999269, 44.98541901200008], [-0.5591934889999379, 44.97614166900007], [-0.5620824859999516, 44.960150458000044], [-0.5608617829999503, 44.93927643400008], [-0.5565079419999392, 44.91852448100008], [-0.5481664699999556, 44.90228913000004], [-0.5346573559999115, 44.894964911000045], [-0.5386449859999516, 44.90875885600008], [-0.5423884759999282, 44.937201239000046], [-0.5484513009999432, 44.94953034100007], [-0.5389705069999309, 44.97650788000004], [-0.5503637359999516, 44.99819570500006], [-0.5725805329999503, 45.01430898600006], [-0.5961807929999168, 45.024644273000035], [-0.5652970039999445, 45.02358633000006], [-0.5394180979999419, 45.019517320000034], [-0.5164281889999529, 45.011379299000055], [-0.4937638009999432, 44.99799225500004], [-0.5189509759999282, 45.02944570500006], [-0.5587458979999269, 45.04344310100004], [-0.6021622389999379, 45.05345286700003], [-0.6377660799999489, 45.07306549700007], [-0.6559952459999181, 45.09910716400009], [-0.6686905589999128, 45.13080475500004], [-0.7066544259999432, 45.32241445500006], [-0.7197159499999088, 45.36107005400004], [-0.7530411449999406, 45.42405833500004], [-0.7731013659999348, 45.45209381700005], [-0.7954809239999463, 45.47711823100008], [-0.8417862619999141, 45.514553127000056], [-0.9835098949999406, 45.58698151200008], [-0.9868871739999463, 45.59125397300005], [-0.9908748039999296, 45.61005280200004], [-0.9972224599999322, 45.61432526200008], [-1.0302628249999088, 45.62287018400008], [-1.0838110019999476, 45.66038646000004], [-1.1139216789999296, 45.66893138200004], [-1.1328018869999141, 45.67169830900008], [-1.1493220689999362, 45.678900458000044], [-1.1634415359999366, 45.68895091400009], [-1.1756078769999476, 45.70026276200008], [-1.1942032539999445, 45.710191148000035], [-1.2293595039999445, 45.704779364000046], [-1.2473038399999155, 45.70990631700005], [-1.2301326159999348, 45.77960846600007], [-1.2302953769999476, 45.79242584800005], [-1.163807745999918, 45.806708075000074], [-1.144276495999918, 45.80609772300005], [-1.0805557929999168, 45.75340403900009], [-1.069162563999953, 45.748114325000074], [-1.057240363999938, 45.740220445000034], [-0.9871720039999445, 45.71735260600008], [-1.0096329419999392, 45.73517487200007], [-1.0994766919999392, 45.786037502000056], [-1.125355597999942, 45.80768463700008], [-1.1306860019999476, 45.81671784100007], [-1.1321508449999556, 45.82831452000005], [-1.1365860669999392, 45.84324778900009], [-1.1432185539999296, 45.85773346600007], [-1.1517227859999366, 45.86815013200004], [-1.1406143869999141, 45.872300523000035], [-1.1336563789999445, 45.878241278000075], [-1.1285294259999432, 45.88422272300005], [-1.1237686839999128, 45.888657945000034], [-1.1125382149999155, 45.89565664300005], [-1.0970352859999366, 45.90228913000004], [-1.0877579419999392, 45.903225002000056], [-1.0797419909999348, 45.902004299000055], [-1.0733536449999406, 45.904364325000074], [-1.069162563999953, 45.91596100500004], [-1.0704239569999459, 45.92633698100008], [-1.076324022999927, 45.936712958000044], [-1.0834854809999115, 45.945379950000074], [-1.0897517569999309, 45.95075104400007], [-1.0842179029999102, 45.95392487200007], [-1.0742081369999141, 45.96157461100006], [-1.069162563999953, 45.96434153900009], [-1.0855606759999432, 45.971991278000075], [-1.0965876939999362, 45.98541901200008], [-1.1107478509999282, 46.01837799700007], [-1.0897517569999309, 46.00820547100005], [-1.0729874339999128, 46.007473049000055], [-1.0597224599999322, 46.01577383000006], [-1.0486954419999392, 46.03266022300005], [-1.0486954419999392, 46.03880442900004], [-1.052886522999927, 46.04328034100007], [-1.0585831369999141, 46.04791901200008], [-1.0651749339999128, 46.05158112200007], [-1.0842179029999102, 46.05654531500005], [-1.0877579419999392, 46.06468333500004], [-1.0887345039999445, 46.07477448100008], [-1.0960180329999503, 46.08836497600004], [-1.0956925119999141, 46.097723700000074], [-1.0970352859999366, 46.101548570000034], [-1.1007380849999322, 46.10309479400007], [-1.1135961579999503, 46.10614655200004], [-1.1170141269999476, 46.10781484600005], [-1.1229548819999309, 46.112494208000044], [-1.1290177069999459, 46.11579010600008], [-1.1288956369999141, 46.12006256700005], [-1.1170141269999476, 46.128241278000075], [-1.140370245999918, 46.14057038000004], [-1.1480199859999516, 46.141913153000075], [-1.152088995999918, 46.143866278000075], [-1.1518448559999115, 46.148423570000034], [-1.150542772999927, 46.15326569200005], [-1.1517227859999366, 46.15619538000004], [-1.1570938789999445, 46.15696849200003], [-1.172230597999942, 46.15619538000004], [-1.1826065749999088, 46.15839264500005], [-1.1916397779999102, 46.15794505400004], [-1.2001846999999088, 46.15912506700005], [-1.2097061839999128, 46.16616445500006], [-1.2108048169999392, 46.17454661700003], [-1.2044164699999556, 46.18431224200003], [-1.1944880849999322, 46.19277578300006], [-1.1851700509999432, 46.19717031500005], [-1.1905411449999406, 46.21629466400009], [-1.1795955069999309, 46.22947825700004], [-1.1107478509999282, 46.25922272300005], [-1.1026505199999406, 46.27195872600004], [-1.1035050119999141, 46.28001536700003], [-1.108021613999938, 46.28851959800005], [-1.1107478509999282, 46.30267975500004], [-1.1324763659999348, 46.32412344000005], [-1.1772354809999115, 46.326157945000034], [-1.2143448559999115, 46.31069570500006], [-1.2132055329999503, 46.27912018400008], [-1.2401016919999392, 46.28424713700008], [-1.2591853509999282, 46.300441799000055], [-1.2774145169999542, 46.319525458000044], [-1.2933650379999335, 46.32265859600005], [-1.3034561839999128, 46.323879299000055], [-1.3342179029999102, 46.33673737200007], [-1.3568416009999282, 46.35032786700003], [-1.3702286449999406, 46.35419342700004], [-1.4233292309999115, 46.34247467700004], [-1.4487198559999115, 46.343410549000055], [-1.459584113999938, 46.36473216400009], [-1.4654841789999296, 46.389960028000075], [-1.4814346999999088, 46.408189195000034], [-1.5044652989999463, 46.41933828300006], [-1.5318904289999296, 46.423081773000035], [-1.5987849599999322, 46.425034898000035], [-1.6256404289999296, 46.43113841400009], [-1.6171768869999141, 46.44354889500005], [-1.6334529289999296, 46.454291083000044], [-1.6867569649999155, 46.46088288000004], [-1.7202856109999516, 46.48126862200007], [-1.7486059239999463, 46.48655833500004], [-1.7611384759999282, 46.49201080900008], [-1.7684220039999445, 46.50023021000004], [-1.779652472999942, 46.52212148600006], [-1.7891739569999459, 46.53294505400004], [-1.7888891269999476, 46.52045319200005], [-1.7830704419999392, 46.50413646000004], [-1.7817276679999168, 46.495428778000075], [-1.7860001289999445, 46.49095286700003], [-1.7953995429999168, 46.49453359600005], [-1.8047989569999459, 46.503607489000046], [-1.8270564439999362, 46.57697174700007], [-1.8226619129999335, 46.59438711100006], [-1.838693813999953, 46.59906647300005], [-1.8465876939999362, 46.610256252000056], [-1.8512263659999348, 46.62372467700004], [-1.8574112619999141, 46.63532135600008], [-1.8724259109999366, 46.64740631700005], [-1.8878067699999406, 46.65656159100007], [-1.8997696609999366, 46.66624583500004], [-1.909901495999918, 46.69179922100005], [-1.9231664699999556, 46.69916413000004], [-1.9400121739999463, 46.70307038000004], [-1.9564509759999282, 46.704291083000044], [-1.964995897999927, 46.71039459800005], [-1.9946182929999168, 46.752020575000074], [-2.0502823559999115, 46.79205963700008], [-2.0812882149999155, 46.80735911700003], [-2.107167120999918, 46.81346263200004], [-2.118763800999943, 46.819973049000055], [-2.1260880199999406, 46.835598049000055], [-2.130034959999932, 46.854681708000044], [-2.1312556629999335, 46.87181224200003], [-2.1287735669999392, 46.893459377000056], [-2.121978318999936, 46.90371328300006], [-2.0963435539999296, 46.91648997600004], [-2.102162238999938, 46.93065013200004], [-2.0874731109999516, 46.94122955900008], [-2.0492244129999335, 46.957464911000045], [-2.037017381999931, 46.97256094000005], [-2.0201716789999296, 47.00861237200007], [-2.0082901679999168, 47.02635325700004], [-1.9907120429999168, 47.03538646000004], [-1.9925837879999335, 47.05231354400007], [-2.0037735669999392, 47.070013739000046], [-2.014556443999936, 47.08161041900007], [-2.030018683999913, 47.09210846600007], [-2.0901586579999503, 47.11517975500004], [-2.2054744129999335, 47.12909577000005], [-2.241118943999936, 47.14248281500005], [-2.2278539699999556, 47.14862702000005], [-2.21703040299991, 47.155503648000035], [-2.2053930329999503, 47.16120026200008], [-2.172840949999909, 47.16437409100007], [-2.165191209999932, 47.16787344000005], [-2.162098761999914, 47.17601146000004], [-2.159087693999936, 47.19086334800005], [-2.1586807929999168, 47.20449453300006], [-2.1693009109999366, 47.22016022300005], [-2.17210852799991, 47.235256252000056], [-2.170887824999909, 47.24632396000004], [-2.166981574999909, 47.25922272300005], [-2.1605525379999335, 47.271185614000046], [-2.1516820949999556, 47.27968984600005], [-2.127674933999913, 47.286810614000046], [-2.0356339179999168, 47.29328034100007], [-2.0287166009999282, 47.296942450000074], [-2.0219620429999168, 47.299261786000045], [-2.014556443999936, 47.300116278000075], [-2.006581183999913, 47.29328034100007], [-1.9991348949999406, 47.28856028900009], [-1.947865363999938, 47.279364325000074], [-1.9324845039999445, 47.27968984600005], [-1.9393611319999309, 47.286444403000075], [-1.9278051419999542, 47.286322333000044], [-1.917062954999949, 47.28416575700004], [-1.9073380199999406, 47.27993398600006], [-1.8984268869999141, 47.273423570000034], [-1.9188533189999362, 47.273423570000034], [-1.9188533189999362, 47.26601797100005], [-1.8778376939999362, 47.24551015800006], [-1.8362524079999503, 47.239935614000046], [-1.8260798819999309, 47.235256252000056], [-1.8039444649999155, 47.21898021000004], [-1.780995245999918, 47.21198151200008], [-1.7270401679999168, 47.21076080900008], [-1.7472224599999322, 47.219916083000044], [-1.7882380849999322, 47.22557200700004], [-1.8056534499999088, 47.235256252000056], [-1.8359268869999141, 47.259751695000034], [-1.8711645169999542, 47.27968984600005], [-1.9056290359999366, 47.29393138200004], [-1.9256892569999309, 47.298488674000055], [-1.9492895169999542, 47.300116278000075], [-1.9581599599999322, 47.302394924000055], [-1.9721573559999115, 47.312160549000055], [-2.010121222999942, 47.31972890800006], [-2.148101365999935, 47.31321849200003], [-2.1795548169999392, 47.300116278000075], [-2.186594204999949, 47.29271067900004], [-2.190581834999932, 47.28620026200008], [-2.1959529289999296, 47.27993398600006], [-2.2062882149999155, 47.273423570000034], [-2.236073370999918, 47.26748281500005], [-2.259429490999935, 47.251613674000055], [-2.278391079999949, 47.24640534100007], [-2.2980850899999155, 47.24664948100008], [-2.316070115999935, 47.251654364000046], [-2.330962693999936, 47.26080963700008], [-2.3553360669999392, 47.28009674700007], [-2.3714086579999503, 47.286444403000075], [-2.3880916009999282, 47.28790924700007], [-2.397450324999909, 47.28758372600004], [-2.404896613999938, 47.286444403000075], [-2.412831183999913, 47.28172435100004], [-2.4165746739999463, 47.27496979400007], [-2.418120897999927, 47.268866278000075], [-2.4191788399999155, 47.26601797100005], [-2.448394334999932, 47.26658763200004], [-2.541981574999909, 47.300116278000075], [-2.541981574999909, 47.30695221600007], [-2.5190323559999115, 47.30463288000004], [-2.4760636059999115, 47.290676174000055], [-2.45335852799991, 47.29328034100007], [-2.4361873039999296, 47.30703359600005], [-2.4453832669999542, 47.320379950000074], [-2.465443488999938, 47.33380768400008], [-2.480620897999927, 47.34788646000004], [-2.487945115999935, 47.345404364000046], [-2.491281704999949, 47.34389883000006], [-2.494252081999946, 47.34174225500004], [-2.4893692699999406, 47.334418036000045], [-2.4889216789999296, 47.33038971600007], [-2.494252081999946, 47.32062409100007], [-2.501698370999918, 47.32062409100007], [-2.5033259759999282, 47.349595445000034], [-2.514800584999932, 47.364935614000046], [-2.556385870999918, 47.383246161000045], [-2.47679602799991, 47.415676174000055], [-2.4661352199999556, 47.415228583000044], [-2.455799933999913, 47.412176825000074], [-2.4390356109999516, 47.40997955900008], [-2.441029425999943, 47.40444570500006], [-2.442209438999953, 47.404364325000074], [-2.4464005199999406, 47.40253327000005], [-2.4390356109999516, 47.39630768400008], [-2.429432745999918, 47.40387604400007], [-2.3950089179999168, 47.41697825700004], [-2.3918350899999155, 47.42365143400008], [-2.407134568999936, 47.42572663000004], [-2.431752081999946, 47.42617422100005], [-2.448150193999936, 47.43060944200005], [-2.4390356109999516, 47.44476959800005], [-2.45531165299991, 47.45221588700008], [-2.476185675999943, 47.45376211100006], [-2.4889216789999296, 47.45917389500005], [-2.480620897999927, 47.478216864000046], [-2.494740363999938, 47.49119700700004], [-2.4836319649999155, 47.49795156500005], [-2.4212133449999556, 47.50023021000004], [-2.384673631999931, 47.507147528000075], [-2.3639216789999296, 47.50617096600007], [-2.3801163399999155, 47.50922272300005], [-2.407053188999953, 47.50604889500005], [-2.4253637359999516, 47.50617096600007], [-2.501698370999918, 47.526678778000075], [-2.517486131999931, 47.52838776200008], [-2.5305069649999155, 47.52724844000005], [-2.563221808999913, 47.51984284100007], [-2.6006973949999406, 47.51984284100007], [-2.6098526679999168, 47.51772695500006], [-2.615589972999942, 47.51414622600004], [-2.621693488999938, 47.51341380400004], [-2.631988084999932, 47.51984284100007], [-2.616932745999918, 47.52171458500004], [-2.599354620999918, 47.52912018400008], [-2.5844620429999168, 47.54047272300005], [-2.5768123039999296, 47.553941148000035], [-2.5922745429999168, 47.54364655200004], [-2.606434699999909, 47.54205963700008], [-2.621205206999946, 47.543036200000074], [-2.6382543609999516, 47.540269273000035], [-2.6301163399999155, 47.539129950000074], [-2.623931443999936, 47.537176825000074], [-2.619943813999953, 47.53339264500005], [-2.617787238999938, 47.526678778000075], [-2.6430557929999168, 47.52643463700008], [-2.6547745429999168, 47.52830638200004], [-2.6655167309999115, 47.53351471600007], [-2.6671036449999406, 47.50958893400008], [-2.680734829999949, 47.50421784100007], [-2.714019334999932, 47.51239655200004], [-2.73070227799991, 47.51162344000005], [-2.7827856109999516, 47.49941640800006], [-2.8021541009999282, 47.498114325000074], [-2.817128058999913, 47.499212958000044], [-2.830189581999946, 47.503607489000046], [-2.843658006999931, 47.51239655200004], [-2.845692511999914, 47.51618073100008], [-2.861073370999918, 47.53583405200004], [-2.8648168609999516, 47.53685130400004], [-2.8689672519999476, 47.542181708000044], [-2.878529425999943, 47.54531484600005], [-2.8898819649999155, 47.54661692900004], [-2.892933722999942, 47.54767487200007], [-2.891509568999936, 47.54905833500004], [-2.8920792309999115, 47.553941148000035], [-2.909250454999949, 47.55841705900008], [-2.892567511999914, 47.56659577000005], [-2.8653051419999542, 47.56663646000004], [-2.850575324999909, 47.546535549000055], [-2.843658006999931, 47.546535549000055], [-2.83812415299991, 47.55182526200008], [-2.8324275379999335, 47.554022528000075], [-2.8254288399999155, 47.55247630400004], [-2.816395636999914, 47.546535549000055], [-2.8152970039999445, 47.55296458500004], [-2.809559699999909, 47.567613023000035], [-2.794016079999949, 47.555121161000045], [-2.7686661449999406, 47.54954661700003], [-2.7414444649999155, 47.55133698100008], [-2.7202042309999115, 47.56077708500004], [-2.7276505199999406, 47.567613023000035], [-2.688628709999932, 47.604396877000056], [-2.6839900379999335, 47.62299225500004], [-2.7065323559999115, 47.64272695500006], [-2.7065323559999115, 47.63654205900008], [-2.696929490999935, 47.629787502000056], [-2.6956274079999503, 47.62335846600007], [-2.7015681629999335, 47.618353583000044], [-2.714019334999932, 47.61603424700007], [-2.6997777989999463, 47.60919830900008], [-2.704253709999932, 47.60443756700005], [-2.708607550999943, 47.60228099200003], [-2.7202042309999115, 47.60175202000005], [-2.725331183999913, 47.60736725500004], [-2.775380011999914, 47.62909577000005], [-2.7544652989999463, 47.627020575000074], [-2.734486456999946, 47.622259833000044], [-2.74632727799991, 47.63385651200008], [-2.7582087879999335, 47.63906484600005], [-2.7891332669999542, 47.64272695500006], [-2.775380011999914, 47.63654205900008], [-2.796050584999932, 47.62986888200004], [-2.8477270169999542, 47.626166083000044], [-2.8579809239999463, 47.619126695000034], [-2.8667699859999516, 47.60716380400004], [-2.886382615999935, 47.60101959800005], [-2.9194229809999115, 47.59552643400008], [-2.9194229809999115, 47.60175202000005], [-2.9126684239999463, 47.60175202000005], [-2.9126684239999463, 47.60919830900008], [-2.925689256999931, 47.60765208500004], [-2.9288223949999406, 47.60602448100008], [-2.9330948559999115, 47.60175202000005], [-2.9399307929999168, 47.60175202000005], [-2.9437556629999335, 47.61395905200004], [-2.9448136059999115, 47.62409088700008], [-2.94163977799991, 47.63182200700004], [-2.9330948559999115, 47.63654205900008], [-2.94749915299991, 47.63690827000005], [-2.957997199999909, 47.64215729400007], [-2.964588995999918, 47.65143463700008], [-2.9671931629999335, 47.66380442900004], [-2.9746801419999542, 47.66380442900004], [-2.9732966789999296, 47.65599192900004], [-2.9685766269999476, 47.64350006700005], [-2.9671931629999335, 47.63654205900008], [-2.9671931629999335, 47.612616278000075], [-2.963612433999913, 47.60260651200008], [-2.954701300999943, 47.59153880400004], [-2.943511522999927, 47.58148834800005], [-2.9330948559999115, 47.57444896000004], [-2.9356176419999542, 47.567572333000044], [-2.937245245999918, 47.56468333500004], [-2.9399307929999168, 47.56077708500004], [-2.9426163399999155, 47.56439850500004], [-2.9529516269999476, 47.57444896000004], [-2.961293097999942, 47.57054271000004], [-2.9702856109999516, 47.57697174700007], [-2.9809464179999168, 47.58734772300005], [-2.994496222999942, 47.59552643400008], [-2.9885961579999503, 47.58226146000004], [-2.9942113919999542, 47.57607656500005], [-3.0034073559999115, 47.57868073100008], [-3.008168097999942, 47.591782945000034], [-3.0117895169999542, 47.60716380400004], [-3.0182185539999296, 47.60565827000005], [-3.02171790299991, 47.59454987200007], [-3.0156957669999542, 47.581244208000044], [-3.0299373039999296, 47.58193594000005], [-3.0357966789999296, 47.583319403000075], [-3.0423884759999282, 47.58808014500005], [-3.073841925999943, 47.57648346600007], [-3.089751756999931, 47.575506903000075], [-3.10374915299991, 47.581244208000044], [-3.097320115999935, 47.584051825000074], [-3.090728318999936, 47.58808014500005], [-3.1004532539999445, 47.594183661000045], [-3.112049933999913, 47.59918854400007], [-3.12328040299991, 47.59878164300005], [-3.1317032539999445, 47.58808014500005], [-3.12718665299991, 47.58661530200004], [-3.122954881999931, 47.583238023000035], [-3.1180313789999445, 47.581244208000044], [-3.128895636999914, 47.54759349200003], [-3.12328040299991, 47.51898834800005], [-3.1067602199999556, 47.495794989000046], [-3.0845434239999463, 47.478216864000046], [-3.0981339179999168, 47.47870514500005], [-3.119130011999914, 47.48261139500005], [-3.1254776679999168, 47.478216864000046], [-3.1317032539999445, 47.478216864000046], [-3.1437882149999155, 47.507025458000044], [-3.1453751289999445, 47.51609935100004], [-3.1432185539999296, 47.527044989000046], [-3.133859829999949, 47.54393138200004], [-3.1317032539999445, 47.55744049700007], [-3.1341853509999282, 47.58075592700004], [-3.1411840489999463, 47.59804922100005], [-3.1521703769999476, 47.61123281500005], [-3.1664932929999168, 47.622259833000044], [-3.17601477799991, 47.62636953300006], [-3.187245245999918, 47.62958405200004], [-3.1966853509999282, 47.63349030200004], [-3.2005916009999282, 47.63959381700005], [-3.198394334999932, 47.65257396000004], [-3.186350063999953, 47.68060944200005], [-3.1111954419999392, 47.70416901200008], [-3.1150610019999476, 47.709418036000045], [-3.117176886999914, 47.71503327000005], [-3.1180313789999445, 47.72215403900009], [-3.1180313789999445, 47.732123114000046], [-3.122792120999918, 47.72992584800005], [-3.134510870999918, 47.72679271000004], [-3.1391495429999168, 47.724676825000074], [-3.1397598949999406, 47.745794989000046], [-3.1391495429999168, 47.75259023600006], [-3.1453751289999445, 47.75259023600006], [-3.1531876289999445, 47.74201080900008], [-3.1639298169999392, 47.74388255400004], [-3.177357550999943, 47.74852122600004], [-3.1931860019999476, 47.74640534100007], [-3.1791886059999115, 47.74274323100008], [-3.169667120999918, 47.73541901200008], [-3.1633194649999155, 47.72475820500006], [-3.159087693999936, 47.711004950000074], [-3.164051886999914, 47.710272528000075], [-3.165028449999909, 47.70954010600008], [-3.165028449999909, 47.707912502000056], [-3.1664932929999168, 47.70416901200008], [-3.1783748039999296, 47.71002838700008], [-3.1853735019999476, 47.706366278000075], [-3.1932266919999392, 47.69993724200003], [-3.207386847999942, 47.697333075000074], [-3.2035212879999335, 47.69432200700004], [-3.1931860019999476, 47.68374258000006], [-3.207142706999946, 47.67914459800005], [-3.211903449999909, 47.66982656500005], [-3.21507727799991, 47.660589911000045], [-3.2241918609999516, 47.65639883000006], [-3.231597459999932, 47.66034577000005], [-3.262074347999942, 47.68374258000006], [-3.2875870429999168, 47.688666083000044], [-3.3315323559999115, 47.69672272300005], [-3.3582657539999445, 47.697333075000074], [-3.340199347999942, 47.70229726800005], [-3.322417772999927, 47.70099518400008], [-3.2826228509999282, 47.69114817900004], [-3.2826228509999282, 47.697333075000074], [-3.298451300999943, 47.70384349200003], [-3.3162735669999392, 47.70807526200008], [-3.3582657539999445, 47.711004950000074], [-3.3582657539999445, 47.718451239000046], [-3.349354620999918, 47.71906159100007], [-3.3451228509999282, 47.72125885600008], [-3.34398352799991, 47.726263739000046], [-3.34398352799991, 47.735541083000044], [-3.340565558999913, 47.739488023000035], [-3.3235570949999556, 47.73773834800005], [-3.317290818999936, 47.73895905200004], [-3.304432745999918, 47.76113515800006], [-3.2953995429999168, 47.77301666900007], [-3.2826228509999282, 47.77993398600006], [-3.2826228509999282, 47.78733958500004], [-3.304351365999935, 47.77008698100008], [-3.331776495999918, 47.75250885600008], [-3.3621720039999445, 47.74042389500005], [-3.383168097999942, 47.73704661700003], [-3.3754776679999168, 47.734035549000055], [-3.369252081999946, 47.729803778000075], [-3.3644913399999155, 47.724676825000074], [-3.3644913399999155, 47.718451239000046], [-3.446441209999932, 47.70457591400009], [-3.460682745999918, 47.70758698100008], [-3.464995897999927, 47.71303945500006], [-3.494862433999913, 47.73895905200004], [-3.5091853509999282, 47.759426174000055], [-3.520253058999913, 47.76813385600008], [-3.524484829999949, 47.77244700700004], [-3.528309699999909, 47.77993398600006], [-3.53929602799991, 47.77374909100007], [-3.555653449999909, 47.77399323100008], [-3.590972459999932, 47.77993398600006], [-3.616851365999935, 47.77912018400008], [-3.625152147999927, 47.77993398600006], [-3.63304602799991, 47.78302643400008], [-3.6443985669999392, 47.79173411700003], [-3.649037238999938, 47.79360586100006], [-3.6869197259999282, 47.792303778000075], [-3.7061661449999406, 47.796942450000074], [-3.714588995999918, 47.810614325000074], [-3.7232152989999463, 47.813381252000056], [-3.775380011999914, 47.79360586100006], [-3.7899063789999445, 47.80320872600004], [-3.8111873039999296, 47.80292389500005], [-3.8335668609999516, 47.79975006700005], [-3.851714647999927, 47.80101146000004], [-3.8530981109999516, 47.804348049000055], [-3.872222459999932, 47.82831452000005], [-3.8792211579999503, 47.83356354400007], [-3.886463995999918, 47.83746979400007], [-3.8899633449999556, 47.843451239000046], [-3.8858536449999406, 47.85504791900007], [-3.894520636999914, 47.85529205900008], [-3.9007869129999335, 47.857123114000046], [-3.9131973949999406, 47.86245351800005], [-3.9163305329999503, 47.87335846600007], [-3.9351293609999516, 47.887884833000044], [-3.961822068999936, 47.89996979400007], [-3.988270636999914, 47.90346914300005], [-3.979237433999913, 47.88300202000005], [-3.986480272999927, 47.86790599200003], [-4.008900519999941, 47.851263739000046], [-4.029204881999931, 47.85504791900007], [-4.019154425999943, 47.85447825700004], [-4.0112198559999115, 47.85594310100004], [-4.005441860999952, 47.86050039300005], [-4.001942511999914, 47.86928945500006], [-4.0140681629999335, 47.86627838700008], [-4.024037238999938, 47.86595286700003], [-4.03156490799995, 47.863714911000045], [-4.036691860999952, 47.85504791900007], [-4.064930792999917, 47.870794989000046], [-4.078236456999946, 47.87441640800006], [-4.0943904289999296, 47.87547435100004], [-4.106556769999941, 47.880113023000035], [-4.119292772999927, 47.891913153000075], [-4.12913977799991, 47.90761953300006], [-4.132191535999937, 47.923895575000074], [-4.142730272999927, 47.91201406500005], [-4.136830206999946, 47.896918036000045], [-4.12336178299995, 47.883246161000045], [-4.111195441999939, 47.87547435100004], [-4.111195441999939, 47.86928945500006], [-4.123768683999913, 47.86859772300005], [-4.133615688999953, 47.86619700700004], [-4.142648891999954, 47.861761786000045], [-4.1527400379999335, 47.85504791900007], [-4.171620245999918, 47.877020575000074], [-4.185617641999954, 47.87441640800006], [-4.188465949999909, 47.86212799700007], [-4.173898891999954, 47.85504791900007], [-4.176665818999936, 47.851263739000046], [-4.180043097999942, 47.84821198100008], [-4.180043097999942, 47.84198639500005], [-4.1527400379999335, 47.84198639500005], [-4.1527400379999335, 47.83445872600004], [-4.185210740999935, 47.813381252000056], [-4.200550910999937, 47.80719635600008], [-4.225168423999946, 47.802435614000046], [-4.371815558999913, 47.80719635600008], [-4.371245897999927, 47.81476471600007], [-4.3734431629999335, 47.82868073100008], [-4.371815558999913, 47.83445872600004], [-4.36546790299991, 47.837103583000044], [-4.356068488999938, 47.83706289300005], [-4.347645636999914, 47.838324286000045], [-4.343861456999946, 47.84511953300006], [-4.347320115999935, 47.862941799000055], [-4.362212693999936, 47.88857656500005], [-4.371978318999936, 47.91583893400008], [-4.38695227799991, 47.93406810100004], [-4.434641079999949, 47.97565338700008], [-4.523264126999948, 48.022691148000035], [-4.533273891999954, 48.02631256700005], [-4.546701626999948, 48.020738023000035], [-4.5589900379999335, 48.01068756700005], [-4.572010870999918, 48.005926825000074], [-4.6019587879999335, 48.02558014500005], [-4.619211391999954, 48.02765534100007], [-4.6529841789999296, 48.02631256700005], [-4.728138800999943, 48.04059479400007], [-4.721506313999953, 48.044134833000044], [-4.716460740999935, 48.05023834800005], [-4.712269660999937, 48.05658600500004], [-4.706206834999932, 48.06391022300005], [-4.705555792999917, 48.06745026200008], [-4.704253709999932, 48.07123444200005], [-4.700795050999943, 48.07477448100008], [-4.697417772999927, 48.07489655200004], [-4.689523891999954, 48.06883372600004], [-4.683705206999946, 48.06732819200005], [-4.361927863999938, 48.11570872600004], [-4.304758266999954, 48.10407135600008], [-4.2899063789999445, 48.10822174700007], [-4.28538977799991, 48.11538320500006], [-4.27570553299995, 48.14362213700008], [-4.280181443999936, 48.15493398600006], [-4.294341600999928, 48.16705963700008], [-4.297352667999917, 48.17405833500004], [-4.302357550999943, 48.19635651200008], [-4.315825975999928, 48.205511786000045], [-4.358225063999953, 48.21185944200005], [-4.366118943999936, 48.21515534100007], [-4.372425910999937, 48.220038153000075], [-4.376861131999931, 48.22597890800006], [-4.379261847999942, 48.23236725500004], [-4.404367641999954, 48.22614166900007], [-4.457630988999938, 48.24896881700005], [-4.485463019999941, 48.242621161000045], [-4.499989386999914, 48.22492096600007], [-4.51398678299995, 48.20209381700005], [-4.5316462879999335, 48.18309153900009], [-4.5574845039999445, 48.17719147300005], [-4.548736131999931, 48.198431708000044], [-4.543771938999953, 48.205064195000034], [-4.555043097999942, 48.21653880400004], [-4.5611873039999296, 48.225043036000045], [-4.563628709999932, 48.23236725500004], [-4.558664516999954, 48.244208075000074], [-4.550933397999927, 48.24860260600008], [-4.54718990799995, 48.25259023600006], [-4.554066535999937, 48.26276276200008], [-4.566273566999939, 48.264878648000035], [-4.626332160999937, 48.26654694200005], [-4.6236873039999296, 48.277044989000046], [-4.626332160999937, 48.28705475500004], [-4.615386522999927, 48.291083075000074], [-4.607085740999935, 48.29059479400007], [-4.598784959999932, 48.288397528000075], [-4.587880011999914, 48.28705475500004], [-4.575184699999909, 48.29002513200004], [-4.5729060539999296, 48.29682038000004], [-4.5755102199999556, 48.30385976800005], [-4.577259894999941, 48.307521877000056], [-4.559478318999936, 48.33869049700007], [-4.546701626999948, 48.34682851800005], [-4.5301407539999445, 48.34162018400008], [-4.54320227799991, 48.304673570000034], [-4.515533006999931, 48.29584381700005], [-4.426503058999913, 48.300034898000035], [-4.416371222999942, 48.29661692900004], [-4.4096573559999115, 48.292303778000075], [-4.401966925999943, 48.28856028900009], [-4.38898678299995, 48.28705475500004], [-4.376861131999931, 48.28778717700004], [-4.329701300999943, 48.29702383000006], [-4.262603318999936, 48.300034898000035], [-4.268950975999928, 48.29584381700005], [-4.275217251999948, 48.29401276200008], [-4.2899063789999445, 48.293850002000056], [-4.269357876999948, 48.288397528000075], [-4.187489386999914, 48.300034898000035], [-4.187489386999914, 48.307521877000056], [-4.218820766999954, 48.30605703300006], [-4.230539516999954, 48.309881903000075], [-4.234730597999942, 48.32172272300005], [-4.243967251999948, 48.31391022300005], [-4.257720506999931, 48.31134674700007], [-4.2701716789999296, 48.31468333500004], [-4.27570553299995, 48.32485586100006], [-4.281971808999913, 48.32367584800005], [-4.324696417999917, 48.32172272300005], [-4.316314256999931, 48.33079661700003], [-4.312082485999952, 48.33307526200008], [-4.303618943999936, 48.33539459800005], [-4.3031306629999335, 48.33958567900004], [-4.298491990999935, 48.343817450000074], [-4.288685675999943, 48.348537502000056], [-4.269398566999939, 48.36273834800005], [-4.286284959999932, 48.362534898000035], [-4.3089900379999335, 48.351548570000034], [-4.324696417999917, 48.34845612200007], [-4.324696417999917, 48.35529205900008], [-4.317290818999936, 48.35529205900008], [-4.317290818999936, 48.36273834800005], [-4.324696417999917, 48.36273834800005], [-4.327788865999935, 48.357855536000045], [-4.334055141999954, 48.352728583000044], [-4.337717251999948, 48.34845612200007], [-4.352609829999949, 48.352728583000044], [-4.384185350999928, 48.33812083500004], [-4.406605597999942, 48.33539459800005], [-4.4037979809999115, 48.339178778000075], [-4.402821417999917, 48.33958567900004], [-4.399159308999913, 48.34162018400008], [-4.406605597999942, 48.34845612200007], [-4.415028449999909, 48.34292226800005], [-4.426503058999913, 48.33885325700004], [-4.439930792999917, 48.336371161000045], [-4.453724738999938, 48.33539459800005], [-4.453724738999938, 48.34162018400008], [-4.396595831999946, 48.38776276200008], [-4.385568813999953, 48.393744208000044], [-4.2899063789999445, 48.43158600500004], [-4.307728644999941, 48.42804596600007], [-4.339019334999932, 48.416083075000074], [-4.358957485999952, 48.41111888200004], [-4.426503058999913, 48.40371328300006], [-4.457508917999917, 48.39484284100007], [-4.520619269999941, 48.36831289300005], [-4.5695694649999155, 48.36029694200005], [-4.599354620999918, 48.35016510600008], [-4.618885870999918, 48.34845612200007], [-4.636341925999943, 48.35114166900007], [-4.6711319649999155, 48.360581773000035], [-4.690541144999941, 48.36273834800005], [-4.694081183999913, 48.359442450000074], [-4.694081183999913, 48.35219961100006], [-4.695668097999942, 48.344956773000035], [-4.704497850999928, 48.34162018400008], [-4.754994269999941, 48.34198639500005], [-4.768381313999953, 48.345404364000046], [-4.777170376999948, 48.35561758000006], [-4.783355272999927, 48.37641022300005], [-4.764759894999941, 48.37763092700004], [-4.766346808999913, 48.39044830900008], [-4.783355272999927, 48.41738515800006], [-4.784901495999918, 48.43618398600006], [-4.779855923999946, 48.45490143400008], [-4.768055792999917, 48.46865469000005], [-4.7492569649999155, 48.47260163000004], [-4.7492569649999155, 48.47882721600007], [-4.7746475899999155, 48.49127838700008], [-4.764556443999936, 48.52020905200004], [-4.739898240999935, 48.55072663000004], [-4.7219945949999556, 48.56818268400008], [-4.7115779289999296, 48.563666083000044], [-4.700795050999943, 48.56073639500005], [-4.7082413399999155, 48.56818268400008], [-4.692290818999936, 48.575506903000075], [-4.673451300999943, 48.57957591400009], [-4.642486131999931, 48.58185455900008], [-4.623036261999914, 48.578192450000074], [-4.589833136999914, 48.565741278000075], [-4.577259894999941, 48.56818268400008], [-4.600493943999936, 48.58934153900009], [-4.60773678299995, 48.60301341400009], [-4.594634568999936, 48.60911692900004], [-4.548817511999914, 48.601223049000055], [-4.5301407539999445, 48.60171133000006], [-4.5574845039999445, 48.60911692900004], [-4.554432745999918, 48.61322663000004], [-4.552601691999939, 48.616522528000075], [-4.554798956999946, 48.61969635600008], [-4.563628709999932, 48.62343984600005], [-4.563628709999932, 48.62962474200003], [-4.485463019999941, 48.62962474200003], [-4.462880011999914, 48.63231028900009], [-4.429798956999946, 48.64280833500004], [-4.406605597999942, 48.64325592700004], [-4.420399542999917, 48.648871161000045], [-4.426503058999913, 48.650091864000046], [-4.426503058999913, 48.657538153000075], [-4.398060675999943, 48.66095612200007], [-4.370228644999941, 48.67182038000004], [-4.3432511059999115, 48.67885976800005], [-4.317290818999936, 48.67804596600007], [-4.29914303299995, 48.66364166900007], [-4.306507941999939, 48.64154694200005], [-4.283111131999931, 48.64325592700004], [-4.2525935539999296, 48.655462958000044], [-4.242054816999939, 48.657538153000075], [-4.2298070949999556, 48.655951239000046], [-4.207142706999946, 48.64996979400007], [-4.1937556629999335, 48.650091864000046], [-4.1937556629999335, 48.657538153000075], [-4.213002081999946, 48.66120026200008], [-4.207753058999913, 48.67137278900009], [-4.190581834999932, 48.68305084800005], [-4.173898891999954, 48.691107489000046], [-4.154652472999942, 48.69623444200005], [-4.131459113999938, 48.69916413000004], [-4.1087133449999556, 48.698146877000056], [-4.0906876289999445, 48.691107489000046], [-4.084787563999953, 48.69717031500005], [-4.079253709999932, 48.696926174000055], [-4.074330206999946, 48.692287502000056], [-4.070220506999931, 48.684881903000075], [-4.064035610999952, 48.684881903000075], [-4.057362433999913, 48.68960195500006], [-4.053293423999946, 48.69554271000004], [-4.052642381999931, 48.70307038000004], [-4.056548631999931, 48.712144273000035], [-4.042713995999918, 48.71393463700008], [-4.0305069649999155, 48.71702708500004], [-4.009348110999952, 48.725816148000035], [-3.9739884109999366, 48.73281484600005], [-3.967762824999909, 48.72955963700008], [-3.9702856109999516, 48.720038153000075], [-3.9738663399999155, 48.71279531500005], [-3.9727270169999542, 48.70770905200004], [-3.9610082669999542, 48.704738674000055], [-3.9610082669999542, 48.698553778000075], [-3.967762824999909, 48.698553778000075], [-3.967762824999909, 48.691107489000046], [-3.957753058999913, 48.686835028000075], [-3.9510391919999392, 48.679388739000046], [-3.9495336579999503, 48.66933828300006], [-3.954741990999935, 48.657538153000075], [-3.926584438999953, 48.67617422100005], [-3.9119360019999476, 48.68121979400007], [-3.8919978509999282, 48.67804596600007], [-3.901966925999943, 48.67202383000006], [-3.9063207669999542, 48.67059967700004], [-3.9063207669999542, 48.66437409100007], [-3.894195115999935, 48.653550523000035], [-3.8646541009999282, 48.64101797100005], [-3.851714647999927, 48.62962474200003], [-3.8443090489999463, 48.63646067900004], [-3.851714647999927, 48.64325592700004], [-3.8443090489999463, 48.650091864000046], [-3.8489477199999556, 48.656317450000074], [-3.852447068999936, 48.66453685100004], [-3.8578995429999168, 48.684881903000075], [-3.851714647999927, 48.684881903000075], [-3.8485001289999445, 48.679022528000075], [-3.845448370999918, 48.67601146000004], [-3.8374731109999516, 48.67059967700004], [-3.84007727799991, 48.68805573100008], [-3.8371475899999155, 48.70726146000004], [-3.829253709999932, 48.718451239000046], [-3.8169652989999463, 48.712144273000035], [-3.812652147999927, 48.71674225500004], [-3.810454881999931, 48.72150299700007], [-3.8098038399999155, 48.72695547100005], [-3.8101293609999516, 48.73322174700007], [-3.79710852799991, 48.72117747600004], [-3.7784317699999406, 48.71735260600008], [-3.7319229809999115, 48.71898021000004], [-3.720855272999927, 48.716009833000044], [-3.697865363999938, 48.702337958000044], [-3.6866348949999406, 48.698553778000075], [-3.673817511999914, 48.69822825700004], [-3.6381729809999115, 48.704738674000055], [-3.6385391919999392, 48.68781159100007], [-3.614003058999913, 48.68268463700008], [-3.584787563999953, 48.682806708000044], [-3.57054602799991, 48.68797435100004], [-3.5804744129999335, 48.71108633000006], [-3.5845434239999463, 48.72638580900008], [-3.5804744129999335, 48.73322174700007], [-3.528309699999909, 48.739488023000035], [-3.5428360669999392, 48.74567291900007], [-3.5773819649999155, 48.77423737200007], [-3.5815323559999115, 48.79059479400007], [-3.5714005199999406, 48.79905833500004], [-3.542591925999943, 48.807806708000044], [-3.5208634109999366, 48.833644924000055], [-3.515288865999935, 48.84194570500006], [-3.5091853509999282, 48.84194570500006], [-3.4998266269999476, 48.83698151200008], [-3.4681290359999366, 48.83567942900004], [-3.433583136999914, 48.82221100500004], [-3.4197485019999476, 48.82143789300005], [-3.425404425999943, 48.818426825000074], [-3.428089972999942, 48.815741278000075], [-3.42992102799991, 48.81244538000004], [-3.433338995999918, 48.807806708000044], [-3.409901495999918, 48.80654531500005], [-3.397613084999932, 48.80731842700004], [-3.3887426419999542, 48.81118398600006], [-3.378651495999918, 48.81932200700004], [-3.371815558999913, 48.82249583500004], [-3.287464972999942, 48.843451239000046], [-3.2757869129999335, 48.84935130400004], [-3.2689509759999282, 48.84935130400004], [-3.259510870999918, 48.847723700000074], [-3.2297257149999155, 48.872259833000044], [-3.213612433999913, 48.86981842700004], [-3.207142706999946, 48.85541413000004], [-3.207753058999913, 48.835923570000034], [-3.214955206999946, 48.81785716400009], [-3.2278946609999366, 48.807806708000044], [-3.22679602799991, 48.80329010600008], [-3.225575324999909, 48.800482489000046], [-3.2205297519999476, 48.794134833000044], [-3.2168676419999542, 48.80678945500006], [-3.208729620999918, 48.81635163000004], [-3.1788223949999406, 48.841009833000044], [-3.154204881999931, 48.85492584800005], [-3.1453751289999445, 48.86237213700008], [-3.13499915299991, 48.85919830900008], [-3.1164444649999155, 48.87409088700008], [-3.10374915299991, 48.876654364000046], [-3.091460740999935, 48.87128327000005], [-3.084339972999942, 48.862209377000056], [-3.083729620999918, 48.85171133000006], [-3.090728318999936, 48.84194570500006], [-3.090728318999936, 48.83567942900004], [-3.077056443999936, 48.82827383000006], [-3.0846248039999296, 48.82013580900008], [-3.0975235669999392, 48.794134833000044], [-3.1040746739999463, 48.78620026200008], [-3.1254776679999168, 48.76740143400008], [-3.1254776679999168, 48.75995514500005], [-3.1180313789999445, 48.75995514500005], [-3.085031704999949, 48.80499909100007], [-3.065500454999949, 48.82396067900004], [-3.049183722999942, 48.82143789300005], [-3.03929602799991, 48.82697174700007], [-3.0287166009999282, 48.82880280200004], [-3.0182185539999296, 48.82697174700007], [-3.008168097999942, 48.82143789300005], [-3.0156957669999542, 48.81460195500006], [-3.0117895169999542, 48.813666083000044], [-3.009388800999943, 48.813706773000035], [-3.0083715489999463, 48.812486070000034], [-3.008168097999942, 48.807806708000044], [-3.01781165299991, 48.805853583000044], [-3.025502081999946, 48.80292389500005], [-3.0423884759999282, 48.794134833000044], [-3.0423884759999282, 48.78790924700007], [-3.029286261999914, 48.780462958000044], [-3.003651495999918, 48.773871161000045], [-2.9529516269999476, 48.77228424700007], [-2.9330948559999115, 48.76740143400008], [-2.9344376289999445, 48.759100653000075], [-2.934396938999953, 48.75307851800005], [-2.9330948559999115, 48.74632396000004], [-2.9427384109999366, 48.74091217700004], [-2.9466853509999282, 48.739488023000035], [-2.9466853509999282, 48.73322174700007], [-2.9320369129999335, 48.72695547100005], [-2.913970506999931, 48.716498114000046], [-2.89867102799991, 48.704779364000046], [-2.8920792309999115, 48.69476959800005], [-2.826975063999953, 48.657538153000075], [-2.8170466789999296, 48.62767161700003], [-2.8129776679999168, 48.61969635600008], [-2.811431443999936, 48.614569403000075], [-2.814361131999931, 48.60993073100008], [-2.816395636999914, 48.60492584800005], [-2.8129776679999168, 48.59857819200005], [-2.8080134759999282, 48.59560781500005], [-2.795033331999946, 48.59125397300005], [-2.7710668609999516, 48.57916901200008], [-2.714019334999932, 48.56073639500005], [-2.716949022999927, 48.55170319200005], [-2.7210180329999503, 48.544623114000046], [-2.726673956999946, 48.53896719000005], [-2.734486456999946, 48.53400299700007], [-2.7227270169999542, 48.533636786000045], [-2.71312415299991, 48.53009674700007], [-2.704701300999943, 48.52415599200003], [-2.696278449999909, 48.51666901200008], [-2.682362433999913, 48.509019273000035], [-2.679676886999914, 48.51837799700007], [-2.6802465489999463, 48.53278229400007], [-2.676136847999942, 48.540228583000044], [-2.636341925999943, 48.53880442900004], [-2.620025193999936, 48.54360586100006], [-2.6006973949999406, 48.55760325700004], [-2.577056443999936, 48.582464911000045], [-2.569406704999949, 48.58869049700007], [-2.55882727799991, 48.59414297100005], [-2.5410863919999542, 48.598089911000045], [-2.473622199999909, 48.62596263200004], [-2.4595434239999463, 48.63646067900004], [-2.4595434239999463, 48.64325592700004], [-2.4680069649999155, 48.64394765800006], [-2.487456834999932, 48.650091864000046], [-2.4428604809999115, 48.659084377000056], [-2.421050584999932, 48.65696849200003], [-2.412261522999927, 48.64325592700004], [-2.3862198559999115, 48.650091864000046], [-2.356068488999938, 48.663275458000044], [-2.329986131999931, 48.68036530200004], [-2.316070115999935, 48.698553778000075], [-2.312489386999914, 48.68695709800005], [-2.3053279289999296, 48.67963288000004], [-2.2952367829999503, 48.67658112200007], [-2.281971808999913, 48.67804596600007], [-2.281971808999913, 48.67059967700004], [-2.289418097999942, 48.66657135600008], [-2.293771938999953, 48.661363023000035], [-2.297474738999938, 48.65570709800005], [-2.302398240999935, 48.650091864000046], [-2.33031165299991, 48.62962474200003], [-2.312652147999927, 48.62018463700008], [-2.294016079999949, 48.628607489000046], [-2.273589647999927, 48.642645575000074], [-2.250965949999909, 48.650091864000046], [-2.246205206999946, 48.64472077000005], [-2.2407120429999168, 48.62132396000004], [-2.237294074999909, 48.61591217700004], [-2.2259415359999366, 48.61237213700008], [-2.2192276679999168, 48.60366445500006], [-2.2156876289999445, 48.59243398600006], [-2.213693813999953, 48.58185455900008], [-2.202788865999935, 48.58588288000004], [-2.19554602799991, 48.593451239000046], [-2.192128058999913, 48.60374583500004], [-2.1926163399999155, 48.61591217700004], [-2.188384568999936, 48.60130442900004], [-2.1829727859999366, 48.588771877000056], [-2.17406165299991, 48.58295319200005], [-2.159087693999936, 48.58869049700007], [-2.159087693999936, 48.59544505400004], [-2.1631973949999406, 48.59650299700007], [-2.17210852799991, 48.60171133000006], [-2.161040818999936, 48.61302317900004], [-2.149322068999936, 48.61888255400004], [-2.1370336579999503, 48.61798737200007], [-2.1243383449999556, 48.60911692900004], [-2.1312556629999335, 48.615301825000074], [-2.136626756999931, 48.62213776200008], [-2.1448461579999503, 48.63646067900004], [-2.100209113999938, 48.646918036000045], [-2.052357550999943, 48.650091864000046], [-2.049794074999909, 48.64557526200008], [-2.0287166009999282, 48.61969635600008], [-2.027088995999918, 48.60895416900007], [-2.0220434239999463, 48.598944403000075], [-2.0132543609999516, 48.59162018400008], [-2.000884568999936, 48.58869049700007], [-2.0051163399999155, 48.57884349200003], [-2.0082901679999168, 48.57501862200007], [-1.9824926419999542, 48.54897695500006], [-1.9763891269999476, 48.53563060100004], [-1.9802953769999476, 48.51357656500005], [-1.970448370999918, 48.520697333000044], [-1.9393611319999309, 48.53400299700007], [-1.9672745429999168, 48.54706452000005], [-1.9619034499999088, 48.55491771000004], [-1.9766332669999542, 48.572699286000045], [-1.9802953769999476, 48.58869049700007], [-1.9735001289999445, 48.58869049700007], [-1.9693904289999296, 48.58417389500005], [-1.9651586579999503, 48.58120351800005], [-1.9529516269999476, 48.57501862200007], [-1.9603572259999282, 48.58661530200004], [-1.9693904289999296, 48.59275950700004], [-1.9798070949999556, 48.59511953300006], [-1.9911189439999362, 48.59544505400004], [-2.0004776679999168, 48.60130442900004], [-2.0190323559999115, 48.63104889500005], [-2.0287166009999282, 48.64325592700004], [-2.025542772999927, 48.65131256700005], [-2.0181371739999463, 48.66034577000005], [-2.006581183999913, 48.667629299000055], [-1.9911189439999362, 48.67059967700004], [-1.9877009759999282, 48.67377350500004], [-1.9877009759999282, 48.680853583000044], [-1.9859106109999516, 48.68789297100005], [-1.9769587879999335, 48.691107489000046], [-1.9393611319999309, 48.691107489000046], [-1.9456274079999503, 48.698553778000075], [-1.8437393869999141, 48.712144273000035], [-1.8466690749999088, 48.70783112200007], [-1.8469132149999155, 48.70343659100007], [-1.8435766269999476, 48.698146877000056], [-1.8363337879999335, 48.691107489000046], [-1.8611954419999392, 48.66421133000006], [-1.8609513009999432, 48.64085521000004], [-1.8382055329999503, 48.62376536700003], [-1.7960098949999406, 48.61591217700004], [-1.722808397999927, 48.615301825000074], [-1.6439509759999282, 48.62343984600005], [-1.5956925119999141, 48.64093659100007], [-1.5896703769999476, 48.641791083000044], [-1.5797013009999432, 48.64325592700004], [-1.5005590489999463, 48.63646067900004], [-1.3931371739999463, 48.652411200000074], [-1.3565567699999406, 48.64325592700004], [-1.3723038399999155, 48.660589911000045], [-1.3946020169999542, 48.66828034100007], [-1.4328507149999155, 48.67059967700004], [-1.4330134759999282, 48.66828034100007], [-1.4377335279999102, 48.66445547100005], [-1.4432673819999309, 48.66282786700003], [-1.4459529289999296, 48.66746653900009], [-1.4470922519999476, 48.673895575000074], [-1.4505102199999556, 48.67951080900008], [-1.4557999339999128, 48.68341705900008], [-1.4902237619999141, 48.69013092700004], [-1.5026749339999128, 48.69550202000005], [-1.507964647999927, 48.701605536000045], [-1.5164688789999445, 48.72516510600008], [-1.5536189439999362, 48.74713776200008], [-1.5620824859999516, 48.770819403000075], [-1.5625707669999542, 48.798488674000055], [-1.566761847999942, 48.82217031500005], [-1.5788468089999128, 48.83783600500004], [-1.6029353509999282, 48.84194570500006], [-1.6029353509999282, 48.84935130400004], [-1.5891007149999155, 48.853583075000074], [-1.5785212879999335, 48.862616278000075], [-1.5718481109999516, 48.874212958000044], [-1.5637100899999155, 48.92210521000004], [-1.5570369129999335, 48.93231842700004], [-1.5484106109999516, 48.923814195000034], [-1.5427953769999476, 48.935248114000046], [-1.5419815749999088, 48.94407786700003], [-1.547027147999927, 48.94969310100004], [-1.5589900379999335, 48.95180898600006], [-1.5630590489999463, 48.95758698100008], [-1.5522354809999115, 49.01544830900008], [-1.5457657539999445, 49.03034088700008], [-1.5323380199999406, 49.035142320000034], [-1.507964647999927, 49.02753327000005], [-1.507964647999927, 49.03367747600004], [-1.5272517569999309, 49.03978099200003], [-1.5497126939999362, 49.03978099200003], [-1.5684301419999542, 49.03266022300005], [-1.576324022999927, 49.017279364000046], [-1.5794571609999366, 49.01316966400009], [-1.586537238999938, 49.01898834800005], [-1.5935766269999476, 49.028998114000046], [-1.596750454999949, 49.03742096600007], [-1.5959366529999102, 49.06126536700003], [-1.5937393869999141, 49.071966864000046], [-1.5893448559999115, 49.082098700000074], [-1.6034236319999309, 49.083970445000034], [-1.6087540359999366, 49.091498114000046], [-1.6077367829999503, 49.102728583000044], [-1.6029353509999282, 49.11562734600005], [-1.5959366529999102, 49.12848541900007], [-1.5890193349999322, 49.13458893400008], [-1.5694880849999322, 49.14354075700004], [-1.581776495999918, 49.14984772300005], [-1.5842179029999102, 49.148423570000034], [-1.5893448559999115, 49.14354075700004], [-1.5977677069999459, 49.159369208000044], [-1.6044815749999088, 49.17820872600004], [-1.6087947259999282, 49.19782135600008], [-1.610422329999949, 49.21588776200008], [-1.6026505199999406, 49.22540924700007], [-1.5844620429999168, 49.226263739000046], [-1.5484106109999516, 49.21930573100008], [-1.5484106109999516, 49.225490627000056], [-1.5695694649999155, 49.229681708000044], [-1.5952856109999516, 49.23786041900007], [-1.6168513659999348, 49.23822663000004], [-1.6246638659999348, 49.21930573100008], [-1.6405330069999309, 49.23151276200008], [-1.6570938789999445, 49.26837799700007], [-1.6718643869999141, 49.28009674700007], [-1.6653946609999366, 49.28461334800005], [-1.6625870429999168, 49.286037502000056], [-1.6581925119999141, 49.287543036000045], [-1.6869197259999282, 49.302435614000046], [-1.6990860669999392, 49.31354401200008], [-1.7066544259999432, 49.32916901200008], [-1.6861873039999296, 49.32916901200008], [-1.6861873039999296, 49.33535390800006], [-1.6991267569999309, 49.35586172100005], [-1.7066544259999432, 49.35586172100005], [-1.7147517569999309, 49.33852773600006], [-1.7332657539999445, 49.34625885600008], [-1.7557266919999392, 49.36245351800005], [-1.7755020819999459, 49.37010325700004], [-1.7728572259999282, 49.377020575000074], [-1.7711075509999432, 49.37995026200008], [-1.7679744129999335, 49.38373444200005], [-1.7818904289999296, 49.38153717700004], [-1.795074022999927, 49.37763092700004], [-1.806792772999927, 49.37685781500005], [-1.8164770169999542, 49.38373444200005], [-1.8195694649999155, 49.39679596600007], [-1.8157852859999366, 49.430853583000044], [-1.8164770169999542, 49.44521719000005], [-1.819406704999949, 49.452053127000056], [-1.8235977859999366, 49.45848216400009], [-1.8382055329999503, 49.475816148000035], [-1.8395076159999348, 49.48065827000005], [-1.8402400379999335, 49.48582591400009], [-1.8437393869999141, 49.49359772300005], [-1.8535863919999542, 49.50429922100005], [-1.8794652989999463, 49.52496979400007], [-1.8846736319999309, 49.530910549000055], [-1.8784073559999115, 49.54486725500004], [-1.8501684239999463, 49.561712958000044], [-1.8437393869999141, 49.57184479400007], [-1.8392227859999366, 49.603176174000055], [-1.8395076159999348, 49.61977773600006], [-1.8469132149999155, 49.63393789300005], [-1.8550512359999516, 49.64508698100008], [-1.8605850899999155, 49.65477122600004], [-1.869496222999942, 49.66168854400007], [-1.9016007149999155, 49.66583893400008], [-1.9456274079999503, 49.67796458500004], [-1.937652147999927, 49.70156484600005], [-1.9395645819999459, 49.716457424000055], [-1.9352107409999348, 49.72410716400009], [-1.908355272999927, 49.72638580900008], [-1.8989965489999463, 49.724269924000055], [-1.8791397779999102, 49.714829820000034], [-1.8672989569999459, 49.71271393400008], [-1.8394262359999516, 49.71539948100008], [-1.8294571609999366, 49.71271393400008], [-1.8246150379999335, 49.70844147300005], [-1.8209529289999296, 49.69635651200008], [-1.8164770169999542, 49.69163646000004], [-1.8118383449999556, 49.690741278000075], [-1.8008927069999459, 49.69208405200004], [-1.7960098949999406, 49.69163646000004], [-1.7739965489999463, 49.686712958000044], [-1.7077530589999128, 49.68016185100004], [-1.6330460279999102, 49.66351959800005], [-1.6171768869999141, 49.66429271000004], [-1.6166886059999115, 49.66201406500005], [-1.6163630849999322, 49.65704987200007], [-1.6139216789999296, 49.65224844000005], [-1.6066788399999155, 49.650051174000055], [-1.5973201159999348, 49.65228913000004], [-1.583729620999918, 49.66205475500004], [-1.572865363999938, 49.66429271000004], [-1.5611873039999296, 49.66303131700005], [-1.5403946609999366, 49.65778229400007], [-1.5284317699999406, 49.657456773000035], [-1.511463995999918, 49.662543036000045], [-1.4959203769999476, 49.67218659100007], [-1.4701228509999282, 49.69505442900004], [-1.4557185539999296, 49.70221588700008], [-1.4094945949999556, 49.71157461100006], [-1.3912654289999296, 49.71271393400008], [-1.2711482409999348, 49.698431708000044], [-1.2630509109999366, 49.69550202000005], [-1.2591039699999556, 49.68829987200007], [-1.2541397779999102, 49.67177969000005], [-1.2322485019999476, 49.64142487200007], [-1.2277725899999155, 49.62409088700008], [-1.2533259759999282, 49.61225006700005], [-1.257557745999918, 49.602850653000075], [-1.2599991529999102, 49.593451239000046], [-1.264027472999942, 49.58926015800006], [-1.286203579999949, 49.58893463700008], [-1.2949926419999542, 49.586818752000056], [-1.3014216789999296, 49.58177317900004], [-1.3062638009999432, 49.55809153900009], [-1.2936091789999296, 49.538397528000075], [-1.2765193349999322, 49.520738023000035], [-1.2615860669999392, 49.49315013200004], [-1.185292120999918, 49.43036530200004], [-1.1756892569999309, 49.415228583000044], [-1.172230597999942, 49.39337799700007], [-1.1742244129999335, 49.38239166900007], [-1.1787003249999088, 49.37457916900007], [-1.1832576159999348, 49.36945221600007], [-1.1851700509999432, 49.366400458000044], [-1.181996222999942, 49.35618724200003], [-1.1738175119999141, 49.35700104400007], [-1.1630753249999088, 49.36151764500005], [-1.1517227859999366, 49.36269765800006], [-1.1410212879999335, 49.356675523000035], [-1.1334529289999296, 49.34951406500005], [-1.1228735019999476, 49.34544505400004], [-1.1034236319999309, 49.34902578300006], [-1.1034236319999309, 49.35586172100005], [-1.1137589179999168, 49.36579010600008], [-1.1063533189999362, 49.37946198100008], [-1.089588995999918, 49.39154694200005], [-1.0722550119999141, 49.39679596600007], [-0.9404190749999088, 49.392279364000046], [-0.8221329419999392, 49.36269765800006], [-0.6507869129999335, 49.35586172100005], [-0.6079809239999463, 49.34739817900004], [-0.5833634109999366, 49.34589264500005], [-0.5469457669999542, 49.35895416900007], [-0.5225317049999489, 49.35529205900008], [-0.47948157499990884, 49.34275950700004], [-0.41112219999990884, 49.34275950700004], [-0.39362545499994894, 49.33803945500006], [-0.3634333979999269, 49.32501862200007], [-0.3130997389999379, 49.31732819200005], [-0.2194718089999128, 49.28009674700007], [-0.1940811839999128, 49.29523346600007], [-0.033843553999929554, 49.32005442900004], [0.012868686000047092, 49.33462148600006], [0.04029381600008719, 49.35040924700007], [0.06308027400007177, 49.35447825700004], [0.07195071700004974, 49.35927969000005], [0.0959578790000819, 49.38373444200005], [0.1623641290000819, 49.41518789300005], [0.28687584700008983, 49.43362051000008], [0.4113061860000471, 49.452053127000056], [0.4572860040000819, 49.46743398600006], [0.47657311300008587, 49.47866445500006], [0.49317467500009116, 49.49359772300005], [0.4221297540000819, 49.46442291900007], [0.33961022200008983, 49.456732489000046], [0.25684655000009116, 49.464056708000044], [0.18531334700008983, 49.47996653900009], [0.16480553500008455, 49.47996653900009], [0.1473087900000678, 49.48094310100004], [0.12435957100007045, 49.48578522300005], [0.10442142000005106, 49.49359772300005], [0.0959578790000819, 49.503241278000075], [0.09278405000009116, 49.50926341400009], [0.07862389400008851, 49.51552969000005], [0.07536868600004709, 49.52407461100006], [0.07658938900004841, 49.53497955900008], [0.07968183700006648, 49.542181708000044], [0.13086998800008587, 49.603501695000034], [0.17090905000009116, 49.69163646000004], [0.18588300900006516, 49.703192450000074], [0.23585045700008322, 49.72931549700007], [0.24675540500004445, 49.72943756700005], [0.25684655000009116, 49.73590729400007], [0.38746178500008455, 49.775051174000055], [0.3976343110000471, 49.784369208000044], [0.5227970710000704, 49.83295319200005], [0.5573836600000845, 49.83978913000004], [0.5966903000000912, 49.85724518400008], [0.6748153000000912, 49.87579987200007], [0.7609155610000471, 49.875067450000074], [1.1726180350000845, 49.961004950000074], [1.1969507170000497, 49.97357819200005], [1.2212020190000885, 49.97898997600004], [1.2609969410000872, 50.007513739000046], [1.3912866550000444, 50.07518138200004], [1.4441024100000845, 50.117254950000074], [1.4558211600000845, 50.12360260600008], [1.4645288420000497, 50.132147528000075], [1.4868270190000885, 50.18504466400009], [1.5210067070000832, 50.21466705900008], [1.5553491550000444, 50.21771881700005], [1.6543074880000859, 50.18659088700008], [1.6640731130000859, 50.18707916900007], [1.6725366550000444, 50.19253164300005], [1.6725366550000444, 50.19936758000006], [1.661957227000073, 50.198919989000046], [1.6552840500000912, 50.200506903000075], [1.6500757170000497, 50.204779364000046], [1.6445418630000859, 50.21238841400009], [1.6650496750000912, 50.21238841400009], [1.6650496750000912, 50.21979401200008], [1.645681186000047, 50.220038153000075], [1.6254988940000885, 50.224310614000046], [1.6100366550000444, 50.23224518400008], [1.6035262380000859, 50.243475653000075], [1.5939233730000524, 50.256293036000045], [1.5511173840000652, 50.26968008000006], [1.5415145190000885, 50.27789948100008], [1.5431421230000524, 50.31000397300005], [1.5515242850000845, 50.34906647300005], [1.5720320970000898, 50.37567780200004], [1.5949813160000872, 50.37266673400006], [1.6103621750000912, 50.37067291900007], [1.6103621750000912, 50.37689850500004], [1.5551863940000885, 50.40477122600004], [1.5551863940000885, 50.41156647300005], [1.5734969410000872, 50.445379950000074], [1.5742293630000859, 50.49237702000005], [1.579274936000047, 50.53314850500004], [1.6103621750000912, 50.548163153000075], [1.5833439460000704, 50.57469310100004], [1.5778914720000898, 50.58860911700003], [1.5735783210000704, 50.63556549700007], [1.5631616550000444, 50.67829010600008], [1.5626733730000524, 50.69896067900004], [1.5676375660000872, 50.71674225500004], [1.5887150400000678, 50.756293036000045], [1.6001082690000885, 50.77098216400009], [1.6056421230000524, 50.79002513200004], [1.5992944670000497, 50.812933661000045], [1.583181186000047, 50.84979889500005], [1.5808211600000845, 50.863714911000045], [1.5805770190000885, 50.868801174000055], [1.6048283210000704, 50.88104889500005], [1.6134546230000524, 50.88336823100008], [1.6342879570000832, 50.88458893400008], [1.6533309250000912, 50.889105536000045], [1.670176629000082, 50.900091864000046], [1.699066602000073, 50.92560455900008], [1.7298283210000704, 50.94391510600008], [1.9213973320000832, 50.99677155200004], [1.939300977000073, 50.99445221600007], [1.9734806650000678, 51.007147528000075], [2.134043816000087, 51.019964911000045], [2.305511915000068, 51.05540599200003], [2.3160913420000497, 51.059027411000045], [2.324473504000082, 51.059881903000075], [2.3844507170000497, 51.05532461100006], [2.466075066000087, 51.068793036000045], [2.506683790000068, 51.08075592700004], [2.521494988000086, 51.08738841400009], [2.521820509000065, 51.087551174000055], [2.542002800000091, 51.096869208000044], [2.579925977000073, 51.104803778000075], [2.715668165000068, 51.16950104400007], [2.92359459700009, 51.24648672100005], [3.124847852000073, 51.32965729400007], [3.3489689460000704, 51.37514883000006], [3.349457227000073, 51.37523021000004], [3.510915561000047, 51.40794505400004], [3.525726759000065, 51.41559479400007], [3.541351759000065, 51.41673411700003], [3.604665561000047, 51.391058661000045], [3.702159050000091, 51.37360260600008], [3.734222852000073, 51.35578034100007], [3.7555444670000497, 51.35008372600004], [3.795909050000091, 51.35008372600004], [3.833994988000086, 51.34324778900009], [3.8581649100000845, 51.34544505400004], [3.9558211600000845, 51.37177155200004], [3.9692488940000885, 51.38165924700007], [3.974619988000086, 51.401597398000035], [3.98414147200009, 51.41046784100007], [4.005707227000073, 51.409816799000055], [4.02906334700009, 51.40420156500005], [4.0434676440000885, 51.398504950000074], [4.050059441000087, 51.392238674000055], [4.0612899100000845, 51.376654364000046], [4.070160352000073, 51.37055084800005], [4.081309441000087, 51.36815013200004], [4.105479363000086, 51.366115627000056], [4.115489129000082, 51.360988674000055], [4.121918165000068, 51.359361070000034], [4.156504754000082, 51.35757070500006], [4.173675977000073, 51.37372467700004], [4.180023634000065, 51.37742747600004], [4.199554884000065, 51.37604401200008], [4.221527540000068, 51.36798737200007], [4.222178582000083, 51.36774323100008], [4.241058790000068, 51.35659414300005], [4.249034050000091, 51.34666575700004], [4.256114129000082, 51.32843659100007], [4.272634311000047, 51.31582265800006], [4.29078209700009, 51.305894273000035], [4.302989129000082, 51.296087958000044], [4.306651238000086, 51.28974030200004], [4.308116082000083, 51.283636786000045], [4.3054305350000845, 51.276597398000035], [4.298675977000073, 51.269598700000074], [4.296722852000073, 51.267564195000034], [4.30836022200009, 51.27122630400004], [4.316416863000086, 51.27684153900009], [4.3308211600000845, 51.296087958000044], [4.297129754000082, 51.30516185100004], [4.289317254000082, 51.30914948100008], [4.285411004000082, 51.318019924000055], [4.286143425000091, 51.33966705900008], [4.283050977000073, 51.35008372600004], [4.275645379000082, 51.35809967700004], [4.2610783210000704, 51.36937083500004], [4.257090691000087, 51.37250397300005], [4.249034050000091, 51.38422272300005], [4.246348504000082, 51.39642975500004], [4.2468367850000845, 51.40672435100004], [4.2448836600000845, 51.414496161000045], [4.234711134000065, 51.41901276200008], [4.222992384000065, 51.409491278000075], [4.201019727000073, 51.40534088700008], [4.11109459700009, 51.40696849200003], [4.0903426440000885, 51.41128164300005], [4.070160352000073, 51.41901276200008], [4.015147332000083, 51.448919989000046], [3.9987899100000845, 51.453111070000034], [3.957041863000086, 51.45579661700003], [3.94312584700009, 51.450384833000044], [3.9134220710000704, 51.415269273000035], [3.90211022200009, 51.40493398600006], [3.886729363000086, 51.39980703300006], [3.850759311000047, 51.397365627000056], [3.837901238000086, 51.392238674000055], [3.827159050000091, 51.391058661000045], [3.816416863000086, 51.39411041900007], [3.789073113000086, 51.412176825000074], [3.728770379000082, 51.43081289300005], [3.689707879000082, 51.454291083000044], [3.6740014980000524, 51.45538971600007], [3.63257897200009, 51.44570547100005], [3.6100366550000444, 51.44505442900004], [3.5533960300000444, 51.453111070000034], [3.535411004000082, 51.45921458500004], [3.5201929050000444, 51.47337474200003], [3.506846550000091, 51.48932526200008], [3.4948022800000444, 51.50092194200005], [3.461924675000091, 51.51898834800005], [3.451019727000073, 51.529730536000045], [3.44703209700009, 51.54596588700008], [3.4575301440000885, 51.55508047100005], [3.560394727000073, 51.594631252000056], [3.8288680350000845, 51.61273834800005], [3.8510848320000832, 51.61078522300005], [3.866058790000068, 51.60541413000004], [3.8821720710000704, 51.59609609600005], [3.896494988000086, 51.58380768400008], [3.9057723320000832, 51.569240627000056], [3.8952742850000845, 51.56659577000005], [3.8782658210000704, 51.55939362200007], [3.8715926440000885, 51.555568752000056], [3.8715926440000885, 51.54938385600008], [3.9672957690000885, 51.54311758000006], [4.015879754000082, 51.53082916900007], [4.0571395190000885, 51.50836823100008], [4.070323113000086, 51.49274323100008], [4.090017123000052, 51.458238023000035], [4.1048283210000704, 51.44570547100005], [4.128754102000073, 51.44135163000004], [4.180837436000047, 51.44586823100008], [4.200450066000087, 51.439520575000074], [4.220225457000083, 51.44354889500005], [4.252777540000068, 51.44253164300005], [4.263845248000052, 51.44440338700008], [4.283213738000086, 51.447699286000045], [4.296722852000073, 51.47052643400008], [4.288584832000083, 51.49213288000004], [4.267751498000052, 51.50828685100004], [4.239756707000083, 51.51850006700005], [4.230479363000086, 51.51955801000008], [4.1946720710000704, 51.52358633000006], [4.153330925000091, 51.53506094000005], [4.137950066000087, 51.53587474200003], [4.106293165000068, 51.53351471600007], [4.091319207000083, 51.53506094000005], [4.067230665000068, 51.54401276200008], [3.988129102000073, 51.590277411000045], [4.041188998000052, 51.60602448100008], [4.0677189460000704, 51.610663153000075], [4.157237175000091, 51.60789622600004], [4.18336022200009, 51.60293203300006], [4.206879102000073, 51.59052155200004], [4.207286004000082, 51.590277411000045], [4.202647332000083, 51.60911692900004], [4.1899520190000885, 51.61668528900009], [4.186127149000072, 51.61680735900006], [4.146657748000052, 51.61786530200004], [4.135996941000087, 51.620428778000075], [4.125987175000091, 51.624701239000046], [4.118011915000068, 51.63068268400008], [4.11296634200005, 51.63939036700003], [4.1098738940000885, 51.65086497600004], [4.109629754000082, 51.66229889500005], [4.1126408210000704, 51.670803127000056], [4.1256616550000444, 51.67963288000004], [4.142914259000065, 51.68414948100008], [4.176931186000047, 51.68585846600007], [4.166351759000065, 51.692694403000075], [4.1411238940000885, 51.70392487200007], [4.071543816000087, 51.71718984600005], [4.0571395190000885, 51.73029205900008], [4.050791863000086, 51.76349518400008], [4.0339461600000845, 51.78424713700008], [4.009776238000086, 51.79791901200008], [3.981455925000091, 51.81000397300005], [3.9625757170000497, 51.801214911000045], [3.9371850920000497, 51.79633209800005], [3.911387566000087, 51.79637278900009], [3.891856316000087, 51.792954820000034], [3.8881942070000832, 51.78888580900008], [3.881114129000082, 51.78807200700004], [3.8715926440000885, 51.788275458000044], [3.862315300000091, 51.816066799000055], [3.8913680350000845, 51.82827383000006], [3.954112175000091, 51.84015534100007], [3.96265709700009, 51.847357489000046], [3.98218834700009, 51.84829336100006], [4.015635613000086, 51.84357330900008], [4.0434676440000885, 51.83421458500004], [4.0476180350000845, 51.833685614000046], [4.055023634000065, 51.83421458500004], [4.065440300000091, 51.837103583000044], [4.077647332000083, 51.84357330900008], [4.07007897200009, 51.852728583000044], [4.04460696700005, 51.87449778900009], [4.0378524100000845, 51.87791575700004], [4.032074415000068, 51.882025458000044], [4.0297957690000885, 51.88825104400007], [4.0319930350000845, 51.89606354400007], [4.036631707000083, 51.901556708000044], [4.041270379000082, 51.905503648000035], [4.0434676440000885, 51.90867747600004], [4.040212436000047, 51.92405833500004], [4.02116946700005, 51.963324286000045], [4.010020379000082, 51.980129299000055], [4.015635613000086, 51.98769765800006], [4.022471550000091, 51.99437083500004], [4.0690210300000444, 51.987941799000055], [4.107676629000082, 51.991888739000046], [4.141856316000087, 52.00560130400004], [4.284678582000083, 52.112941799000055], [4.4069116550000444, 52.22345612200007], [4.508148634000065, 52.336371161000045], [4.568614129000082, 52.44525788000004], [4.577321811000047, 52.47357819200005], [4.577321811000047, 52.48094310100004], [4.596934441000087, 52.50657786700003], [4.6393335300000444, 52.70066966400003], [4.657074415000068, 52.75018952000005], [4.65984134200005, 52.765285549000055], [4.669444207000083, 52.796576239000046], [4.7116805350000845, 52.86310455900008], [4.7213647800000444, 52.89594147300005], [4.72242272200009, 52.914496161000045], [4.726410352000073, 52.93829987200007], [4.733897332000083, 52.95888906500005], [4.7454533210000704, 52.96759674700007], [4.806976759000065, 52.961818752000056], [4.8169051440000885, 52.96759674700007], [4.824392123000052, 52.960150458000044], [4.809418165000068, 52.92959219000005], [4.8327742850000845, 52.911322333000044], [4.8737899100000845, 52.903957424000055], [4.913096550000091, 52.905585028000075], [4.935801629000082, 52.913397528000075], [4.97828209700009, 52.93569570500006], [4.999034050000091, 52.940334377000056], [5.038910352000073, 52.94350820500006], [5.078135613000086, 52.954006252000056], [5.279470248000052, 53.062933661000045], [5.294200066000087, 53.073431708000044], [5.312754754000082, 53.08283112200007], [5.358897332000083, 53.08934153900003], [5.379242384000065, 53.097357489000046], [5.3997501960000704, 53.12205638200004], [5.4270939460000704, 53.190334377000056], [5.447438998000052, 53.22089264500005], [5.482595248000052, 53.24555084800005], [5.504242384000065, 53.257025458000044], [5.541026238000086, 53.26658763200004], [5.557871941000087, 53.27802155200004], [5.573496941000087, 53.29165273600006], [5.59156334700009, 53.302801825000074], [5.6118270190000885, 53.30711497600004], [5.659678582000083, 53.31195709800005], [5.694590691000087, 53.330064195000034], [5.854746941000087, 53.368801174000055], [5.890798373000052, 53.38426341400003], [5.91374759200005, 53.38540273600006], [5.980804884000065, 53.40607330900008], [6.077321811000047, 53.40892161700003], [6.1860457690000885, 53.410996812000064], [6.2739363940000885, 53.41266510600008], [6.284353061000047, 53.41054922100005], [6.301931186000047, 53.40110911700003], [6.311534050000091, 53.39899323100008], [6.32007897200009, 53.40070221600007], [6.345550977000073, 53.41266510600008], [6.494395379000082, 53.438706773000035], [6.73023522200009, 53.460638739000046], [6.829112175000091, 53.45058828300006], [6.849782748000052, 53.44489166900007], [6.86687259200005, 53.43427155200004], [6.900563998000052, 53.35179271000004], [6.905772332000083, 53.350490627000056], [6.930023634000065, 53.34007396000004], [6.931895379000082, 53.337591864000046], [6.936696811000047, 53.33539459800005], [6.941661004000082, 53.33071523600006], [6.9485783210000704, 53.32607656500005], [6.98015384200005, 53.31976959800005], [7.0200301440000885, 53.30613841400003], [7.0377710300000444, 53.30963776200008], [7.0462345710000704, 53.30385976800005], [7.05827884200005, 53.301947333000044], [7.07007897200009, 53.303941148000035], [7.0786238940000885, 53.30963776200008], [7.085459832000083, 53.30963776200008], [7.085459832000083, 53.302801825000074], [7.0774845710000704, 53.29865143400008], [7.073496941000087, 53.29564036700003], [7.073741082000083, 53.29132721600007], [7.0786238940000885, 53.28294505400004], [7.0807397800000444, 53.266791083000044], [7.11109459700009, 53.25633372600004], [7.18336022200009, 53.24510325700004], [7.194590691000087, 53.245021877000056], [7.2044376960000704, 53.24827708500004], [7.215830925000091, 53.25560130400004], [7.224619988000086, 53.262925523000035], [7.233571811000047, 53.27362702000005], [7.2369897800000444, 53.28554922100005], [7.229502800000091, 53.296576239000046], [7.254730665000068, 53.319525458000044], [7.2683211600000845, 53.32367584800005], [7.2915145190000885, 53.323919989000046], [7.3131616550000444, 53.32050202000005], [7.347666863000086, 53.30735911700003], [7.3665470710000704, 53.302801825000074], [7.3425399100000845, 53.32404205900008], [7.302907748000052, 53.33274974200003], [7.075205925000091, 53.337591864000046], [7.038259311000047, 53.34857819200005], [7.023610873000052, 53.37641022300005], [7.023285352000073, 53.450506903000075], [7.027679884000065, 53.46735260600008], [7.047048373000052, 53.497707424000055], [7.0514429050000444, 53.512600002000056], [7.059743686000047, 53.52171458500004], [7.079356316000087, 53.521551825000074], [7.1196395190000885, 53.51630280200004], [7.125010613000086, 53.52435944200005], [7.13453209700009, 53.527411200000074], [7.141774936000047, 53.537176825000074], [7.1399845710000704, 53.54979075700004], [7.131114129000082, 53.55695221600007], [7.101898634000065, 53.565741278000075], [7.088877800000091, 53.57371653900003], [7.086761915000068, 53.58685944200005], [7.1009220710000704, 53.59788646000004], [7.133148634000065, 53.61127350500004], [7.169444207000083, 53.63548411700003], [7.188975457000083, 53.64350006700005], [7.226084832000083, 53.66648997600004], [7.305023634000065, 53.684800523000035], [7.458832227000073, 53.69513580900008], [7.469574415000068, 53.690741278000075], [7.48023522200009, 53.68203359600005], [7.503916863000086, 53.67865631700005], [7.651377800000091, 53.696966864000046], [7.951426629000082, 53.721909898000035], [8.031423373000052, 53.70807526200008], [8.031423373000052, 53.70062897300005], [8.024912957000083, 53.67255280200004], [8.052907748000052, 53.63629791900007], [8.094086134000065, 53.604722398000035], [8.127614780000044, 53.59076569200005], [8.127614780000044, 53.58462148600006], [8.119151238000086, 53.571926174000055], [8.134613477000073, 53.56745026200008], [8.156748894000089, 53.563666083000044], [8.167979363000086, 53.55320872600004], [8.164886915000068, 53.535223700000074], [8.155446811000047, 53.52602773600006], [8.133799675000091, 53.51630280200004], [8.115733269000089, 53.51072825700004], [8.076345248000052, 53.50861237200007], [8.058767123000052, 53.502020575000074], [8.076996290000068, 53.46869538000004], [8.086192254000082, 53.45612213700008], [8.099782748000052, 53.44741445500006], [8.112478061000047, 53.45107656500005], [8.123871290000068, 53.454006252000056], [8.140635613000086, 53.45359935100004], [8.152354363000086, 53.44977448100008], [8.171397332000083, 53.43659088700008], [8.178558790000068, 53.43374258000006], [8.186696811000047, 53.42951080900008], [8.194834832000083, 53.42011139500005], [8.205332879000082, 53.41071198100008], [8.219737175000091, 53.40643952000005], [8.236501498000052, 53.40672435100004], [8.248708530000044, 53.40839264500005], [8.25945071700005, 53.41229889500005], [8.271739129000082, 53.41950104400007], [8.292816602000073, 53.44049713700008], [8.315114780000044, 53.47492096600007], [8.320485873000052, 53.50922272300005], [8.291514519000089, 53.529364325000074], [8.252207879000082, 53.523098049000055], [8.231211785000085, 53.52521393400008], [8.233164910000085, 53.53986237200007], [8.241709832000083, 53.556301174000055], [8.248871290000068, 53.590277411000045], [8.257334832000083, 53.60443756700005], [8.270681186000047, 53.61286041900007], [8.287608269000089, 53.616888739000046], [8.329356316000087, 53.61810944200005], [8.348480665000068, 53.61286041900007], [8.363291863000086, 53.60057200700004], [8.375498894000089, 53.58690013200004], [8.387705925000091, 53.57713450700004], [8.428070509000065, 53.56476471600007], [8.51343834700009, 53.554754950000074], [8.55209394600007, 53.54360586100006], [8.55209394600007, 53.53620026200008], [8.528168165000068, 53.52391185100004], [8.506195509000065, 53.50796133000006], [8.49000084700009, 53.486395575000074], [8.483897332000083, 53.45734284100007], [8.485036655000044, 53.40119049700007], [8.490896030000044, 53.37645091400003], [8.504405144000089, 53.35805898600006], [8.507334832000083, 53.382798570000034], [8.496755405000044, 53.44525788000004], [8.497569207000083, 53.47475820500006], [8.512868686000047, 53.49648672100005], [8.535817905000044, 53.50617096600007], [8.556651238000086, 53.51821523600006], [8.56576582100007, 53.54669830900008], [8.560801629000082, 53.55170319200005], [8.535166863000086, 53.59076569200005], [8.527517123000052, 53.59662506700005], [8.517100457000083, 53.61017487200007], [8.508311394000089, 53.62514883000006], [8.501231316000087, 53.644191799000055], [8.487071160000085, 53.66693756700005], [8.483897332000083, 53.683579820000034], [8.48609459700009, 53.700425523000035], [8.492198113000086, 53.71515534100007], [8.529633009000065, 53.770697333000044], [8.556162957000083, 53.830959377000056], [8.573252800000091, 53.85765208500004], [8.58757571700005, 53.870428778000075], [8.60710696700005, 53.88153717700004], [8.629242384000065, 53.88939036700003], [8.651866082000083, 53.89248281500005], [8.672699415000068, 53.89158763200004], [8.684580925000091, 53.88849518400008], [8.709157748000052, 53.871975002000056], [8.744639519000089, 53.85415273600006], [8.782481316000087, 53.84247467700004], [8.86068769600007, 53.83100006700005], [8.903575066000087, 53.831732489000046], [8.97624759200005, 53.84243398600006], [9.016286655000044, 53.84052155200004], [9.035004102000073, 53.853583075000074], [9.114512566000087, 53.86513906500005], [9.193614129000082, 53.86469147300005], [9.21070397200009, 53.871975002000056], [9.22429446700005, 53.86591217700004], [9.240733269000089, 53.864162502000056], [9.274668816000087, 53.86513906500005], [9.283376498000052, 53.86163971600007], [9.305349155000044, 53.84454987200007], [9.402679884000065, 53.74241771000004], [9.442881707000083, 53.71430084800005], [9.470957879000082, 53.70062897300005], [9.484711134000065, 53.69009023600006], [9.498383009000065, 53.659857489000046], [9.567067905000044, 53.599595445000034], [9.582367384000065, 53.59129466400003], [9.60092207100007, 53.58633047100005], [9.62476647200009, 53.58462148600006], [9.637217644000089, 53.58100006700005], [9.69662519600007, 53.556626695000034], [9.764008009000065, 53.54767487200007], [9.819021030000044, 53.540350653000075], [9.832041863000086, 53.54360586100006], [9.819590691000087, 53.556626695000034], [9.782074415000068, 53.56972890800006], [9.692393425000091, 53.57591380400004], [9.655772332000083, 53.58462148600006], [9.58366946700005, 53.61245351800005], [9.550791863000086, 53.63458893400008], [9.539073113000086, 53.66648997600004], [9.536143425000091, 53.69375234600005], [9.532237175000091, 53.71116771000004], [9.522227410000085, 53.71662018400008], [9.475271030000044, 53.73216380400004], [9.460215691000087, 53.73541901200008], [9.435801629000082, 53.74868398600006], [9.412445509000065, 53.77875397300005], [9.396657748000052, 53.81102122600004], [9.395192905000044, 53.83100006700005], [9.35873457100007, 53.839544989000046], [9.295583530000044, 53.87189362200007], [9.257823113000086, 53.88556549700007], [9.22046959700009, 53.89077383000006], [9.09343509200005, 53.89248281500005], [9.055430535000085, 53.90289948100008], [9.029958530000044, 53.907131252000056], [9.018321160000085, 53.90273672100005], [9.007823113000086, 53.89248281500005], [8.984629754000082, 53.89704010600008], [8.949473504000082, 53.91290924700007], [8.916026238000086, 53.93740469000005], [8.83334394600007, 54.036444403000075], [8.871836785000085, 54.046942450000074], [8.890635613000086, 54.04779694200005], [8.914561394000089, 54.04389069200005], [8.953868035000085, 54.02830638200004], [8.975352410000085, 54.02407461100006], [8.997243686000047, 54.03021881700005], [9.004893425000091, 54.04116445500006], [9.01303144600007, 54.060980536000045], [9.018565300000091, 54.08242422100005], [9.018321160000085, 54.09788646000004], [9.006683790000068, 54.10814036700003], [8.988129102000073, 54.11786530200004], [8.974457227000073, 54.12807851800005], [8.977305535000085, 54.13947174700007], [8.977305535000085, 54.145697333000044], [8.95289147200009, 54.150091864000046], [8.917979363000086, 54.14630768400008], [8.885427280000044, 54.13703034100007], [8.867442254000082, 54.12518952000005], [8.86068769600007, 54.12518952000005], [8.83334394600007, 54.15314362200007], [8.815684441000087, 54.17560455900008], [8.812836134000065, 54.18048737200007], [8.820974155000044, 54.200506903000075], [8.836273634000065, 54.21775950700004], [8.846690300000091, 54.23354726800005], [8.83961022200009, 54.24872467700004], [8.83961022200009, 54.255560614000046], [8.851898634000065, 54.261053778000075], [8.89421634200005, 54.26821523600006], [8.91146894600007, 54.269191799000055], [8.922048373000052, 54.27423737200007], [8.937510613000086, 54.28668854400007], [8.953135613000086, 54.30255768400008], [8.963145379000082, 54.317613023000035], [8.940277540000068, 54.31500885600008], [8.902598504000082, 54.29584381700005], [8.881114129000082, 54.290269273000035], [8.883067254000082, 54.29360586100006], [8.885915561000047, 54.30072663000004], [8.887950066000087, 54.303941148000035], [8.857595248000052, 54.30182526200008], [8.805430535000085, 54.29242584800005], [8.774668816000087, 54.290269273000035], [8.738942905000044, 54.29389069200005], [8.723480665000068, 54.290269273000035], [8.690196160000085, 54.271470445000034], [8.678477410000085, 54.269191799000055], [8.651866082000083, 54.27484772300005], [8.623383009000065, 54.29010651200008], [8.602712436000047, 54.31207916900007], [8.599864129000082, 54.33808014500005], [8.614024285000085, 54.34837474200003], [8.641368035000085, 54.35565827000005], [8.672048373000052, 54.35927969000005], [8.695567254000082, 54.358587958000044], [8.695567254000082, 54.36542389500005], [8.677582227000073, 54.36790599200003], [8.66382897200009, 54.37555573100008], [8.650645379000082, 54.37799713700008], [8.634776238000086, 54.36542389500005], [8.626231316000087, 54.37641022300005], [8.629161004000082, 54.38768138200004], [8.63843834700009, 54.398138739000046], [8.648448113000086, 54.40639883000006], [8.669769727000073, 54.400824286000045], [8.750824415000068, 54.41380442900004], [8.86068769600007, 54.41380442900004], [8.88607832100007, 54.41779205900008], [8.907237175000091, 54.42552317900004], [8.949473504000082, 54.447333075000074], [8.98804772200009, 54.45844147300005], [9.004730665000068, 54.46588776200008], [9.01148522200009, 54.482123114000046], [9.011566602000073, 54.50633372600004], [8.98609459700009, 54.529282945000034], [8.904470248000052, 54.58063385600008], [8.892832879000082, 54.59125397300005], [8.887950066000087, 54.60187409100007], [8.878754102000073, 54.60651276200008], [8.858164910000085, 54.60614655200004], [8.837087436000047, 54.60268789300005], [8.82585696700005, 54.59813060100004], [8.819021030000044, 54.60561758000006], [8.85328209700009, 54.61928945500006], [8.818369988000086, 54.67365143400008], [8.805430535000085, 54.687567450000074], [8.77670332100007, 54.69798411700003], [8.722666863000086, 54.72553131700005], [8.688731316000087, 54.73529694200005], [8.688731316000087, 54.742173570000034], [8.694346550000091, 54.76023997600004], [8.68132571700005, 54.780585028000075], [8.66187584700009, 54.80060455900008], [8.648448113000086, 54.81785716400003], [8.642751498000052, 54.844183661000045], [8.647227410000085, 54.86737702000005], [8.660817905000044, 54.89630768400008], [8.668793165000068, 54.91351959800005], [8.661387566000087, 54.92031484600005], [8.674815300000091, 54.94794342700004], [8.666351759000065, 54.97333405200004], [8.650401238000086, 54.99799225500004], [8.640961134000065, 55.02338288000004], [8.644786004000082, 55.05573151200008], [8.656504754000082, 55.08250560100004], [8.670909050000091, 55.107123114000046], [8.681895379000082, 55.13320547100005], [8.57553144600007, 55.14411041900007], [8.563649936000047, 55.14337799700007], [8.55990644600007, 55.13507721600007], [8.557383660000085, 55.09638092700004], [8.551117384000065, 55.09137604400007], [8.541351759000065, 55.090277411000045], [8.528575066000087, 55.08197663000004], [8.514821811000047, 55.07078685100004], [8.49935957100007, 55.06557851800005], [8.483897332000083, 55.067613023000035], [8.470225457000083, 55.07859935100004], [8.458832227000073, 55.10346100500004], [8.460215691000087, 55.127386786000045], [8.46648196700005, 55.151597398000035], [8.470225457000083, 55.17755768400008], [8.488942905000044, 55.19717031500005], [8.530528191000087, 55.20075104400007], [8.572601759000065, 55.19367096600007], [8.593760613000086, 55.180975653000075], [8.580332879000082, 55.178941148000035], [8.569509311000047, 55.17377350500004], [8.55209394600007, 55.16054922100005], [8.555186394000089, 55.14935944200005], [8.614756707000083, 55.14435455900008], [8.66928144600007, 55.13690827000005], [8.689463738000086, 55.14158763200004], [8.68718509200005, 55.160589911000045], [8.668793165000068, 55.194647528000075], [8.65593509200005, 55.237494208000044], [8.648448113000086, 55.28025950700004], [8.650401238000086, 55.29173411700003], [8.659353061000047, 55.30581289300005], [8.661387566000087, 55.314439195000034], [8.659678582000083, 55.32721588700008], [8.648448113000086, 55.35228099200003], [8.639414910000085, 55.39740631700005], [8.632090691000087, 55.41876862200007], [8.617686394000089, 55.437933661000045], [8.592539910000085, 55.449286200000074], [8.556651238000086, 55.454291083000044], [8.49000084700009, 55.45530833500004], [8.441905144000089, 55.46393463700008], [8.401133660000085, 55.485663153000075], [8.310394727000073, 55.56268952000005], [8.311208530000044, 55.56976959800005], [8.332367384000065, 55.57200755400004], [8.332367384000065, 55.57827383000006], [8.313161655000044, 55.58270905200004], [8.290212436000047, 55.58380768400008], [8.267832879000082, 55.580511786000045], [8.250498894000089, 55.57200755400004], [8.239024285000085, 55.557928778000075], [8.242035352000073, 55.548529364000046], [8.271739129000082, 55.530462958000044], [8.262461785000085, 55.52920156500005], [8.256358269000089, 55.52680084800005], [8.243662957000083, 55.516791083000044], [8.266774936000047, 55.51439036700003], [8.293955925000091, 55.504339911000045], [8.316742384000065, 55.48940664300005], [8.326182488000086, 55.47211334800005], [8.313324415000068, 55.46930573100008], [8.193614129000082, 55.52594635600008], [8.169200066000087, 55.534084377000056], [8.110606316000087, 55.540228583000044], [8.095225457000083, 55.54905833500004], [8.094004754000082, 55.56391022300005], [8.150238477000073, 55.64923737200007], [8.169118686000047, 55.687933661000045], [8.181651238000086, 55.72907135600008], [8.18336022200009, 55.769598700000074], [8.135590040000068, 55.966009833000044], [8.130707227000073, 55.97614166900007], [8.127777540000068, 55.978216864000046], [8.126800977000073, 55.98297760600008], [8.127777540000068, 55.987616278000075], [8.130707227000073, 55.98973216400003], [8.136729363000086, 55.98859284100007], [8.139414910000085, 55.986029364000046], [8.141123894000089, 55.98346588700008], [8.144053582000083, 55.98232656500005], [8.150563998000052, 55.97703685100004], [8.17546634200005, 55.90033600500004], [8.193369988000086, 55.87384674700007], [8.195974155000044, 55.86277903900003], [8.193614129000082, 55.853216864000046], [8.183848504000082, 55.839504299000055], [8.181651238000086, 55.82835521000004], [8.185069207000083, 55.81464264500005], [8.193614129000082, 55.811835028000075], [8.238536004000082, 55.82607656500005], [8.286306186000047, 55.84747955900008], [8.308848504000082, 55.851996161000045], [8.347829623000052, 55.86933014500005], [8.387705925000091, 55.89288971600007], [8.393321160000085, 55.90916575700004], [8.386892123000052, 55.92649974200003], [8.372894727000073, 55.943426825000074], [8.356944207000083, 55.958685614000046], [8.319509311000047, 55.986029364000046], [8.319509311000047, 56.01703522300005], [8.308116082000083, 56.05292389500005], [8.282399936000047, 56.075873114000046], [8.24773196700005, 56.089829820000034], [8.170583530000044, 56.10956452000005], [8.149668816000087, 56.11115143400008], [8.140635613000086, 56.102728583000044], [8.141612175000091, 56.06000397300005], [8.139903191000087, 56.03974030200004], [8.133799675000091, 56.01703522300005], [8.137461785000085, 56.00039297100005], [8.134776238000086, 55.99396393400008], [8.120127800000091, 55.99656810100004], [8.115977410000085, 56.00185781500005], [8.111664259000065, 56.01227448100008], [8.107920769000089, 56.024318752000056], [8.103363477000073, 56.096869208000044], [8.106455925000091, 56.11945221600007], [8.13062584700009, 56.18195221600007], [8.133799675000091, 56.20547109600005], [8.12240644600007, 56.551662502000056], [8.12663821700005, 56.568426825000074], [8.133799675000091, 56.585638739000046], [8.178721550000091, 56.67206452000005], [8.19898522200009, 56.698879299000055], [8.213877800000091, 56.711818752000056], [8.219981316000087, 56.70917389500005], [8.22396894600007, 56.700425523000035], [8.233164910000085, 56.69546133000006], [8.232432488000086, 56.688381252000056], [8.209971550000091, 56.655951239000046], [8.202159050000091, 56.64704010600008], [8.202159050000091, 56.64020416900007], [8.20834394600007, 56.636786200000074], [8.215098504000082, 56.63495514500005], [8.233164910000085, 56.633978583000044], [8.236582879000082, 56.62970612200007], [8.240489129000082, 56.62006256700005], [8.24577884200005, 56.61041901200008], [8.253916863000086, 56.60610586100006], [8.294932488000086, 56.601996161000045], [8.305918816000087, 56.59780508000006], [8.291514519000089, 56.593003648000035], [8.295176629000082, 56.58380768400008], [8.292491082000083, 56.567694403000075], [8.298350457000083, 56.558294989000046], [8.307383660000085, 56.554348049000055], [8.315196160000085, 56.55687083500004], [8.31804446700005, 56.56362539300005], [8.312022332000083, 56.571966864000046], [8.312022332000083, 56.57880280200004], [8.34351647200009, 56.58454010600008], [8.392100457000083, 56.585272528000075], [8.436534050000091, 56.58022695500006], [8.455902540000068, 56.56854889500005], [8.465179884000065, 56.56688060100004], [8.514659050000091, 56.54466380400004], [8.528493686000047, 56.548163153000075], [8.541351759000065, 56.55683014500005], [8.55209394600007, 56.568019924000055], [8.559580925000091, 56.57880280200004], [8.56576582100007, 56.57880280200004], [8.596039259000065, 56.53180573100008], [8.596853061000047, 56.52415599200003], [8.593028191000087, 56.51992422100005], [8.594574415000068, 56.51048411700003], [8.601084832000083, 56.50112539300005], [8.617442254000082, 56.493801174000055], [8.636973504000082, 56.479722398000035], [8.648448113000086, 56.47573476800005], [8.665537957000083, 56.475897528000075], [8.726573113000086, 56.48322174700007], [8.733164910000085, 56.48505280200004], [8.738536004000082, 56.49005768400008], [8.742035352000073, 56.497748114000046], [8.743418816000087, 56.507066148000035], [8.743662957000083, 56.52167389500005], [8.744965040000068, 56.53156159100007], [8.750824415000068, 56.552069403000075], [8.755137566000087, 56.557806708000044], [8.760427280000044, 56.56012604400007], [8.762543165000068, 56.563381252000056], [8.75757897200009, 56.571966864000046], [8.726573113000086, 56.585638739000046], [8.71656334700009, 56.58616771000004], [8.708994988000086, 56.58856842700004], [8.70443769600007, 56.59369538000004], [8.702972852000073, 56.60236237200007], [8.698496941000087, 56.61123281500005], [8.681488477000073, 56.61627838700008], [8.681895379000082, 56.62653229400007], [8.695160352000073, 56.633246161000045], [8.740896030000044, 56.63495514500005], [8.805430535000085, 56.69546133000006], [8.820485873000052, 56.700384833000044], [8.861582879000082, 56.707464911000045], [8.916758660000085, 56.70880768400008], [8.918711785000085, 56.711004950000074], [8.894786004000082, 56.71596914300005], [8.851084832000083, 56.716782945000034], [8.840830925000091, 56.722357489000046], [8.850108269000089, 56.74017975500004], [8.864756707000083, 56.755845445000034], [8.87663821700005, 56.76430898600006], [8.908457879000082, 56.777411200000074], [8.955739780000044, 56.80296458500004], [8.97429446700005, 56.80536530200004], [8.985199415000068, 56.80414459800005], [9.00367272200009, 56.79905833500004], [9.014903191000087, 56.79783763200004], [9.026621941000087, 56.79962799700007], [9.032725457000083, 56.80377838700008], [9.037608269000089, 56.80853913000004], [9.045583530000044, 56.812201239000046], [9.063161655000044, 56.812567450000074], [9.086110873000052, 56.80841705900008], [9.105967644000089, 56.800116278000075], [9.114512566000087, 56.787990627000056], [9.12045332100007, 56.76459381700005], [9.13445071700005, 56.75071849200003], [9.150563998000052, 56.74091217700004], [9.162852410000085, 56.72964101800005], [9.176036004000082, 56.70856354400007], [9.14820397200009, 56.704738674000055], [9.11882571700005, 56.67877838700008], [9.09343509200005, 56.674994208000044], [9.09343509200005, 56.66754791900007], [9.097504102000073, 56.65843333500004], [9.086680535000085, 56.649603583000044], [9.059336785000085, 56.633978583000044], [9.049978061000047, 56.61981842700004], [9.048838738000086, 56.60716380400004], [9.052989129000082, 56.575384833000044], [9.060557488000086, 56.565741278000075], [9.076996290000068, 56.56736888200004], [9.09343509200005, 56.57807038000004], [9.10678144600007, 56.61078522300005], [9.121592644000089, 56.61302317900004], [9.139659050000091, 56.611029364000046], [9.155446811000047, 56.612941799000055], [9.149180535000085, 56.62250397300005], [9.141123894000089, 56.62604401200008], [9.131521030000044, 56.62482330900008], [9.121348504000082, 56.620347398000035], [9.128916863000086, 56.63125234600005], [9.136729363000086, 56.63906484600005], [9.143728061000047, 56.647691148000035], [9.148610873000052, 56.661322333000044], [9.155446811000047, 56.661322333000044], [9.149424675000091, 56.63886139500005], [9.17554772200009, 56.63544342700004], [9.211192254000082, 56.63886139500005], [9.233653191000087, 56.637152411000045], [9.247243686000047, 56.632025458000044], [9.262461785000085, 56.63373444200005], [9.276215040000068, 56.63296133000006], [9.285329623000052, 56.620347398000035], [9.282399936000047, 56.610541083000044], [9.25945071700005, 56.59194570500006], [9.250336134000065, 56.57880280200004], [9.261241082000083, 56.57636139500005], [9.26335696700005, 56.571966864000046], [9.264008009000065, 56.56590403900003], [9.27084394600007, 56.558294989000046], [9.28060957100007, 56.552801825000074], [9.305674675000091, 56.54466380400004], [9.309743686000047, 56.54051341400003], [9.31218509200005, 56.53510163000004], [9.316416863000086, 56.53082916900007], [9.326182488000086, 56.53034088700008], [9.340586785000085, 56.54706452000005], [9.346690300000091, 56.552069403000075], [9.360850457000083, 56.54474518400008], [9.373057488000086, 56.552720445000034], [9.37273196700005, 56.56537506700005], [9.350352410000085, 56.571966864000046], [9.319346550000091, 56.561712958000044], [9.317393425000091, 56.558661200000074], [9.312836134000065, 56.55776601800005], [9.302256707000083, 56.558294989000046], [9.293711785000085, 56.56102122600004], [9.293142123000052, 56.56679922100005], [9.296153191000087, 56.571600653000075], [9.298838738000086, 56.571966864000046], [9.300629102000073, 56.60911692900004], [9.317067905000044, 56.64109935100004], [9.326019727000073, 56.66941966400003], [9.32593834700009, 56.669623114000046], [9.305674675000091, 56.69546133000006], [9.295909050000091, 56.70156484600005], [9.29070071700005, 56.70384349200003], [9.27084394600007, 56.702337958000044], [9.230642123000052, 56.69208405200004], [9.220713738000086, 56.68427155200004], [9.199066602000073, 56.67658112200007], [9.177907748000052, 56.675848700000074], [9.169118686000047, 56.688666083000044], [9.180349155000044, 56.70075104400007], [9.226410352000073, 56.71625397300005], [9.236827019000089, 56.73305898600006], [9.242523634000065, 56.74705638200004], [9.240489129000082, 56.753973700000074], [9.215505405000044, 56.75885651200008], [9.205251498000052, 56.76382070500006], [9.196543816000087, 56.77045319200005], [9.189707879000082, 56.777411200000074], [9.184418165000068, 56.78400299700007], [9.178721550000091, 56.794134833000044], [9.174978061000047, 56.80605703300006], [9.176036004000082, 56.818426825000074], [9.181162957000083, 56.82172272300005], [9.204112175000091, 56.84162018400008], [9.20671634200005, 56.84634023600006], [9.211436394000089, 56.85150788000004], [9.21062259200005, 56.86310455900008], [9.205902540000068, 56.87457916900007], [9.199554884000065, 56.87982819200005], [9.187836134000065, 56.88117096600007], [9.178965691000087, 56.88458893400008], [9.162852410000085, 56.89411041900007], [9.181488477000073, 56.91909414300005], [9.200205925000091, 56.93891022300005], [9.22046959700009, 56.955064195000034], [9.251475457000083, 56.97256094000005], [9.258474155000044, 56.97483958500004], [9.265961134000065, 56.976223049000055], [9.274668816000087, 56.976629950000074], [9.279958530000044, 56.979803778000075], [9.285492384000065, 56.99396393400008], [9.28874759200005, 56.99713776200008], [9.437022332000083, 57.02440013200004], [9.47006269600007, 57.02383047100005], [9.586761915000068, 56.99713776200008], [9.586761915000068, 56.98969147300005], [9.57398522200009, 56.98501211100006], [9.573090040000068, 56.97882721600007], [9.580821160000085, 56.97296784100007], [9.594248894000089, 56.969183661000045], [9.607920769000089, 56.96987539300005], [9.617686394000089, 56.975043036000045], [9.654144727000073, 57.00678131700005], [9.670664910000085, 57.02484772300005], [9.688975457000083, 57.039129950000074], [9.72820071700005, 57.04706452000005], [9.761241082000083, 57.058579820000034], [9.809092644000089, 57.05174388200004], [9.91578209700009, 57.058579820000034], [9.856618686000047, 57.08869049700007], [9.826670769000089, 57.09487539300005], [9.80640709700009, 57.10423411700003], [9.795664910000085, 57.10639069200005], [9.787608269000089, 57.103949286000045], [9.752452019000089, 57.077785549000055], [9.733246290000068, 57.06679922100005], [9.711924675000091, 57.06126536700003], [9.693207227000073, 57.06915924700007], [9.67514082100007, 57.07916901200008], [9.656097852000073, 57.07636139500005], [9.621104363000086, 57.058579820000034], [9.580821160000085, 57.04930247600004], [9.493988477000073, 57.04857005400004], [9.265147332000083, 57.00340403900003], [9.245371941000087, 57.00234609600005], [9.226410352000073, 57.007025458000044], [9.114512566000087, 57.058579820000034], [9.12086022200009, 57.04539622600004], [9.112803582000083, 57.03864166900007], [9.07984459700009, 57.031236070000034], [9.055430535000085, 57.021144924000055], [9.04265384200005, 57.01772695500006], [9.025726759000065, 57.017564195000034], [9.031993035000085, 57.02383047100005], [9.014008009000065, 57.030178127000056], [8.996755405000044, 57.02806224200003], [8.979665561000047, 57.02049388200004], [8.963145379000082, 57.010199286000045], [8.94695071700005, 57.01117584800005], [8.926442905000044, 57.00014883000006], [8.909027540000068, 56.98818594000005], [8.901621941000087, 56.98627350500004], [8.893077019000089, 56.999660549000055], [8.873220248000052, 57.00482819200005], [8.850433790000068, 57.00348541900007], [8.83334394600007, 56.99713776200008], [8.847992384000065, 56.98847077000005], [8.811696811000047, 56.96987539300005], [8.762054884000065, 56.95547109600005], [8.726410352000073, 56.96124909100007], [8.702972852000073, 56.95844147300005], [8.679535352000073, 56.95254140800006], [8.668793165000068, 56.945298570000034], [8.663340691000087, 56.92593008000006], [8.649912957000083, 56.914129950000074], [8.63412519600007, 56.905178127000056], [8.621104363000086, 56.89411041900007], [8.615407748000052, 56.86562734600005], [8.614268425000091, 56.863348700000074], [8.612559441000087, 56.854681708000044], [8.607920769000089, 56.849676825000074], [8.60132897200009, 56.84552643400008], [8.569590691000087, 56.818426825000074], [8.547048373000052, 56.81732819200005], [8.536306186000047, 56.814520575000074], [8.531748894000089, 56.80878327000005], [8.524261915000068, 56.804754950000074], [8.507823113000086, 56.80109284100007], [8.491384311000047, 56.794256903000075], [8.483897332000083, 56.78115469000005], [8.492442254000082, 56.747259833000044], [8.491465691000087, 56.73139069200005], [8.476410352000073, 56.72215403900003], [8.476410352000073, 56.71596914300005], [8.516368035000085, 56.71820709800005], [8.525563998000052, 56.71596914300005], [8.533050977000073, 56.70380280200004], [8.52702884200005, 56.695298570000034], [8.514008009000065, 56.69025299700007], [8.500987175000091, 56.688666083000044], [8.489268425000091, 56.690741278000075], [8.465830925000091, 56.70014069200005], [8.45289147200009, 56.702337958000044], [8.440928582000083, 56.700384833000044], [8.420909050000091, 56.69135163000004], [8.408213738000086, 56.688666083000044], [8.408213738000086, 56.68121979400007], [8.455902540000068, 56.688666083000044], [8.470225457000083, 56.68610260600008], [8.491221550000091, 56.676988023000035], [8.500987175000091, 56.674994208000044], [8.571543816000087, 56.69196198100008], [8.586273634000065, 56.688666083000044], [8.589040561000047, 56.681341864000046], [8.586273634000065, 56.66229889500005], [8.586273634000065, 56.65387604400007], [8.60132897200009, 56.640611070000034], [8.608083530000044, 56.63104889500005], [8.593272332000083, 56.61635976800005], [8.583018425000091, 56.60932038000004], [8.569590691000087, 56.60610586100006], [8.555430535000085, 56.60488515800006], [8.54664147200009, 56.60171133000006], [8.547048373000052, 56.59747955900008], [8.559580925000091, 56.593003648000035], [8.539317254000082, 56.59275950700004], [8.51148522200009, 56.60700104400007], [8.486989780000044, 56.62531159100007], [8.476410352000073, 56.637152411000045], [8.467295769000089, 56.652044989000046], [8.444834832000083, 56.664048570000034], [8.416758660000085, 56.67206452000005], [8.391123894000089, 56.674994208000044], [8.373383009000065, 56.68024323100008], [8.352224155000044, 56.69293854400007], [8.332530144000089, 56.70840078300006], [8.319509311000047, 56.72215403900003], [8.30836022200009, 56.75820547100005], [8.302012566000087, 56.763739325000074], [8.28842207100007, 56.76634349200003], [8.260264519000089, 56.776678778000075], [8.243662957000083, 56.777411200000074], [8.258067254000082, 56.74054596600007], [8.263194207000083, 56.71893952000005], [8.260752800000091, 56.70538971600007], [8.24586022200009, 56.704006252000056], [8.238291863000086, 56.725043036000045], [8.236175977000073, 56.771185614000046], [8.247894727000073, 56.81244538000004], [8.270355665000068, 56.84324778900003], [8.449717644000089, 57.003973700000074], [8.50359134200005, 57.03465403900003], [8.586273634000065, 57.10639069200005], [8.618011915000068, 57.12287018400008], [8.653819207000083, 57.12250397300005], [8.737152540000068, 57.10639069200005], [8.783946160000085, 57.104803778000075], [8.87435957100007, 57.116115627000056], [8.914561394000089, 57.12742747600004], [8.96257571700005, 57.15656159100007], [8.980479363000086, 57.161037502000056], [9.230642123000052, 57.14109935100004], [9.321543816000087, 57.14704010600008], [9.412119988000086, 57.16543203300006], [9.49781334700009, 57.19700755400004], [9.573252800000091, 57.24290599200003], [9.78842207100007, 57.45929596600007], [9.826426629000082, 57.489935614000046], [9.895355665000068, 57.53156159100007], [9.929860873000052, 57.56745026200008], [9.94312584700009, 57.57249583500004], [9.966970248000052, 57.59137604400007], [10.01539147200009, 57.59662506700005], [10.107676629000082, 57.592962958000044], [10.197601759000065, 57.601223049000055], [10.279551629000082, 57.62091705900008], [10.350596550000091, 57.64899323100008], [10.472504102000073, 57.71698639500005], [10.539073113000086, 57.743841864000046], [10.56609134200005, 57.74945709800005], [10.596039259000065, 57.751166083000044], [10.625010613000086, 57.74750397300005], [10.648936394000089, 57.73700592700004], [10.594411655000044, 57.725897528000075], [10.542491082000083, 57.698919989000046], [10.460459832000083, 57.630560614000046], [10.430430535000085, 57.57054271000004], [10.45834394600007, 57.525458075000074], [10.508962436000047, 57.484035549000055], [10.54656009200005, 57.43528880400004], [10.517425977000073, 57.39130280200004], [10.517914259000065, 57.339178778000075], [10.539073113000086, 57.23672109600005], [10.521983269000089, 57.22174713700008], [10.470876498000052, 57.201157945000034], [10.446787957000083, 57.184881903000075], [10.41146894600007, 57.14443594000005], [10.395518425000091, 57.117254950000074], [10.384043816000087, 57.074204820000034], [10.359222852000073, 57.02610911700003], [10.347178582000083, 57.010199286000045], [10.338715040000068, 57.003241278000075], [10.330577019000089, 56.999335028000075], [10.31967207100007, 56.99750397300005], [10.272471550000091, 56.99787018400008], [10.257985873000052, 56.99583567900004], [10.239756707000083, 56.99282461100006], [10.15601647200009, 57.02383047100005], [10.094004754000082, 57.06049225500004], [10.052744988000086, 57.06972890800006], [10.019379102000073, 57.08844635600008], [9.994639519000089, 57.09271881700005], [9.974457227000073, 57.08649323100008], [9.946136915000068, 57.06118398600006], [9.926931186000047, 57.058579820000034], [9.945485873000052, 57.05731842700004], [9.96656334700009, 57.07221100500004], [9.98414147200009, 57.07904694200005], [10.001963738000086, 57.08388906500005], [10.022634311000047, 57.07908763200004], [10.121267123000052, 57.02212148600006], [10.15398196700005, 57.01325104400007], [10.192393425000091, 56.99404531500005], [10.214366082000083, 56.98969147300005], [10.295095248000052, 56.98859284100007], [10.313731316000087, 56.982855536000045], [10.285655144000089, 56.96369049700007], [10.279551629000082, 56.955511786000045], [10.27475019600007, 56.942287502000056], [10.26929772200009, 56.91502513200004], [10.265879754000082, 56.90770091400003], [10.27312259200005, 56.89134349200003], [10.284027540000068, 56.84031810100004], [10.288340691000087, 56.800116278000075], [10.295420769000089, 56.77887604400007], [10.31999759200005, 56.73647695500006], [10.328461134000065, 56.729803778000075], [10.338226759000065, 56.723944403000075], [10.340586785000085, 56.71735260600008], [10.326833530000044, 56.70856354400007], [10.318695509000065, 56.708238023000035], [10.295176629000082, 56.71430084800005], [10.28256269600007, 56.71596914300005], [10.237559441000087, 56.71596914300005], [10.221853061000047, 56.712103583000044], [10.203868035000085, 56.702337958000044], [10.187022332000083, 56.712225653000075], [10.168142123000052, 56.720038153000075], [10.146494988000086, 56.722357489000046], [10.121267123000052, 56.71596914300005], [10.09896894600007, 56.70612213700008], [10.08961022200009, 56.70404694200005], [10.073496941000087, 56.702337958000044], [10.05836022200009, 56.69822825700004], [10.027517123000052, 56.68427155200004], [9.990896030000044, 56.676947333000044], [9.945567254000082, 56.65814850500004], [9.805918816000087, 56.64704010600008], [9.805918816000087, 56.64020416900007], [9.85132897200009, 56.63572825700004], [10.001475457000083, 56.661322333000044], [10.03492272200009, 56.67283763200004], [10.049571160000085, 56.674994208000044], [10.052907748000052, 56.67715078300006], [10.053477410000085, 56.68183014500005], [10.055430535000085, 56.68650950700004], [10.062836134000065, 56.688666083000044], [10.070974155000044, 56.687486070000034], [10.084320509000065, 56.68235911700003], [10.090586785000085, 56.68121979400007], [10.10132897200009, 56.68268463700008], [10.113617384000065, 56.686712958000044], [10.123789910000085, 56.69232819200005], [10.128103061000047, 56.698879299000055], [10.134776238000086, 56.71238841400003], [10.150563998000052, 56.71442291900007], [10.18336022200009, 56.70856354400007], [10.180837436000047, 56.70490143400008], [10.175791863000086, 56.69546133000006], [10.193207227000073, 56.69358958500004], [10.24195397200009, 56.688381252000056], [10.283539259000065, 56.68976471600007], [10.31031334700009, 56.698879299000055], [10.334239129000082, 56.70384349200003], [10.352793816000087, 56.68183014500005], [10.357676629000082, 56.64874909100007], [10.340342644000089, 56.620347398000035], [10.272959832000083, 56.59170156500005], [10.223317905000044, 56.560614325000074], [10.214366082000083, 56.558294989000046], [10.207286004000082, 56.52578359600005], [10.203868035000085, 56.51666901200008], [10.211436394000089, 56.50531647300005], [10.20679772200009, 56.49095286700003], [10.195485873000052, 56.47768789300005], [10.18336022200009, 56.46954987200007], [10.214121941000087, 56.47044505400004], [10.225596550000091, 56.47573476800005], [10.22437584700009, 56.51361725500004], [10.227549675000091, 56.541083075000074], [10.23764082100007, 56.554388739000046], [10.279551629000082, 56.571966864000046], [10.312673373000052, 56.59662506700005], [10.330332879000082, 56.603216864000046], [10.35092207100007, 56.59589264500005], [10.354502800000091, 56.589544989000046], [10.359873894000089, 56.56810130400004], [10.360850457000083, 56.561712958000044], [10.365244988000086, 56.55841705900008], [10.394867384000065, 56.54466380400004], [10.469899936000047, 56.52090078300006], [10.551524285000085, 56.51557038000004], [10.789073113000086, 56.536363023000035], [10.822276238000086, 56.53424713700008], [10.854991082000083, 56.52415599200003], [10.869883660000085, 56.51471588700008], [10.90211022200009, 56.48322174700007], [10.964121941000087, 56.448431708000044], [10.964121941000087, 56.44220612200007], [10.940928582000083, 56.42951080900008], [10.928477410000085, 56.40648021000004], [10.92351321700005, 56.37986888200004], [10.922618035000085, 56.35626862200007], [10.911631707000083, 56.334051825000074], [10.819590691000087, 56.260931708000044], [10.772959832000083, 56.24298737200007], [10.755381707000083, 56.22931549700007], [10.750010613000086, 56.216050523000035], [10.752614780000044, 56.18496328300006], [10.738617384000065, 56.15452708500004], [10.707041863000086, 56.15086497600004], [10.672211134000065, 56.16518789300005], [10.648936394000089, 56.188381252000056], [10.674652540000068, 56.19082265800006], [10.68523196700005, 56.19623444200005], [10.690440300000091, 56.20888906500005], [10.687673373000052, 56.22223541900007], [10.677582227000073, 56.22630442900004], [10.664561394000089, 56.22760651200008], [10.652598504000082, 56.23273346600007], [10.62859134200005, 56.237534898000035], [10.603770379000082, 56.22101471600007], [10.581228061000047, 56.199204820000034], [10.549164259000065, 56.17820872600004], [10.556162957000083, 56.15493398600006], [10.569346550000091, 56.12946198100008], [10.573741082000083, 56.112616278000075], [10.563975457000083, 56.10561758000006], [10.548024936000047, 56.101263739000046], [10.53101647200009, 56.10016510600008], [10.518565300000091, 56.102728583000044], [10.508474155000044, 56.111029364000046], [10.498545769000089, 56.130194403000075], [10.491221550000091, 56.139960028000075], [10.499196811000047, 56.14472077000005], [10.516123894000089, 56.151597398000035], [10.525401238000086, 56.153631903000075], [10.518239780000044, 56.16478099200003], [10.50945071700005, 56.17011139500005], [10.46810957100007, 56.177069403000075], [10.458994988000086, 56.17609284100007], [10.436696811000047, 56.16791413000004], [10.408702019000089, 56.16486237200007], [10.391449415000068, 56.17267487200007], [10.376231316000087, 56.18667226800005], [10.354665561000047, 56.202053127000056], [10.376963738000086, 56.20331452000005], [10.410411004000082, 56.21849192900004], [10.429209832000083, 56.22247955900008], [10.443369988000086, 56.21662018400008], [10.46070397200009, 56.20620351800005], [10.477793816000087, 56.202337958000044], [10.491221550000091, 56.21629466400003], [10.47429446700005, 56.23224518400008], [10.475433790000068, 56.24469635600008], [10.504730665000068, 56.277777411000045], [10.491221550000091, 56.27765534100007], [10.476817254000082, 56.280910549000055], [10.463633660000085, 56.28685130400004], [10.453623894000089, 56.29450104400007], [10.442637566000087, 56.29865143400008], [10.416758660000085, 56.291896877000056], [10.403005405000044, 56.29824453300006], [10.399261915000068, 56.284857489000046], [10.393809441000087, 56.27651601800005], [10.385020379000082, 56.27216217700004], [10.371104363000086, 56.27094147300005], [10.363780144000089, 56.26557038000004], [10.336924675000091, 56.23273346600007], [10.312510613000086, 56.21515534100007], [10.258474155000044, 56.19025299700007], [10.234222852000073, 56.17133209800005], [10.220225457000083, 56.14789459800005], [10.226898634000065, 56.133246161000045], [10.243418816000087, 56.119574286000045], [10.259043816000087, 56.09902578300006], [10.265635613000086, 56.07371653900003], [10.26148522200009, 56.05442942900004], [10.249196811000047, 56.03693268400008], [10.231130405000044, 56.01703522300005], [10.255137566000087, 56.02362702000005], [10.272715691000087, 56.02484772300005], [10.277517123000052, 56.01776764500005], [10.252452019000089, 55.98623281500005], [10.250010613000086, 55.97345612200007], [10.25163821700005, 55.94818756700005], [10.250743035000085, 55.93073151200008], [10.249278191000087, 55.923041083000044], [10.245371941000087, 55.91461823100008], [10.221364780000044, 55.896918036000045], [10.217539910000085, 55.889837958000044], [10.21265709700009, 55.889878648000035], [10.201833530000044, 55.88589101800005], [10.190196160000085, 55.87970612200007], [10.18336022200009, 55.87372467700004], [10.188324415000068, 55.871161200000074], [10.195567254000082, 55.861314195000034], [10.199392123000052, 55.85073476800005], [10.190603061000047, 55.84349192900004], [10.187347852000073, 55.83860911700003], [10.182139519000089, 55.833685614000046], [10.172699415000068, 55.83148834800005], [10.160411004000082, 55.833319403000075], [10.151052280000044, 55.83812083500004], [10.135508660000085, 55.851996161000045], [10.131032748000052, 55.85846588700008], [10.128103061000047, 55.86587148600006], [10.123789910000085, 55.87327708500004], [10.114512566000087, 55.87986888200004], [10.101817254000082, 55.88239166900007], [10.004649285000085, 55.87986888200004], [9.991709832000083, 55.87734609600005], [9.983653191000087, 55.87140534100007], [9.977386915000068, 55.864569403000075], [9.97046959700009, 55.859442450000074], [9.944509311000047, 55.853583075000074], [9.891774936000047, 55.85537344000005], [9.867442254000082, 55.851996161000045], [9.892588738000086, 55.83624909100007], [10.035655144000089, 55.818426825000074], [10.045746290000068, 55.81395091400003], [10.042165561000047, 55.80341217700004], [10.025645379000082, 55.78302643400008], [10.01734459700009, 55.76557038000004], [10.019786004000082, 55.757879950000074], [10.033702019000089, 55.75604889500005], [10.059825066000087, 55.75641510600008], [10.059825066000087, 55.74949778900003], [10.018809441000087, 55.73627350500004], [10.006846550000091, 55.725043036000045], [10.018239780000044, 55.70856354400007], [10.014496290000068, 55.70685455900008], [10.00521894600007, 55.70111725500004], [9.981700066000087, 55.709418036000045], [9.871836785000085, 55.69122955900008], [9.821787957000083, 55.67597077000005], [9.792246941000087, 55.67446523600006], [9.730967644000089, 55.68813711100006], [9.695648634000065, 55.70579661700003], [9.686534050000091, 55.70856354400007], [9.583018425000091, 55.70888906500005], [9.559580925000091, 55.71539948100008], [9.55640709700009, 55.71157461100006], [9.554535352000073, 55.70880768400008], [9.553477410000085, 55.70579661700003], [9.552744988000086, 55.70111725500004], [9.57357832100007, 55.69546133000006], [9.645518425000091, 55.69489166900007], [9.658539259000065, 55.69037506700005], [9.71029707100007, 55.660142320000034], [9.720957879000082, 55.64826080900008], [9.72820071700005, 55.63751862200007], [9.738291863000086, 55.62970612200007], [9.758148634000065, 55.626654364000046], [9.853770379000082, 55.626654364000046], [9.837412957000083, 55.615220445000034], [9.785492384000065, 55.59194570500006], [9.757660352000073, 55.571600653000075], [9.744151238000086, 55.56635163000004], [9.720876498000052, 55.56460195500006], [9.712412957000083, 55.56028880400004], [9.71062259200005, 55.55093008000006], [9.71029707100007, 55.54157135600008], [9.706879102000073, 55.53729889500005], [9.64389082100007, 55.52830638200004], [9.621104363000086, 55.51894765800006], [9.607269727000073, 55.516791083000044], [9.595225457000083, 55.51837799700007], [9.572764519000089, 55.52391185100004], [9.559580925000091, 55.52362702000005], [9.56218509200005, 55.519517320000034], [9.566416863000086, 55.516791083000044], [9.551931186000047, 55.505113023000035], [9.514903191000087, 55.49819570500006], [9.498057488000086, 55.489447333000044], [9.515635613000086, 55.48314036700003], [9.534434441000087, 55.48383209800005], [9.58366946700005, 55.49115631700005], [9.592784050000091, 55.49428945500006], [9.602386915000068, 55.495794989000046], [9.660166863000086, 55.47797272300005], [9.664235873000052, 55.46670156500005], [9.65992272200009, 55.45302969000005], [9.648936394000089, 55.441066799000055], [9.635264519000089, 55.43573639500005], [9.601410352000073, 55.43183014500005], [9.586761915000068, 55.427435614000046], [9.592051629000082, 55.41632721600007], [9.604340040000068, 55.40119049700007], [9.607920769000089, 55.39325592700004], [9.60515384200005, 55.382025458000044], [9.59929446700005, 55.37335846600007], [9.600840691000087, 55.36591217700004], [9.621104363000086, 55.35854726800005], [9.633474155000044, 55.351996161000045], [9.645274285000085, 55.34271881700005], [9.648285352000073, 55.332912502000056], [9.634613477000073, 55.32501862200007], [9.634613477000073, 55.317572333000044], [9.644867384000065, 55.31093984600005], [9.681895379000082, 55.274644273000035], [9.694183790000068, 55.27163320500006], [9.706065300000091, 55.26508209800005], [9.71029707100007, 55.24868398600006], [9.706553582000083, 55.23700592700004], [9.699473504000082, 55.229803778000075], [9.692881707000083, 55.22101471600007], [9.689789259000065, 55.20490143400008], [9.684418165000068, 55.19757721600007], [9.67156009200005, 55.19245026200008], [9.655772332000083, 55.189439195000034], [9.642100457000083, 55.18842194200005], [9.58334394600007, 55.194647528000075], [9.569834832000083, 55.19253164300005], [9.561534050000091, 55.187201239000046], [9.554942254000082, 55.180568752000056], [9.545909050000091, 55.17413971600007], [9.521820509000065, 55.16543203300006], [9.50717207100007, 55.16193268400008], [9.494395379000082, 55.16054922100005], [9.486338738000086, 55.156236070000034], [9.486338738000086, 55.14740631700005], [9.494639519000089, 55.14008209800005], [9.511892123000052, 55.14008209800005], [9.511892123000052, 55.13320547100005], [9.482432488000086, 55.13377513200004], [9.468760613000086, 55.13178131700005], [9.456553582000083, 55.12571849200003], [9.466644727000073, 55.12140534100007], [9.479177280000044, 55.11969635600008], [9.508067254000082, 55.11953359600005], [9.521332227000073, 55.11587148600006], [9.535817905000044, 55.10687897300005], [9.559580925000091, 55.08539459800005], [9.533702019000089, 55.06582265800006], [9.516612175000091, 55.05654531500005], [9.498057488000086, 55.05068594000005], [9.452403191000087, 55.045355536000045], [9.434336785000085, 55.037543036000045], [9.442881707000083, 55.02338288000004], [9.455251498000052, 55.02317942900004], [9.511892123000052, 55.036363023000035], [9.537364129000082, 55.03538646000004], [9.545909050000091, 55.036363023000035], [9.553233269000089, 55.03961823100008], [9.56023196700005, 55.04441966400003], [9.568532748000052, 55.04877350500004], [9.579925977000073, 55.05068594000005], [9.601573113000086, 55.04539622600004], [9.641856316000087, 55.01972077000005], [9.662608269000089, 55.00971100500004], [9.717539910000085, 55.001166083000044], [9.730967644000089, 54.995428778000075], [9.738617384000065, 54.98086172100005], [9.760752800000091, 54.90497467700004], [9.763194207000083, 54.900458075000074], [9.761566602000073, 54.89740631700005], [9.751963738000086, 54.893011786000045], [9.737071160000085, 54.89276764500005], [9.722992384000065, 54.897650458000044], [9.711436394000089, 54.89858633000006], [9.703461134000065, 54.88617584800005], [9.715993686000047, 54.88377513200004], [9.72787519600007, 54.87946198100008], [9.737803582000083, 54.87352122600004], [9.744476759000065, 54.86627838700008], [9.748301629000082, 54.857855536000045], [9.750254754000082, 54.84625885600008], [9.745941602000073, 54.836004950000074], [9.731211785000085, 54.83152903900003], [9.719574415000068, 54.83584219000005], [9.705332879000082, 54.85455963700008], [9.69662519600007, 54.85887278900003], [9.655039910000085, 54.857082424000055], [9.642100457000083, 54.85887278900003], [9.623301629000082, 54.865301825000074], [9.62468509200005, 54.86928945500006], [9.632823113000086, 54.873114325000074], [9.634613477000073, 54.879339911000045], [9.61695397200009, 54.894232489000046], [9.610362175000091, 54.903225002000056], [9.617523634000065, 54.90729401200008], [9.64421634200005, 54.913275458000044], [9.638845248000052, 54.92475006700005], [9.61500084700009, 54.93268463700008], [9.586761915000068, 54.927720445000034], [9.581228061000047, 54.92177969000005], [9.56804446700005, 54.90143463700008], [9.556813998000052, 54.890326239000046], [9.55054772200009, 54.88271719000005], [9.545909050000091, 54.879339911000045], [9.538340691000087, 54.87791575700004], [9.522146030000044, 54.87929922100005], [9.515147332000083, 54.87592194200005], [9.498057488000086, 54.86432526200008], [9.45639082100007, 54.843817450000074], [9.442881707000083, 54.83152903900003], [9.436289910000085, 54.81045156500005], [9.437510613000086, 54.81041087400007], [9.451426629000082, 54.81037018400008], [9.510996941000087, 54.827826239000046], [9.529958530000044, 54.841498114000046], [9.55437259200005, 54.84711334800005], [9.566905144000089, 54.86017487200007], [9.579925977000073, 54.86627838700008], [9.583181186000047, 54.83026764500005], [9.631602410000085, 54.81989166900007], [9.69304446700005, 54.818019924000055], [9.734629754000082, 54.80731842700004], [9.752126498000052, 54.79962799700007], [9.778086785000085, 54.79315827000005], [9.801768425000091, 54.78339264500005], [9.81218509200005, 54.766058661000045], [9.823741082000083, 54.756740627000056], [9.849864129000082, 54.75934479400007], [9.895355665000068, 54.76947663000004], [9.891449415000068, 54.790269273000035], [9.915049675000091, 54.79120514500005], [9.947520379000082, 54.77952708500004], [9.97046959700009, 54.76264069200005], [9.98414147200009, 54.728501695000034], [9.990489129000082, 54.72052643400008], [9.999522332000083, 54.712958075000074], [10.018239780000044, 54.701239325000074], [10.005381707000083, 54.69550202000005], [9.992198113000086, 54.696478583000044], [9.97982832100007, 54.69977448100008], [9.97046959700009, 54.701239325000074], [9.971039259000065, 54.69904205900008], [9.946299675000091, 54.68764883000006], [9.94312584700009, 54.687567450000074], [9.936696811000047, 54.68500397300005], [9.932383660000085, 54.685248114000046], [9.929942254000082, 54.68309153900003], [9.92945397200009, 54.673895575000074], [9.944102410000085, 54.67332591400003], [9.970225457000083, 54.67792389500005], [9.996348504000082, 54.67877838700008], [10.01140384200005, 54.66705963700008], [10.022146030000044, 54.67243073100008], [10.033539259000065, 54.67291901200008], [10.039073113000086, 54.66681549700007], [10.031911655000044, 54.652777411000045], [10.036957227000073, 54.63890208500004], [10.037608269000089, 54.61908600500004], [10.031911655000044, 54.57770416900007], [10.026866082000083, 54.55996328300006], [10.020030144000089, 54.54584381700005], [10.010427280000044, 54.53432851800005], [9.99781334700009, 54.52366771000004], [9.965586785000085, 54.50617096600007], [9.925303582000083, 54.49310944200005], [9.882009311000047, 54.48484935100004], [9.840098504000082, 54.482123114000046], [9.840098504000082, 54.47528717700004], [9.883311394000089, 54.462103583000044], [10.12468509200005, 54.495754299000055], [10.143402540000068, 54.491848049000055], [10.203868035000085, 54.461004950000074], [10.183929884000065, 54.44936758000006], [10.183848504000082, 54.43842194200005], [10.191742384000065, 54.42617422100005], [10.19703209700009, 54.41010163000004], [10.191254102000073, 54.39671458500004], [10.17709394600007, 54.38426341400003], [10.159027540000068, 54.37531159100007], [10.141774936000047, 54.372259833000044], [10.144379102000073, 54.370021877000056], [10.14779707100007, 54.36831289300005], [10.148285352000073, 54.36517975500004], [10.141774936000047, 54.358587958000044], [10.152517123000052, 54.35179271000004], [10.155528191000087, 54.343410549000055], [10.151621941000087, 54.333970445000034], [10.141774936000047, 54.32440827000005], [10.16374759200005, 54.32916901200008], [10.180349155000044, 54.341131903000075], [10.203868035000085, 54.372259833000044], [10.217133009000065, 54.40542226800005], [10.22437584700009, 54.41380442900004], [10.234385613000086, 54.41771067900004], [10.272146030000044, 54.42007070500006], [10.285817905000044, 54.42475006700005], [10.292491082000083, 54.43016185100004], [10.297618035000085, 54.43573639500005], [10.306895379000082, 54.441107489000046], [10.318369988000086, 54.44330475500004], [10.360850457000083, 54.441107489000046], [10.382823113000086, 54.434759833000044], [10.443369988000086, 54.40639883000006], [10.601084832000083, 54.36542389500005], [10.690196160000085, 54.31622955900008], [10.731293165000068, 54.310207424000055], [10.77711022200009, 54.31513092700004], [10.810801629000082, 54.327378648000035], [10.867930535000085, 54.358587958000044], [10.900889519000089, 54.37103913000004], [10.93531334700009, 54.37954336100006], [11.018809441000087, 54.38589101800005], [11.018809441000087, 54.37909577000005], [11.000824415000068, 54.378566799000055], [10.975840691000087, 54.37840403900003], [10.993174675000091, 54.37384674700007], [11.010508660000085, 54.37718333500004], [11.033946160000085, 54.367621161000045], [11.104177280000044, 54.39288971600007], [11.135508660000085, 54.38589101800005], [11.098399285000085, 54.36151764500005], [11.087738477000073, 54.35175202000005], [11.08179772200009, 54.35464101800005], [11.066579623000052, 54.358587958000044], [11.077403191000087, 54.342230536000045], [11.086599155000044, 54.302435614000046], [11.094493035000085, 54.28351471600007], [11.087087436000047, 54.27090078300006], [11.087738477000073, 54.253892320000034], [11.094493035000085, 54.22508372600004], [11.090179884000065, 54.20799388200004], [11.080577019000089, 54.198879299000055], [11.070974155000044, 54.192572333000044], [11.066579623000052, 54.18390534100007], [10.950450066000087, 54.13947174700007], [10.910329623000052, 54.10919830900008], [10.892832879000082, 54.10252513200004], [10.852386915000068, 54.09430573100008], [10.844574415000068, 54.09446849200003], [10.836110873000052, 54.08999258000006], [10.829356316000087, 54.09284088700008], [10.822276238000086, 54.097357489000046], [10.813324415000068, 54.09788646000004], [10.805430535000085, 54.09487539300005], [10.801442905000044, 54.092230536000045], [10.762868686000047, 54.05683014500005], [10.752614780000044, 54.050116278000075], [10.752614780000044, 54.04389069200005], [10.765879754000082, 54.02435944200005], [10.780446811000047, 54.00995514500005], [10.799652540000068, 54.00055573100008], [10.826914910000085, 53.995428778000075], [10.865570509000065, 53.99778880400004], [10.875498894000089, 53.995428778000075], [10.88257897200009, 53.98505280200004], [10.883555535000085, 53.97313060100004], [10.887380405000044, 53.96393463700008], [10.90211022200009, 53.961371161000045], [10.90601647200009, 53.96120840100008], [10.91765384200005, 53.96076080900008], [10.922618035000085, 53.961371161000045], [10.935394727000073, 53.96727122600004], [10.964691602000073, 53.98541901200008], [10.981211785000085, 53.98924388200004], [11.000254754000082, 53.99160390800006], [11.053477410000085, 54.00849030200004], [11.175059441000087, 54.018011786000045], [11.183848504000082, 54.01601797100005], [11.19076582100007, 54.01032135600008], [11.197276238000086, 53.99624258000006], [11.204356316000087, 53.98924388200004], [11.23991946700005, 53.98346588700008], [11.245371941000087, 53.97842031500005], [11.240733269000089, 53.95563385600008], [11.242930535000085, 53.94521719000005], [11.25562584700009, 53.94086334800005], [11.285411004000082, 53.93968333500004], [11.293711785000085, 53.94086334800005], [11.334157748000052, 53.961371161000045], [11.341807488000086, 53.958319403000075], [11.352061394000089, 53.94415924700007], [11.358246290000068, 53.94086334800005], [11.399912957000083, 53.94086334800005], [11.400401238000086, 53.93773021000004], [11.438731316000087, 53.90912506700005], [11.446299675000091, 53.90615469000005], [11.457692905000044, 53.90615469000005], [11.458994988000086, 53.91669342700004], [11.469086134000065, 53.93276601800005], [11.476817254000082, 53.95270416900007], [11.47242272200009, 53.968817450000074], [11.47982832100007, 53.97614166900007], [11.489512566000087, 53.98061758000006], [11.497894727000073, 53.98183828300006], [11.495941602000073, 53.986314195000034], [11.49350019600007, 53.99762604400007], [11.491709832000083, 54.00234609600005], [11.525889519000089, 54.022772528000075], [11.525889519000089, 54.03021881700005], [11.519053582000083, 54.03021881700005], [11.519053582000083, 54.036444403000075], [11.54460696700005, 54.030178127000056], [11.553233269000089, 54.03021881700005], [11.573496941000087, 54.039048570000034], [11.591319207000083, 54.065619208000044], [11.604746941000087, 54.07123444200005], [11.612803582000083, 54.07290273600006], [11.619395379000082, 54.07729726800005], [11.624522332000083, 54.083644924000055], [11.628916863000086, 54.091050523000035], [11.629567905000044, 54.09601471600007], [11.622080925000091, 54.09955475500004], [11.622080925000091, 54.104681708000044], [11.625254754000082, 54.109808661000045], [11.629405144000089, 54.11322663000004], [11.633148634000065, 54.11591217700004], [11.65788821700005, 54.142238674000055], [11.689707879000082, 54.15521881700005], [11.728770379000082, 54.15851471600007], [11.81226647200009, 54.14980703300006], [12.050629102000073, 54.17991771000004], [12.088145379000082, 54.19407786700003], [12.093272332000083, 54.16543203300006], [12.08952884200005, 54.13764069200005], [12.091644727000073, 54.11399974200003], [12.11500084700009, 54.09788646000004], [12.105316602000073, 54.11001211100006], [12.100352410000085, 54.135972398000035], [12.09506269600007, 54.145697333000044], [12.105479363000086, 54.15737539300005], [12.134287957000083, 54.16697825700004], [12.142832879000082, 54.18048737200007], [12.131602410000085, 54.18113841400003], [12.12086022200009, 54.17999909100007], [12.110606316000087, 54.177435614000046], [12.10132897200009, 54.17365143400008], [12.108897332000083, 54.18301015800006], [12.142832879000082, 54.20917389500005], [12.163096550000091, 54.219916083000044], [12.18685957100007, 54.243353583000044], [12.20093834700009, 54.24872467700004], [12.214040561000047, 54.25096263200004], [12.289398634000065, 54.275091864000046], [12.327321811000047, 54.29376862200007], [12.342133009000065, 54.303941148000035], [12.378184441000087, 54.344916083000044], [12.438324415000068, 54.395819403000075], [12.444834832000083, 54.405462958000044], [12.48609459700009, 54.447333075000074], [12.501963738000086, 54.47357819200005], [12.51343834700009, 54.48224518400008], [12.533864780000044, 54.488267320000034], [12.533864780000044, 54.482123114000046], [12.52702884200005, 54.482123114000046], [12.548350457000083, 54.46206289300005], [12.59148196700005, 54.45172760600008], [12.819102410000085, 54.45172760600008], [12.856618686000047, 54.441107489000046], [12.879649285000085, 54.44879791900007], [12.908376498000052, 54.444647528000075], [12.921153191000087, 54.43349844000005], [12.896332227000073, 54.42007070500006], [12.87077884200005, 54.41681549700007], [12.763682488000086, 54.42218659100007], [12.720957879000082, 54.43158600500004], [12.694590691000087, 54.433661200000074], [12.686778191000087, 54.431626695000034], [12.676117384000065, 54.42255280200004], [12.670420769000089, 54.42007070500006], [12.65007571700005, 54.42007070500006], [12.624196811000047, 54.42291901200008], [12.614512566000087, 54.41974518400008], [12.608409050000091, 54.40639883000006], [12.602224155000044, 54.41380442900004], [12.596934441000087, 54.41193268400008], [12.588063998000052, 54.407456773000035], [12.58171634200005, 54.40639883000006], [12.583506707000083, 54.39785390800006], [12.58765709700009, 54.39402903900003], [12.594004754000082, 54.39276764500005], [12.602224155000044, 54.39207591400003], [12.598643425000091, 54.39154694200005], [12.595876498000052, 54.391506252000056], [12.594411655000044, 54.39020416900007], [12.594737175000091, 54.38589101800005], [12.57553144600007, 54.39199453300006], [12.55404707100007, 54.39081452000005], [12.535980665000068, 54.38373444200005], [12.52702884200005, 54.372259833000044], [12.510752800000091, 54.38426341400003], [12.490977410000085, 54.39008209800005], [12.45476321700005, 54.39207591400003], [12.438487175000091, 54.38751862200007], [12.424978061000047, 54.37592194200005], [12.418467644000089, 54.360663153000075], [12.424001498000052, 54.344916083000044], [12.409678582000083, 54.34662506700005], [12.403819207000083, 54.348089911000045], [12.396739129000082, 54.35175202000005], [12.389903191000087, 54.344916083000044], [12.396494988000086, 54.33295319200005], [12.391612175000091, 54.32111237200007], [12.379079623000052, 54.31244538000004], [12.362559441000087, 54.310207424000055], [12.369639519000089, 54.296576239000046], [12.377940300000091, 54.28587474200003], [12.380137566000087, 54.27708567900004], [12.36882571700005, 54.269191799000055], [12.412445509000065, 54.25141022300005], [12.436778191000087, 54.247707424000055], [12.458181186000047, 54.255560614000046], [12.442637566000087, 54.255194403000075], [12.430837436000047, 54.25861237200007], [12.410329623000052, 54.269191799000055], [12.416840040000068, 54.280951239000046], [12.426280144000089, 54.28961823100008], [12.451426629000082, 54.303941148000035], [12.457286004000082, 54.306301174000055], [12.468272332000083, 54.30833567900004], [12.47242272200009, 54.310207424000055], [12.475596550000091, 54.31513092700004], [12.476573113000086, 54.327785549000055], [12.478688998000052, 54.33185455900008], [12.495616082000083, 54.340277411000045], [12.560557488000086, 54.358587958000044], [12.547048373000052, 54.364488023000035], [12.54078209700009, 54.36542389500005], [12.54078209700009, 54.372259833000044], [12.559336785000085, 54.376288153000075], [12.56609134200005, 54.37592194200005], [12.574229363000086, 54.372259833000044], [12.574229363000086, 54.37909577000005], [12.592946811000047, 54.36933014500005], [12.62273196700005, 54.373928127000056], [12.677256707000083, 54.39207591400003], [12.675059441000087, 54.395412502000056], [12.672373894000089, 54.40298086100006], [12.670420769000089, 54.40639883000006], [12.680837436000047, 54.41087474200003], [12.692556186000047, 54.41364166900007], [12.70484459700009, 54.41461823100008], [12.717539910000085, 54.41380442900004], [12.717539910000085, 54.40639883000006], [12.70248457100007, 54.40412018400008], [12.692393425000091, 54.396185614000046], [12.686534050000091, 54.384751695000034], [12.684092644000089, 54.372259833000044], [12.69662519600007, 54.38495514500005], [12.701182488000086, 54.39166901200008], [12.704600457000083, 54.399603583000044], [12.713552280000044, 54.39008209800005], [12.723806186000047, 54.38125234600005], [12.735036655000044, 54.378159898000035], [12.746104363000086, 54.38589101800005], [12.757823113000086, 54.379787502000056], [12.768565300000091, 54.380072333000044], [12.778330925000091, 54.384751695000034], [12.787119988000086, 54.39207591400003], [12.789886915000068, 54.38434479400007], [12.79468834700009, 54.37714264500005], [12.800954623000052, 54.370754299000055], [12.81804446700005, 54.35797760600008], [12.821787957000083, 54.35614655200004], [12.825368686000047, 54.35724518400008], [12.835459832000083, 54.358587958000044], [12.854665561000047, 54.357855536000045], [12.864756707000083, 54.35956452000005], [12.875987175000091, 54.36542389500005], [12.88453209700009, 54.373480536000045], [12.894867384000065, 54.38971588700008], [12.903819207000083, 54.399603583000044], [12.92937259200005, 54.41437409100007], [12.969086134000065, 54.429388739000046], [13.008799675000091, 54.43805573100008], [13.034190300000091, 54.433661200000074], [13.021494988000086, 54.42645905200004], [13.021006707000083, 54.41453685100004], [13.028575066000087, 54.40184153900003], [13.04037519600007, 54.39207591400003], [13.08366946700005, 54.378973700000074], [13.095550977000073, 54.372259833000044], [13.076670769000089, 54.35252513200004], [13.080739780000044, 54.337144273000035], [13.109222852000073, 54.310207424000055], [13.112071160000085, 54.29930247600004], [13.112071160000085, 54.28847890800006], [13.11491946700005, 54.28001536700003], [13.125987175000091, 54.276597398000035], [13.170664910000085, 54.276597398000035], [13.170664910000085, 54.269191799000055], [13.161306186000047, 54.26902903900003], [13.154633009000065, 54.26732005400004], [13.143402540000068, 54.263006903000075], [13.176117384000065, 54.264837958000044], [13.228363477000073, 54.247381903000075], [13.263194207000083, 54.24249909100007], [13.28882897200009, 54.23427969000005], [13.321787957000083, 54.194525458000044], [13.348887566000087, 54.18048737200007], [13.33334394600007, 54.17401764500005], [13.321543816000087, 54.16681549700007], [13.346527540000068, 54.16693756700005], [13.383799675000091, 54.17812734600005], [13.403493686000047, 54.17365143400008], [13.395681186000047, 54.16193268400008], [13.390879754000082, 54.15729401200008], [13.382985873000052, 54.15314362200007], [13.394786004000082, 54.14891185100004], [13.40211022200009, 54.15131256700005], [13.408702019000089, 54.15460846600007], [13.41773522200009, 54.15314362200007], [13.42318769600007, 54.148098049000055], [13.437673373000052, 54.12518952000005], [13.450368686000047, 54.11041901200008], [13.465098504000082, 54.09845612200007], [13.483571811000047, 54.09129466400003], [13.507090691000087, 54.091050523000035], [13.507090691000087, 54.09788646000004], [13.498871290000068, 54.10248444200005], [13.487478061000047, 54.11391836100006], [13.479258660000085, 54.118353583000044], [13.479258660000085, 54.12518952000005], [13.602712436000047, 54.13947174700007], [13.632334832000083, 54.14752838700008], [13.683441602000073, 54.168036200000074], [13.711924675000091, 54.17365143400008], [13.71648196700005, 54.16844310100004], [13.714691602000073, 54.164048570000034], [13.708262566000087, 54.16087474200003], [13.698252800000091, 54.15932851800005], [13.698252800000091, 54.15314362200007], [13.728770379000082, 54.143866278000075], [13.808116082000083, 54.104681708000044], [13.808116082000083, 54.09788646000004], [13.793711785000085, 54.083197333000044], [13.785492384000065, 54.06391022300005], [13.77320397200009, 54.04633209800005], [13.746104363000086, 54.036444403000075], [13.758148634000065, 54.03099192900004], [13.787119988000086, 54.009100653000075], [13.797618035000085, 53.998928127000056], [13.803477410000085, 53.99632396000004], [13.83179772200009, 53.98924388200004], [13.838633660000085, 53.986314195000034], [13.84310957100007, 53.97955963700008], [13.846202019000089, 53.97223541900007], [13.849131707000083, 53.96759674700007], [13.850271030000044, 53.96401601800005], [13.84896894600007, 53.95945872600004], [13.848643425000091, 53.95555247600004], [13.852549675000091, 53.95384349200003], [13.86687259200005, 53.95465729400007], [13.870127800000091, 53.95384349200003], [13.875498894000089, 53.951239325000074], [13.881602410000085, 53.94904205900008], [13.887950066000087, 53.94757721600007], [13.893565300000091, 53.94708893400008], [13.90601647200009, 53.943060614000046], [13.90756269600007, 53.93353913000004], [13.901377800000091, 53.922308661000045], [13.890147332000083, 53.91290924700007], [13.818532748000052, 53.87799713700008], [13.808116082000083, 53.86513906500005], [13.817067905000044, 53.85293203300006], [13.835785352000073, 53.84747955900008], [13.854340040000068, 53.844916083000044], [13.862803582000083, 53.84125397300005], [13.869151238000086, 53.83030833500004], [13.883799675000091, 53.817694403000075], [13.899912957000083, 53.80914948100008], [13.910655144000089, 53.81049225500004], [13.984222852000073, 53.77399323100008], [14.01734459700009, 53.769517320000034], [14.033539259000065, 53.757513739000046], [14.037445509000065, 53.75527578300006], [14.061534050000091, 53.75641510600008], [14.068858269000089, 53.75527578300006], [14.094004754000082, 53.74632396000004], [14.106130405000044, 53.743353583000044], [14.186534050000091, 53.73981354400007], [14.214691602000073, 53.74485911700003], [14.226573113000086, 53.758693752000056], [14.23414147200009, 53.761786200000074], [14.250173373000052, 53.75995514500005], [14.264496290000068, 53.751613674000055], [14.267425977000073, 53.73541901200008], [14.25953209700009, 53.72797272300005], [14.212738477000073, 53.70807526200008], [14.225352410000085, 53.70376211100006], [14.24000084700009, 53.70075104400007], [14.256195509000065, 53.69944896000004], [14.263926629000082, 53.69997793200008], [14.273692254000082, 53.70062897300005], [14.291677280000044, 53.70526764500005], [14.304860873000052, 53.712551174000055], [14.306162957000083, 53.720689195000034], [14.288584832000083, 53.72797272300005], [14.298350457000083, 53.73143138200004], [14.301605665000068, 53.73484935100004], [14.298350457000083, 53.738267320000034], [14.288584832000083, 53.74164459800005], [14.294200066000087, 53.74909088700008], [14.30404707100007, 53.74388255400004], [14.31804446700005, 53.73973216400003], [14.330414259000065, 53.73419830900008], [14.342051629000082, 53.714911200000074], [14.356211785000085, 53.70844147300005], [14.383555535000085, 53.70062897300005], [14.403575066000087, 53.68781159100007], [14.414561394000089, 53.68235911700003], [14.45866946700005, 53.67788320500006], [14.512380405000044, 53.666449286000045], [14.53101647200009, 53.65778229400007], [14.54623457100007, 53.64476146000004], [14.579112175000091, 53.60724518400008], [14.590586785000085, 53.59837474200003], [14.595876498000052, 53.60130442900004], [14.59701582100007, 53.61733633000006], [14.601573113000086, 53.626654364000046], [14.610036655000044, 53.63275788000004], [14.623789910000085, 53.63922760600008], [14.623057488000086, 53.643011786000045], [14.62281334700009, 53.64695872600004], [14.623789910000085, 53.65281810100004], [14.61304772200009, 53.65468984600005], [14.587412957000083, 53.65607330900008], [14.57593834700009, 53.65965403900003], [14.544932488000086, 53.70404694200005], [14.551442905000044, 53.72614166900007], [14.57593834700009, 53.769517320000034], [14.587412957000083, 53.76349518400008], [14.59734134200005, 53.76520416900007], [14.608246290000068, 53.76902903900003], [14.623789910000085, 53.769517320000034], [14.616709832000083, 53.79474518400008], [14.620371941000087, 53.81484609600005], [14.627289259000065, 53.83270905200004], [14.63062584700009, 53.85150788000004], [14.623789910000085, 53.85150788000004], [14.621348504000082, 53.839544989000046], [14.613536004000082, 53.83161041900007], [14.58961022200009, 53.81732819200005], [14.595876498000052, 53.81049225500004], [14.587087436000047, 53.81264883000006], [14.580088738000086, 53.815334377000056], [14.574473504000082, 53.81907786700003], [14.569102410000085, 53.82416413000004], [14.574229363000086, 53.82709381700005], [14.583262566000087, 53.83421458500004], [14.58961022200009, 53.83783600500004], [14.57585696700005, 53.854803778000075], [14.55209394600007, 53.86277903900003], [14.44117272200009, 53.86961497600004], [14.42554772200009, 53.87982819200005], [14.438161655000044, 53.899318752000056], [14.43490644600007, 53.90131256700005], [14.434092644000089, 53.901597398000035], [14.433767123000052, 53.902411200000074], [14.431895379000082, 53.90615469000005], [14.422048373000052, 53.896144924000055], [14.414235873000052, 53.89472077000005], [14.405772332000083, 53.89740631700005], [14.393809441000087, 53.899318752000056], [14.385101759000065, 53.89728424700007], [14.37826582100007, 53.89232005400004], [14.371592644000089, 53.88589101800005], [14.36304772200009, 53.87938060100004], [14.392914259000065, 53.87596263200004], [14.409190300000091, 53.87156810100004], [14.41765384200005, 53.86513906500005], [14.41570071700005, 53.85301341400003], [14.405284050000091, 53.844183661000045], [14.392588738000086, 53.840725002000056], [14.383555535000085, 53.84467194200005], [14.356211785000085, 53.83445872600004], [14.342621290000068, 53.83185455900008], [14.328298373000052, 53.83100006700005], [14.328298373000052, 53.82416413000004], [14.342051629000082, 53.82099030200004], [14.341319207000083, 53.81891510600008], [14.328298373000052, 53.81732819200005], [14.318858269000089, 53.81818268400008], [14.303070509000065, 53.82306549700007], [14.291351759000065, 53.82416413000004], [14.274668816000087, 53.83079661700003], [14.226573113000086, 53.871975002000056], [14.203135613000086, 53.87832265800006], [14.20085696700005, 53.878159898000035], [14.087412957000083, 53.870428778000075], [14.065114780000044, 53.872381903000075], [14.048350457000083, 53.87938060100004], [14.02507571700005, 53.86383698100008], [13.99586022200009, 53.85374583500004], [13.938487175000091, 53.84467194200005], [13.875254754000082, 53.84406159100007], [13.840098504000082, 53.85028717700004], [13.821787957000083, 53.86513906500005], [13.834727410000085, 53.86798737200007], [13.855479363000086, 53.877386786000045], [13.887705925000091, 53.88153717700004], [13.922373894000089, 53.89337799700007], [13.931651238000086, 53.899318752000056], [13.938975457000083, 53.92820872600004], [13.901866082000083, 53.96979401200008], [13.904470248000052, 53.995428778000075], [13.95484459700009, 53.99359772300005], [13.972666863000086, 53.98924388200004], [13.965830925000091, 53.98183828300006], [13.968272332000083, 53.976263739000046], [13.96029707100007, 53.956732489000046], [13.958994988000086, 53.94086334800005], [13.974619988000086, 53.95734284100007], [13.987478061000047, 53.96141185100004], [14.027842644000089, 53.961371161000045], [14.022634311000047, 53.958970445000034], [14.018565300000091, 53.956366278000075], [14.015879754000082, 53.95270416900007], [14.014333530000044, 53.94708893400008], [14.048350457000083, 53.94086334800005], [14.040293816000087, 53.95384349200003], [14.053070509000065, 53.97842031500005], [14.051280144000089, 54.005072333000044], [14.037445509000065, 54.02171458500004], [14.014333530000044, 54.01601797100005], [14.006195509000065, 54.03229401200008], [13.995290561000047, 54.04572174700007], [13.981700066000087, 54.056341864000046], [13.965830925000091, 54.063788153000075], [13.946055535000085, 54.06659577000005], [13.926117384000065, 54.06403229400007], [13.915863477000073, 54.05638255400004], [13.924815300000091, 54.04389069200005], [13.924815300000091, 54.036444403000075], [13.916270379000082, 54.033636786000045], [13.907237175000091, 54.02749258000006], [13.899912957000083, 54.01972077000005], [13.896983269000089, 54.01227448100008], [13.890879754000082, 54.01015859600005], [13.855967644000089, 54.00234609600005], [13.858083530000044, 54.01577383000006], [13.865570509000065, 54.02407461100006], [13.873545769000089, 54.02997467700004], [13.87631269600007, 54.036444403000075], [13.871104363000086, 54.04865143400008], [13.863617384000065, 54.049994208000044], [13.854991082000083, 54.04633209800005], [13.823008660000085, 54.03790924700007], [13.80827884200005, 54.02631256700005], [13.794200066000087, 54.01813385600008], [13.774099155000044, 54.022772528000075], [13.782074415000068, 54.04214101800005], [13.809255405000044, 54.075100002000056], [13.814952019000089, 54.101263739000046], [13.806162957000083, 54.11664459800005], [13.76531009200005, 54.141913153000075], [13.752940300000091, 54.15314362200007], [13.762217644000089, 54.16445547100005], [13.777598504000082, 54.17401764500005], [13.796153191000087, 54.17829010600008], [13.814952019000089, 54.17365143400008], [13.823741082000083, 54.16396719000005], [13.844086134000065, 54.131293036000045], [13.855967644000089, 54.118353583000044], [13.88249759200005, 54.102443752000056], [13.948415561000047, 54.079779364000046], [13.986175977000073, 54.07123444200005], [14.016612175000091, 54.06000397300005], [14.192393425000091, 53.94611237200007], [14.209483269000089, 53.93862539300005], [14.210052931000064, 53.93846263200004], [14.226573113000086, 53.934027411000045], [14.237478061000047, 53.92865631700005], [14.268077019000089, 53.92182038000004], [14.367035352000073, 53.91697825700004], [14.406748894000089, 53.92182038000004], [14.445567254000082, 53.934027411000045], [14.51734459700009, 53.96523672100005], [14.781911655000044, 54.03461334800005], [15.010101759000065, 54.06981028900003], [15.288340691000087, 54.13886139500005], [15.46851647200009, 54.16714101800005], [15.66578209700009, 54.198431708000044], [15.859711134000065, 54.249986070000034], [16.02084394600007, 54.261786200000074], [16.131521030000044, 54.28351471600007], [16.11890709700009, 54.27602773600006], [16.06934655000009, 54.263006903000075], [16.091075066000087, 54.253973700000074], [16.179209832000083, 54.263006903000075], [16.179209832000083, 54.269191799000055], [16.17237389400009, 54.269191799000055], [16.17237389400009, 54.276597398000035], [16.22006269600007, 54.276597398000035], [16.219574415000068, 54.28148021000004], [16.21851647200009, 54.28237539300005], [16.216644727000073, 54.28204987200007], [16.213226759000065, 54.28351471600007], [16.215179884000065, 54.29962799700007], [16.192149285000085, 54.30027903900003], [16.13770592500009, 54.290269273000035], [16.172129754000082, 54.30023834800005], [16.213552280000044, 54.316107489000046], [16.275401238000086, 54.358587958000044], [16.262868686000047, 54.34369538000004], [16.240489129000082, 54.33002350500004], [16.23178144600007, 54.32257721600007], [16.240896030000044, 54.32453034100007], [16.259043816000087, 54.32672760600008], [16.274912957000083, 54.33047109600005], [16.28882897200009, 54.34023672100005], [16.32390384200005, 54.34992096600007], [16.336761915000068, 54.358587958000044], [16.324880405000044, 54.373114325000074], [16.305023634000065, 54.373480536000045], [16.29623457100007, 54.367254950000074], [16.281586134000065, 54.358587958000044], [16.32398522200009, 54.40131256700005], [16.439789259000065, 54.488267320000034], [16.439789259000065, 54.482123114000046], [16.434418165000068, 54.472357489000046], [16.444509311000047, 54.46987539300005], [16.46062259200005, 54.47345612200007], [16.473399285000085, 54.482123114000046], [16.479746941000087, 54.49555084800005], [16.473887566000087, 54.499660549000055], [16.460948113000086, 54.49648672100005], [16.446055535000085, 54.488267320000034], [16.46656334700009, 54.512152411000045], [16.50131269600007, 54.532416083000044], [16.569590691000087, 54.55719635600008], [16.778493686000047, 54.57514069200005], [16.859629754000082, 54.59393952000005], [16.902191602000073, 54.59813060100004], [16.93995201900009, 54.60602448100008], [17.035817905000044, 54.66705963700008], [17.337412957000083, 54.74900950700004], [17.715668165000068, 54.79043203300006], [17.885427280000044, 54.82412344000005], [18.152354363000086, 54.838324286000045], [18.31690514400009, 54.838324286000045], [18.33952884200005, 54.83348216400003], [18.375824415000068, 54.81513092700004], [18.38917076900009, 54.81110260600008], [18.410166863000086, 54.808294989000046], [18.75171959700009, 54.69009023600006], [18.813975457000083, 54.64321523600006], [18.824066602000073, 54.63222890800006], [18.834320509000065, 54.61668528900003], [18.83529707100007, 54.60309479400007], [18.817637566000087, 54.59813060100004], [18.813243035000085, 54.601548570000034], [18.80836022200009, 54.60883209800005], [18.802256707000083, 54.61603424700007], [18.784027540000068, 54.62352122600004], [18.771820509000065, 54.642279364000046], [18.755381707000083, 54.65448639500005], [18.707774285000085, 54.701239325000074], [18.698496941000087, 54.70380280200004], [18.66342207100007, 54.70799388200004], [18.654551629000082, 54.710150458000044], [18.64503014400009, 54.71954987200007], [18.616709832000083, 54.72524648600006], [18.556976759000065, 54.74900950700004], [18.498220248000052, 54.76536692900004], [18.48878014400009, 54.77317942900004], [18.456309441000087, 54.78766510600008], [18.44776451900009, 54.78998444200005], [18.435557488000086, 54.786810614000046], [18.429209832000083, 54.781683661000045], [18.41504967500009, 54.753119208000044], [18.41309655000009, 54.746527411000045], [18.41309655000009, 54.73191966400003], [18.41846764400009, 54.728216864000046], [18.44239342500009, 54.721991278000075], [18.44776451900009, 54.71824778900003], [18.459808790000068, 54.70604075700004], [18.474457227000073, 54.687567450000074], [18.473887566000087, 54.67991771000004], [18.47006269600007, 54.67328522300005], [18.47038821700005, 54.66673411700003], [18.481944207000083, 54.65961334800005], [18.47592207100007, 54.64008209800005], [18.48731530000009, 54.63178131700005], [18.50635826900009, 54.634100653000075], [18.522959832000083, 54.646551825000074], [18.517100457000083, 54.62995026200008], [18.52515709700009, 54.61668528900003], [18.53760826900009, 54.605454820000034], [18.562836134000065, 54.56000397300005], [18.570648634000065, 54.55036041900007], [18.566742384000065, 54.527411200000074], [18.567556186000047, 54.48786041900007], [18.574066602000073, 54.450384833000044], [18.588063998000052, 54.433661200000074], [18.603770379000082, 54.43060944200005], [18.634287957000083, 54.41693756700005], [18.649912957000083, 54.41380442900004], [18.663340691000087, 54.412990627000056], [18.680023634000065, 54.40997955900008], [18.69434655000009, 54.40452708500004], [18.700450066000087, 54.395819403000075], [18.71729576900009, 54.382025458000044], [18.885915561000047, 54.35016510600008], [18.92318769600007, 54.348537502000056], [18.954356316000087, 54.358587958000044], [18.962901238000086, 54.353501695000034], [18.974619988000086, 54.34975820500006], [19.002126498000052, 54.344916083000044]]}}, {"type": "Feature", "properties": {"source": "ne_10m_coastline", "i": 1}, "geometry": {"type": "LineString", "coordinates": [[4.302907748000052, 39.92552317900004], [4.298024936000047, 39.94196198100008], [4.2858992850000845, 39.944606838000084], [4.270111524000072, 39.94375234600005], [4.2545679050000444, 39.94969310100004], [4.272390170000051, 39.95534902600008], [4.273366733000046, 39.969956773000035], [4.264903191000087, 39.986395575000074], [4.2545679050000444, 39.99746328300006], [4.247487826000054, 40.00039297100005], [4.232676629000082, 40.00271230700008], [4.2272241550000444, 40.00490957200009], [4.216888868000069, 40.012600002000056], [4.2124943370000665, 40.017238674000055], [4.20671634200005, 40.02480703300006], [4.178640170000051, 40.03884511900009], [4.1726180350000845, 40.04592519700009], [4.1765242850000845, 40.05923086100006], [4.170502149000072, 40.06460195500006], [4.16382897200009, 40.06057363500008], [4.16578209700009, 40.04592519700009], [4.15593509200005, 40.03465403900009], [4.148529493000069, 40.02781810100004], [4.14226321700005, 40.02480703300006], [4.1354272800000444, 40.028225002000056], [4.134857618000069, 40.03571198100008], [4.136973504000082, 40.043036200000074], [4.139089389000048, 40.04592519700009], [4.1167912120000665, 40.05963776200008], [4.107839389000048, 40.067613023000035], [4.1050724620000665, 40.079413153000075], [4.094330274000072, 40.074733791000085], [4.077565951000054, 40.06427643400008], [4.063405795000051, 40.05955638200004], [4.052012566000087, 40.05817291900007], [4.011892123000052, 40.05955638200004], [3.9154565760000537, 40.051988023000035], [3.891530795000051, 40.05955638200004], [3.8218693370000665, 40.04763418200008], [3.809499545000051, 40.03538646000004], [3.8070581390000484, 40.02326080900008], [3.8031518890000484, 40.01813385600008], [3.8033960300000444, 40.01316966400009], [3.8129175140000484, 40.001206773000035], [3.82203209700009, 39.99514394700009], [3.8423771490000718, 39.98940664300005], [3.850515170000051, 39.98387278900009], [3.839121941000087, 39.97557200700004], [3.83570397200009, 39.96242910400008], [3.834890170000051, 39.94798411700009], [3.8306583990000718, 39.936061916000085], [3.8693139980000524, 39.92552317900004], [3.9413354830000458, 39.936753648000035], [3.981374545000051, 39.936061916000085], [4.015065951000054, 39.925767320000034], [4.177175326000054, 39.84332916900007], [4.248138868000069, 39.816473700000074], [4.300059441000087, 39.82176341400009], [4.302907748000052, 39.887600002000056], [4.311778191000087, 39.88418203300006], [4.319753451000054, 39.87921784100007], [4.326263868000069, 39.87343984600005], [4.330332879000082, 39.867173570000034], [4.337087436000047, 39.867173570000034], [4.3287866550000444, 39.88344961100006], [4.3073022800000444, 39.91054922100005], [4.302907748000052, 39.92552317900004]]}}, {"type": "Feature", "properties": {"name": "L\u00e9rida", "source": "ne_10m_admin_1"}, "geometry": {"type": "Polygon", "coordinates": [[[0.7067574460000969, 42.84658477900008], [0.7243274330000702, 42.845292867000026], [0.7588472900000625, 42.835267640000026], [0.7763139240000783, 42.832451274000036], [0.7957442630000742, 42.83384653700004], [0.8129008380001324, 42.831624451000025], [0.8561023360000775, 42.8127625530001], [0.885764608000045, 42.80423594200009], [0.8944462480000936, 42.79932668100004], [0.9103625890001013, 42.78767364600007], [0.9211112870001159, 42.784366354000085], [0.9306197510001084, 42.78803538000007], [0.9400248620000866, 42.79366811200002], [0.9502567950001435, 42.796122742000065], [0.9587317300000677, 42.79371978800002], [0.9752681890001327, 42.78374623600011], [0.9829163000001131, 42.7803614300001], [1.0681824140000913, 42.776123963000046], [1.0890596920001485, 42.77131805400005], [1.1067330320000792, 42.759613343000055], [1.1165515540001252, 42.745247294000066], [1.1240963130000807, 42.72974436500003], [1.1343282470000702, 42.7159725960001], [1.1514848230001178, 42.70672251399999], [1.1625435790000438, 42.705688986], [1.1959265540000956, 42.71364715600008], [1.319123169000079, 42.71336293600008], [1.3425842690000422, 42.708660381000115], [1.3382434490000605, 42.69444936100005], [1.3433077390000392, 42.69044443800006], [1.3527128500001027, 42.690056865000045], [1.3610844320000695, 42.68672373500006], [1.3787577710000676, 42.66323679600008], [1.3979814040000917, 42.64362559000004], [1.414827921000068, 42.60933827700002], [1.4292973220001102, 42.59538564100005], [1.4248531500001036, 42.589365336000085], [1.419272095000082, 42.57926259400004], [1.4180318600000419, 42.56983164500009], [1.4264034420001224, 42.56564585400007], [1.4263000900000975, 42.561795960000026], [1.4097636310000894, 42.54060862200005], [1.4064563390001013, 42.52923980800007], [1.4289872640001136, 42.53146189400006], [1.4465572510000868, 42.51988637400002], [1.449967895000043, 42.50407338400002], [1.4302274980000789, 42.493557231000054], [1.4245430900000144, 42.49247202600007], [1.4075932210000985, 42.48676178000004], [1.4364286700000548, 42.453482158000085], [1.4364286700000548, 42.44095062300006], [1.4479008380000664, 42.43464609800007], [1.5084656170001267, 42.42867747000004], [1.5166304930001218, 42.42950429300005], [1.5282060140000908, 42.434232686000044], [1.5345105390001095, 42.43991709400008], [1.5388513590000912, 42.44565317800006], [1.5444324140000845, 42.45035573400013], [1.572664978328698, 42.45307485358658], [1.6074776610001322, 42.45642771400007], [1.6395170490001192, 42.466427104000005], [1.6503691000000913, 42.49340220200013], [1.653986450000076, 42.496528626000085], [1.6569836830000781, 42.497639669000066], [1.659774210000137, 42.496812846000054], [1.6623580320000428, 42.49371226000001], [1.6742436110000654, 42.490508321000036], [1.6863358960000596, 42.49061167500007], [1.6974980060000746, 42.49446156900011], [1.707006470000067, 42.50278147400006], [1.7100037030000692, 42.501334534000065], [1.7119674070001167, 42.49929331500003], [1.7126908770001137, 42.496787008000055], [1.712174112944922, 42.493712260112716], [1.714071873118428, 42.47703874484216], [1.7193672836731935, 42.46094377333645], [1.728749608407668, 42.44682634176223], [1.7428340816275636, 42.436158616926605], [1.8071700213793633, 42.41854753144338], [1.8108614281123891, 42.41281266807016], [1.8111250994437569, 42.38363297987809], [1.8156075219695254, 42.37596452284441], [1.8330318389482159, 42.35865006884558], [1.8365254910585804, 42.35068498032757], [1.8375582059464364, 42.343027509412025], [1.8364815456867518, 42.33533707924278], [1.8336470732538146, 42.32724015550872], [1.8425459988987427, 42.30631119940233], [1.7155879861965673, 42.28811783976647], [1.6863204072609506, 42.2621241860823], [1.6832002903611283, 42.25611466436027], [1.6831343718537823, 42.249347086099135], [1.690627048299632, 42.212356117740626], [1.6950215791825372, 42.2059950330443], [1.7010640601582168, 42.201051185463825], [1.7320674790309454, 42.18937271797654], [1.735802831135743, 42.185428626030216], [1.7380879877704274, 42.177177893944645], [1.7371651358623126, 42.168289953518524], [1.7335176745010585, 42.16005020755102], [1.727716893519812, 42.15375504136205], [1.7160713852861704, 42.14852554931463], [1.7125997054120603, 42.145877843587584], [1.7081832013936378, 42.13886856623134], [1.7070186503904097, 42.13483658354147], [1.7067549781597222, 42.130793614733534], [1.715697850075685, 42.10481094716744], [1.7125777322764861, 42.09602188450236], [1.7070625957621814, 42.092253574043184], [1.6941207004099965, 42.088781894169074], [1.6901436501093485, 42.08469497998931], [1.6894405250601494, 42.0792567472011], [1.6931319308939123, 42.06186538947611], [1.6923848604729415, 42.05164810357712], [1.688781345382779, 42.04188125751398], [1.6826070282917271, 42.03356460692106], [1.6608540980381576, 42.018425446577055], [1.6578438441180765, 42.011679840552176], [1.65977743777853, 42.003593902936245], [1.6640840788171545, 41.998924712805206], [1.669137789377487, 41.997617339568535], [1.6937911105712828, 42.00562637345837], [1.7004927712243898, 42.00578018180994], [1.7072823226210971, 42.00322036772576], [1.7143575175853698, 41.9960462950005], [1.715807713055483, 41.98789443887722], [1.712358006316947, 41.98003921423833], [1.7046895483839535, 41.97375503416748], [1.6940767550382247, 41.97010757370555], [1.6624581018598974, 41.970338285783214], [1.6534493123359084, 41.96809707541968], [1.6462422812562636, 41.96159316848991], [1.6435616162755764, 41.954430082782096], [1.643188081065091, 41.929161527282645], [1.6156123966947575, 41.89568618417002], [1.6146236271786165, 41.88417251115243], [1.6332344673967327, 41.84871962900763], [1.6339156202096774, 41.83849135699052], [1.6302242134766516, 41.829054100766086], [1.560241301095175, 41.767838278813485], [1.5530782144879822, 41.763718405380075], [1.54343221842214, 41.76374037761633], [1.5194161037701406, 41.77996718523741], [1.5104732327534975, 41.78131850384585], [1.4822383687057368, 41.776836081320084], [1.4740645394469425, 41.78004408986283], [1.4558272344393117, 41.79877578007819], [1.444643152159756, 41.802016746975255], [1.432272545741398, 41.80144545714211], [1.4207588736231287, 41.797160789239], [1.4121895378169143, 41.789250633110214], [1.4094869005999726, 41.78253798633898], [1.4068062365186051, 41.704150531721666], [1.438512780440476, 41.643505998702835], [1.43684285901071, 41.63676039267796], [1.3894478371479408, 41.628520645811136], [1.3741988138241936, 41.61933607569932], [1.3699800635291126, 41.60293348749042], [1.3887227398625441, 41.600373672506976], [1.4070918809854902, 41.59046400421039], [1.3926778179269377, 41.57502821238205], [1.3717598488379394, 41.565415174670534], [1.2077998816591844, 41.572325576064486], [1.201010330262534, 41.57040296852216], [1.1946162872118862, 41.566469862693964], [1.1780049582621928, 41.54451917781779], [1.169128004853519, 41.51842664817127], [1.1702266373494012, 41.49542127617093], [1.167502027896262, 41.48656629499851], [1.157394605876334, 41.48024915657328], [1.1303682373043102, 41.47321790608146], [1.117184643756275, 41.47254774028596], [1.0730196026725025, 41.482732066031986], [1.0651094465437154, 41.480831431625234], [1.0625606176783435, 41.475239390485456], [1.0633736066066604, 41.458957651374476], [1.0620332741162883, 41.45162977029764], [1.0455098359101953, 41.42667981851878], [1.0236690149130823, 41.40626721985626], [0.9894575874976681, 41.3983131183557], [0.9819209665793096, 41.39178723918974], [0.9688692082473267, 41.364420294660874], [0.957685125967771, 41.35451062636429], [0.8790449861372167, 41.342008183830615], [0.868717837258373, 41.34351331079063], [0.8429219372975467, 41.35757581177427], [0.8335176403268179, 41.358487676664936], [0.8274531871148838, 41.35605969869613], [0.82365191740206, 41.351950811380846], [0.8177852179134675, 41.34117322356542], [0.8049751586765979, 41.33134045899499], [0.758481016485689, 41.331263554369514], [0.7364424417652913, 41.3183985636428], [0.6207564020862719, 41.29866711779323], [0.5959492716415866, 41.303369266278594], [0.5702852086953953, 41.32082654251093], [0.5618696812408075, 41.323913701056426], [0.5534541528868431, 41.32192517590613], [0.5474116728104264, 41.315673954189606], [0.5389082546122381, 41.3000074502836], [0.5313716327946167, 41.29283337755828], [0.5209346209359751, 41.28892224486566], [0.5097725108926738, 41.28849377816533], [0.5000166509476571, 41.29176770341678], [0.4916230957292669, 41.29961194193754], [0.47281450178780915, 41.32826428746688], [0.464135302102477, 41.3333839165345], [0.4544453606648631, 41.33460339902763], [0.44523881741747573, 41.33177991181344], [0.43805375857408535, 41.32475964833907], [0.433175828601577, 41.27611218562885], [0.38580277987438194, 41.27885876731824], [0.3603711278252604, 41.23283234273839], [0.3542733088660839, 41.25629344348761], [0.35236128094834385, 41.27921194097826], [0.3772693207225757, 41.32140574817669], [0.37401370566794867, 41.33892405869835], [0.3650736828042227, 41.35256663744036], [0.3517411642233128, 41.36254018817914], [0.33520470473331443, 41.36889638955671], [0.3272982106439031, 41.370110785484314], [0.3241976252202221, 41.390161241548014], [0.3383052910563151, 41.40589671536111], [0.3485372251128638, 41.43323354788993], [0.349777458562869, 41.45250885669833], [0.3485372251128638, 41.472094224768625], [0.3511727234424029, 41.47759776542449], [0.36130130381212666, 41.484599921049494], [0.3904468123704987, 41.4916795919396], [0.3974231295737809, 41.494289251847476], [0.4003686871651553, 41.49653717744877], [0.4020740086086221, 41.49894013088232], [0.4025390966020268, 41.50041291012769], [0.40455447820659174, 41.50421112754145], [0.40843020998619295, 41.510024726559834], [0.41354617701443885, 41.51617422146313], [0.43313154508473417, 41.533589179197236], [0.43824751121366035, 41.53971283657813], [0.44119306790577184, 41.54614655232149], [0.4376273935893096, 41.55487986871094], [0.4329765145544684, 41.56180451086948], [0.430341017124249, 41.56934926975299], [0.4294108411373827, 41.57699738232333], [0.42972090039921795, 41.58469717083773], [0.4239848157466213, 41.592913723289655], [0.4157682632946944, 41.595420030410025], [0.405949741287543, 41.59637604391929], [0.3952527201369094, 41.595445867932426], [0.36517703559172787, 41.598339749579736], [0.3565987479338446, 41.60162120215671], [0.35148278180491843, 41.60722809470076], [0.3480721371194022, 41.61516042721195], [0.34326622935299156, 41.63720042645849], [0.3294686209800375, 41.66174673102677], [0.3282283866307125, 41.669472357962945], [0.32853844589254777, 41.67740469047408], [0.3426461117286408, 41.69347606107135], [0.36641727084037257, 41.70996084191927], [0.37974979032054534, 41.726704006984335], [0.38657107879225805, 41.73275014910007], [0.39385745615663836, 41.7368584248764], [0.3960278655935099, 41.74231028868883], [0.4020740086086221, 41.749389960478254], [0.405949741287543, 41.75295563389534], [0.41282270660263976, 41.756004544274276], [0.4202641126986464, 41.75776154256113], [0.4542155290234291, 41.76246409843935], [0.4646024918115472, 41.76742503493739], [0.4731807803686934, 41.77589996980771], [0.48341271262660257, 41.791971340404984], [0.49659020337514903, 41.808817857358235], [0.5009310240475315, 41.812435208518025], [0.5066671078007516, 41.81600088193511], [0.5147286306217893, 41.81832632100287], [0.5335388532354841, 41.82184031847589], [0.542220492781496, 41.82674957902981], [0.5496618988775026, 41.834035956394246], [0.5580334809603755, 41.84517222801588], [0.5726062347898733, 41.85248444290272], [0.5806677594095504, 41.85553335238228], [0.5870756358319227, 41.86196706812569], [0.5935868668404396, 41.867548123147344], [0.5976176291502497, 41.87439525004072], [0.5952921891831693, 41.907416490378694], [0.5932768075786043, 41.91372101491288], [0.5895561054298923, 41.91857860042205], [0.5806677594095504, 41.92310028734835], [0.5671802102984316, 41.932737942202266], [0.5660950046807329, 41.938887438004826], [0.5701257669905431, 41.9449077416989], [0.5761719091063355, 41.95126394307647], [0.5839750504082417, 41.956767482833015], [0.5928117195851996, 41.96077240672116], [0.6011833016680157, 41.96203847949221], [0.6075395039449631, 41.96482900745269], [0.6121903820804846, 41.96867890081057], [0.6193217298139757, 41.97950511317043], [0.6244376968422216, 41.98477610893025], [0.631258986213254, 41.98911693050189], [0.6424727722006764, 41.992269191869696], [0.6468135919736824, 41.99624827733612], [0.651619499740093, 42.00188100830189], [0.6559603213117953, 42.0127847359268], [0.6548751156940398, 42.0204845244412], [0.6548751156940398, 42.02699575544972], [0.6685176944360478, 42.04916494410685], [0.6843306817155508, 42.089989325746785], [0.6844857113464968, 42.095027778409246], [0.6939424981477487, 42.10037628853485], [0.6991101420194354, 42.10936798824201], [0.7031409034299259, 42.12032339091172], [0.7062414888536068, 42.14166575816819], [0.7088769871832028, 42.152052720956306], [0.705931431390411, 42.16223297816936], [0.7034509617924414, 42.16789154755685], [0.7054663433970063, 42.17835602471075], [0.708256869558852, 42.188071193930455], [0.711667515143688, 42.195357571294835], [0.7194189796022101, 42.226776842077584], [0.7217444186699709, 42.23147939705649], [0.725775180979781, 42.2355359968887], [0.7332165870758445, 42.24522532768668], [0.7417431978902869, 42.26400971097934], [0.7434485211323363, 42.27065013319708], [0.7456189305692078, 42.288633530812774], [0.7456189305692078, 42.30168183035215], [0.744378696219826, 42.30610016539032], [0.7498563975547086, 42.31925181681788], [0.7512516624342425, 42.32868276609673], [0.7510966319040335, 42.34795807580451], [0.7463940769250712, 42.3905394557313], [0.7383325541040904, 42.41462067320549], [0.7329065278140092, 42.42686798796723], [0.7268603856982168, 42.43332754213236], [0.7225195650258911, 42.4367381859185], [0.7189538916088054, 42.43906362588558], [0.7150781589298845, 42.44314606413951], [0.711512484613479, 42.45079417581053], [0.710892367888448, 42.46138784417366], [0.7085669288206873, 42.46898427990055], [0.7036059914233306, 42.47704580272159], [0.7014355810871962, 42.48433218008603], [0.7043811377792508, 42.492755439012285], [0.710892367888448, 42.49637278927281], [0.7183337739844546, 42.49668284853459], [0.7225195650258911, 42.49725128841618], [0.726395297704812, 42.49859487645239], [0.730271030383733, 42.50071360904582], [0.7305810887462485, 42.5031424018004], [0.7332165870758445, 42.50877513276612], [0.7305810887462485, 42.519730536335146], [0.7341467630626539, 42.528231310526564], [0.7375574068488504, 42.533993231802185], [0.7422082858836916, 42.53771393485022], [0.7468591649185328, 42.54660228087056], [0.7523368671526782, 42.55487051016587], [0.7572978036507152, 42.56055491797508], [0.7597782732486849, 42.56466319375136], [0.7614835946921517, 42.5693140727862], [0.7627238299407963, 42.575386054222975], [0.764429152283526, 42.58957123532423], [0.7656693857335313, 42.594919745449886], [0.7695451193117719, 42.60127594682746], [0.768925001687478, 42.60559092907812], [0.7655143570019618, 42.609905911328724], [0.754662306220439, 42.61445343757606], [0.7339917334317647, 42.617269802159626], [0.7254651217180026, 42.62029287411684], [0.7163183941785292, 42.6257188995076], [0.7084118991897981, 42.634193834377925], [0.6945626157720994, 42.66235749010605], [0.6756490412702192, 42.68868663228221], [0.6634258139501412, 42.6962143508116], [0.6654163010000502, 42.6986609910001], [0.6664498290000438, 42.71475820000008], [0.6596285400000852, 42.72989939400007], [0.6476396080001336, 42.7410356650001], [0.6334802650000881, 42.744782206000124], [0.6395780840000498, 42.754833272000056], [0.6432987870000488, 42.7590707400001], [0.6507401940000648, 42.76338572300007], [0.6396814370001493, 42.77467702300005], [0.6537374270000953, 42.802685649000054], [0.6515670160000866, 42.82405385400007], [0.6563212480000971, 42.83841990200007], [0.6793689370000493, 42.84511200000007], [0.7067574460000969, 42.84658477900008]]]}}, {"type": "Feature", "properties": {"name": "Gerona", "source": "ne_10m_admin_1"}, "geometry": {"type": "MultiPolygon", "coordinates": [[[[1.712174112944922, 42.493712260112716], [1.730570923000073, 42.488053691000076], [1.7926859950000562, 42.48172332800006], [1.8136666260000425, 42.475237936], [1.8697872320001068, 42.446790060000055], [1.89324833200007, 42.44273346000007], [1.9119552000001363, 42.44195831300006], [1.9274581290000583, 42.43689402300008], [1.9411007080000786, 42.420099182000016], [1.9542265220000559, 42.382685445000035], [1.9637349850001158, 42.367234192000055], [1.983372030000055, 42.35454762799999], [1.9956710200000884, 42.348682353000086], [2.0092102450000766, 42.34708038300006], [2.035255168000049, 42.34925079400007], [2.05168827300011, 42.35235138000009], [2.063263794000079, 42.35790659700011], [2.0801103110000554, 42.37126495400004], [2.1039848230001326, 42.38483001700003], [2.108739054000125, 42.39064361600002], [2.1162838130000807, 42.40539723700003], [2.121038045000148, 42.410616557000125], [2.136954386000099, 42.41622345000006], [2.184186645000125, 42.411805115000064], [2.2459916590001114, 42.42611948700004], [2.277410930000144, 42.428625794000126], [2.3053162030001317, 42.41697275800006], [2.3173051350000833, 42.409608867000046], [2.3754927980000957, 42.38932586700004], [2.4066020100001424, 42.38426157600007], [2.4225183510000647, 42.38369313600002], [2.429856404000077, 42.367544251000126], [2.4455660400001307, 42.351963806000086], [2.4648930250000944, 42.34062082900003], [2.4833931880001217, 42.33697764100002], [2.503650350000015, 42.32845103000001], [2.514812459000069, 42.32566050300004], [2.5252510980000977, 42.32589304700009], [2.5319690350001167, 42.33077647000003], [2.5403406170000835, 42.34697703100004], [2.5480920810001066, 42.35224802700007], [2.56741906700006, 42.352635600000085], [2.613411092000149, 42.3409567260001], [2.6354252530000224, 42.33788197900007], [2.662193644000098, 42.33901886100007], [2.6617802320000976, 42.34335968000006], [2.6493778890001067, 42.353720806000084], [2.640282837000143, 42.372841085000076], [2.6482410070001094, 42.3814710490001], [2.6904089760000716, 42.406172384000016], [2.708082316000059, 42.412890320000045], [2.72854618300002, 42.41402720200007], [2.7677169190000654, 42.40955719100005], [2.7885941980000553, 42.41201182100009], [2.8046138920001056, 42.41955658000005], [2.8347929280000983, 42.441312358000076], [2.8508126220001486, 42.44836619100009], [2.8669356690000427, 42.44963226300003], [2.8840922450000903, 42.449193014000016], [2.9008354090001376, 42.45126007100008], [2.933701619000061, 42.47022532200002], [2.966051066000148, 42.46100107900013], [2.983104289000096, 42.46932098399999], [2.993749634000096, 42.467615662000114], [3.02299849400012, 42.46704722100007], [3.0296130770001355, 42.46565195699999], [3.0360209560000726, 42.45461903900009], [3.04387577300011, 42.445265605000046], [3.0535909420001417, 42.437643331000075], [3.0655798740000932, 42.432010600000055], [3.086147094000097, 42.42717885400005], [3.1116752520001114, 42.425008444000056], [3.137823527000137, 42.42593862000008], [3.1809696568046983, 42.43148414767083], [3.178721550000091, 42.41799551000008], [3.170176629000082, 42.396592515000066], [3.1744897800000444, 42.38088613500008], [3.1744897800000444, 42.363796291000085], [3.187347852000073, 42.34951406500005], [3.204193556000064, 42.33958567900004], [3.2264917330000458, 42.34251536700003], [3.249847852000073, 42.34320709800005], [3.2630314460000704, 42.32920970300006], [3.269867384000065, 42.32920970300006], [3.2806095710000704, 42.33685944200005], [3.2937117850000845, 42.33498769700009], [3.3177189460000704, 42.32298411700003], [3.294037306000064, 42.28803131700005], [3.2903751960000704, 42.27806224200003], [3.2870386080000458, 42.262925523000035], [3.279388868000069, 42.25564199400009], [3.270355665000068, 42.250108140000066], [3.2630314460000704, 42.23985423400006], [3.247162306000064, 42.24571360900006], [3.210134311000047, 42.23973216400009], [3.178721550000091, 42.249701239000046], [3.170176629000082, 42.25967031500005], [3.151621941000087, 42.25682200700004], [3.1303003260000537, 42.23973216400009], [3.1188257170000497, 42.21832916900007], [3.117442254000082, 42.182847398000035], [3.116465691000087, 42.15843333500004], [3.1224878260000537, 42.14048899900007], [3.1386011080000458, 42.12763092700004], [3.173106316000087, 42.11200592700004], [3.1922985280000375, 42.09292147100007], [3.2144956930000603, 42.06833384600009], [3.213009237000051, 42.05598607700006], [3.1998595640000644, 42.046190092000074], [3.1958961470000418, 42.03311787200005], [3.2015893890000484, 42.01744212400007], [3.2069604830000458, 41.99669017100007], [3.207855665000068, 41.99001699400009], [3.211843295000051, 41.98460521000004], [3.230560743000069, 41.97300853100006], [3.2356876960000704, 41.96552155200004], [3.23218834700009, 41.94603099200003], [3.2074487640000484, 41.91392649900007], [3.1949162120000665, 41.88829173400006], [3.178558790000068, 41.87523021000004], [3.1501653770000644, 41.845350970000084], [3.1168293320000657, 41.84756921200005], [3.078630960000055, 41.826618274000054], [3.069057555000086, 41.79907611200008], [3.0403410370000756, 41.78689001300006], [2.95093834700009, 41.73427969000005], [2.9329908510000564, 41.71246437600007], [2.9008702380000386, 41.706706377000046], [2.877253539000094, 41.70195770000004], [2.8510848320000832, 41.69717031500005], [2.840179884000065, 41.694647528000075], [2.8354598320000832, 41.692572333000044], [2.820160352000073, 41.68195221600007], [2.8170679050000444, 41.67763906500005], [2.8131616550000444, 41.67031484600005], [2.803721550000091, 41.66864655200004], [2.792002800000091, 41.66901276200008], [2.7784965775550177, 41.64558226081266], [2.760783338979877, 41.67354262029568], [2.7595968157404513, 41.682815082050354], [2.7622555066863015, 41.68736342218415], [2.771527968440978, 41.69549330517185], [2.7740328510352583, 41.70038222126249], [2.767770644099926, 41.72134413572326], [2.7479293343712925, 41.735725240427485], [2.701501109788353, 41.748853902485564], [2.683988902066176, 41.74967787753201], [2.6678389990705114, 41.74719496717398], [2.6369893885494093, 41.733220356933884], [2.54742883866993, 41.71915785684956], [2.4365987567272214, 41.802873680376024], [2.3945430907909895, 41.80431288882875], [2.3709005113495323, 41.798303367106655], [2.3627047107538033, 41.79866591619907], [2.346049436432338, 41.80791640481823], [2.329679806577815, 41.825483544030305], [2.3179464076006298, 41.846192773277835], [2.315309688891034, 41.86484755976704], [2.324604122881965, 41.87938247192352], [2.3317452363535836, 41.8867213400178], [2.33754601823415, 41.88909438649671], [2.382853637185576, 41.87147231579473], [2.3935103759031335, 41.87381240391926], [2.4244259040322618, 41.88901748277061], [2.442751100682756, 41.887644191026595], [2.462262819673356, 41.91060561765511], [2.462965944722555, 41.92089980817957], [2.452353151376826, 41.93219375343892], [2.4441573498817775, 41.938016507555744], [2.439279420808589, 41.943432767208435], [2.4398507097424726, 41.949420316694216], [2.48937707898898, 41.990871734442976], [2.499308719521764, 42.005055084524486], [2.502648563280559, 42.02594009525916], [2.4942989534339404, 42.046770173604614], [2.4784346958045376, 42.06382095537276], [2.4591427027734767, 42.07335708935818], [2.4195479740597534, 42.07323623936094], [2.40544152860366, 42.0810804778817], [2.3658907461609715, 42.12134537239098], [2.3271749239835344, 42.11264419957013], [2.30779504020893, 42.11296280329071], [2.2940841021995197, 42.12344376052113], [2.2863936720303286, 42.138330235651836], [2.2801534382305704, 42.14344986471946], [2.2312862486614335, 42.142153478500234], [2.2199044117591598, 42.138286290280064], [2.208610466499806, 42.12991470819719], [2.2041719893458094, 42.12800308677299], [2.1588863435299004, 42.12762955156251], [2.129333119228079, 42.119587559318404], [2.124081654944405, 42.120949864044974], [2.098044055888465, 42.13728653464585], [2.0909029424168466, 42.13837418102361], [2.073544543046239, 42.13595718917293], [2.0655464961738517, 42.13715469853048], [2.0588448355207447, 42.14343887860133], [2.055614854741748, 42.152964025569304], [2.054186632407152, 42.18529679081422], [2.0508687608846117, 42.19681046293249], [2.04574913181699, 42.20413834400932], [2.025248643310249, 42.22344132315851], [2.0238863385836225, 42.227341469733005], [2.0291817482390684, 42.2513246251313], [2.0431124131073943, 42.264826822399925], [2.0467159290968198, 42.272725993309905], [2.0461666123992472, 42.282932292191504], [2.043881455764563, 42.289106609282555], [2.0406514758848857, 42.293523113301035], [2.0361251079873455, 42.296599284829085], [2.029972764031811, 42.29871964609475], [2.015954209319318, 42.2994007989077], [1.9873238369254977, 42.29416031984289], [1.9730855553540891, 42.2949623217537], [1.9382369204974452, 42.31428727403846], [1.913913189142363, 42.31837418821817], [1.8425459988987427, 42.30631119940233], [1.8336470732538146, 42.32724015550872], [1.8364815456867518, 42.33533707924278], [1.8375582059464364, 42.343027509412025], [1.8365254910585804, 42.35068498032757], [1.8330318389482159, 42.35865006884558], [1.8156075219695254, 42.37596452284441], [1.8111250994437569, 42.38363297987809], [1.8108614281123891, 42.41281266807016], [1.8071700213793633, 42.41854753144338], [1.7428340816275636, 42.436158616926605], [1.728749608407668, 42.44682634176223], [1.7193672836731935, 42.46094377333645], [1.714071873118428, 42.47703874484216], [1.712174112944922, 42.493712260112716]]], [[[1.9679724530000726, 42.48570241300003], [1.9783077400000764, 42.474979554000114], [1.988436320000119, 42.45818471300005], [1.9994950760001302, 42.44389618000007], [1.9960844320001172, 42.442836812000095], [1.9861625570001138, 42.44126068100006], [1.983372030000055, 42.44126068100006], [1.960634399000071, 42.44371531200004], [1.9475085850001221, 42.45123423300008], [1.9456482330000995, 42.46381744500009], [1.9566036380000753, 42.481775005000074], [1.9679724530000726, 42.48570241300003]]]]}}, {"type": "Feature", "properties": {"name": "Barcelona", "source": "ne_10m_admin_1"}, "geometry": {"type": "Polygon", "coordinates": [[[2.7784965775550177, 41.64558226081266], [2.6518660820000832, 41.60529205900008], [2.449473504000082, 41.535223700000074], [2.428965691000087, 41.51894765800006], [2.371348504000082, 41.48920319200005], [2.296722852000073, 41.46531810100004], [2.26734459700009, 41.44863515800006], [2.2404077480000524, 41.42096588700008], [2.1919051440000885, 41.356756903000075], [2.163259311000047, 41.32664622600004], [2.1305444670000497, 41.30365631700005], [2.06031334700009, 41.274603583000044], [2.0197046230000524, 41.26585521000004], [1.9513452480000524, 41.26068756700005], [1.8841251960000704, 41.24750397300005], [1.8637801440000885, 41.23810455900008], [1.8540145190000885, 41.235988674000055], [1.8198348320000832, 41.23712799700007], [1.6243595707375675, 41.19216543238878], [1.6278291938621692, 41.217983521322424], [1.6242256787720635, 41.22316906799807], [1.6172383736520146, 41.225915650586785], [1.5842354426116003, 41.22883801376332], [1.573930265969011, 41.23435315027763], [1.5746773363899251, 41.24525158898962], [1.578962005192352, 41.24920666705401], [1.6055049746748296, 41.2589735131171], [1.6121626899561647, 41.26478528111579], [1.6155025337149596, 41.27239880665957], [1.6139424752649916, 41.28179211751217], [1.6086031193384542, 41.28849377816533], [1.5860811455284534, 41.30102917905333], [1.5660640552119958, 41.3341090138199], [1.5634493087385977, 41.358245977569766], [1.5596260667895194, 41.3662550114596], [1.5368184485125767, 41.385239386888145], [1.4852705948620724, 41.40751966160309], [1.4718672744551213, 41.426635873147006], [1.480963953823391, 41.454123666773796], [1.482765712267792, 41.476601695212025], [1.4589693244747082, 41.49063123694202], [1.404718834506582, 41.50668226307596], [1.3974239117840739, 41.52125013448608], [1.4276582879995772, 41.55239637559225], [1.4366231321517944, 41.566656630299235], [1.4311079956374897, 41.57396253824055], [1.418407799380418, 41.57611585875986], [1.3926778179269377, 41.57502821238205], [1.4070918809854902, 41.59046400421039], [1.3887227398625441, 41.600373672506976], [1.3699800635291126, 41.60293348749042], [1.3741988138241936, 41.61933607569932], [1.3894478371479408, 41.628520645811136], [1.43684285901071, 41.63676039267796], [1.438512780440476, 41.643505998702835], [1.4068062365186051, 41.704150531721666], [1.4094869005999726, 41.78253798633898], [1.4121895378169143, 41.789250633110214], [1.4207588736231287, 41.797160789239], [1.432272545741398, 41.80144545714211], [1.444643152159756, 41.802016746975255], [1.4558272344393117, 41.79877578007819], [1.4740645394469425, 41.78004408986283], [1.4822383687057368, 41.776836081320084], [1.5104732327534975, 41.78131850384585], [1.5194161037701406, 41.77996718523741], [1.54343221842214, 41.76374037761633], [1.5530782144879822, 41.763718405380075], [1.560241301095175, 41.767838278813485], [1.6302242134766516, 41.829054100766086], [1.6339156202096774, 41.83849135699052], [1.6332344673967327, 41.84871962900763], [1.6146236271786165, 41.88417251115243], [1.6156123966947575, 41.89568618417002], [1.643188081065091, 41.929161527282645], [1.6435616162755764, 41.954430082782096], [1.6462422812562636, 41.96159316848991], [1.6534493123359084, 41.96809707541968], [1.6624581018598974, 41.970338285783214], [1.6940767550382247, 41.97010757370555], [1.7046895483839535, 41.97375503416748], [1.712358006316947, 41.98003921423833], [1.715807713055483, 41.98789443887722], [1.7143575175853698, 41.9960462950005], [1.7072823226210971, 42.00322036772576], [1.7004927712243898, 42.00578018180994], [1.6937911105712828, 42.00562637345837], [1.669137789377487, 41.997617339568535], [1.6640840788171545, 41.998924712805206], [1.65977743777853, 42.003593902936245], [1.6578438441180765, 42.011679840552176], [1.6608540980381576, 42.018425446577055], [1.6826070282917271, 42.03356460692106], [1.688781345382779, 42.04188125751398], [1.6923848604729415, 42.05164810357712], [1.6931319308939123, 42.06186538947611], [1.6894405250601494, 42.0792567472011], [1.6901436501093485, 42.08469497998931], [1.6941207004099965, 42.088781894169074], [1.7070625957621814, 42.092253574043184], [1.7125777322764861, 42.09602188450236], [1.715697850075685, 42.10481094716744], [1.7067549781597222, 42.130793614733534], [1.7070186503904097, 42.13483658354147], [1.7081832013936378, 42.13886856623134], [1.7125997054120603, 42.145877843587584], [1.7160713852861704, 42.14852554931463], [1.727716893519812, 42.15375504136205], [1.7335176745010585, 42.16005020755102], [1.7371651358623126, 42.168289953518524], [1.7380879877704274, 42.177177893944645], [1.735802831135743, 42.185428626030216], [1.7320674790309454, 42.18937271797654], [1.7010640601582168, 42.201051185463825], [1.6950215791825372, 42.2059950330443], [1.690627048299632, 42.212356117740626], [1.6831343718537823, 42.249347086099135], [1.6832002903611283, 42.25611466436027], [1.6863204072609506, 42.2621241860823], [1.7155879861965673, 42.28811783976647], [1.8425459988987427, 42.30631119940233], [1.913913189142363, 42.31837418821817], [1.9382369204974452, 42.31428727403846], [1.9730855553540891, 42.2949623217537], [1.9873238369254977, 42.29416031984289], [2.015954209319318, 42.2994007989077], [2.029972764031811, 42.29871964609475], [2.0361251079873455, 42.296599284829085], [2.0406514758848857, 42.293523113301035], [2.043881455764563, 42.289106609282555], [2.0461666123992472, 42.282932292191504], [2.0467159290968198, 42.272725993309905], [2.0431124131073943, 42.264826822399925], [2.0291817482390684, 42.2513246251313], [2.0238863385836225, 42.227341469733005], [2.025248643310249, 42.22344132315851], [2.04574913181699, 42.20413834400932], [2.0508687608846117, 42.19681046293249], [2.054186632407152, 42.18529679081422], [2.055614854741748, 42.152964025569304], [2.0588448355207447, 42.14343887860133], [2.0655464961738517, 42.13715469853048], [2.073544543046239, 42.13595718917293], [2.0909029424168466, 42.13837418102361], [2.098044055888465, 42.13728653464585], [2.124081654944405, 42.120949864044974], [2.129333119228079, 42.119587559318404], [2.1588863435299004, 42.12762955156251], [2.2041719893458094, 42.12800308677299], [2.208610466499806, 42.12991470819719], [2.2199044117591598, 42.138286290280064], [2.2312862486614335, 42.142153478500234], [2.2801534382305704, 42.14344986471946], [2.2863936720303286, 42.138330235651836], [2.2940841021995197, 42.12344376052113], [2.30779504020893, 42.11296280329071], [2.3271749239835344, 42.11264419957013], [2.3658907461609715, 42.12134537239098], [2.40544152860366, 42.0810804778817], [2.4195479740597534, 42.07323623936094], [2.4591427027734767, 42.07335708935818], [2.4784346958045376, 42.06382095537276], [2.4942989534339404, 42.046770173604614], [2.502648563280559, 42.02594009525916], [2.499308719521764, 42.005055084524486], [2.48937707898898, 41.990871734442976], [2.4398507097424726, 41.949420316694216], [2.439279420808589, 41.943432767208435], [2.4441573498817775, 41.938016507555744], [2.452353151376826, 41.93219375343892], [2.462965944722555, 41.92089980817957], [2.462262819673356, 41.91060561765511], [2.442751100682756, 41.887644191026595], [2.4244259040322618, 41.88901748277061], [2.3935103759031335, 41.87381240391926], [2.382853637185576, 41.87147231579473], [2.33754601823415, 41.88909438649671], [2.3317452363535836, 41.8867213400178], [2.324604122881965, 41.87938247192352], [2.315309688891034, 41.86484755976704], [2.3179464076006298, 41.846192773277835], [2.329679806577815, 41.825483544030305], [2.346049436432338, 41.80791640481823], [2.3627047107538033, 41.79866591619907], [2.3709005113495323, 41.798303367106655], [2.3945430907909895, 41.80431288882875], [2.4365987567272214, 41.802873680376024], [2.54742883866993, 41.71915785684956], [2.6369893885494093, 41.733220356933884], [2.6678389990705114, 41.74719496717398], [2.683988902066176, 41.74967787753201], [2.701501109788353, 41.748853902485564], [2.7479293343712925, 41.735725240427485], [2.767770644099926, 41.72134413572326], [2.7740328510352583, 41.70038222126249], [2.771527968440978, 41.69549330517185], [2.7622555066863015, 41.68736342218415], [2.7595968157404513, 41.682815082050354], [2.760783338979877, 41.67354262029568], [2.7784965775550177, 41.64558226081266]]]}}, {"type": "Feature", "properties": {"name": "Tarragona", "source": "ne_10m_admin_1"}, "geometry": {"type": "Polygon", "coordinates": [[[1.6243595707375675, 41.19216543238878], [1.5392358730000524, 41.18744538000004], [1.2880965500000912, 41.11627838700008], [1.2177840500000912, 41.104681708000044], [1.2100529310000638, 41.09988027600008], [1.1924748060000638, 41.07599518400008], [1.188649936000047, 41.06830475500004], [1.1836043630000859, 41.062567450000074], [1.1729435560000638, 41.058661200000074], [1.1490991550000444, 41.069647528000075], [1.1416935560000638, 41.07172272300005], [1.0976668630000859, 41.07086823100008], [1.0556746750000912, 41.064886786000045], [1.017425977000073, 41.05178457200009], [0.9904077480000524, 41.03969961100006], [0.8774520190000885, 40.954779364000046], [0.8227645190000885, 40.899603583000044], [0.7142033210000704, 40.81521230700008], [0.6948348320000832, 40.785996812000064], [0.7215275400000678, 40.774278062000064], [0.7501733730000524, 40.76557038000004], [0.7623804050000444, 40.766058661000045], [0.7672632170000497, 40.77102285400008], [0.7635197270000731, 40.77838776200008], [0.7501733730000524, 40.785996812000064], [0.7669376960000704, 40.78502024900007], [0.7805281910000872, 40.77948639500005], [0.7920028000000912, 40.771185614000046], [0.8159285820000832, 40.74839915600006], [0.8418074880000859, 40.732123114000046], [0.8541772800000444, 40.73314036700009], [0.8737085300000444, 40.72793203300006], [0.8724064460000704, 40.707098700000074], [0.8580835300000444, 40.68626536700009], [0.8483179050000444, 40.67536041900007], [0.7840275400000678, 40.66095612200007], [0.7563582690000885, 40.642238674000055], [0.7070418630000859, 40.58340078300006], [0.6770939460000704, 40.56517161700009], [0.6479598320000832, 40.55691152600008], [0.6158960300000444, 40.55345286700009], [0.5924585300000444, 40.582098700000074], [0.6406356130000859, 40.58685944200005], [0.6631779310000638, 40.574733791000085], [0.6962182950000511, 40.590358791000085], [0.7326766290000819, 40.63373444200005], [0.7124943370000665, 40.63617584800005], [0.6822208990000718, 40.63422272300005], [0.5997827480000524, 40.613714911000045], [0.5801701180000691, 40.60366445500006], [0.5634871750000912, 40.59003327000005], [0.5485132170000497, 40.572333075000074], [0.5237595920331638, 40.526163029399385], [0.5189144216632258, 40.528947658707466], [0.45607588099710483, 40.549204820346176], [0.4473942396524535, 40.5545791688935], [0.44041792244917133, 40.563054103763875], [0.43685224813270906, 40.570753893177596], [0.43685224813270906, 40.5774459913394], [0.4298759291307874, 40.584396471020284], [0.41840376072497065, 40.5908301867637], [0.3875012547790675, 40.60374929509385], [0.31660119039258916, 40.622585354330624], [0.29314008964342975, 40.63214549391938], [0.2838383315737474, 40.639716091224614], [0.2762418958467947, 40.65431468437515], [0.2770170431020347, 40.663642279967235], [0.2810478036132622, 40.67141958284742], [0.2860087419098818, 40.67731069623164], [0.2877140642526683, 40.683821926340784], [0.2782572765520399, 40.691573390799306], [0.2656999043271071, 40.69787791623281], [0.24378909718905106, 40.70304555920518], [0.23216189915228824, 40.71167552280713], [0.22673587376152682, 40.71942698816497], [0.22379031706947217, 40.726067410382655], [0.2192944676655202, 40.730537421364886], [0.1989856300827455, 40.72717845352281], [0.17304406063487932, 40.730899156570786], [0.1674630056132287, 40.743198147276644], [0.1727340022723638, 40.747125555899686], [0.2273559913858776, 40.77172353821072], [0.2341772798575903, 40.77745962196394], [0.24270389157135241, 40.79074046550005], [0.2619792012791322, 40.807793687128935], [0.2672501970389476, 40.81427907971573], [0.27128095934875773, 40.82138458902756], [0.27190107607378877, 40.829213568751186], [0.26151411328567065, 40.847119452001095], [0.2579484389692652, 40.85551687340495], [0.2574833509758605, 40.86567129219634], [0.2557780286331308, 40.87357778628581], [0.24957685688644915, 40.888563951265326], [0.25174726722258356, 40.89858917884749], [0.25453779518306874, 40.906805732198734], [0.2582584982311005, 40.9147122262882], [0.260428907667972, 40.92210195644009], [0.2643046403468361, 40.92871653933679], [0.2759318383835989, 40.94225576439197], [0.2801176294250354, 40.95186758082417], [0.28554365391647707, 40.95930898692018], [0.28972944495791353, 40.98246002930688], [0.2742265151415495, 41.01889191343105], [0.2579484389692652, 41.028452053019805], [0.24332400919564634, 41.033309638528976], [0.2278210793792823, 41.04317983737957], [0.216503939705035, 41.07062002179657], [0.21247317919386433, 41.084159246851755], [0.20813235762221893, 41.08943024351089], [0.20534183056099664, 41.096871650506216], [0.20518680182942717, 41.10426137975884], [0.20658206491037845, 41.11178030022063], [0.2089075048774589, 41.119609279944314], [0.21371341264386956, 41.125758774847554], [0.22441043469382294, 41.130177109885665], [0.23371219186412873, 41.13033214041593], [0.2423938332088369, 41.13203746185934], [0.2484916521680134, 41.136197415378376], [0.2522123552159883, 41.14152008708231], [0.25841352696266995, 41.146429348535605], [0.2762418958467947, 41.14999502195269], [0.28507856592307235, 41.153173123540796], [0.29314008964342975, 41.158263251248], [0.2996513197525701, 41.164877835044024], [0.3065242850676668, 41.18353302712745], [0.3069893730611284, 41.19200796199783], [0.3088497250347473, 41.19929433936227], [0.313345575338019, 41.206890774189844], [0.3210970388972214, 41.21391876913589], [0.3364449399819591, 41.221566880806904], [0.34791710838783274, 41.225752671848284], [0.3578389831824893, 41.23053274209235], [0.3603711278252604, 41.23283234273839], [0.38580277987438194, 41.27885876731824], [0.433175828601577, 41.27611218562885], [0.43805375857408535, 41.32475964833907], [0.44523881741747573, 41.33177991181344], [0.4544453606648631, 41.33460339902763], [0.464135302102477, 41.3333839165345], [0.47281450178780915, 41.32826428746688], [0.4916230957292669, 41.29961194193754], [0.5000166509476571, 41.29176770341678], [0.5097725108926738, 41.28849377816533], [0.5209346209359751, 41.28892224486566], [0.5313716327946167, 41.29283337755828], [0.5389082546122381, 41.3000074502836], [0.5474116728104264, 41.315673954189606], [0.5534541528868431, 41.32192517590613], [0.5618696812408075, 41.323913701056426], [0.5702852086953953, 41.32082654251093], [0.5959492716415866, 41.303369266278594], [0.6207564020862719, 41.29866711779323], [0.7364424417652913, 41.3183985636428], [0.758481016485689, 41.331263554369514], [0.8049751586765979, 41.33134045899499], [0.8177852179134675, 41.34117322356542], [0.82365191740206, 41.351950811380846], [0.8274531871148838, 41.35605969869613], [0.8335176403268179, 41.358487676664936], [0.8429219372975467, 41.35757581177427], [0.868717837258373, 41.34351331079063], [0.8790449861372167, 41.342008183830615], [0.957685125967771, 41.35451062636429], [0.9688692082473267, 41.364420294660874], [0.9819209665793096, 41.39178723918974], [0.9894575874976681, 41.3983131183557], [1.0236690149130823, 41.40626721985626], [1.0455098359101953, 41.42667981851878], [1.0620332741162883, 41.45162977029764], [1.0633736066066604, 41.458957651374476], [1.0625606176783435, 41.475239390485456], [1.0651094465437154, 41.480831431625234], [1.0730196026725025, 41.482732066031986], [1.117184643756275, 41.47254774028596], [1.1303682373043102, 41.47321790608146], [1.157394605876334, 41.48024915657328], [1.167502027896262, 41.48656629499851], [1.1702266373494012, 41.49542127617093], [1.169128004853519, 41.51842664817127], [1.1780049582621928, 41.54451917781779], [1.1946162872118862, 41.566469862693964], [1.201010330262534, 41.57040296852216], [1.2077998816591844, 41.572325576064486], [1.3717598488379394, 41.565415174670534], [1.3926778179269377, 41.57502821238205], [1.418407799380418, 41.57611585875986], [1.4311079956374897, 41.57396253824055], [1.4366231321517944, 41.566656630299235], [1.4276582879995772, 41.55239637559225], [1.3974239117840739, 41.52125013448608], [1.404718834506582, 41.50668226307596], [1.4589693244747082, 41.49063123694202], [1.482765712267792, 41.476601695212025], [1.480963953823391, 41.454123666773796], [1.4718672744551213, 41.426635873147006], [1.4852705948620724, 41.40751966160309], [1.5368184485125767, 41.385239386888145], [1.5596260667895194, 41.3662550114596], [1.5634493087385977, 41.358245977569766], [1.5660640552119958, 41.3341090138199], [1.5860811455284534, 41.30102917905333], [1.6086031193384542, 41.28849377816533], [1.6139424752649916, 41.28179211751217], [1.6155025337149596, 41.27239880665957], [1.6121626899561647, 41.26478528111579], [1.6055049746748296, 41.2589735131171], [1.578962005192352, 41.24920666705401], [1.5746773363899251, 41.24525158898962], [1.573930265969011, 41.23435315027763], [1.5842354426116003, 41.22883801376332], [1.6172383736520146, 41.225915650586785], [1.6242256787720635, 41.22316906799807], [1.6278291938621692, 41.217983521322424], [1.6243595707375675, 41.19216543238878]]]}}], "crs": "EPSG:4326", "attribution": "Natural Earth 10m"}